ISO-10303-21;
HEADER;
FILE_DESCRIPTION (( 'STEP AP214' ),
    '1' );
FILE_NAME ('0389690004.STEP',
    '2022-12-29T11:29:45',
    ( '' ),
    ( '' ),
    'SwSTEP 2.0',
    'SolidWorks 2021',
    '' );
FILE_SCHEMA (( 'AUTOMOTIVE_DESIGN' ));
ENDSEC;

DATA;
#1 = DIRECTION ( 'NONE',  ( 0.000000000000000000, 0.000000000000000000, -1.000000000000000000 ) ) ;
#2 = VERTEX_POINT ( 'NONE', #2042 ) ;
#3 = ORIENTED_EDGE ( 'NONE', *, *, #11343, .T. ) ;
#4 = DIRECTION ( 'NONE',  ( 0.000000000000000000, 1.000000000000000000, 0.000000000000000000 ) ) ;
#5 = LINE ( 'NONE', #7307, #11075 ) ;
#6 = VECTOR ( 'NONE', #11307, 1000.000000000000114 ) ;
#7 = CARTESIAN_POINT ( 'NONE',  ( -1.575173131006288414E-31, 9.400000000000002132, -1.178352465090594815E-15 ) ) ;
#8 = LINE ( 'NONE', #2746, #9088 ) ;
#9 = ORIENTED_EDGE ( 'NONE', *, *, #417, .F. ) ;
#10 = ADVANCED_FACE ( 'NONE', ( #8384 ), #1077, .F. ) ;
#11 = AXIS2_PLACEMENT_3D ( 'NONE', #6258, #9916, #9004 ) ;
#12 = DIRECTION ( 'NONE',  ( 0.000000000000000000, 1.000000000000000000, 2.861084389389397439E-16 ) ) ;
#13 = MECHANICAL_DESIGN_GEOMETRIC_PRESENTATION_REPRESENTATION (  '', ( #5547 ), #403 ) ;
#14 = DIRECTION ( 'NONE',  ( -1.000000000000000000, 0.000000000000000000, 1.606225440719265627E-16 ) ) ;
#15 = CARTESIAN_POINT ( 'NONE',  ( 16.54999999999999716, 7.300000000000003375, -3.000000000000011102 ) ) ;
#16 = LINE ( 'NONE', #5447, #11592 ) ;
#17 = ADVANCED_FACE ( 'NONE', ( #10253 ), #4648, .F. ) ;
#18 = ORIENTED_EDGE ( 'NONE', *, *, #9663, .F. ) ;
#19 = AXIS2_PLACEMENT_3D ( 'NONE', #8132, #6280, #10724 ) ;
#20 = CARTESIAN_POINT ( 'NONE',  ( 4.699999999999999289, 22.60000000000000142, -5.599999999999996092 ) ) ;
#21 = EDGE_LOOP ( 'NONE', ( #4734, #1138, #5687, #9573 ) ) ;
#22 = CARTESIAN_POINT ( 'NONE',  ( -18.54999999999999716, 13.50000000000000178, 0.5000000000000017764 ) ) ;
#23 = ORIENTED_EDGE ( 'NONE', *, *, #3094, .F. ) ;
#24 = CARTESIAN_POINT ( 'NONE',  ( -47.67189334955344293, 0.5000000000000000000, 10.10000000000000320 ) ) ;
#25 = DIRECTION ( 'NONE',  ( 4.066575051493318340E-32, 1.000000000000000000, 0.000000000000000000 ) ) ;
#26 = EDGE_LOOP ( 'NONE', ( #7703, #2718, #7911, #7078 ) ) ;
#27 = DIRECTION ( 'NONE',  ( 0.000000000000000000, 0.000000000000000000, 1.000000000000000000 ) ) ;
#28 = FACE_OUTER_BOUND ( 'NONE', #5173, .T. ) ;
#29 = CARTESIAN_POINT ( 'NONE',  ( 21.55000000000000071, 7.500000000000004441, -7.400000000000008349 ) ) ;
#30 = CARTESIAN_POINT ( 'NONE',  ( 24.15000000000001279, 22.60000000000000142, 12.09999999999999432 ) ) ;
#31 = PLANE ( 'NONE',  #8690 ) ;
#32 = ORIENTED_EDGE ( 'NONE', *, *, #5714, .T. ) ;
#33 = VERTEX_POINT ( 'NONE', #8317 ) ;
#34 = FACE_OUTER_BOUND ( 'NONE', #6470, .T. ) ;
#35 = ORIENTED_EDGE ( 'NONE', *, *, #2146, .F. ) ;
#36 = VECTOR ( 'NONE', #8362, 1000.000000000000000 ) ;
#37 = ADVANCED_FACE ( 'NONE', ( #7487 ), #2744, .F. ) ;
#38 = DIRECTION ( 'NONE',  ( 0.000000000000000000, 0.000000000000000000, 1.000000000000000000 ) ) ;
#39 = ORIENTED_EDGE ( 'NONE', *, *, #6602, .T. ) ;
#40 = CARTESIAN_POINT ( 'NONE',  ( 8.849999999999999645, 7.300000000000002487, -3.300000000000006484 ) ) ;
#41 = DIRECTION ( 'NONE',  ( 0.000000000000000000, 0.000000000000000000, 1.000000000000000000 ) ) ;
#42 = DIRECTION ( 'NONE',  ( -1.000000000000000000, -0.000000000000000000, -0.000000000000000000 ) ) ;
#43 = AXIS2_PLACEMENT_3D ( 'NONE', #20, #6417, #1931 ) ;
#44 = SURFACE_STYLE_FILL_AREA ( #6388 ) ;
#45 = VECTOR ( 'NONE', #5639, 1000.000000000000000 ) ;
#46 = FACE_OUTER_BOUND ( 'NONE', #967, .T. ) ;
#47 = VERTEX_POINT ( 'NONE', #6592 ) ;
#48 = VECTOR ( 'NONE', #7342, 1000.000000000000000 ) ;
#49 = VECTOR ( 'NONE', #9807, 1000.000000000000000 ) ;
#50 = CARTESIAN_POINT ( 'NONE',  ( -6.849999999999998757, 12.50000000000000000, -1.999999999999999112 ) ) ;
#51 = ORIENTED_EDGE ( 'NONE', *, *, #8860, .F. ) ;
#52 = EDGE_CURVE ( 'NONE', #6793, #5776, #8445, .T. ) ;
#53 = ORIENTED_EDGE ( 'NONE', *, *, #10363, .F. ) ;
#54 = DIRECTION ( 'NONE',  ( -1.000000000000000000, -5.473822126268816683E-48, -8.031127203596331834E-17 ) ) ;
#55 = CARTESIAN_POINT ( 'NONE',  ( 21.55000000000000071, 5.900000000000003020, -2.000000000000010658 ) ) ;
#56 = DIRECTION ( 'NONE',  ( -1.000000000000000000, 0.000000000000000000, -8.031127203596330602E-17 ) ) ;
#57 = ORIENTED_EDGE ( 'NONE', *, *, #7762, .F. ) ;
#58 = ADVANCED_BREP_SHAPE_REPRESENTATION ( '0389690004', ( #4979, #4829, #4915, #4934, #5118, #9145, #4949, #5098, #1111, #979, #9100, #5036, #8926, #8842, #1142, #9023, #5264 ), #3544 ) ;
#59 = CARTESIAN_POINT ( 'NONE',  ( 1.600000000000004086, 9.400000000000002132, 4.249999999999992895 ) ) ;
#60 = ORIENTED_EDGE ( 'NONE', *, *, #3628, .F. ) ;
#61 = ORIENTED_EDGE ( 'NONE', *, *, #10917, .T. ) ;
#62 = EDGE_CURVE ( 'NONE', #9759, #9178, #8576, .T. ) ;
#63 = CIRCLE ( 'NONE', #1010, 3.500000000000000000 ) ;
#64 = CARTESIAN_POINT ( 'NONE',  ( -16.54999999999999361, 7.600000000000004974, 5.400000000000004796 ) ) ;
#65 = DIRECTION ( 'NONE',  ( 8.031127203596330602E-17, -5.940809209628540522E-17, -1.000000000000000000 ) ) ;
#66 = CARTESIAN_POINT ( 'NONE',  ( -8.000000000000000000, 9.400000000000002132, -2.000000000000000888 ) ) ;
#67 = CARTESIAN_POINT ( 'NONE',  ( -5.849999999999997868, 13.50000000000000178, 2.000000000000000888 ) ) ;
#68 = ORIENTED_EDGE ( 'NONE', *, *, #8200, .F. ) ;
#69 = CARTESIAN_POINT ( 'NONE',  ( -21.04999999999999361, 13.50000000000000178, -0.5000000000000069944 ) ) ;
#70 = FACE_OUTER_BOUND ( 'NONE', #6954, .T. ) ;
#71 = DIRECTION ( 'NONE',  ( 2.282859610154041239E-32, -1.000000000000000000, 1.283079494065685941E-16 ) ) ;
#72 = EDGE_CURVE ( 'NONE', #4368, #2880, #5, .T. ) ;
#73 = CARTESIAN_POINT ( 'NONE',  ( -19.04999999999999716, 3.900000000000002576, 0.000000000000000000 ) ) ;
#74 = AXIS2_PLACEMENT_3D ( 'NONE', #5828, #6728, #6674 ) ;
#75 = ORIENTED_EDGE ( 'NONE', *, *, #6751, .T. ) ;
#76 = EDGE_CURVE ( 'NONE', #2929, #4768, #1861, .T. ) ;
#77 = EDGE_CURVE ( 'NONE', #10179, #2292, #2159, .T. ) ;
#78 = DIRECTION ( 'NONE',  ( 0.000000000000000000, 0.000000000000000000, -1.000000000000000000 ) ) ;
#79 = ORIENTED_EDGE ( 'NONE', *, *, #6451, .F. ) ;
#80 = DIRECTION ( 'NONE',  ( -9.637352644315598694E-16, 0.000000000000000000, 1.000000000000000000 ) ) ;
#81 = ORIENTED_EDGE ( 'NONE', *, *, #3142, .T. ) ;
#82 = LINE ( 'NONE', #3597, #117 ) ;
#83 = VERTEX_POINT ( 'NONE', #7667 ) ;
#84 = FACE_OUTER_BOUND ( 'NONE', #8492, .T. ) ;
#85 = ORIENTED_EDGE ( 'NONE', *, *, #220, .F. ) ;
#86 = DIRECTION ( 'NONE',  ( 8.031127203596330602E-17, 0.000000000000000000, -1.000000000000000000 ) ) ;
#87 = DIRECTION ( 'NONE',  ( 0.000000000000000000, -0.000000000000000000, 1.000000000000000000 ) ) ;
#88 = LINE ( 'NONE', #2954, #7393 ) ;
#89 = DIRECTION ( 'NONE',  ( 0.000000000000000000, 0.000000000000000000, -1.000000000000000000 ) ) ;
#90 = CARTESIAN_POINT ( 'NONE',  ( 3.849999999999999201, 7.400000000000003020, -5.400000000000009237 ) ) ;
#91 = ORIENTED_EDGE ( 'NONE', *, *, #11554, .T. ) ;
#92 = ORIENTED_EDGE ( 'NONE', *, *, #11647, .F. ) ;
#93 = DIRECTION ( 'NONE',  ( -1.000000000000000000, 0.000000000000000000, -3.491481338843133355E-15 ) ) ;
#94 = ORIENTED_EDGE ( 'NONE', *, *, #9818, .F. ) ;
#95 = LINE ( 'NONE', #9261, #10756 ) ;
#96 = ORIENTED_EDGE ( 'NONE', *, *, #5548, .T. ) ;
#97 = CARTESIAN_POINT ( 'NONE',  ( 17.39999999999999858, 7.600000000000003197, -3.300000000000010036 ) ) ;
#98 = ADVANCED_FACE ( 'NONE', ( #1370 ), #2279, .F. ) ;
#99 = LINE ( 'NONE', #5536, #6051 ) ;
#100 = CARTESIAN_POINT ( 'NONE',  ( 21.55000000000000426, 2.499999999999998668, 5.599999999999990763 ) ) ;
#101 = LINE ( 'NONE', #989, #4692 ) ;
#102 = SURFACE_STYLE_USAGE ( .BOTH. , #10890 ) ;
#103 = CARTESIAN_POINT ( 'NONE',  ( -19.04999999999999716, 10.90000000000000213, 0.000000000000000000 ) ) ;
#104 = ORIENTED_EDGE ( 'NONE', *, *, #10342, .F. ) ;
#105 = VECTOR ( 'NONE', #8319, 1000.000000000000000 ) ;
#106 = CARTESIAN_POINT ( 'NONE',  ( 5.850000000000001421, 12.50000000000000000, 3.499999999999996891 ) ) ;
#107 = AXIS2_PLACEMENT_3D ( 'NONE', #4195, #2300, #7692 ) ;
#108 = VERTEX_POINT ( 'NONE', #4339 ) ;
#109 = EDGE_LOOP ( 'NONE', ( #11405, #7556, #7237, #7249, #469, #8045, #3883, #3804 ) ) ;
#110 = PLANE ( 'NONE',  #2033 ) ;
#111 = B_SPLINE_CURVE_WITH_KNOTS ( 'NONE', 3,
 ( #5853, #10595, #8671, #11260, #10535, #6812, #5065, #11494, #468, #2265 ),
 .UNSPECIFIED., .F., .F.,
 ( 4, 2, 2, 2, 4 ),
 ( 0.006963999130295259188, 0.007386377688198002452, 0.007808756246100745715, 0.008231134804003489847, 0.008653513361906232243 ),
 .UNSPECIFIED. ) ;
#112 = FACE_OUTER_BOUND ( 'NONE', #8805, .T. ) ;
#113 = CARTESIAN_POINT ( 'NONE',  ( 18.54999999999999716, 13.50000000000000178, -2.244994432064372436 ) ) ;
#114 = AXIS2_PLACEMENT_3D ( 'NONE', #1179, #10300, #8484 ) ;
#115 = AXIS2_PLACEMENT_3D ( 'NONE', #8857, #2507, #4179 ) ;
#116 = ORIENTED_EDGE ( 'NONE', *, *, #4369, .T. ) ;
#117 = VECTOR ( 'NONE', #7265, 1000.000000000000000 ) ;
#118 = STYLED_ITEM ( 'NONE', ( #6684 ), #5098 ) ;
#119 = CARTESIAN_POINT ( 'NONE',  ( 18.55000000000000071, 13.50000000000000178, 1.999999999999992228 ) ) ;
#120 = ORIENTED_EDGE ( 'NONE', *, *, #10486, .F. ) ;
#121 = TOROIDAL_SURFACE ( 'NONE', #3178, 3.000000000000000000, 0.5000000000000011102 ) ;
#122 = EDGE_LOOP ( 'NONE', ( #8099, #10194, #11821, #5760 ) ) ;
#123 = EDGE_CURVE ( 'NONE', #9624, #2804, #7570, .T. ) ;
#124 = DIRECTION ( 'NONE',  ( 0.000000000000000000, 0.000000000000000000, -1.000000000000000000 ) ) ;
#125 = VECTOR ( 'NONE', #4365, 1000.000000000000000 ) ;
#126 = ORIENTED_EDGE ( 'NONE', *, *, #1671, .T. ) ;
#127 = DIRECTION ( 'NONE',  ( -1.000000000000000000, 0.000000000000000000, 0.000000000000000000 ) ) ;
#128 = CARTESIAN_POINT ( 'NONE',  ( 8.850000000000003197, 3.499999999999998668, 5.399999999999995914 ) ) ;
#129 = VERTEX_POINT ( 'NONE', #8682 ) ;
#130 = FILL_AREA_STYLE ('',( #5696 ) ) ;
#131 = PLANE ( 'NONE',  #7950 ) ;
#132 = VECTOR ( 'NONE', #9834, 1000.000000000000000 ) ;
#133 = DIRECTION ( 'NONE',  ( 1.000000000000000000, -0.000000000000000000, 8.031127203596330602E-17 ) ) ;
#134 = CARTESIAN_POINT ( 'NONE',  ( 19.05000000000000071, 3.650000000000002132, -7.619650039223833312E-15 ) ) ;
#135 = VECTOR ( 'NONE', #6944, 1000.000000000000000 ) ;
#136 = VERTEX_POINT ( 'NONE', #8505 ) ;
#137 = CARTESIAN_POINT ( 'NONE',  ( -6.849999999999998757, 12.45031130731456059, -1.999999999999999112 ) ) ;
#138 = ORIENTED_EDGE ( 'NONE', *, *, #6658, .T. ) ;
#139 = EDGE_CURVE ( 'NONE', #3137, #2943, #5979, .T. ) ;
#140 = CARTESIAN_POINT ( 'NONE',  ( -8.349999999999999645, 12.45031130731456059, -0.5000000000000059952 ) ) ;
#141 = VERTEX_POINT ( 'NONE', #4897 ) ;
#142 = DIRECTION ( 'NONE',  ( 0.000000000000000000, -1.283079494065685941E-16, -1.000000000000000000 ) ) ;
#143 = VERTEX_POINT ( 'NONE', #478 ) ;
#144 = CARTESIAN_POINT ( 'NONE',  ( 26.65000000000000924, 0.000000000000000000, 12.09999999999999254 ) ) ;
#145 = EDGE_LOOP ( 'NONE', ( #2034, #1903, #6512, #11347 ) ) ;
#146 = AXIS2_PLACEMENT_3D ( 'NONE', #10859, #6289, #11571 ) ;
#147 = FACE_OUTER_BOUND ( 'NONE', #5848, .T. ) ;
#148 = CARTESIAN_POINT ( 'NONE',  ( 6.850000000000004974, 13.13100522817846283, -3.137350752173964086 ) ) ;
#149 = PLANE ( 'NONE',  #6047 ) ;
#150 = DIRECTION ( 'NONE',  ( 0.000000000000000000, 0.000000000000000000, 1.000000000000000000 ) ) ;
#151 = EDGE_CURVE ( 'NONE', #890, #11857, #10685, .T. ) ;
#152 = DIRECTION ( 'NONE',  ( 0.000000000000000000, 1.000000000000000000, 0.000000000000000000 ) ) ;
#153 = ADVANCED_FACE ( 'NONE', ( #6767 ), #10497, .F. ) ;
#154 = ORIENTED_EDGE ( 'NONE', *, *, #6804, .T. ) ;
#155 = ORIENTED_EDGE ( 'NONE', *, *, #6565, .F. ) ;
#156 = DIRECTION ( 'NONE',  ( 0.000000000000000000, -1.000000000000000000, 0.000000000000000000 ) ) ;
#157 = ORIENTED_EDGE ( 'NONE', *, *, #11085, .T. ) ;
#158 = EDGE_CURVE ( 'NONE', #5710, #2185, #1256, .T. ) ;
#159 = FACE_OUTER_BOUND ( 'NONE', #3745, .T. ) ;
#160 = EDGE_CURVE ( 'NONE', #5339, #8357, #5870, .T. ) ;
#161 = ORIENTED_EDGE ( 'NONE', *, *, #8860, .T. ) ;
#162 = LINE ( 'NONE', #11847, #11495 ) ;
#163 = DIRECTION ( 'NONE',  ( 2.282859610154041239E-32, -1.000000000000000000, 1.283079494065685941E-16 ) ) ;
#164 = CARTESIAN_POINT ( 'NONE',  ( 4.699999999999999289, 5.900000000000002132, -3.000000000000006661 ) ) ;
#165 = PLANE ( 'NONE',  #10347 ) ;
#166 = CARTESIAN_POINT ( 'NONE',  ( 4.350000000000006750, 13.50000000000000178, -0.5000000000000156541 ) ) ;
#167 = CARTESIAN_POINT ( 'NONE',  ( -14.29999999999999716, 10.90000000000000036, 4.249999999999997335 ) ) ;
#168 = PLANE ( 'NONE',  #3324 ) ;
#169 = ORIENTED_EDGE ( 'NONE', *, *, #11222, .T. ) ;
#170 = EDGE_CURVE ( 'NONE', #3518, #11680, #420, .T. ) ;
#171 = LINE ( 'NONE', #50, #6506 ) ;
#172 = ORIENTED_EDGE ( 'NONE', *, *, #1895, .F. ) ;
#173 = ORIENTED_EDGE ( 'NONE', *, *, #6031, .F. ) ;
#174 = CARTESIAN_POINT ( 'NONE',  ( -6.349999999999997868, 13.50000000000000000, 1.019953154856734144E-15 ) ) ;
#175 = DIRECTION ( 'NONE',  ( -1.000000000000000000, -1.967058844685892396E-32, -8.031127203596331834E-17 ) ) ;
#176 = DIRECTION ( 'NONE',  ( -1.000000000000000000, -0.000000000000000000, -0.000000000000000000 ) ) ;
#177 = EDGE_LOOP ( 'NONE', ( #9934, #10098, #6218, #5475, #4457, #6498 ) ) ;
#178 = ORIENTED_EDGE ( 'NONE', *, *, #7170, .T. ) ;
#179 = ADVANCED_FACE ( 'NONE', ( #10550 ), #7107, .F. ) ;
#180 = ORIENTED_EDGE ( 'NONE', *, *, #8190, .T. ) ;
#181 = FILL_AREA_STYLE ('',( #6591 ) ) ;
#182 = DIRECTION ( 'NONE',  ( 0.000000000000000000, 1.000000000000000000, -0.000000000000000000 ) ) ;
#183 = LINE ( 'NONE', #9354, #3264 ) ;
#184 = FACE_OUTER_BOUND ( 'NONE', #5449, .T. ) ;
#185 = ORIENTED_EDGE ( 'NONE', *, *, #6286, .T. ) ;
#186 = DIRECTION ( 'NONE',  ( 0.000000000000000000, -1.000000000000000000, 0.000000000000000000 ) ) ;
#187 = DIRECTION ( 'NONE',  ( 0.000000000000000000, 1.000000000000000000, -5.310377987684098923E-16 ) ) ;
#188 = FACE_OUTER_BOUND ( 'NONE', #11724, .T. ) ;
#189 = FACE_OUTER_BOUND ( 'NONE', #7054, .T. ) ;
#190 = CIRCLE ( 'NONE', #6878, 3.000000000000000000 ) ;
#191 = AXIS2_PLACEMENT_3D ( 'NONE', #6044, #7729, #1494 ) ;
#192 = ADVANCED_FACE ( 'NONE', ( #8900 ), #4952, .T. ) ;
#193 = ORIENTED_EDGE ( 'NONE', *, *, #7530, .T. ) ;
#194 = DIRECTION ( 'NONE',  ( -1.000000000000000000, -0.000000000000000000, -0.000000000000000000 ) ) ;
#195 = ORIENTED_EDGE ( 'NONE', *, *, #6359, .F. ) ;
#196 = PLANE ( 'NONE',  #4041 ) ;
#197 = VECTOR ( 'NONE', #4134, 1000.000000000000000 ) ;
#198 = CYLINDRICAL_SURFACE ( 'NONE', #6152, 0.3000000000000003775 ) ;
#199 = ORIENTED_EDGE ( 'NONE', *, *, #5721, .F. ) ;
#200 = CARTESIAN_POINT ( 'NONE',  ( -3.849999999999995648, 2.499999999999998668, 5.599999999999998757 ) ) ;
#201 = ORIENTED_EDGE ( 'NONE', *, *, #8783, .T. ) ;
#202 = DIRECTION ( 'NONE',  ( 0.000000000000000000, 0.000000000000000000, -1.000000000000000000 ) ) ;
#203 = VERTEX_POINT ( 'NONE', #11387 ) ;
#204 = CIRCLE ( 'NONE', #3257, 0.2000000000000005107 ) ;
#205 = PLANE ( 'NONE',  #8856 ) ;
#206 = CARTESIAN_POINT ( 'NONE',  ( -10.59999999999999787, 24.33502884254439991, -4.749999999999997335 ) ) ;
#207 = LINE ( 'NONE', #5590, #1845 ) ;
#208 = LINE ( 'NONE', #10154, #9320 ) ;
#209 = EDGE_CURVE ( 'NONE', #2547, #3844, #3440, .T. ) ;
#210 = FACE_OUTER_BOUND ( 'NONE', #6940, .T. ) ;
#211 = VECTOR ( 'NONE', #11742, 1000.000000000000000 ) ;
#212 = EDGE_LOOP ( 'NONE', ( #10005, #6620, #154, #3606 ) ) ;
#213 = ORIENTED_EDGE ( 'NONE', *, *, #5256, .T. ) ;
#214 = ORIENTED_EDGE ( 'NONE', *, *, #1427, .F. ) ;
#215 = DIRECTION ( 'NONE',  ( 0.000000000000000000, 0.000000000000000000, -1.000000000000000000 ) ) ;
#216 = ORIENTED_EDGE ( 'NONE', *, *, #2313, .F. ) ;
#217 = CARTESIAN_POINT ( 'NONE',  ( 0.000000000000000000, 0.5000000000000000000, 7.399999999999995914 ) ) ;
#218 = DIRECTION ( 'NONE',  ( 0.8191520442889935749, 0.5735764363510434949, 2.860054076310225049E-15 ) ) ;
#219 = AXIS2_PLACEMENT_3D ( 'NONE', #5665, #9449, #3853 ) ;
#220 = EDGE_CURVE ( 'NONE', #9605, #11534, #6206, .T. ) ;
#221 = DIRECTION ( 'NONE',  ( 0.000000000000000000, -1.000000000000000000, -1.040834085586083468E-15 ) ) ;
#222 = CARTESIAN_POINT ( 'NONE',  ( -11.45000000000000462, 44.34419462753220387, 12.09999999999999787 ) ) ;
#223 = CARTESIAN_POINT ( 'NONE',  ( 6.350000000000001421, 10.90000000000000213, -2.000000000000008882 ) ) ;
#224 = EDGE_CURVE ( 'NONE', #4185, #4490, #10374, .T. ) ;
#225 = ADVANCED_FACE ( 'NONE', ( #8964 ), #3495, .T. ) ;
#226 = ADVANCED_FACE ( 'NONE', ( #5483 ), #6452, .F. ) ;
#227 = LINE ( 'NONE', #346, #10034 ) ;
#228 = EDGE_LOOP ( 'NONE', ( #9133, #5910, #5289, #8949 ) ) ;
#229 = ADVANCED_FACE ( 'NONE', ( #11784 ), #9866, .T. ) ;
#230 = EDGE_CURVE ( 'NONE', #47, #7417, #3559, .T. ) ;
#231 = LINE ( 'NONE', #5492, #6144 ) ;
#232 = EDGE_LOOP ( 'NONE', ( #6058, #9, #5802, #3720 ) ) ;
#233 = ORIENTED_EDGE ( 'NONE', *, *, #8499, .F. ) ;
#234 = EDGE_CURVE ( 'NONE', #8897, #3666, #8240, .T. ) ;
#235 = VECTOR ( 'NONE', #11766, 1000.000000000000000 ) ;
#236 = DIRECTION ( 'NONE',  ( -3.491481338843133355E-15, 0.000000000000000000, 1.000000000000000000 ) ) ;
#237 = DIRECTION ( 'NONE',  ( 0.000000000000000000, 1.000000000000000000, 2.449293598294701484E-16 ) ) ;
#238 = DIRECTION ( 'NONE',  ( -0.000000000000000000, 0.000000000000000000, 1.000000000000000000 ) ) ;
#239 = VERTEX_POINT ( 'NONE', #5413 ) ;
#240 = ORIENTED_EDGE ( 'NONE', *, *, #9728, .T. ) ;
#241 = VECTOR ( 'NONE', #5479, 1000.000000000000000 ) ;
#242 = LINE ( 'NONE', #9285, #6251 ) ;
#243 = ORIENTED_EDGE ( 'NONE', *, *, #1322, .T. ) ;
#244 = DIRECTION ( 'NONE',  ( -1.000000000000000000, 0.000000000000000000, -8.031127203596331834E-17 ) ) ;
#245 = DIRECTION ( 'NONE',  ( -0.000000000000000000, -0.000000000000000000, -1.000000000000000000 ) ) ;
#246 = ORIENTED_EDGE ( 'NONE', *, *, #1895, .T. ) ;
#247 = EDGE_CURVE ( 'NONE', #1280, #5553, #925, .T. ) ;
#248 = CARTESIAN_POINT ( 'NONE',  ( -1.250000000000004663, 9.399999999999998579, -7.400000000000003908 ) ) ;
#249 = CARTESIAN_POINT ( 'NONE',  ( -6.349999999999997868, 13.50000000000000178, 2.300000000000000711 ) ) ;
#250 = FACE_OUTER_BOUND ( 'NONE', #5712, .T. ) ;
#251 = CARTESIAN_POINT ( 'NONE',  ( 5.850000000000001421, 12.50000000000000000, -3.447142787940717490 ) ) ;
#252 = ORIENTED_EDGE ( 'NONE', *, *, #11721, .T. ) ;
#253 = DIRECTION ( 'NONE',  ( 4.066575051493318340E-32, -1.000000000000000000, -1.172110456741085828E-16 ) ) ;
#254 = ORIENTED_EDGE ( 'NONE', *, *, #4520, .T. ) ;
#255 = CARTESIAN_POINT ( 'NONE',  ( -16.54999999999999716, 2.499999999999998668, -7.400000000000001243 ) ) ;
#256 = DIRECTION ( 'NONE',  ( 0.000000000000000000, -0.5735764363510434949, 0.8191520442889935749 ) ) ;
#257 = ORIENTED_EDGE ( 'NONE', *, *, #3004, .F. ) ;
#258 = CARTESIAN_POINT ( 'NONE',  ( 16.55000000000000071, 7.500000000000002665, 7.399999999999987921 ) ) ;
#259 = VERTEX_POINT ( 'NONE', #100 ) ;
#260 = CARTESIAN_POINT ( 'NONE',  ( -5.849999999999997868, 0.000000000000000000, 0.5000000000000027756 ) ) ;
#261 = ORIENTED_EDGE ( 'NONE', *, *, #5702, .F. ) ;
#262 = CARTESIAN_POINT ( 'NONE',  ( -4.699999999999999289, 22.60000000000000142, 5.599999999999996092 ) ) ;
#263 = CARTESIAN_POINT ( 'NONE',  ( 6.350000000000001421, 3.650000000000002132, 1.749999999999991784 ) ) ;
#264 = VECTOR ( 'NONE', #4677, 1000.000000000000000 ) ;
#265 = DIRECTION ( 'NONE',  ( 3.571792610879097845E-15, -0.000000000000000000, -1.000000000000000000 ) ) ;
#266 = CARTESIAN_POINT ( 'NONE',  ( 8.000000000000000000, 0.5000000000000000000, -7.399999999999995914 ) ) ;
#267 = EDGE_LOOP ( 'NONE', ( #10883, #2351, #9309, #1493 ) ) ;
#268 = VERTEX_POINT ( 'NONE', #2783 ) ;
#270 = CARTESIAN_POINT ( 'NONE',  ( 19.05000000000000071, 11.40000000000000213, -7.619650039223833312E-15 ) ) ;
#269 = AXIS2_PLACEMENT_3D ( 'NONE', #11810, #7297, #2737 ) ;
#271 = ORIENTED_EDGE ( 'NONE', *, *, #3941, .F. ) ;
#272 =( GEOMETRIC_REPRESENTATION_CONTEXT ( 3 ) GLOBAL_UNCERTAINTY_ASSIGNED_CONTEXT ( ( #406 ) ) GLOBAL_UNIT_ASSIGNED_CONTEXT ( ( #11037, #6476, #2876 ) ) REPRESENTATION_CONTEXT ( 'NONE', 'WORKASPACE' ) );
#273 = FACE_OUTER_BOUND ( 'NONE', #8521, .T. ) ;
#274 = ORIENTED_EDGE ( 'NONE', *, *, #1535, .T. ) ;
#275 = CARTESIAN_POINT ( 'NONE',  ( -47.67189334955344293, 8.099999999999999645, 10.10000000000000497 ) ) ;
#276 =( LENGTH_UNIT ( ) NAMED_UNIT ( * ) SI_UNIT ( .MILLI., .METRE. ) );
#277 = FACE_OUTER_BOUND ( 'NONE', #6403, .T. ) ;
#278 = DIRECTION ( 'NONE',  ( -8.031127203596330602E-17, -2.449293598294701484E-16, 1.000000000000000000 ) ) ;
#279 = DIRECTION ( 'NONE',  ( 0.000000000000000000, 1.000000000000000000, 0.000000000000000000 ) ) ;
#280 = AXIS2_PLACEMENT_3D ( 'NONE', #9339, #404, #10476 ) ;
#281 = PLANE ( 'NONE',  #3889 ) ;
#282 = VERTEX_POINT ( 'NONE', #2666 ) ;
#283 = LINE ( 'NONE', #4101, #9174 ) ;
#284 = ADVANCED_FACE ( 'NONE', ( #988 ), #5783, .T. ) ;
#285 = ORIENTED_EDGE ( 'NONE', *, *, #8043, .F. ) ;
#286 = ORIENTED_EDGE ( 'NONE', *, *, #10177, .T. ) ;
#287 = CARTESIAN_POINT ( 'NONE',  ( 4.699999999999999289, 2.499999999999998668, -5.500000000000005329 ) ) ;
#288 = DIRECTION ( 'NONE',  ( -1.000000000000000000, -0.000000000000000000, -8.031127203596330602E-17 ) ) ;
#289 = EDGE_CURVE ( 'NONE', #1617, #11050, #4628, .T. ) ;
#290 = CARTESIAN_POINT ( 'NONE',  ( 26.65000000000000924, 22.60000000000000142, 9.099999999999994316 ) ) ;
#291 = PRESENTATION_LAYER_ASSIGNMENT (  '', '', ( #8516 ) ) ;
#292 = EDGE_CURVE ( 'NONE', #9624, #4749, #5303, .T. ) ;
#293 = ORIENTED_EDGE ( 'NONE', *, *, #6802, .T. ) ;
#294 = AXIS2_PLACEMENT_3D ( 'NONE', #8386, #3819, #11211 ) ;
#295 = CONICAL_SURFACE ( 'NONE', #2584, 2.000000000000000000, 0.7853981633974471688 ) ;
#296 = ORIENTED_EDGE ( 'NONE', *, *, #6086, .T. ) ;
#297 = ORIENTED_EDGE ( 'NONE', *, *, #370, .F. ) ;
#298 = EDGE_CURVE ( 'NONE', #9422, #9810, #1568, .T. ) ;
#299 = CYLINDRICAL_SURFACE ( 'NONE', #10661, 2.000000000000000000 ) ;
#300 = CARTESIAN_POINT ( 'NONE',  ( 18.54999999999999716, 12.63935149243593337, -3.423341594711344360 ) ) ;
#301 = LINE ( 'NONE', #3937, #10736 ) ;
#302 = CARTESIAN_POINT ( 'NONE',  ( 20.70000000000000284, -3.999999999999999112, 5.799999999999987388 ) ) ;
#303 = ORIENTED_EDGE ( 'NONE', *, *, #10492, .T. ) ;
#304 = CARTESIAN_POINT ( 'NONE',  ( -20.69999999999999929, 7.400000000000003020, -5.600000000000000533 ) ) ;
#305 = CARTESIAN_POINT ( 'NONE',  ( 21.55000000000000071, 7.600000000000003197, -3.300000000000010036 ) ) ;
#306 = UNCERTAINTY_MEASURE_WITH_UNIT (LENGTH_MEASURE( 1.000000000000000082E-05 ), #669, 'distance_accuracy_value', 'NONE');
#307 = CARTESIAN_POINT ( 'NONE',  ( -19.04999999999999716, 12.50000000000000000, 3.483215956619923670 ) ) ;
#308 = AXIS2_PLACEMENT_3D ( 'NONE', #2369, #345, #6019 ) ;
#309 = CARTESIAN_POINT ( 'NONE',  ( 21.55000000000000071, 7.400000000000004796, -5.600000000000012967 ) ) ;
#310 = AXIS2_PLACEMENT_3D ( 'NONE', #8266, #6477, #7312 ) ;
#311 = VECTOR ( 'NONE', #2652, 1000.000000000000000 ) ;
#312 = AXIS2_PLACEMENT_3D ( 'NONE', #3506, #8366, #5601 ) ;
#313 = ORIENTED_EDGE ( 'NONE', *, *, #11506, .F. ) ;
#314 = EDGE_CURVE ( 'NONE', #6344, #2780, #8182, .T. ) ;
#315 = LINE ( 'NONE', #7623, #8752 ) ;
#316 = CIRCLE ( 'NONE', #696, 0.5000000000000013323 ) ;
#317 = ORIENTED_EDGE ( 'NONE', *, *, #357, .T. ) ;
#318 = VECTOR ( 'NONE', #3808, 1000.000000000000000 ) ;
#319 = CARTESIAN_POINT ( 'NONE',  ( -6.349999999999997868, 10.90000000000000036, 1.019953154856734144E-15 ) ) ;
#320 = ORIENTED_EDGE ( 'NONE', *, *, #1768, .F. ) ;
#321 = AXIS2_PLACEMENT_3D ( 'NONE', #950, #1917, #11752 ) ;
#322 = DIRECTION ( 'NONE',  ( -4.688441826964344298E-16, 0.000000000000000000, -1.000000000000000000 ) ) ;
#323 = EDGE_LOOP ( 'NONE', ( #11591, #1739, #907, #1886, #9789, #9723, #5324, #7191 ) ) ;
#324 = LINE ( 'NONE', #1032, #1151 ) ;
#325 = EDGE_LOOP ( 'NONE', ( #8392, #8464, #6110, #11235 ) ) ;
#326 = MECHANICAL_DESIGN_GEOMETRIC_PRESENTATION_REPRESENTATION (  '', ( #11040 ), #8356 ) ;
#327 = CARTESIAN_POINT ( 'NONE',  ( -18.54999999999999361, 12.50000000000000000, 3.500000000000005773 ) ) ;
#328 = DIRECTION ( 'NONE',  ( -4.066575051493318340E-32, -1.000000000000000000, 1.172110456741085828E-16 ) ) ;
#329 = CARTESIAN_POINT ( 'NONE',  ( -13.94999999999999574, 9.400000000000002132, 7.400000000000000355 ) ) ;
#330 = PLANE ( 'NONE',  #1217 ) ;
#331 = VECTOR ( 'NONE', #8019, 1000.000000000000000 ) ;
#332 = CARTESIAN_POINT ( 'NONE',  ( -5.849999999999997868, 13.50000000000000178, 2.244994432064363554 ) ) ;
#333 = ORIENTED_EDGE ( 'NONE', *, *, #7538, .F. ) ;
#334 = ORIENTED_EDGE ( 'NONE', *, *, #5736, .F. ) ;
#335 = CARTESIAN_POINT ( 'NONE',  ( 3.749999999999989342, 9.399999999999995026, 7.399999999999992362 ) ) ;
#336 = ORIENTED_EDGE ( 'NONE', *, *, #809, .T. ) ;
#337 = VECTOR ( 'NONE', #4106, 1000.000000000000000 ) ;
#338 = FACE_OUTER_BOUND ( 'NONE', #9609, .T. ) ;
#339 = ORIENTED_EDGE ( 'NONE', *, *, #10632, .T. ) ;
#340 = CARTESIAN_POINT ( 'NONE',  ( -20.69999999999999929, -3.450504516109081710, -5.499999999999991118 ) ) ;
#341 = SURFACE_SIDE_STYLE ('',( #3791 ) ) ;
#342 = ADVANCED_FACE ( 'NONE', ( #10108 ), #3611, .F. ) ;
#343 = CARTESIAN_POINT ( 'NONE',  ( -16.54999999999999361, 7.600000000000003197, 3.300000000000002487 ) ) ;
#344 = LINE ( 'NONE', #3089, #9577 ) ;
#345 = DIRECTION ( 'NONE',  ( 0.000000000000000000, -1.000000000000000000, 0.000000000000000000 ) ) ;
#346 = CARTESIAN_POINT ( 'NONE',  ( -52.04999999999999716, 3.499999999999998668, -7.400000000000004796 ) ) ;
#347 = ORIENTED_EDGE ( 'NONE', *, *, #1167, .F. ) ;
#348 = ADVANCED_FACE ( 'NONE', ( #8296 ), #3731, .F. ) ;
#349 = LINE ( 'NONE', #889, #8664 ) ;
#350 = CARTESIAN_POINT ( 'NONE',  ( 16.54999999999999716, 5.900000000000003020, -3.000000000000011102 ) ) ;
#351 = AXIS2_PLACEMENT_3D ( 'NONE', #699, #9644, #5238 ) ;
#352 = EDGE_LOOP ( 'NONE', ( #1794, #11346, #1402, #10943 ) ) ;
#353 = VECTOR ( 'NONE', #4752, 1000.000000000000114 ) ;
#354 = DIRECTION ( 'NONE',  ( -0.3236155771181862817, 0.8891264907159871500, 0.3236155771181863372 ) ) ;
#355 = DIRECTION ( 'NONE',  ( 0.000000000000000000, 1.000000000000000000, 2.449293598294701484E-16 ) ) ;
#356 = CARTESIAN_POINT ( 'NONE',  ( -19.04999999999999716, 11.40000000000000213, -3.000000000000000000 ) ) ;
#357 = EDGE_CURVE ( 'NONE', #5776, #9379, #2725, .T. ) ;
#358 = ADVANCED_FACE ( 'NONE', ( #2847 ), #10828, .F. ) ;
#359 = ORIENTED_EDGE ( 'NONE', *, *, #10780, .T. ) ;
#360 =( LENGTH_UNIT ( ) NAMED_UNIT ( * ) SI_UNIT ( .MILLI., .METRE. ) );
#361 = CARTESIAN_POINT ( 'NONE',  ( 18.54999999999999716, 13.01963939045205088, -3.232109405386095258 ) ) ;
#362 = CYLINDRICAL_SURFACE ( 'NONE', #3821, 1.899999999999999689 ) ;
#363 = CARTESIAN_POINT ( 'NONE',  ( -17.39999999999999503, 7.600000000000004086, 3.300000000000002043 ) ) ;
#364 = VERTEX_POINT ( 'NONE', #5731 ) ;
#365 = EDGE_CURVE ( 'NONE', #3648, #2215, #9447, .T. ) ;
#366 = LINE ( 'NONE', #3112, #5156 ) ;
#367 = LINE ( 'NONE', #3113, #2601 ) ;
#368 = CARTESIAN_POINT ( 'NONE',  ( -14.29999999999999716, 9.400000000000002132, 4.249999999999999112 ) ) ;
#369 = CARTESIAN_POINT ( 'NONE',  ( 17.04999999999999716, 13.50000000000000178, 0.4999999999999854006 ) ) ;
#370 = EDGE_CURVE ( 'NONE', #10062, #7985, #5664, .T. ) ;
#371 = EDGE_CURVE ( 'NONE', #9102, #141, #398, .T. ) ;
#372 = ORIENTED_EDGE ( 'NONE', *, *, #62, .F. ) ;
#373 = DIRECTION ( 'NONE',  ( 1.000000000000000000, -0.000000000000000000, -1.779203565104417621E-16 ) ) ;
#374 = VERTEX_POINT ( 'NONE', #9391 ) ;
#375 = ADVANCED_FACE ( 'NONE', ( #11309 ), #2905, .F. ) ;
#376 = ADVANCED_FACE ( 'NONE', ( #9265 ), #6686, .F. ) ;
#377 = ORIENTED_EDGE ( 'NONE', *, *, #7188, .F. ) ;
#378 = LINE ( 'NONE', #200, #5671 ) ;
#379 = VERTEX_POINT ( 'NONE', #11254 ) ;
#380 = DIRECTION ( 'NONE',  ( -1.000000000000000000, -1.967058844685892396E-32, -8.031127203596331834E-17 ) ) ;
#381 = EDGE_LOOP ( 'NONE', ( #9107, #9043, #6220, #5301, #4925, #5898, #8641, #2506 ) ) ;
#382 = FACE_OUTER_BOUND ( 'NONE', #11561, .T. ) ;
#383 = LINE ( 'NONE', #7633, #10049 ) ;
#384 = LINE ( 'NONE', #10340, #4494 ) ;
#385 = DIRECTION ( 'NONE',  ( 1.779203565104417621E-16, 1.548860246407864076E-16, 1.000000000000000000 ) ) ;
#386 = EDGE_CURVE ( 'NONE', #2486, #8339, #8601, .T. ) ;
#387 = ORIENTED_EDGE ( 'NONE', *, *, #7055, .T. ) ;
#388 = AXIS2_PLACEMENT_3D ( 'NONE', #9877, #2443, #10666 ) ;
#389 = ORIENTED_EDGE ( 'NONE', *, *, #4300, .F. ) ;
#390 = VECTOR ( 'NONE', #630, 1000.000000000000000 ) ;
#391 = DIRECTION ( 'NONE',  ( -1.000000000000000000, 0.000000000000000000, 0.000000000000000000 ) ) ;
#392 = ORIENTED_EDGE ( 'NONE', *, *, #10852, .F. ) ;
#393 = CARTESIAN_POINT ( 'NONE',  ( 10.60000000000000142, 9.400000000000002132, -4.750000000000007994 ) ) ;
#394 = VECTOR ( 'NONE', #2606, 1000.000000000000000 ) ;
#395 = ORIENTED_EDGE ( 'NONE', *, *, #8616, .T. ) ;
#396 = DIRECTION ( 'NONE',  ( 0.000000000000000000, -0.000000000000000000, -1.000000000000000000 ) ) ;
#397 = LINE ( 'NONE', #5112, #8342 ) ;
#398 = LINE ( 'NONE', #1298, #10768 ) ;
#399 = FACE_OUTER_BOUND ( 'NONE', #1251, .T. ) ;
#400 = CARTESIAN_POINT ( 'NONE',  ( 8.850000000000003197, 7.300000000000003375, 2.999999999999994227 ) ) ;
#401 = CIRCLE ( 'NONE', #2408, 0.5000000000000013323 ) ;
#402 = VECTOR ( 'NONE', #10511, 1000.000000000000000 ) ;
#403 =( GEOMETRIC_REPRESENTATION_CONTEXT ( 3 ) GLOBAL_UNCERTAINTY_ASSIGNED_CONTEXT ( ( #4937 ) ) GLOBAL_UNIT_ASSIGNED_CONTEXT ( ( #10571, #6118, #442 ) ) REPRESENTATION_CONTEXT ( 'NONE', 'WORKASPACE' ) );
#404 = DIRECTION ( 'NONE',  ( 1.000000000000000000, -1.967058844685892396E-32, 8.031127203596331834E-17 ) ) ;
#405 = ORIENTED_EDGE ( 'NONE', *, *, #8344, .F. ) ;
#406 = UNCERTAINTY_MEASURE_WITH_UNIT (LENGTH_MEASURE( 1.000000000000000082E-05 ), #11037, 'distance_accuracy_value', 'NONE');
#407 = EDGE_CURVE ( 'NONE', #5178, #3132, #2140, .T. ) ;
#408 = VECTOR ( 'NONE', #3165, 1000.000000000000000 ) ;
#409 = DIRECTION ( 'NONE',  ( -1.000000000000000000, 1.967058844685892123E-32, -8.031127203596330602E-17 ) ) ;
#410 = ORIENTED_EDGE ( 'NONE', *, *, #7450, .F. ) ;
#411 = LINE ( 'NONE', #4821, #9575 ) ;
#412 = ORIENTED_EDGE ( 'NONE', *, *, #5465, .F. ) ;
#413 = DIRECTION ( 'NONE',  ( 0.000000000000000000, -1.000000000000000000, 0.000000000000000000 ) ) ;
#414 = DIRECTION ( 'NONE',  ( -0.000000000000000000, -1.000000000000000000, -0.000000000000000000 ) ) ;
#415 = AXIS2_PLACEMENT_3D ( 'NONE', #10840, #2620, #7234 ) ;
#416 = CARTESIAN_POINT ( 'NONE',  ( -4.349999999999999645, 12.45031130731456059, -0.4999999999999921174 ) ) ;
#417 = EDGE_CURVE ( 'NONE', #3832, #8582, #3910, .T. ) ;
#418 = VECTOR ( 'NONE', #4926, 1000.000000000000000 ) ;
#419 = ORIENTED_EDGE ( 'NONE', *, *, #1321, .F. ) ;
#420 = LINE ( 'NONE', #6885, #9143 ) ;
#421 = PLANE ( 'NONE',  #5952 ) ;
#422 = CARTESIAN_POINT ( 'NONE',  ( -17.39999999999999858, -3.450504516109078157, -5.599999999999996092 ) ) ;
#423 = ORIENTED_EDGE ( 'NONE', *, *, #10113, .T. ) ;
#424 = CARTESIAN_POINT ( 'NONE',  ( 2.100000000000004530, 10.90000000000000036, 4.249999999999992895 ) ) ;
#425 = PLANE ( 'NONE',  #10649 ) ;
#426 = CARTESIAN_POINT ( 'NONE',  ( 8.350000000000006750, 12.45031130731456059, -0.5000000000000017764 ) ) ;
#427 = CIRCLE ( 'NONE', #10187, 1.199999999999999956 ) ;
#428 = DIRECTION ( 'NONE',  ( 1.000000000000000000, -1.967058844685892123E-32, 8.031127203596330602E-17 ) ) ;
#429 = VECTOR ( 'NONE', #1150, 1000.000000000000000 ) ;
#430 = VERTEX_POINT ( 'NONE', #343 ) ;
#431 = EDGE_CURVE ( 'NONE', #10133, #4620, #7646, .T. ) ;
#432 = VECTOR ( 'NONE', #7423, 1000.000000000000000 ) ;
#433 = CARTESIAN_POINT ( 'NONE',  ( 10.60000000000000142, 10.90000000000000036, 4.249999999999991118 ) ) ;
#434 = ORIENTED_EDGE ( 'NONE', *, *, #2619, .F. ) ;
#435 = ORIENTED_EDGE ( 'NONE', *, *, #1473, .T. ) ;
#436 = EDGE_CURVE ( 'NONE', #610, #2045, #6746, .T. ) ;
#437 = PLANE ( 'NONE',  #5456 ) ;
#438 = ORIENTED_EDGE ( 'NONE', *, *, #10563, .F. ) ;
#439 = DIRECTION ( 'NONE',  ( 3.666259183851188076E-32, 1.000000000000000000, 2.282530889443167022E-16 ) ) ;
#440 = ORIENTED_EDGE ( 'NONE', *, *, #7839, .F. ) ;
#441 = EDGE_CURVE ( 'NONE', #7040, #9498, #10168, .T. ) ;
#442 =( NAMED_UNIT ( * ) SI_UNIT ( $, .STERADIAN. ) SOLID_ANGLE_UNIT ( ) );
#443 = CARTESIAN_POINT ( 'NONE',  ( -3.749999999999989342, 2.500000000000002220, 7.399999999999997691 ) ) ;
#444 = CARTESIAN_POINT ( 'NONE',  ( -14.29999999999999716, 24.33502884254439991, 4.249999999999997335 ) ) ;
#445 = CARTESIAN_POINT ( 'NONE',  ( 19.55000000000000071, 13.50000000000000178, -2.000000000000007994 ) ) ;
#446 = CARTESIAN_POINT ( 'NONE',  ( -6.349999999999997868, 11.40000000000000213, -2.999999999999999112 ) ) ;
#447 = EDGE_CURVE ( 'NONE', #6852, #3132, #4811, .T. ) ;
#448 = ADVANCED_FACE ( 'NONE', ( #277 ), #3031, .T. ) ;
#449 = ORIENTED_EDGE ( 'NONE', *, *, #11440, .F. ) ;
#450 = ORIENTED_EDGE ( 'NONE', *, *, #5142, .T. ) ;
#451 = EDGE_CURVE ( 'NONE', #9379, #8376, #1230, .T. ) ;
#452 = DIRECTION ( 'NONE',  ( 1.000000000000000000, 1.967058844685892123E-32, 8.031127203596330602E-17 ) ) ;
#453 = ORIENTED_EDGE ( 'NONE', *, *, #10494, .F. ) ;
#454 = CYLINDRICAL_SURFACE ( 'NONE', #11532, 1.899999999999999689 ) ;
#455 = ORIENTED_EDGE ( 'NONE', *, *, #5166, .F. ) ;
#456 = AXIS2_PLACEMENT_3D ( 'NONE', #10881, #749, #11718 ) ;
#457 = DIRECTION ( 'NONE',  ( 1.000000000000000000, -0.000000000000000000, 3.491481338843133355E-15 ) ) ;
#458 = DIRECTION ( 'NONE',  ( -0.000000000000000000, -1.000000000000000000, -0.000000000000000000 ) ) ;
#459 = LINE ( 'NONE', #10526, #3968 ) ;
#460 = DIRECTION ( 'NONE',  ( 0.000000000000000000, 0.000000000000000000, 1.000000000000000000 ) ) ;
#461 = LINE ( 'NONE', #6801, #3733 ) ;
#462 = CARTESIAN_POINT ( 'NONE',  ( -14.79999999999999716, 24.33502884254439991, -4.750000000000000888 ) ) ;
#463 = ORIENTED_EDGE ( 'NONE', *, *, #4151, .T. ) ;
#464 = VECTOR ( 'NONE', #9406, 1000.000000000000000 ) ;
#465 = ADVANCED_FACE ( 'NONE', ( #4689 ), #5841, .F. ) ;
#466 = DIRECTION ( 'NONE',  ( 0.000000000000000000, 0.000000000000000000, -1.000000000000000000 ) ) ;
#467 = EDGE_LOOP ( 'NONE', ( #7059, #11272, #8809, #10671 ) ) ;
#468 = CARTESIAN_POINT ( 'NONE',  ( -18.54999999999999361, 13.50000000000000178, -2.385853457097439900 ) ) ;
#469 = ORIENTED_EDGE ( 'NONE', *, *, #6788, .T. ) ;
#470 = AXIS2_PLACEMENT_3D ( 'NONE', #10818, #2770, #2600 ) ;
#471 = DIRECTION ( 'NONE',  ( 8.031127203596330602E-17, 4.818676322157799347E-16, -1.000000000000000000 ) ) ;
#472 = DIRECTION ( 'NONE',  ( -8.031127203596330602E-17, 0.000000000000000000, 1.000000000000000000 ) ) ;
#473 = CARTESIAN_POINT ( 'NONE',  ( 21.55000000000000071, 5.900000000000003020, -3.000000000000010658 ) ) ;
#474 = AXIS2_PLACEMENT_3D ( 'NONE', #8110, #8055, #9132 ) ;
#475 = DIRECTION ( 'NONE',  ( 0.000000000000000000, 0.000000000000000000, -1.000000000000000000 ) ) ;
#476 = VERTEX_POINT ( 'NONE', #8367 ) ;
#477 = CARTESIAN_POINT ( 'NONE',  ( 26.65000000000000924, 19.60000000000000142, 12.09999999999999254 ) ) ;
#478 = CARTESIAN_POINT ( 'NONE',  ( -10.59999999999999787, 10.90000000000000036, -4.749999999999999112 ) ) ;
#479 = CARTESIAN_POINT ( 'NONE',  ( -24.15000000000000568, 9.400000000000002132, -7.399999999999998579 ) ) ;
#480 = PLANE ( 'NONE',  #2975 ) ;
#481 = ORIENTED_EDGE ( 'NONE', *, *, #2342, .T. ) ;
#482 = LINE ( 'NONE', #4957, #8417 ) ;
#483 = CARTESIAN_POINT ( 'NONE',  ( 3.849999999999999201, 7.600000000000002309, -3.300000000000006928 ) ) ;
#484 = FACE_OUTER_BOUND ( 'NONE', #6682, .T. ) ;
#485 = CARTESIAN_POINT ( 'NONE',  ( 5.850000000000001421, 13.50000000000001243, -2.528496776949686442 ) ) ;
#486 = VECTOR ( 'NONE', #7489, 1000.000000000000000 ) ;
#487 = VECTOR ( 'NONE', #900, 1000.000000000000000 ) ;
#488 = ORIENTED_EDGE ( 'NONE', *, *, #2468, .F. ) ;
#489 = ADVANCED_FACE ( 'NONE', ( #7462 ), #8423, .F. ) ;
#490 = DIRECTION ( 'NONE',  ( 0.000000000000000000, -1.000000000000000000, -6.484268945210251886E-17 ) ) ;
#491 = ORIENTED_EDGE ( 'NONE', *, *, #2557, .T. ) ;
#492 = ORIENTED_EDGE ( 'NONE', *, *, #11805, .F. ) ;
#493 = CARTESIAN_POINT ( 'NONE',  ( 6.350000000000004974, 0.000000000000000000, -0.5000000000000086597 ) ) ;
#494 = VECTOR ( 'NONE', #42, 1000.000000000000000 ) ;
#495 = ORIENTED_EDGE ( 'NONE', *, *, #10205, .T. ) ;
#496 = CARTESIAN_POINT ( 'NONE',  ( 17.39999999999999858, 9.400000000000003908, -5.500000000000007105 ) ) ;
#497 = ORIENTED_EDGE ( 'NONE', *, *, #2055, .F. ) ;
#498 = AXIS2_PLACEMENT_3D ( 'NONE', #9596, #1326, #3115 ) ;
#499 = DIRECTION ( 'NONE',  ( -0.000000000000000000, -1.000000000000000000, -0.000000000000000000 ) ) ;
#500 = LINE ( 'NONE', #11472, #2970 ) ;
#501 = DIRECTION ( 'NONE',  ( 0.000000000000000000, 4.818676322157799347E-16, 1.000000000000000000 ) ) ;
#502 = PLANE ( 'NONE',  #1651 ) ;
#503 = CYLINDRICAL_SURFACE ( 'NONE', #7370, 1.899999999999999689 ) ;
#504 = ORIENTED_EDGE ( 'NONE', *, *, #962, .T. ) ;
#505 = VECTOR ( 'NONE', #631, 1000.000000000000000 ) ;
#506 = EDGE_CURVE ( 'NONE', #4993, #5809, #10584, .T. ) ;
#507 = ORIENTED_EDGE ( 'NONE', *, *, #3002, .T. ) ;
#508 = VECTOR ( 'NONE', #2165, 1000.000000000000000 ) ;
#509 = VECTOR ( 'NONE', #10509, 1000.000000000000000 ) ;
#510 = DIRECTION ( 'NONE',  ( 0.000000000000000000, 1.000000000000000000, -3.043374519257555536E-16 ) ) ;
#511 = VERTEX_POINT ( 'NONE', #2367 ) ;
#512 = VECTOR ( 'NONE', #218, 1000.000000000000114 ) ;
#513 = DIRECTION ( 'NONE',  ( 0.000000000000000000, 0.000000000000000000, 1.000000000000000000 ) ) ;
#514 = ORIENTED_EDGE ( 'NONE', *, *, #5986, .T. ) ;
#515 = CARTESIAN_POINT ( 'NONE',  ( 19.55000000000000071, 13.47618576818516445, -2.527375340105006529 ) ) ;
#516 = FACE_OUTER_BOUND ( 'NONE', #2820, .T. ) ;
#517 = EDGE_CURVE ( 'NONE', #1968, #5766, #6017, .T. ) ;
#518 = AXIS2_PLACEMENT_3D ( 'NONE', #667, #11700, #4422 ) ;
#519 = DIRECTION ( 'NONE',  ( 0.000000000000000000, 1.000000000000000000, 0.000000000000000000 ) ) ;
#520 = DIRECTION ( 'NONE',  ( 0.000000000000000000, -1.000000000000000000, -0.000000000000000000 ) ) ;
#521 = LINE ( 'NONE', #8666, #868 ) ;
#522 = VECTOR ( 'NONE', #11155, 1000.000000000000000 ) ;
#523 = AXIS2_PLACEMENT_3D ( 'NONE', #5398, #9975, #11835 ) ;
#524 = EDGE_CURVE ( 'NONE', #10120, #3950, #9565, .T. ) ;
#525 = DIRECTION ( 'NONE',  ( 0.000000000000000000, -1.000000000000000000, -0.000000000000000000 ) ) ;
#526 = VERTEX_POINT ( 'NONE', #6082 ) ;
#527 = ORIENTED_EDGE ( 'NONE', *, *, #506, .F. ) ;
#528 = EDGE_CURVE ( 'NONE', #6472, #6969, #10111, .T. ) ;
#529 = CARTESIAN_POINT ( 'NONE',  ( -21.55000000000000071, 7.300000000000002487, -2.999999999999998668 ) ) ;
#530 = ORIENTED_EDGE ( 'NONE', *, *, #8816, .F. ) ;
#531 = PLANE ( 'NONE',  #4996 ) ;
#532 = AXIS2_PLACEMENT_3D ( 'NONE', #5089, #6840, #10327 ) ;
#533 = CARTESIAN_POINT ( 'NONE',  ( -24.15000000000000568, 0.5000000000000000000, -8.600000000000003197 ) ) ;
#534 = CARTESIAN_POINT ( 'NONE',  ( 17.04999999999999716, 12.45031130731456059, 0.4999999999999854006 ) ) ;
#535 = EDGE_CURVE ( 'NONE', #4927, #1280, #8773, .T. ) ;
#536 = DIRECTION ( 'NONE',  ( -1.000000000000000000, 0.000000000000000000, -8.031127203596330602E-17 ) ) ;
#537 = FACE_OUTER_BOUND ( 'NONE', #660, .T. ) ;
#538 = VERTEX_POINT ( 'NONE', #6799 ) ;
#539 = SURFACE_STYLE_USAGE ( .BOTH. , #4173 ) ;
#540 = CARTESIAN_POINT ( 'NONE',  ( 17.40000000000001279, 0.5000000000000000000, 3.353798720221830625E-14 ) ) ;
#541 = DIRECTION ( 'NONE',  ( 0.000000000000000000, 1.000000000000000000, 3.043374519257556029E-16 ) ) ;
#542 = ORIENTED_EDGE ( 'NONE', *, *, #785, .F. ) ;
#543 = CARTESIAN_POINT ( 'NONE',  ( 16.54999999999999716, 7.500000000000004441, -5.500000000000007994 ) ) ;
#544 = PLANE ( 'NONE',  #115 ) ;
#545 = LINE ( 'NONE', #2389, #7597 ) ;
#546 = CYLINDRICAL_SURFACE ( 'NONE', #7533, 3.000000000000000888 ) ;
#547 = EDGE_LOOP ( 'NONE', ( #4660, #8707, #8637, #8593, #11060, #3707, #10172, #6888, #6971, #3752, #6419 ) ) ;
#548 = EDGE_CURVE ( 'NONE', #9618, #8936, #1352, .T. ) ;
#549 = DIRECTION ( 'NONE',  ( 2.282859610154041239E-32, -1.000000000000000000, 1.283079494065685941E-16 ) ) ;
#550 = ORIENTED_EDGE ( 'NONE', *, *, #1529, .F. ) ;
#551 = ORIENTED_EDGE ( 'NONE', *, *, #3539, .F. ) ;
#552 = FACE_OUTER_BOUND ( 'NONE', #8264, .T. ) ;
#553 = EDGE_LOOP ( 'NONE', ( #9660, #3255 ) ) ;
#554 = DIRECTION ( 'NONE',  ( 0.000000000000000000, -1.000000000000000000, 0.000000000000000000 ) ) ;
#555 = EDGE_LOOP ( 'NONE', ( #1696, #3242, #779, #1327 ) ) ;
#556 = FACE_OUTER_BOUND ( 'NONE', #6293, .T. ) ;
#557 = DIRECTION ( 'NONE',  ( 1.000000000000000000, 1.967058844685892123E-32, 8.031127203596330602E-17 ) ) ;
#558 = LINE ( 'NONE', #11758, #125 ) ;
#559 = CARTESIAN_POINT ( 'NONE',  ( -5.849999999999997868, 0.000000000000000000, 1.060108790874715797E-15 ) ) ;
#560 = CARTESIAN_POINT ( 'NONE',  ( 4.699999999999999289, -3.450504516109082154, -7.400000000000004796 ) ) ;
#561 = EDGE_CURVE ( 'NONE', #2547, #2349, #459, .T. ) ;
#562 = EDGE_CURVE ( 'NONE', #9379, #1278, #3143, .T. ) ;
#563 = VERTEX_POINT ( 'NONE', #2258 ) ;
#564 = CARTESIAN_POINT ( 'NONE',  ( 20.50000000000000355, -4.000000000000000000, 7.199999999999989519 ) ) ;
#565 = VERTEX_POINT ( 'NONE', #4152 ) ;
#566 = CARTESIAN_POINT ( 'NONE',  ( 3.849999999999999201, 9.400000000000002132, -2.000000000000007105 ) ) ;
#567 = ORIENTED_EDGE ( 'NONE', *, *, #8471, .T. ) ;
#568 = CARTESIAN_POINT ( 'NONE',  ( -13.95000000000000462, 0.5000000000000000000, 12.09999999999999964 ) ) ;
#569 = ADVANCED_FACE ( 'NONE', ( #11597 ), #11426, .T. ) ;
#570 = CARTESIAN_POINT ( 'NONE',  ( -21.55000000000000071, 7.600000000000003197, -5.400000000000000355 ) ) ;
#571 = DIRECTION ( 'NONE',  ( 0.000000000000000000, -1.000000000000000000, 3.097720492815726673E-16 ) ) ;
#572 = DIRECTION ( 'NONE',  ( -1.000000000000000000, -1.967058844685892123E-32, -8.031127203596330602E-17 ) ) ;
#573 = DIRECTION ( 'NONE',  ( 0.000000000000000000, -1.000000000000000000, -6.484268945210251886E-17 ) ) ;
#574 = LINE ( 'NONE', #2540, #10802 ) ;
#575 = VECTOR ( 'NONE', #6136, 1000.000000000000000 ) ;
#576 = VERTEX_POINT ( 'NONE', #4997 ) ;
#577 = ORIENTED_EDGE ( 'NONE', *, *, #11574, .F. ) ;
#578 = VECTOR ( 'NONE', #3942, 1000.000000000000000 ) ;
#579 = CARTESIAN_POINT ( 'NONE',  ( -11.45000000000000462, 9.399999999999996803, -7.400000000000003020 ) ) ;
#580 = EDGE_CURVE ( 'NONE', #6175, #3266, #1309, .T. ) ;
#581 = ORIENTED_EDGE ( 'NONE', *, *, #4583, .F. ) ;
#582 = DIRECTION ( 'NONE',  ( -4.606465321320705249E-17, -0.8191520442889935749, 0.5735764363510434949 ) ) ;
#583 = TOROIDAL_SURFACE ( 'NONE', #9394, 3.000000000000000000, 0.5000000000000011102 ) ;
#584 = VECTOR ( 'NONE', #1812, 1000.000000000000114 ) ;
#585 = CARTESIAN_POINT ( 'NONE',  ( -21.54999999999999716, 3.499999999999998668, 5.400000000000004796 ) ) ;
#586 = EDGE_CURVE ( 'NONE', #1110, #9342, #3377, .T. ) ;
#587 = ADVANCED_FACE ( 'NONE', ( #7034 ), #11809, .T. ) ;
#588 = DIRECTION ( 'NONE',  ( 1.606225440719265627E-16, 0.000000000000000000, 1.000000000000000000 ) ) ;
#589 = DIRECTION ( 'NONE',  ( 0.000000000000000000, 0.5735764363510434949, -0.8191520442889935749 ) ) ;
#590 = DIRECTION ( 'NONE',  ( 0.000000000000000000, 0.000000000000000000, -1.000000000000000000 ) ) ;
#591 = ADVANCED_FACE ( 'NONE', ( #2477 ), #7785, .T. ) ;
#592 = ADVANCED_FACE ( 'NONE', ( #5961 ), #8718, .F. ) ;
#593 = CIRCLE ( 'NONE', #9591, 0.2000000000000005107 ) ;
#594 = LINE ( 'NONE', #5013, #4612 ) ;
#595 = ADVANCED_FACE ( 'NONE', ( #1518 ), #10853, .T. ) ;
#596 = VERTEX_POINT ( 'NONE', #5168 ) ;
#597 = PLANE ( 'NONE',  #19 ) ;
#598 = EDGE_LOOP ( 'NONE', ( #9259, #4567, #11000, #11226 ) ) ;
#599 = DIRECTION ( 'NONE',  ( -4.066575051493318340E-32, -1.000000000000000000, 1.172110456741085828E-16 ) ) ;
#600 = CARTESIAN_POINT ( 'NONE',  ( -19.54999999999999716, 13.50000000000000178, 2.000000000000000000 ) ) ;
#601 = FACE_OUTER_BOUND ( 'NONE', #11444, .T. ) ;
#602 = CARTESIAN_POINT ( 'NONE',  ( 20.70000000000000284, -3.450504516109081710, 5.599999999999988987 ) ) ;
#603 = ORIENTED_EDGE ( 'NONE', *, *, #10987, .F. ) ;
#604 = CARTESIAN_POINT ( 'NONE',  ( -6.349999999999997868, 11.40000000000000213, 3.500000000000002220 ) ) ;
#605 = EDGE_LOOP ( 'NONE', ( #5939, #8143 ) ) ;
#606 = EDGE_CURVE ( 'NONE', #7399, #1168, #9701, .T. ) ;
#607 = ORIENTED_EDGE ( 'NONE', *, *, #2558, .F. ) ;
#608 = ORIENTED_EDGE ( 'NONE', *, *, #5123, .F. ) ;
#609 = LINE ( 'NONE', #7910, #5282 ) ;
#610 = VERTEX_POINT ( 'NONE', #10026 ) ;
#611 = LINE ( 'NONE', #4977, #7854 ) ;
#612 = ORIENTED_EDGE ( 'NONE', *, *, #8847, .F. ) ;
#613 = AXIS2_PLACEMENT_3D ( 'NONE', #5336, #623, #673 ) ;
#614 = DIRECTION ( 'NONE',  ( -0.000000000000000000, -0.000000000000000000, -1.000000000000000000 ) ) ;
#615 = CARTESIAN_POINT ( 'NONE',  ( 5.850000000000001421, 12.45031130731456059, -2.000000000000008882 ) ) ;
#616 = DIRECTION ( 'NONE',  ( 0.000000000000000000, 0.000000000000000000, 1.000000000000000000 ) ) ;
#617 = CARTESIAN_POINT ( 'NONE',  ( 20.70000000000000284, 7.300000000000002487, 2.999999999999990674 ) ) ;
#618 = VECTOR ( 'NONE', #3419, 1000.000000000000000 ) ;
#619 = LINE ( 'NONE', #3469, #2021 ) ;
#620 = AXIS2_PLACEMENT_3D ( 'NONE', #1773, #8064, #1834 ) ;
#621 = CIRCLE ( 'NONE', #3471, 3.500000000000001332 ) ;
#622 = VERTEX_POINT ( 'NONE', #7214 ) ;
#623 = DIRECTION ( 'NONE',  ( 1.000000000000000000, 0.000000000000000000, -0.000000000000000000 ) ) ;
#624 = EDGE_LOOP ( 'NONE', ( #7478, #2647, #450, #6231 ) ) ;
#625 = CARTESIAN_POINT ( 'NONE',  ( 4.699999999999999289, 2.499999999999999556, -5.600000000000006750 ) ) ;
#626 = EDGE_LOOP ( 'NONE', ( #7603, #8625, #3709, #8781 ) ) ;
#627 = DIRECTION ( 'NONE',  ( 1.000000000000000000, 0.000000000000000000, -2.040851148208008984E-16 ) ) ;
#628 = LINE ( 'NONE', #9736, #1462 ) ;
#629 = CARTESIAN_POINT ( 'NONE',  ( -26.65000000000000213, 19.60000000000000142, 9.099999999999999645 ) ) ;
#630 = DIRECTION ( 'NONE',  ( -9.637352644315598694E-16, 1.283079494065685694E-16, 1.000000000000000000 ) ) ;
#631 = DIRECTION ( 'NONE',  ( 0.000000000000000000, -4.130293990420964459E-16, 1.000000000000000000 ) ) ;
#632 = CARTESIAN_POINT ( 'NONE',  ( -13.95000000000000462, 0.5000000000000000000, 12.09999999999999964 ) ) ;
#633 = VERTEX_POINT ( 'NONE', #2765 ) ;
#634 = EDGE_LOOP ( 'NONE', ( #1575, #1149, #7437, #6270 ) ) ;
#635 = CARTESIAN_POINT ( 'NONE',  ( 1.600000000000004086, 24.33502884254439991, 4.249999999999991118 ) ) ;
#636 = DIRECTION ( 'NONE',  ( 0.000000000000000000, 0.000000000000000000, -1.000000000000000000 ) ) ;
#637 = AXIS2_PLACEMENT_3D ( 'NONE', #262, #11054, #3072 ) ;
#638 = VERTEX_POINT ( 'NONE', #9918 ) ;
#639 = FACE_OUTER_BOUND ( 'NONE', #3252, .T. ) ;
#640 = CARTESIAN_POINT ( 'NONE',  ( 19.05000000000000071, 3.900000000000002576, -7.619650039223833312E-15 ) ) ;
#641 = AXIS2_PLACEMENT_3D ( 'NONE', #7390, #8348, #150 ) ;
#642 = FACE_OUTER_BOUND ( 'NONE', #671, .T. ) ;
#643 = ADVANCED_FACE ( 'NONE', ( #8225 ), #9128, .T. ) ;
#644 = VECTOR ( 'NONE', #10490, 1000.000000000000000 ) ;
#645 = CARTESIAN_POINT ( 'NONE',  ( 18.54999999999999716, 12.50000000000000000, 3.447142787940700615 ) ) ;
#646 = EDGE_LOOP ( 'NONE', ( #5145, #9556, #7012, #8551 ) ) ;
#647 = LINE ( 'NONE', #9880, #6709 ) ;
#648 = ORIENTED_EDGE ( 'NONE', *, *, #4018, .T. ) ;
#649 = ADVANCED_FACE ( 'NONE', ( #7090 ), #11771, .F. ) ;
#650 = DIRECTION ( 'NONE',  ( 0.000000000000000000, 1.000000000000000000, 0.000000000000000000 ) ) ;
#651 = LINE ( 'NONE', #4288, #6814 ) ;
#652 = LINE ( 'NONE', #8918, #11438 ) ;
#653 = LINE ( 'NONE', #11746, #1600 ) ;
#654 = EDGE_CURVE ( 'NONE', #11192, #2335, #10815, .T. ) ;
#655 = VECTOR ( 'NONE', #10707, 1000.000000000000000 ) ;
#656 = VERTEX_POINT ( 'NONE', #2596 ) ;
#657 = ADVANCED_FACE ( 'NONE', ( #6315 ), #1761, .F. ) ;
#658 = CARTESIAN_POINT ( 'NONE',  ( 52.05000000000000426, 3.499999999999998668, 7.399999999999996803 ) ) ;
#659 = ORIENTED_EDGE ( 'NONE', *, *, #5829, .F. ) ;
#660 = EDGE_LOOP ( 'NONE', ( #804, #7716, #8278, #1771 ) ) ;
#661 = LINE ( 'NONE', #8697, #3742 ) ;
#662 = ORIENTED_EDGE ( 'NONE', *, *, #5991, .F. ) ;
#663 = CARTESIAN_POINT ( 'NONE',  ( 26.65000000000000924, 19.60000000000000142, 9.099999999999994316 ) ) ;
#664 = EDGE_LOOP ( 'NONE', ( #6310, #3836, #659, #7155 ) ) ;
#665 = DIRECTION ( 'NONE',  ( 0.000000000000000000, -0.000000000000000000, 1.000000000000000000 ) ) ;
#666 = DIRECTION ( 'NONE',  ( 1.000000000000000000, -1.967058844685892396E-32, 8.031127203596331834E-17 ) ) ;
#667 = CARTESIAN_POINT ( 'NONE',  ( 6.350000000000001421, 3.900000000000002576, -8.639603194080566470E-15 ) ) ;
#668 = STYLED_ITEM ( 'NONE', ( #8613 ), #8842 ) ;
#669 =( LENGTH_UNIT ( ) NAMED_UNIT ( * ) SI_UNIT ( .MILLI., .METRE. ) );
#670 = EDGE_CURVE ( 'NONE', #7030, #10923, #745, .T. ) ;
#671 = EDGE_LOOP ( 'NONE', ( #3785, #2693, #3318, #7676 ) ) ;
#672 = AXIS2_PLACEMENT_3D ( 'NONE', #3522, #10918, #782 ) ;
#673 = DIRECTION ( 'NONE',  ( -0.000000000000000000, 0.000000000000000000, -1.000000000000000000 ) ) ;
#674 = VECTOR ( 'NONE', #1079, 1000.000000000000000 ) ;
#675 = ORIENTED_EDGE ( 'NONE', *, *, #4891, .T. ) ;
#676 = CIRCLE ( 'NONE', #9281, 0.5000000000000004441 ) ;
#677 = LINE ( 'NONE', #11650, #3280 ) ;
#678 = EDGE_LOOP ( 'NONE', ( #8192, #7385, #6022, #969, #6831, #567, #8715, #7816 ) ) ;
#679 = DIRECTION ( 'NONE',  ( 0.000000000000000000, 0.000000000000000000, 1.000000000000000000 ) ) ;
#680 = PLANE ( 'NONE',  #7475 ) ;
#681 = VERTEX_POINT ( 'NONE', #3656 ) ;
#682 = DIRECTION ( 'NONE',  ( 0.000000000000000000, 0.000000000000000000, -1.000000000000000000 ) ) ;
#683 = CARTESIAN_POINT ( 'NONE',  ( 10.60000000000000142, 9.400000000000002132, -4.250000000000007105 ) ) ;
#684 = FACE_OUTER_BOUND ( 'NONE', #1607, .T. ) ;
#685 = VECTOR ( 'NONE', #6208, 1000.000000000000000 ) ;
#686 = CARTESIAN_POINT ( 'NONE',  ( -6.349999999999997868, 12.30000000000000071, 3.500000000000000888 ) ) ;
#687 = TOROIDAL_SURFACE ( 'NONE', #3734, 2.299999999999999822, 1.199999999999999956 ) ;
#688 = ORIENTED_EDGE ( 'NONE', *, *, #11411, .T. ) ;
#689 = VECTOR ( 'NONE', #11595, 1000.000000000000000 ) ;
#690 = ORIENTED_EDGE ( 'NONE', *, *, #9351, .T. ) ;
#691 = CARTESIAN_POINT ( 'NONE',  ( 6.850000000000002309, 0.000000000000000000, -8.599447558062585408E-15 ) ) ;
#692 = EDGE_CURVE ( 'NONE', #268, #9759, #7327, .T. ) ;
#693 = CIRCLE ( 'NONE', #11241, 3.483215956619923670 ) ;
#694 = PLANE ( 'NONE',  #11344 ) ;
#695 = ORIENTED_EDGE ( 'NONE', *, *, #735, .T. ) ;
#696 = AXIS2_PLACEMENT_3D ( 'NONE', #9553, #1337, #4796 ) ;
#697 = CARTESIAN_POINT ( 'NONE',  ( 19.05000000000000071, 12.30000000000000071, 3.499999999999992450 ) ) ;
#698 = AXIS2_PLACEMENT_3D ( 'NONE', #5797, #6029, #5183 ) ;
#699 = CARTESIAN_POINT ( 'NONE',  ( -1.249999999999996003, 9.399999999999998579, 7.399999999999995914 ) ) ;
#700 = CIRCLE ( 'NONE', #7966, 0.4999999999999995559 ) ;
#701 = CARTESIAN_POINT ( 'NONE',  ( 1.249999999999992006, 22.60000000000000142, 9.099999999999996092 ) ) ;
#702 = AXIS2_PLACEMENT_3D ( 'NONE', #11149, #5749, #3872 ) ;
#703 = AXIS2_PLACEMENT_3D ( 'NONE', #10612, #1325, #8688 ) ;
#704 = DIRECTION ( 'NONE',  ( -4.606465321320705249E-17, -0.8191520442889935749, 0.5735764363510434949 ) ) ;
#705 = EDGE_CURVE ( 'NONE', #9213, #10926, #6370, .T. ) ;
#706 = ORIENTED_EDGE ( 'NONE', *, *, #3276, .F. ) ;
#707 = LINE ( 'NONE', #5424, #11299 ) ;
#708 = ORIENTED_EDGE ( 'NONE', *, *, #1115, .F. ) ;
#709 = AXIS2_PLACEMENT_3D ( 'NONE', #8636, #11224, #490 ) ;
#710 = DIRECTION ( 'NONE',  ( 0.000000000000000000, -1.000000000000000000, 0.000000000000000000 ) ) ;
#711 = DIRECTION ( 'NONE',  ( 2.282859610154041239E-32, -1.000000000000000000, 1.283079494065685941E-16 ) ) ;
#712 = EDGE_CURVE ( 'NONE', #9944, #8270, #8169, .T. ) ;
#713 = ORIENTED_EDGE ( 'NONE', *, *, #3792, .T. ) ;
#714 = LINE ( 'NONE', #8797, #11416 ) ;
#715 = LINE ( 'NONE', #2681, #5102 ) ;
#716 = LINE ( 'NONE', #5255, #6775 ) ;
#717 = EDGE_CURVE ( 'NONE', #1556, #2651, #10757, .T. ) ;
#718 = ORIENTED_EDGE ( 'NONE', *, *, #1900, .F. ) ;
#719 = LINE ( 'NONE', #7186, #8944 ) ;
#720 = VERTEX_POINT ( 'NONE', #2537 ) ;
#721 = VERTEX_POINT ( 'NONE', #6429 ) ;
#722 = ADVANCED_FACE ( 'NONE', ( #5461 ), #4613, .F. ) ;
#723 = CARTESIAN_POINT ( 'NONE',  ( -21.55000000000000071, 2.499999999999998668, -5.599999999999997868 ) ) ;
#724 = EDGE_LOOP ( 'NONE', ( #891, #7125, #9256, #5882, #8652, #8672 ) ) ;
#725 = CARTESIAN_POINT ( 'NONE',  ( 24.15000000000000568, 22.60000000000000142, -7.400000000000006573 ) ) ;
#726 = ORIENTED_EDGE ( 'NONE', *, *, #10554, .T. ) ;
#727 = AXIS2_PLACEMENT_3D ( 'NONE', #4113, #9587, #3936 ) ;
#728 = PLANE ( 'NONE',  #3065 ) ;
#729 = CARTESIAN_POINT ( 'NONE',  ( 19.55000000000000071, 13.50000000000000178, 1.999999999999992228 ) ) ;
#730 = LINE ( 'NONE', #3466, #11611 ) ;
#731 = PLANE ( 'NONE',  #5860 ) ;
#732 = ADVANCED_FACE ( 'NONE', ( #1879 ), #5523, .T. ) ;
#733 =( NAMED_UNIT ( * ) SI_UNIT ( $, .STERADIAN. ) SOLID_ANGLE_UNIT ( ) );
#734 = ORIENTED_EDGE ( 'NONE', *, *, #1473, .F. ) ;
#735 = EDGE_CURVE ( 'NONE', #11016, #3826, #797, .T. ) ;
#736 = ADVANCED_FACE ( 'NONE', ( #972 ), #11657, .F. ) ;
#737 = DIRECTION ( 'NONE',  ( 1.000000000000000000, 0.000000000000000000, 0.000000000000000000 ) ) ;
#738 = ORIENTED_EDGE ( 'NONE', *, *, #9067, .T. ) ;
#739 = FACE_OUTER_BOUND ( 'NONE', #4554, .T. ) ;
#740 = ORIENTED_EDGE ( 'NONE', *, *, #9909, .F. ) ;
#741 = LINE ( 'NONE', #4261, #7198 ) ;
#742 = DIRECTION ( 'NONE',  ( -1.000000000000000000, 0.000000000000000000, 1.606225440719265627E-16 ) ) ;
#743 = EDGE_LOOP ( 'NONE', ( #5162, #3402, #3654, #8141 ) ) ;
#744 = EDGE_CURVE ( 'NONE', #1399, #6111, #8953, .T. ) ;
#745 = LINE ( 'NONE', #1702, #3558 ) ;
#746 = LINE ( 'NONE', #10758, #8218 ) ;
#747 = B_SPLINE_CURVE_WITH_KNOTS ( 'NONE', 3,
 ( #2994, #3759, #8446, #11092, #10967, #11210, #9413, #6651, #7429, #2872 ),
 .UNSPECIFIED., .F., .F.,
 ( 4, 2, 2, 2, 4 ),
 ( 0.001559271179728315224, 0.001980931126849242926, 0.002402591073970171062, 0.002824251021091098764, 0.003245910968212026466 ),
 .UNSPECIFIED. ) ;
#748 = LINE ( 'NONE', #10880, #3740 ) ;
#749 = DIRECTION ( 'NONE',  ( 0.000000000000000000, 1.000000000000000000, -1.172110456741085828E-16 ) ) ;
#750 = ORIENTED_EDGE ( 'NONE', *, *, #5105, .F. ) ;
#751 = ORIENTED_EDGE ( 'NONE', *, *, #2277, .T. ) ;
#752 = DIRECTION ( 'NONE',  ( 0.000000000000000000, 1.000000000000000000, -1.172110456741085828E-16 ) ) ;
#753 = CARTESIAN_POINT ( 'NONE',  ( -6.849999999999998757, 12.50000000000000000, -1.999999999999999112 ) ) ;
#754 = EDGE_LOOP ( 'NONE', ( #5576, #6915, #2054, #2939 ) ) ;
#755 = DIRECTION ( 'NONE',  ( 0.000000000000000000, -1.000000000000000000, 0.000000000000000000 ) ) ;
#756 = DIRECTION ( 'NONE',  ( 4.066575051493318340E-32, -1.000000000000000000, -1.172110456741085828E-16 ) ) ;
#757 = CARTESIAN_POINT ( 'NONE',  ( -19.55000000000000071, 13.31091610573900752, 2.919473532809006233 ) ) ;
#758 = AXIS2_PLACEMENT_3D ( 'NONE', #8774, #572, #3315 ) ;
#759 = DIRECTION ( 'NONE',  ( 0.000000000000000000, 1.172110456741085828E-16, 1.000000000000000000 ) ) ;
#760 = DIRECTION ( 'NONE',  ( 0.000000000000000000, 0.000000000000000000, -1.000000000000000000 ) ) ;
#761 = DIRECTION ( 'NONE',  ( -1.000000000000000000, 0.000000000000000000, 0.000000000000000000 ) ) ;
#762 = AXIS2_PLACEMENT_3D ( 'NONE', #8374, #10305, #8189 ) ;
#763 = AXIS2_PLACEMENT_3D ( 'NONE', #852, #6194, #87 ) ;
#764 = DIRECTION ( 'NONE',  ( 1.000000000000000000, 1.967058844685892123E-32, 8.031127203596330602E-17 ) ) ;
#765 = ORIENTED_EDGE ( 'NONE', *, *, #3221, .F. ) ;
#766 = VECTOR ( 'NONE', #2077, 1000.000000000000000 ) ;
#767 = FACE_OUTER_BOUND ( 'NONE', #4324, .T. ) ;
#768 = DIRECTION ( 'NONE',  ( 1.000000000000000000, -0.000000000000000000, -1.779203565104417621E-16 ) ) ;
#769 = ORIENTED_EDGE ( 'NONE', *, *, #7314, .F. ) ;
#770 = LINE ( 'NONE', #11514, #5453 ) ;
#771 = DIRECTION ( 'NONE',  ( -1.000000000000000000, 0.000000000000000000, -8.031127203596330602E-17 ) ) ;
#772 = DIRECTION ( 'NONE',  ( 0.000000000000000000, 0.000000000000000000, 1.000000000000000000 ) ) ;
#773 = VECTOR ( 'NONE', #4543, 1000.000000000000000 ) ;
#774 = ORIENTED_EDGE ( 'NONE', *, *, #7762, .T. ) ;
#775 = PLANE ( 'NONE',  #7604 ) ;
#776 = ORIENTED_EDGE ( 'NONE', *, *, #10039, .T. ) ;
#777 = ORIENTED_EDGE ( 'NONE', *, *, #234, .F. ) ;
#778 = AXIS2_PLACEMENT_3D ( 'NONE', #7192, #1797, #2691 ) ;
#779 = ORIENTED_EDGE ( 'NONE', *, *, #9006, .T. ) ;
#780 = DIRECTION ( 'NONE',  ( 3.666259183851188076E-32, 1.000000000000000000, 2.282530889443167022E-16 ) ) ;
#781 = EDGE_LOOP ( 'NONE', ( #1850, #11035, #847, #3869 ) ) ;
#782 = DIRECTION ( 'NONE',  ( -0.000000000000000000, -1.000000000000000000, 6.484268945210251886E-17 ) ) ;
#783 = DIRECTION ( 'NONE',  ( 1.000000000000000000, 0.000000000000000000, 8.031127203596330602E-17 ) ) ;
#784 = CARTESIAN_POINT ( 'NONE',  ( 6.314393452555575457E-15, 19.60000000000000142, 9.099999999999990763 ) ) ;
#785 = EDGE_CURVE ( 'NONE', #9255, #2289, #8106, .T. ) ;
#786 = ORIENTED_EDGE ( 'NONE', *, *, #10094, .T. ) ;
#787 = EDGE_CURVE ( 'NONE', #2943, #10162, #1034, .T. ) ;
#788 = CARTESIAN_POINT ( 'NONE',  ( 24.15000000000001279, 22.60000000000000142, 12.09999999999999432 ) ) ;
#789 = VERTEX_POINT ( 'NONE', #8345 ) ;
#790 = EDGE_CURVE ( 'NONE', #6790, #10321, #63, .T. ) ;
#791 = DIRECTION ( 'NONE',  ( -4.066575051493318340E-32, -1.000000000000000000, 1.172110456741085828E-16 ) ) ;
#792 = EDGE_LOOP ( 'NONE', ( #1825, #254, #8418, #199 ) ) ;
#793 = LINE ( 'NONE', #2365, #2603 ) ;
#794 = CARTESIAN_POINT ( 'NONE',  ( 11.45000000000000284, 9.399999999999991473, -7.400000000000008349 ) ) ;
#795 = VERTEX_POINT ( 'NONE', #11291 ) ;
#796 = AXIS2_PLACEMENT_3D ( 'NONE', #5598, #2842, #5533 ) ;
#797 = LINE ( 'NONE', #9184, #8159 ) ;
#798 = DIRECTION ( 'NONE',  ( -0.9396926207859076507, -0.3420201433256707113, -2.402763463325669635E-16 ) ) ;
#799 = FACE_OUTER_BOUND ( 'NONE', #7670, .T. ) ;
#800 = EDGE_CURVE ( 'NONE', #9778, #11739, #10280, .T. ) ;
#801 = EDGE_CURVE ( 'NONE', #3738, #789, #7446, .T. ) ;
#802 = CARTESIAN_POINT ( 'NONE',  ( 6.350000000000001421, 11.40000000000000213, -3.000000000000008882 ) ) ;
#803 = EDGE_CURVE ( 'NONE', #3758, #3820, #2124, .T. ) ;
#804 = ORIENTED_EDGE ( 'NONE', *, *, #3177, .F. ) ;
#805 = CIRCLE ( 'NONE', #10190, 0.2000000000000005107 ) ;
#806 = ORIENTED_EDGE ( 'NONE', *, *, #7224, .T. ) ;
#807 = CARTESIAN_POINT ( 'NONE',  ( -16.54999999999999361, 7.500000000000004441, 5.500000000000000888 ) ) ;
#808 = CARTESIAN_POINT ( 'NONE',  ( -3.849999999999995648, 5.900000000000002132, 2.999999999999999112 ) ) ;
#809 = EDGE_CURVE ( 'NONE', #8503, #1629, #5825, .T. ) ;
#810 = VECTOR ( 'NONE', #6146, 1000.000000000000000 ) ;
#811 = ORIENTED_EDGE ( 'NONE', *, *, #11140, .F. ) ;
#812 = DIRECTION ( 'NONE',  ( 0.000000000000000000, 0.5735764363510434949, 0.8191520442889935749 ) ) ;
#813 = CARTESIAN_POINT ( 'NONE',  ( 19.04999999999999716, 0.000000000000000000, 0.4999999999999923395 ) ) ;
#814 = CARTESIAN_POINT ( 'NONE',  ( -24.15000000000000568, 22.60000000000000142, 9.099999999999999645 ) ) ;
#815 = CARTESIAN_POINT ( 'NONE',  ( -14.79999999999999716, 9.400000000000002132, 4.249999999999999112 ) ) ;
#816 = DIRECTION ( 'NONE',  ( 0.000000000000000000, -0.000000000000000000, -1.000000000000000000 ) ) ;
#817 = CARTESIAN_POINT ( 'NONE',  ( -47.67189334955344293, 8.099999999999999645, 10.10000000000000497 ) ) ;
#818 = ORIENTED_EDGE ( 'NONE', *, *, #1747, .T. ) ;
#819 = EDGE_CURVE ( 'NONE', #9973, #7339, #7331, .T. ) ;
#820 = DIRECTION ( 'NONE',  ( 4.066575051493318340E-32, -1.000000000000000000, -1.172110456741085828E-16 ) ) ;
#821 = VERTEX_POINT ( 'NONE', #6725 ) ;
#822 = CIRCLE ( 'NONE', #1781, 2.999999999999999112 ) ;
#823 = DIRECTION ( 'NONE',  ( 4.066575051493318340E-32, -1.000000000000000000, -1.172110456741085828E-16 ) ) ;
#824 = ORIENTED_EDGE ( 'NONE', *, *, #8561, .F. ) ;
#825 = DIRECTION ( 'NONE',  ( -4.066575051493318340E-32, -1.000000000000000000, 1.172110456741085828E-16 ) ) ;
#826 = CARTESIAN_POINT ( 'NONE',  ( -4.699999999999999289, 0.5000000000000000000, 0.000000000000000000 ) ) ;
#827 = DIRECTION ( 'NONE',  ( 0.000000000000000000, -1.000000000000000000, 3.097720492815726673E-16 ) ) ;
#828 = ORIENTED_EDGE ( 'NONE', *, *, #875, .T. ) ;
#829 = VECTOR ( 'NONE', #3501, 1000.000000000000000 ) ;
#830 = LINE ( 'NONE', #4525, #2154 ) ;
#831 = ORIENTED_EDGE ( 'NONE', *, *, #7479, .F. ) ;
#832 = EDGE_CURVE ( 'NONE', #4557, #8376, #4673, .T. ) ;
#833 = EDGE_LOOP ( 'NONE', ( #3398, #10010, #6228, #4087, #918, #6608 ) ) ;
#834 = CARTESIAN_POINT ( 'NONE',  ( 6.350000000000001421, 13.50000000000000178, -2.300000000000008704 ) ) ;
#835 = ORIENTED_EDGE ( 'NONE', *, *, #7055, .F. ) ;
#836 = CARTESIAN_POINT ( 'NONE',  ( 8.350000000000003197, 12.45031130731456059, 0.4999999999999982792 ) ) ;
#837 = LINE ( 'NONE', #1863, #4103 ) ;
#838 = ORIENTED_EDGE ( 'NONE', *, *, #9974, .T. ) ;
#839 = LINE ( 'NONE', #1744, #9770 ) ;
#840 = PLANE ( 'NONE',  #310 ) ;
#841 = FACE_OUTER_BOUND ( 'NONE', #1164, .T. ) ;
#842 = EDGE_CURVE ( 'NONE', #2386, #10870, #6553, .T. ) ;
#843 = ORIENTED_EDGE ( 'NONE', *, *, #712, .F. ) ;
#844 = LINE ( 'NONE', #788, #2149 ) ;
#845 = ORIENTED_EDGE ( 'NONE', *, *, #10284, .F. ) ;
#846 = LINE ( 'NONE', #3475, #5372 ) ;
#847 = ORIENTED_EDGE ( 'NONE', *, *, #4963, .F. ) ;
#848 = FACE_OUTER_BOUND ( 'NONE', #7749, .T. ) ;
#849 = DIRECTION ( 'NONE',  ( -0.000000000000000000, -1.172110456741085828E-16, -1.000000000000000000 ) ) ;
#850 = ORIENTED_EDGE ( 'NONE', *, *, #386, .T. ) ;
#851 = DIRECTION ( 'NONE',  ( -0.000000000000000000, -1.000000000000000000, -0.000000000000000000 ) ) ;
#852 = CARTESIAN_POINT ( 'NONE',  ( -19.04999999999999716, 10.90000000000000036, -2.000000000000000000 ) ) ;
#853 = DIRECTION ( 'NONE',  ( 1.000000000000000000, 1.967058844685892123E-32, 8.031127203596330602E-17 ) ) ;
#854 = EDGE_CURVE ( 'NONE', #9748, #6175, #10215, .T. ) ;
#855 = DIRECTION ( 'NONE',  ( 0.000000000000000000, -1.000000000000000000, -6.484268945210251886E-17 ) ) ;
#856 = ORIENTED_EDGE ( 'NONE', *, *, #4964, .T. ) ;
#857 = CIRCLE ( 'NONE', #3160, 0.2000000000000005107 ) ;
#858 = AXIS2_PLACEMENT_3D ( 'NONE', #9420, #428, #11339 ) ;
#859 = ORIENTED_EDGE ( 'NONE', *, *, #3485, .F. ) ;
#860 = FACE_OUTER_BOUND ( 'NONE', #228, .T. ) ;
#861 = ADVANCED_FACE ( 'NONE', ( #7566 ), #10395, .T. ) ;
#862 = CARTESIAN_POINT ( 'NONE',  ( 21.65000000000001634, 8.099999999999999645, 7.399999999999992362 ) ) ;
#863 = ORIENTED_EDGE ( 'NONE', *, *, #10409, .T. ) ;
#864 = CARTESIAN_POINT ( 'NONE',  ( 8.849999999999999645, 7.300000000000002487, -3.000000000000007105 ) ) ;
#865 = ADVANCED_FACE ( 'NONE', ( #2831 ), #1103, .T. ) ;
#866 = CARTESIAN_POINT ( 'NONE',  ( -5.849999999999997868, 12.45031130731456059, -1.999999999999999112 ) ) ;
#867 = PLANE ( 'NONE',  #3171 ) ;
#868 = VECTOR ( 'NONE', #3263, 1000.000000000000000 ) ;
#869 = VECTOR ( 'NONE', #3922, 1000.000000000000227 ) ;
#870 = DIRECTION ( 'NONE',  ( -1.000000000000000000, 0.000000000000000000, 2.040851148208008491E-16 ) ) ;
#871 = DIRECTION ( 'NONE',  ( 0.000000000000000000, 0.000000000000000000, 1.000000000000000000 ) ) ;
#872 = ADVANCED_FACE ( 'NONE', ( #4735 ), #205, .F. ) ;
#873 = ORIENTED_EDGE ( 'NONE', *, *, #8783, .F. ) ;
#874 = VECTOR ( 'NONE', #1160, 1000.000000000000000 ) ;
#875 = EDGE_CURVE ( 'NONE', #3043, #3583, #6614, .T. ) ;
#876 = PRESENTATION_LAYER_ASSIGNMENT (  '', '', ( #668 ) ) ;
#877 = AXIS2_PLACEMENT_3D ( 'NONE', #6014, #10582, #10641 ) ;
#878 = DIRECTION ( 'NONE',  ( 1.000000000000000000, -1.967058844685892396E-32, 8.031127203596331834E-17 ) ) ;
#879 = AXIS2_PLACEMENT_3D ( 'NONE', #8295, #6503, #5311 ) ;
#880 = ORIENTED_EDGE ( 'NONE', *, *, #1322, .F. ) ;
#881 = VERTEX_POINT ( 'NONE', #5715 ) ;
#882 = ADVANCED_FACE ( 'NONE', ( #147 ), #9372, .T. ) ;
#883 = VECTOR ( 'NONE', #7918, 1000.000000000000000 ) ;
#884 = DIRECTION ( 'NONE',  ( 0.000000000000000000, -1.000000000000000000, 0.000000000000000000 ) ) ;
#885 = DIRECTION ( 'NONE',  ( 0.000000000000000000, 1.000000000000000000, 0.000000000000000000 ) ) ;
#886 = PLANE ( 'NONE',  #10602 ) ;
#887 = EDGE_LOOP ( 'NONE', ( #2759, #4910, #2080, #2459, #7718, #504 ) ) ;
#888 = AXIS2_PLACEMENT_3D ( 'NONE', #3157, #8786, #472 ) ;
#889 = CARTESIAN_POINT ( 'NONE',  ( -24.15000000000000568, 2.499999999999998668, -7.400000000000000355 ) ) ;
#890 = VERTEX_POINT ( 'NONE', #5769 ) ;
#891 = ORIENTED_EDGE ( 'NONE', *, *, #8170, .T. ) ;
#892 = CARTESIAN_POINT ( 'NONE',  ( 6.850000000000002309, 13.50000000000000178, -0.5000000000000069944 ) ) ;
#893 = ORIENTED_EDGE ( 'NONE', *, *, #803, .F. ) ;
#894 = DIRECTION ( 'NONE',  ( 0.000000000000000000, 0.000000000000000000, 1.000000000000000000 ) ) ;
#895 = DIRECTION ( 'NONE',  ( -0.000000000000000000, -1.172110456741085828E-16, -1.000000000000000000 ) ) ;
#896 = EDGE_LOOP ( 'NONE', ( #2636, #5158, #8003, #7700 ) ) ;
#897 = CARTESIAN_POINT ( 'NONE',  ( -5.849999999999997868, 12.77814680476041609, 3.399635396878497584 ) ) ;
#898 = CARTESIAN_POINT ( 'NONE',  ( 16.54999999999999716, 7.400000000000004796, -5.400000000000012790 ) ) ;
#899 = FACE_OUTER_BOUND ( 'NONE', #10676, .T. ) ;
#900 = DIRECTION ( 'NONE',  ( -1.000000000000000000, -6.699696681973820339E-33, 1.257045997084642858E-16 ) ) ;
#901 = ADVANCED_FACE ( 'NONE', ( #10151 ), #1214, .F. ) ;
#902 = VERTEX_POINT ( 'NONE', #1335 ) ;
#903 = CARTESIAN_POINT ( 'NONE',  ( -20.69999999999999929, 22.60000000000000142, -5.599999999999996092 ) ) ;
#904 = ORIENTED_EDGE ( 'NONE', *, *, #8120, .F. ) ;
#905 = LINE ( 'NONE', #8396, #6157 ) ;
#906 = AXIS2_PLACEMENT_3D ( 'NONE', #8544, #2194, #10230 ) ;
#907 = ORIENTED_EDGE ( 'NONE', *, *, #5130, .T. ) ;
#908 = DIRECTION ( 'NONE',  ( 0.000000000000000000, 1.000000000000000000, 0.000000000000000000 ) ) ;
#909 = CARTESIAN_POINT ( 'NONE',  ( -24.15000000000000568, 22.60000000000000142, -7.400000000000000355 ) ) ;
#910 = ORIENTED_EDGE ( 'NONE', *, *, #5322, .T. ) ;
#911 = DIRECTION ( 'NONE',  ( 0.000000000000000000, 0.000000000000000000, 1.000000000000000000 ) ) ;
#912 = EDGE_CURVE ( 'NONE', #5265, #5809, #4254, .T. ) ;
#913 = CARTESIAN_POINT ( 'NONE',  ( 6.850000000000004086, 12.64040119373984261, -3.423162306042512704 ) ) ;
#914 = CARTESIAN_POINT ( 'NONE',  ( 3.849999999999999201, 7.500000000000002665, -5.500000000000005329 ) ) ;
#915 = LINE ( 'NONE', #7272, #4443 ) ;
#916 = CARTESIAN_POINT ( 'NONE',  ( 4.699999999999999289, 22.60000000000000142, -7.399999999999995914 ) ) ;
#917 = ORIENTED_EDGE ( 'NONE', *, *, #5991, .T. ) ;
#918 = ORIENTED_EDGE ( 'NONE', *, *, #247, .F. ) ;
#919 = PLANE ( 'NONE',  #9183 ) ;
#920 = EDGE_CURVE ( 'NONE', #7606, #33, #6906, .T. ) ;
#921 = ORIENTED_EDGE ( 'NONE', *, *, #3133, .F. ) ;
#922 = CARTESIAN_POINT ( 'NONE',  ( -14.79999999999999716, 9.400000000000002132, -4.749999999999999112 ) ) ;
#923 = ORIENTED_EDGE ( 'NONE', *, *, #5857, .T. ) ;
#924 = LINE ( 'NONE', #217, #1919 ) ;
#925 = LINE ( 'NONE', #866, #11342 ) ;
#926 = CARTESIAN_POINT ( 'NONE',  ( -21.54999999999999716, 7.600000000000004974, 5.400000000000004796 ) ) ;
#927 = LINE ( 'NONE', #4563, #4315 ) ;
#928 = CARTESIAN_POINT ( 'NONE',  ( 16.44999999999998508, 9.399999999999987921, -7.400000000000011902 ) ) ;
#929 = EDGE_LOOP ( 'NONE', ( #1028, #8584, #3196, #5342 ) ) ;
#930 = ADVANCED_FACE ( 'NONE', ( #556 ), #4191, .T. ) ;
#931 = ORIENTED_EDGE ( 'NONE', *, *, #5392, .T. ) ;
#932 = EDGE_CURVE ( 'NONE', #4955, #8886, #5887, .T. ) ;
#933 = FACE_OUTER_BOUND ( 'NONE', #4297, .T. ) ;
#934 = ADVANCED_FACE ( 'NONE', ( #382 ), #2296, .F. ) ;
#935 = EDGE_CURVE ( 'NONE', #9134, #6021, #7809, .T. ) ;
#936 = ORIENTED_EDGE ( 'NONE', *, *, #3963, .F. ) ;
#937 = EDGE_LOOP ( 'NONE', ( #1341, #1320, #11015, #2896 ) ) ;
#938 = DIRECTION ( 'NONE',  ( -3.666259183851188076E-32, -1.000000000000000000, -2.282530889443167022E-16 ) ) ;
#939 = CARTESIAN_POINT ( 'NONE',  ( -3.749999999999985789, 9.399999999999998579, 7.399999999999995914 ) ) ;
#940 = EDGE_CURVE ( 'NONE', #7524, #8202, #10627, .T. ) ;
#941 = EDGE_CURVE ( 'NONE', #5722, #2911, #9724, .T. ) ;
#942 = CARTESIAN_POINT ( 'NONE',  ( -25.39999999999999503, 12.50000000000000000, 1.019953154856734144E-15 ) ) ;
#943 = VECTOR ( 'NONE', #11855, 1000.000000000000000 ) ;
#944 = AXIS2_PLACEMENT_3D ( 'NONE', #4209, #10703, #3425 ) ;
#945 = ORIENTED_EDGE ( 'NONE', *, *, #2320, .T. ) ;
#946 = CIRCLE ( 'NONE', #2487, 1.750000000000000444 ) ;
#947 = CARTESIAN_POINT ( 'NONE',  ( -1.250000000000004663, 22.60000000000000142, 12.09999999999999609 ) ) ;
#948 = ORIENTED_EDGE ( 'NONE', *, *, #7986, .F. ) ;
#949 = ORIENTED_EDGE ( 'NONE', *, *, #800, .T. ) ;
#950 = CARTESIAN_POINT ( 'NONE',  ( -23.29999999999999361, 24.33502884254439991, -4.249999999999999112 ) ) ;
#951 = CARTESIAN_POINT ( 'NONE',  ( 3.849999999999999201, 2.499999999999998668, -7.400000000000010125 ) ) ;
#952 = CIRCLE ( 'NONE', #2492, 0.2999999999999994893 ) ;
#953 = LINE ( 'NONE', #9230, #9400 ) ;
#954 = CARTESIAN_POINT ( 'NONE',  ( 17.60000000000000142, -3.999999999999999112, 5.799999999999987388 ) ) ;
#955 = ORIENTED_EDGE ( 'NONE', *, *, #5799, .F. ) ;
#956 = VECTOR ( 'NONE', #11525, 1000.000000000000000 ) ;
#957 = COLOUR_RGB ( '',0.7921568627450980005, 0.8196078431372548767, 0.9333333333333333481 ) ;
#958 = FACE_OUTER_BOUND ( 'NONE', #5476, .T. ) ;
#959 = LINE ( 'NONE', #2107, #1074 ) ;
#960 = CARTESIAN_POINT ( 'NONE',  ( -24.15000000000000568, 0.5000000000000000000, -8.600000000000003197 ) ) ;
#961 = ORIENTED_EDGE ( 'NONE', *, *, #7171, .T. ) ;
#962 = EDGE_CURVE ( 'NONE', #5178, #7454, #5152, .T. ) ;
#963 = AXIS2_PLACEMENT_3D ( 'NONE', #8793, #3397, #1546 ) ;
#964 = CARTESIAN_POINT ( 'NONE',  ( -20.69999999999999929, 2.500000000000002220, -5.599999999999996092 ) ) ;
#965 = VERTEX_POINT ( 'NONE', #7865 ) ;
#966 = CARTESIAN_POINT ( 'NONE',  ( -47.67189334955345004, 8.099999999999999645, 7.400000000000004796 ) ) ;
#967 = EDGE_LOOP ( 'NONE', ( #1914, #6613, #9850, #2205 ) ) ;
#968 = FACE_OUTER_BOUND ( 'NONE', #6957, .T. ) ;
#969 = ORIENTED_EDGE ( 'NONE', *, *, #4411, .F. ) ;
#970 = DIRECTION ( 'NONE',  ( 0.000000000000000000, 0.000000000000000000, -1.000000000000000000 ) ) ;
#971 = ORIENTED_EDGE ( 'NONE', *, *, #386, .F. ) ;
#972 = FACE_OUTER_BOUND ( 'NONE', #3446, .T. ) ;
#973 = PLANE ( 'NONE',  #3431 ) ;
#974 = LINE ( 'NONE', #9130, #874 ) ;
#975 = DIRECTION ( 'NONE',  ( 0.000000000000000000, -6.579587588715665943E-16, -1.000000000000000000 ) ) ;
#976 = CIRCLE ( 'NONE', #10141, 1.899999999999999689 ) ;
#977 = DIRECTION ( 'NONE',  ( -1.000000000000000000, 0.000000000000000000, 0.000000000000000000 ) ) ;
#978 = EDGE_LOOP ( 'NONE', ( #1343, #6720, #3212, #7267 ) ) ;
#979 = MANIFOLD_SOLID_BREP ( 'LPattern3[1]', #5499 ) ;
#980 = ORIENTED_EDGE ( 'NONE', *, *, #1233, .T. ) ;
#981 = LINE ( 'NONE', #11247, #6894 ) ;
#982 = ORIENTED_EDGE ( 'NONE', *, *, #10184, .T. ) ;
#983 = VECTOR ( 'NONE', #9623, 1000.000000000000000 ) ;
#984 = DIRECTION ( 'NONE',  ( 1.000000000000000000, -3.732783957143768629E-32, -4.688441826964344298E-16 ) ) ;
#985 = ORIENTED_EDGE ( 'NONE', *, *, #6964, .T. ) ;
#986 = DIRECTION ( 'NONE',  ( 0.000000000000000000, 1.000000000000000000, 0.000000000000000000 ) ) ;
#987 =( NAMED_UNIT ( * ) SI_UNIT ( $, .STERADIAN. ) SOLID_ANGLE_UNIT ( ) );
#988 = FACE_OUTER_BOUND ( 'NONE', #11572, .T. ) ;
#989 = CARTESIAN_POINT ( 'NONE',  ( -24.15000000000000568, 22.60000000000000142, 12.09999999999999964 ) ) ;
#990 = VECTOR ( 'NONE', #7027, 1000.000000000000000 ) ;
#991 = PLANE ( 'NONE',  #2794 ) ;
#992 = VECTOR ( 'NONE', #256, 1000.000000000000114 ) ;
#993 = DIRECTION ( 'NONE',  ( 0.000000000000000000, 0.000000000000000000, -1.000000000000000000 ) ) ;
#994 = ORIENTED_EDGE ( 'NONE', *, *, #4223, .F. ) ;
#995 = AXIS2_PLACEMENT_3D ( 'NONE', #11668, #11269, #7725 ) ;
#996 = EDGE_CURVE ( 'NONE', #11201, #1526, #1449, .T. ) ;
#997 = AXIS2_PLACEMENT_3D ( 'NONE', #5561, #3754, #10126 ) ;
#998 = CARTESIAN_POINT ( 'NONE',  ( -14.79999999999999716, 9.400000000000002132, -4.749999999999999112 ) ) ;
#999 = ORIENTED_EDGE ( 'NONE', *, *, #11638, .F. ) ;
#1000 = ORIENTED_EDGE ( 'NONE', *, *, #2137, .F. ) ;
#1001 = DIRECTION ( 'NONE',  ( 0.9396926207859076507, 0.3420201433256707113, -8.934052693631829820E-17 ) ) ;
#1002 = LINE ( 'NONE', #939, #8167 ) ;
#1003 = CARTESIAN_POINT ( 'NONE',  ( 21.55000000000000071, 7.500000000000004441, -5.500000000000007994 ) ) ;
#1004 = EDGE_CURVE ( 'NONE', #3958, #5982, #3126, .T. ) ;
#1005 = ORIENTED_EDGE ( 'NONE', *, *, #11573, .F. ) ;
#1006 = CARTESIAN_POINT ( 'NONE',  ( -8.849999999999999645, 7.300000000000003375, -3.300000000000001599 ) ) ;
#1007 = ORIENTED_EDGE ( 'NONE', *, *, #4157, .T. ) ;
#1008 = ADVANCED_FACE ( 'NONE', ( #9610 ), #1393, .T. ) ;
#1009 = VERTEX_POINT ( 'NONE', #11471 ) ;
#1010 = AXIS2_PLACEMENT_3D ( 'NONE', #6671, #1158, #5588 ) ;
#1011 = LINE ( 'NONE', #1795, #10659 ) ;
#1012 = ORIENTED_EDGE ( 'NONE', *, *, #7822, .F. ) ;
#1013 = CARTESIAN_POINT ( 'NONE',  ( -3.749999999999982681, 8.099999999999999645, 7.399999999999996803 ) ) ;
#1014 = PLANE ( 'NONE',  #9485 ) ;
#1015 = ORIENTED_EDGE ( 'NONE', *, *, #4514, .T. ) ;
#1016 = ADVANCED_FACE ( 'NONE', ( #3244 ), #2642, .T. ) ;
#1017 = DIRECTION ( 'NONE',  ( 0.000000000000000000, -0.5735764363510434949, -0.8191520442889935749 ) ) ;
#1018 = CARTESIAN_POINT ( 'NONE',  ( 5.850000000000001421, 12.45031130731456059, 1.999999999999991340 ) ) ;
#1019 = CARTESIAN_POINT ( 'NONE',  ( 18.55000000000000071, 12.45031130731456059, 1.999999999999992228 ) ) ;
#1020 = LINE ( 'NONE', #7494, #5258 ) ;
#1021 = AXIS2_PLACEMENT_3D ( 'NONE', #11057, #5772, #4738 ) ;
#1022 = EDGE_CURVE ( 'NONE', #2841, #11481, #839, .T. ) ;
#1023 = EDGE_CURVE ( 'NONE', #10508, #5427, #1540, .T. ) ;
#1024 = ORIENTED_EDGE ( 'NONE', *, *, #1245, .T. ) ;
#1025 = DIRECTION ( 'NONE',  ( -1.000000000000000000, 1.967058844685892123E-32, -8.031127203596330602E-17 ) ) ;
#1026 = ORIENTED_EDGE ( 'NONE', *, *, #2448, .F. ) ;
#1027 = CARTESIAN_POINT ( 'NONE',  ( -8.849999999999999645, 9.400000000000002132, -2.000000000000001332 ) ) ;
#1028 = ORIENTED_EDGE ( 'NONE', *, *, #9290, .F. ) ;
#1029 = VECTOR ( 'NONE', #10124, 1000.000000000000000 ) ;
#1030 = FACE_OUTER_BOUND ( 'NONE', #8680, .T. ) ;
#1031 = ORIENTED_EDGE ( 'NONE', *, *, #1529, .T. ) ;
#1032 = CARTESIAN_POINT ( 'NONE',  ( -26.65000000000000213, 22.60000000000000142, -9.500000000000001776 ) ) ;
#1033 = ORIENTED_EDGE ( 'NONE', *, *, #5448, .F. ) ;
#1034 = LINE ( 'NONE', #8467, #1589 ) ;
#1035 = CARTESIAN_POINT ( 'NONE',  ( -3.749999999999992895, 2.499999999999998668, -7.400000000000003020 ) ) ;
#1036 = DIRECTION ( 'NONE',  ( 1.000000000000000000, -0.000000000000000000, 8.031127203596330602E-17 ) ) ;
#1037 = DIRECTION ( 'NONE',  ( 1.000000000000000000, 0.000000000000000000, -1.779203565104417621E-16 ) ) ;
#1038 = EDGE_CURVE ( 'NONE', #11248, #7141, #11822, .T. ) ;
#1039 = DIRECTION ( 'NONE',  ( 1.000000000000000000, 0.000000000000000000, 0.000000000000000000 ) ) ;
#1040 = ORIENTED_EDGE ( 'NONE', *, *, #1004, .T. ) ;
#1041 = VECTOR ( 'NONE', #4565, 1000.000000000000000 ) ;
#1042 = VERTEX_POINT ( 'NONE', #11697 ) ;
#1043 = CARTESIAN_POINT ( 'NONE',  ( 8.350000000000006750, 13.50000000000000178, -0.5000000000000017764 ) ) ;
#1044 = ORIENTED_EDGE ( 'NONE', *, *, #6597, .F. ) ;
#1045 = CARTESIAN_POINT ( 'NONE',  ( 21.55000000000000071, 5.900000000000003020, -3.000000000000010658 ) ) ;
#1046 = ORIENTED_EDGE ( 'NONE', *, *, #6071, .T. ) ;
#1047 = FACE_OUTER_BOUND ( 'NONE', #7562, .T. ) ;
#1048 = DIRECTION ( 'NONE',  ( -0.000000000000000000, -1.000000000000000000, -0.000000000000000000 ) ) ;
#1049 = SURFACE_STYLE_USAGE ( .BOTH. , #11741 ) ;
#1050 = DIRECTION ( 'NONE',  ( 0.000000000000000000, 0.000000000000000000, -1.000000000000000000 ) ) ;
#1051 = CARTESIAN_POINT ( 'NONE',  ( -1.250000000000004663, 19.60000000000000142, 12.09999999999999609 ) ) ;
#1052 = CARTESIAN_POINT ( 'NONE',  ( -4.349999999999999645, 12.45031130731456059, -0.4999999999999921174 ) ) ;
#1053 = LINE ( 'NONE', #9616, #8524 ) ;
#1054 = AXIS2_PLACEMENT_3D ( 'NONE', #4795, #8468, #4250 ) ;
#1055 = VECTOR ( 'NONE', #2909, 1000.000000000000000 ) ;
#1056 = FACE_OUTER_BOUND ( 'NONE', #11687, .T. ) ;
#1057 = ORIENTED_EDGE ( 'NONE', *, *, #7315, .T. ) ;
#1058 = ADVANCED_FACE ( 'NONE', ( #6300 ), #10157, .T. ) ;
#1059 = CIRCLE ( 'NONE', #7767, 3.483215956619923670 ) ;
#1060 = CARTESIAN_POINT ( 'NONE',  ( -19.04999999999999716, 10.90000000000000036, -3.000000000000000000 ) ) ;
#1061 = VECTOR ( 'NONE', #1867, 1000.000000000000000 ) ;
#1062 = ORIENTED_EDGE ( 'NONE', *, *, #7106, .F. ) ;
#1063 = ORIENTED_EDGE ( 'NONE', *, *, #6069, .T. ) ;
#1064 = ADVANCED_FACE ( 'NONE', ( #5211 ), #728, .T. ) ;
#1065 = FACE_OUTER_BOUND ( 'NONE', #1237, .T. ) ;
#1066 = LINE ( 'NONE', #8497, #1479 ) ;
#1067 = DIRECTION ( 'NONE',  ( -1.000000000000000000, 1.967058844685892123E-32, -8.031127203596330602E-17 ) ) ;
#1068 = AXIS2_PLACEMENT_3D ( 'NONE', #1122, #2017, #7522 ) ;
#1069 = AXIS2_PLACEMENT_3D ( 'NONE', #11274, #4056, #8687 ) ;
#1070 = ORIENTED_EDGE ( 'NONE', *, *, #1602, .F. ) ;
#1071 = VECTOR ( 'NONE', #1467, 1000.000000000000000 ) ;
#1072 = ADVANCED_FACE ( 'NONE', ( #4533 ), #9049, .F. ) ;
#1073 = VERTEX_POINT ( 'NONE', #9903 ) ;
#1074 = VECTOR ( 'NONE', #71, 1000.000000000000000 ) ;
#1075 = ORIENTED_EDGE ( 'NONE', *, *, #9583, .T. ) ;
#1076 = AXIS2_PLACEMENT_3D ( 'NONE', #9783, #4193, #8092 ) ;
#1077 = PLANE ( 'NONE',  #7037 ) ;
#1078 = DIRECTION ( 'NONE',  ( 0.000000000000000000, 1.000000000000000000, -1.172110456741085828E-16 ) ) ;
#1079 = DIRECTION ( 'NONE',  ( -8.031127203596330602E-17, 0.000000000000000000, 1.000000000000000000 ) ) ;
#1080 = ORIENTED_EDGE ( 'NONE', *, *, #1677, .F. ) ;
#1081 = AXIS2_PLACEMENT_3D ( 'NONE', #629, #8888, #682 ) ;
#1082 = LINE ( 'NONE', #304, #578 ) ;
#1083 = DIRECTION ( 'NONE',  ( 0.000000000000000000, -0.000000000000000000, 1.000000000000000000 ) ) ;
#1084 = VECTOR ( 'NONE', #7013, 1000.000000000000000 ) ;
#1085 = PLANE ( 'NONE',  #9119 ) ;
#1086 = COLOUR_RGB ( '',0.7921568627450980005, 0.8196078431372548767, 0.9333333333333333481 ) ;
#1087 = FACE_OUTER_BOUND ( 'NONE', #4529, .T. ) ;
#1088 = AXIS2_PLACEMENT_3D ( 'NONE', #7353, #9277, #9405 ) ;
#1089 = ORIENTED_EDGE ( 'NONE', *, *, #7540, .T. ) ;
#1090 = EDGE_CURVE ( 'NONE', #5362, #3758, #4476, .T. ) ;
#1091 = CARTESIAN_POINT ( 'NONE',  ( 1.249999999999994227, 9.399999999999991473, -7.400000000000007461 ) ) ;
#1092 = ORIENTED_EDGE ( 'NONE', *, *, #10257, .F. ) ;
#1093 = DIRECTION ( 'NONE',  ( 0.000000000000000000, 0.000000000000000000, -1.000000000000000000 ) ) ;
#1094 = CARTESIAN_POINT ( 'NONE',  ( -3.749999999999985789, 9.399999999999998579, 7.399999999999995914 ) ) ;
#1095 = ORIENTED_EDGE ( 'NONE', *, *, #4945, .T. ) ;
#1096 = ADVANCED_FACE ( 'NONE', ( #7196 ), #3640, .F. ) ;
#1097 = LINE ( 'NONE', #7382, #4696 ) ;
#1098 = ORIENTED_EDGE ( 'NONE', *, *, #8170, .F. ) ;
#1099 = DIRECTION ( 'NONE',  ( 4.066575051493318340E-32, -1.000000000000000000, -1.172110456741085828E-16 ) ) ;
#1100 = VERTEX_POINT ( 'NONE', #8151 ) ;
#1101 = EDGE_CURVE ( 'NONE', #10390, #2798, #10866, .T. ) ;
#1102 = CIRCLE ( 'NONE', #7221, 2.000000000000000000 ) ;
#1103 = PLANE ( 'NONE',  #637 ) ;
#1104 = CARTESIAN_POINT ( 'NONE',  ( 6.850000000000004974, 13.38143262567230884, -2.793993820596756272 ) ) ;
#1105 = CARTESIAN_POINT ( 'NONE',  ( 6.350000000000001421, 3.900000000000002576, 1.999999999999991340 ) ) ;
#1106 = DIRECTION ( 'NONE',  ( 0.000000000000000000, 0.000000000000000000, -1.000000000000000000 ) ) ;
#1107 = EDGE_CURVE ( 'NONE', #10996, #7967, #11757, .T. ) ;
#1108 = CARTESIAN_POINT ( 'NONE',  ( -19.04999999999999716, 11.40000000000000213, 0.000000000000000000 ) ) ;
#1109 = ADVANCED_FACE ( 'NONE', ( #6176 ), #2748, .F. ) ;
#1110 = VERTEX_POINT ( 'NONE', #1623 ) ;
#1111 = MANIFOLD_SOLID_BREP ( 'LPattern2', #7108 ) ;
#1112 = EDGE_LOOP ( 'NONE', ( #3479, #5192, #11279, #3331, #1234 ) ) ;
#1113 = DIRECTION ( 'NONE',  ( 0.000000000000000000, 0.000000000000000000, 1.000000000000000000 ) ) ;
#1114 = ORIENTED_EDGE ( 'NONE', *, *, #7957, .F. ) ;
#1115 = EDGE_CURVE ( 'NONE', #9344, #4403, #6410, .T. ) ;
#1116 = DIRECTION ( 'NONE',  ( 0.000000000000000000, -1.000000000000000000, 0.000000000000000000 ) ) ;
#1117 = ORIENTED_EDGE ( 'NONE', *, *, #10843, .T. ) ;
#1118 = DIRECTION ( 'NONE',  ( 1.000000000000000000, 0.000000000000000000, 0.000000000000000000 ) ) ;
#1119 =( NAMED_UNIT ( * ) PLANE_ANGLE_UNIT ( ) SI_UNIT ( $, .RADIAN. ) );
#1120 = CARTESIAN_POINT ( 'NONE',  ( 5.850000000000001421, 0.000000000000000000, -0.5000000000000104361 ) ) ;
#1121 = LINE ( 'NONE', #222, #5151 ) ;
#1122 = CARTESIAN_POINT ( 'NONE',  ( 18.55000000000000071, 11.40000000000000391, 0.4999999999999922284 ) ) ;
#1123 =( LENGTH_UNIT ( ) NAMED_UNIT ( * ) SI_UNIT ( .MILLI., .METRE. ) );
#1124 = CARTESIAN_POINT ( 'NONE',  ( -17.39999999999999858, 22.60000000000000142, -5.599999999999996092 ) ) ;
#1125 = EDGE_LOOP ( 'NONE', ( #2064, #11230, #6966, #1357 ) ) ;
#1126 = DIRECTION ( 'NONE',  ( 0.000000000000000000, -1.283079494065685941E-16, -1.000000000000000000 ) ) ;
#1127 = VERTEX_POINT ( 'NONE', #248 ) ;
#1128 = VERTEX_POINT ( 'NONE', #10258 ) ;
#1129 = CARTESIAN_POINT ( 'NONE',  ( 16.44999999999998508, 9.399999999999989697, 7.399999999999987921 ) ) ;
#1130 = LINE ( 'NONE', #2861, #4325 ) ;
#1131 = CARTESIAN_POINT ( 'NONE',  ( -19.04999999999999716, 3.650000000000002132, -1.750000000000000444 ) ) ;
#1132 = ORIENTED_EDGE ( 'NONE', *, *, #1768, .T. ) ;
#1133 = ORIENTED_EDGE ( 'NONE', *, *, #8851, .F. ) ;
#1134 = CARTESIAN_POINT ( 'NONE',  ( -26.65000000000000213, 22.60000000000000142, 12.09999999999999964 ) ) ;
#1135 = VERTEX_POINT ( 'NONE', #7549 ) ;
#1136 = CARTESIAN_POINT ( 'NONE',  ( 17.05000000000000071, 13.50000000000000178, -0.5000000000000146549 ) ) ;
#1137 = CARTESIAN_POINT ( 'NONE',  ( -21.54999999999999716, 7.600000000000004974, 5.400000000000004796 ) ) ;
#1138 = ORIENTED_EDGE ( 'NONE', *, *, #9543, .F. ) ;
#1139 = DIRECTION ( 'NONE',  ( 0.000000000000000000, 0.000000000000000000, 1.000000000000000000 ) ) ;
#1140 = UNCERTAINTY_MEASURE_WITH_UNIT (LENGTH_MEASURE( 1.000000000000000082E-05 ), #10229, 'distance_accuracy_value', 'NONE');
#1141 = CARTESIAN_POINT ( 'NONE',  ( -23.79999999999999361, 24.33502884254439991, 4.249999999999999112 ) ) ;
#1142 = MANIFOLD_SOLID_BREP ( 'LPattern3[6]', #4033 ) ;
#1143 = CARTESIAN_POINT ( 'NONE',  ( -13.95000000000000462, 44.34419462753220387, 12.09999999999999964 ) ) ;
#1144 = CIRCLE ( 'NONE', #1525, 3.483215956619923670 ) ;
#1145 = AXIS2_PLACEMENT_3D ( 'NONE', #6654, #10322, #11154 ) ;
#1146 = EDGE_LOOP ( 'NONE', ( #11065, #3297, #4160, #3420 ) ) ;
#1147 = CARTESIAN_POINT ( 'NONE',  ( 4.350000000000006750, 12.45031130731456059, -0.5000000000000156541 ) ) ;
#1148 = VECTOR ( 'NONE', #1591, 1000.000000000000000 ) ;
#1149 = ORIENTED_EDGE ( 'NONE', *, *, #2558, .T. ) ;
#1150 = DIRECTION ( 'NONE',  ( 0.000000000000000000, 0.000000000000000000, -1.000000000000000000 ) ) ;
#1151 = VECTOR ( 'NONE', #4670, 1000.000000000000000 ) ;
#1152 = CARTESIAN_POINT ( 'NONE',  ( 8.000000000000003553, 7.300000000000003375, 3.299999999999993605 ) ) ;
#1153 = ORIENTED_EDGE ( 'NONE', *, *, #8440, .T. ) ;
#1154 = CARTESIAN_POINT ( 'NONE',  ( -17.04999999999999716, 12.45031130731456059, 0.5000000000000069944 ) ) ;
#1155 = ORIENTED_EDGE ( 'NONE', *, *, #76, .F. ) ;
#1156 = FACE_OUTER_BOUND ( 'NONE', #10749, .T. ) ;
#1157 = ORIENTED_EDGE ( 'NONE', *, *, #1314, .F. ) ;
#1158 = DIRECTION ( 'NONE',  ( 0.000000000000000000, -1.000000000000000000, 0.000000000000000000 ) ) ;
#1159 = PLANE ( 'NONE',  #1054 ) ;
#1160 = DIRECTION ( 'NONE',  ( -1.000000000000000000, -0.000000000000000000, 6.938893903907233308E-16 ) ) ;
#1161 = CARTESIAN_POINT ( 'NONE',  ( -21.04999999999999716, 12.45031130731456059, 0.4999999999999930611 ) ) ;
#1162 = LINE ( 'NONE', #2183, #2180 ) ;
#1163 = VECTOR ( 'NONE', #7308, 1000.000000000000000 ) ;
#1164 = EDGE_LOOP ( 'NONE', ( #372, #2073, #1888, #3939 ) ) ;
#1165 = EDGE_CURVE ( 'NONE', #6348, #1884, #4839, .T. ) ;
#1166 = EDGE_CURVE ( 'NONE', #1922, #10553, #7491, .T. ) ;
#1167 = EDGE_CURVE ( 'NONE', #11690, #203, #3339, .T. ) ;
#1168 = VERTEX_POINT ( 'NONE', #1924 ) ;
#1169 = LINE ( 'NONE', #8475, #3056 ) ;
#1170 = ORIENTED_EDGE ( 'NONE', *, *, #9964, .F. ) ;
#1171 = PLANE ( 'NONE',  #7691 ) ;
#1172 = VERTEX_POINT ( 'NONE', #5570 ) ;
#1173 = DIRECTION ( 'NONE',  ( 0.000000000000000000, -1.000000000000000000, 0.000000000000000000 ) ) ;
#1174 = SURFACE_SIDE_STYLE ('',( #3030 ) ) ;
#1175 = EDGE_CURVE ( 'NONE', #10548, #9481, #11491, .T. ) ;
#1176 = VECTOR ( 'NONE', #5312, 1000.000000000000000 ) ;
#1177 = CARTESIAN_POINT ( 'NONE',  ( -47.67189334955345004, 2.500000000000002220, 7.400000000000005684 ) ) ;
#1178 = CARTESIAN_POINT ( 'NONE',  ( 16.44999999999997797, 2.500000000000002220, 7.399999999999994138 ) ) ;
#1179 = CARTESIAN_POINT ( 'NONE',  ( 3.850000000000002753, 7.300000000000003375, 3.299999999999993605 ) ) ;
#1180 = EDGE_CURVE ( 'NONE', #8025, #8437, #1082, .T. ) ;
#1181 = CARTESIAN_POINT ( 'NONE',  ( 13.94999999999998863, 9.399999999999986144, -7.400000000000011902 ) ) ;
#1182 = ORIENTED_EDGE ( 'NONE', *, *, #3541, .T. ) ;
#1183 = ADVANCED_FACE ( 'NONE', ( #10200 ), #9357, .F. ) ;
#1184 = DIRECTION ( 'NONE',  ( 2.282859610154041239E-32, -1.000000000000000000, 1.283079494065685941E-16 ) ) ;
#1185 = ORIENTED_EDGE ( 'NONE', *, *, #2845, .T. ) ;
#1186 = VECTOR ( 'NONE', #5833, 1000.000000000000000 ) ;
#1187 = EDGE_LOOP ( 'NONE', ( #7290, #11233, #246, #3814 ) ) ;
#1188 = VECTOR ( 'NONE', #791, 1000.000000000000000 ) ;
#1189 = LINE ( 'NONE', #8438, #4890 ) ;
#1190 = FACE_OUTER_BOUND ( 'NONE', #11349, .T. ) ;
#1191 = EDGE_CURVE ( 'NONE', #3666, #10581, #4777, .T. ) ;
#1192 = DIRECTION ( 'NONE',  ( -1.000000000000000000, -0.000000000000000000, -8.031127203596330602E-17 ) ) ;
#1193 = ORIENTED_EDGE ( 'NONE', *, *, #9863, .F. ) ;
#1194 = ORIENTED_EDGE ( 'NONE', *, *, #3860, .T. ) ;
#1195 = CARTESIAN_POINT ( 'NONE',  ( -5.849999999999997868, 11.40000000000000391, 0.5000000000000009992 ) ) ;
#1196 = CARTESIAN_POINT ( 'NONE',  ( 17.04999999999999716, 13.50000000000000178, 0.4999999999999854006 ) ) ;
#1197 = CARTESIAN_POINT ( 'NONE',  ( -4.699999999999995737, -4.000000000000000000, 7.399999999999996803 ) ) ;
#1198 = LINE ( 'NONE', #4836, #1642 ) ;
#1199 = VERTEX_POINT ( 'NONE', #3822 ) ;
#1200 = CARTESIAN_POINT ( 'NONE',  ( -6.349999999999997868, 0.000000000000000000, -0.4999999999999990563 ) ) ;
#1201 = CARTESIAN_POINT ( 'NONE',  ( -19.54999999999999716, 13.50000000000000178, 0.4999999999999981681 ) ) ;
#1202 = DIRECTION ( 'NONE',  ( 0.000000000000000000, 0.000000000000000000, 1.000000000000000000 ) ) ;
#1203 = ORIENTED_EDGE ( 'NONE', *, *, #4084, .T. ) ;
#1204 = ADVANCED_FACE ( 'NONE', ( #8449 ), #3877, .F. ) ;
#1205 = VECTOR ( 'NONE', #1507, 1000.000000000000000 ) ;
#1206 = CARTESIAN_POINT ( 'NONE',  ( 19.05000000000000071, -3.358379542590069988, -7.619650039223833312E-15 ) ) ;
#1207 = ORIENTED_EDGE ( 'NONE', *, *, #10116, .F. ) ;
#1208 = CARTESIAN_POINT ( 'NONE',  ( 5.850000000000001421, 0.000000000000000000, -8.679758830098549109E-15 ) ) ;
#1209 = ORIENTED_EDGE ( 'NONE', *, *, #1610, .F. ) ;
#1210 = CARTESIAN_POINT ( 'NONE',  ( -11.45000000000000107, 9.399999999999998579, 7.399999999999996803 ) ) ;
#1211 = EDGE_LOOP ( 'NONE', ( #8306, #2421, #3581, #23 ) ) ;
#1212 = DIRECTION ( 'NONE',  ( -1.000000000000000000, 0.000000000000000000, -8.031127203596331834E-17 ) ) ;
#1213 = ORIENTED_EDGE ( 'NONE', *, *, #9614, .F. ) ;
#1214 = PLANE ( 'NONE',  #2169 ) ;
#1215 = PLANE ( 'NONE',  #5918 ) ;
#1216 = CARTESIAN_POINT ( 'NONE',  ( 3.849999999999999201, 7.600000000000003197, -5.400000000000009237 ) ) ;
#1217 = AXIS2_PLACEMENT_3D ( 'NONE', #11114, #385, #1037 ) ;
#1218 = CARTESIAN_POINT ( 'NONE',  ( 26.65000000000000924, 22.60000000000000142, 12.09999999999999254 ) ) ;
#1219 = EDGE_CURVE ( 'NONE', #1946, #8357, #3695, .T. ) ;
#1220 = LINE ( 'NONE', #3964, #9455 ) ;
#1221 = ORIENTED_EDGE ( 'NONE', *, *, #123, .F. ) ;
#1222 = EDGE_LOOP ( 'NONE', ( #3972, #1031, #6810, #4669 ) ) ;
#1224 = FACE_OUTER_BOUND ( 'NONE', #7559, .T. ) ;
#1223 = CIRCLE ( 'NONE', #269, 0.5000000000000000000 ) ;
#1225 = ORIENTED_EDGE ( 'NONE', *, *, #5322, .F. ) ;
#1226 = CARTESIAN_POINT ( 'NONE',  ( -4.699999999999995737, 5.900000000000002132, 1.999999999999998668 ) ) ;
#1227 = ORIENTED_EDGE ( 'NONE', *, *, #7479, .T. ) ;
#1228 = CARTESIAN_POINT ( 'NONE',  ( -26.64999999999999858, 3.499999999999998668, -5.600000000000015632 ) ) ;
#1229 = EDGE_CURVE ( 'NONE', #10616, #11266, #6889, .T. ) ;
#1230 = LINE ( 'NONE', #4868, #4345 ) ;
#1231 = LINE ( 'NONE', #3976, #11512 ) ;
#1232 = CARTESIAN_POINT ( 'NONE',  ( 19.55000000000000071, 12.50000000000000000, -3.447142787940717046 ) ) ;
#1233 = EDGE_CURVE ( 'NONE', #5766, #1498, #6942, .T. ) ;
#1234 = ORIENTED_EDGE ( 'NONE', *, *, #5917, .T. ) ;
#1235 = VECTOR ( 'NONE', #1356, 1000.000000000000000 ) ;
#1236 = CARTESIAN_POINT ( 'NONE',  ( -13.94999999999999574, 9.400000000000002132, 7.400000000000000355 ) ) ;
#1237 = EDGE_LOOP ( 'NONE', ( #6079, #3487, #3015, #7052 ) ) ;
#1238 = EDGE_CURVE ( 'NONE', #6793, #3043, #9710, .T. ) ;
#1239 = DIRECTION ( 'NONE',  ( 0.000000000000000000, 1.000000000000000000, 0.000000000000000000 ) ) ;
#1240 = ADVANCED_FACE ( 'NONE', ( #10557 ), #5874, .F. ) ;
#1241 = CYLINDRICAL_SURFACE ( 'NONE', #10745, 0.3000000000000003775 ) ;
#1242 = ORIENTED_EDGE ( 'NONE', *, *, #8433, .F. ) ;
#1243 = VECTOR ( 'NONE', #7779, 1000.000000000000000 ) ;
#1244 = ADVANCED_FACE ( 'NONE', ( #5928 ), #4117, .T. ) ;
#1245 = EDGE_CURVE ( 'NONE', #3596, #11246, #8796, .T. ) ;
#1246 = LINE ( 'NONE', #5742, #318 ) ;
#1247 = DIRECTION ( 'NONE',  ( -1.000000000000000000, 0.000000000000000000, -8.031127203596331834E-17 ) ) ;
#1248 = CARTESIAN_POINT ( 'NONE',  ( -1.575173131006288414E-31, 9.400000000000002132, -1.178352465090594815E-15 ) ) ;
#1249 = EDGE_CURVE ( 'NONE', #10996, #143, #5080, .T. ) ;
#1250 = VECTOR ( 'NONE', #7432, 1000.000000000000000 ) ;
#1251 = EDGE_LOOP ( 'NONE', ( #9353, #5509, #3773, #1360 ) ) ;
#1252 = VECTOR ( 'NONE', #1624, 1000.000000000000114 ) ;
#1253 = STYLED_ITEM ( 'NONE', ( #9052 ), #9145 ) ;
#1254 = EDGE_CURVE ( 'NONE', #5326, #8607, #5020, .T. ) ;
#1255 = ORIENTED_EDGE ( 'NONE', *, *, #10694, .F. ) ;
#1256 = LINE ( 'NONE', #2217, #3966 ) ;
#1257 = DIRECTION ( 'NONE',  ( 0.000000000000000000, -1.000000000000000000, 0.000000000000000000 ) ) ;
#1258 = DIRECTION ( 'NONE',  ( 0.000000000000000000, 0.000000000000000000, 1.000000000000000000 ) ) ;
#1259 = EDGE_LOOP ( 'NONE', ( #4671, #8301, #6011, #7120 ) ) ;
#1260 = COLOUR_RGB ( '',0.7921568627450980005, 0.8196078431372548767, 0.9333333333333333481 ) ;
#1261 = DIRECTION ( 'NONE',  ( 0.000000000000000000, 0.000000000000000000, -1.000000000000000000 ) ) ;
#1262 = CARTESIAN_POINT ( 'NONE',  ( -21.55000000000000071, 2.499999999999998668, -7.400000000000001243 ) ) ;
#1263 = CARTESIAN_POINT ( 'NONE',  ( -26.64999999999999858, 3.499999999999998668, -5.600000000000015632 ) ) ;
#1264 = VECTOR ( 'NONE', #2969, 1000.000000000000000 ) ;
#1265 = PLANE ( 'NONE',  #498 ) ;
#1266 = VECTOR ( 'NONE', #1608, 1000.000000000000000 ) ;
#1267 = AXIS2_PLACEMENT_3D ( 'NONE', #11768, #9245, #8338 ) ;
#1268 = MECHANICAL_DESIGN_GEOMETRIC_PRESENTATION_REPRESENTATION (  '', ( #9696 ), #11236 ) ;
#1269 = EDGE_LOOP ( 'NONE', ( #2638, #7857, #11029, #7921, #1996, #2927, #463, #10222, #10404, #2625, #6895 ) ) ;
#1270 = VECTOR ( 'NONE', #6066, 1000.000000000000000 ) ;
#1271 = CARTESIAN_POINT ( 'NONE',  ( 6.350000000000001421, 10.90000000000000213, -8.639603194080566470E-15 ) ) ;
#1272 = AXIS2_PLACEMENT_3D ( 'NONE', #8227, #5463, #11113 ) ;
#1273 = ORIENTED_EDGE ( 'NONE', *, *, #11731, .T. ) ;
#1274 = VECTOR ( 'NONE', #4105, 1000.000000000000000 ) ;
#1275 = EDGE_LOOP ( 'NONE', ( #7302, #10004, #389, #9279 ) ) ;
#1276 =( GEOMETRIC_REPRESENTATION_CONTEXT ( 3 ) GLOBAL_UNCERTAINTY_ASSIGNED_CONTEXT ( ( #7713 ) ) GLOBAL_UNIT_ASSIGNED_CONTEXT ( ( #5323, #8982, #10006 ) ) REPRESENTATION_CONTEXT ( 'NONE', 'WORKASPACE' ) );
#1277 = PLANE ( 'NONE',  #1839 ) ;
#1278 = VERTEX_POINT ( 'NONE', #3286 ) ;
#1279 = DIRECTION ( 'NONE',  ( -3.571792610879097845E-15, 0.000000000000000000, 1.000000000000000000 ) ) ;
#1280 = VERTEX_POINT ( 'NONE', #10434 ) ;
#1281 = VECTOR ( 'NONE', #5015, 1000.000000000000000 ) ;
#1282 = DIRECTION ( 'NONE',  ( 0.000000000000000000, 0.7071067811865483499, -0.7071067811865466846 ) ) ;
#1283 = CARTESIAN_POINT ( 'NONE',  ( -16.54999999999999716, 7.300000000000002487, -3.299999999999997602 ) ) ;
#1284 = DIRECTION ( 'NONE',  ( 1.000000000000000000, -0.000000000000000000, -0.000000000000000000 ) ) ;
#1285 = DIRECTION ( 'NONE',  ( 0.8191520442889935749, -0.5735764363510434949, 0.000000000000000000 ) ) ;
#1286 = ADVANCED_FACE ( 'NONE', ( #2222 ), #2387, .F. ) ;
#1287 = AXIS2_PLACEMENT_3D ( 'NONE', #8249, #10243, #4708 ) ;
#1288 = DIRECTION ( 'NONE',  ( 0.000000000000000000, 0.000000000000000000, -1.000000000000000000 ) ) ;
#1289 = ORIENTED_EDGE ( 'NONE', *, *, #2573, .T. ) ;
#1290 = ORIENTED_EDGE ( 'NONE', *, *, #8775, .T. ) ;
#1291 = DIRECTION ( 'NONE',  ( 1.000000000000000000, 0.000000000000000000, 0.000000000000000000 ) ) ;
#1292 = ORIENTED_EDGE ( 'NONE', *, *, #9154, .F. ) ;
#1293 = VECTOR ( 'NONE', #6330, 1000.000000000000000 ) ;
#1294 = PLANE ( 'NONE',  #10948 ) ;
#1295 = CIRCLE ( 'NONE', #5878, 3.500000000000001332 ) ;
#1296 = ORIENTED_EDGE ( 'NONE', *, *, #1953, .F. ) ;
#1297 = CARTESIAN_POINT ( 'NONE',  ( -3.849999999999999201, 7.500000000000004441, -7.399999999999999467 ) ) ;
#1298 = CARTESIAN_POINT ( 'NONE',  ( -47.67189334955345004, 2.500000000000001776, 5.599999999999996092 ) ) ;
#1299 = LINE ( 'NONE', #1051, #2295 ) ;
#1300 = CARTESIAN_POINT ( 'NONE',  ( 6.350000000000001421, 12.50000000000000000, -3.483215956619932108 ) ) ;
#1301 = DIRECTION ( 'NONE',  ( 1.000000000000000000, -0.000000000000000000, 8.031127203596331834E-17 ) ) ;
#1302 = ORIENTED_EDGE ( 'NONE', *, *, #4948, .T. ) ;
#1303 = ADVANCED_FACE ( 'NONE', ( #11459 ), #5983, .F. ) ;
#1304 = LINE ( 'NONE', #8780, #2344 ) ;
#1305 = ORIENTED_EDGE ( 'NONE', *, *, #5683, .T. ) ;
#1306 = CARTESIAN_POINT ( 'NONE',  ( -17.39999999999999858, 7.500000000000002665, -5.499999999999996447 ) ) ;
#1307 = CLOSED_SHELL ( 'NONE', ( #5994, #732, #7834, #10908, #465, #1366, #11135, #4509, #7391, #342, #5235, #2966, #2534, #1439, #17, #4568, #6154, #10901, #8572, #2112, #9073 ) ) ;
#1308 = VERTEX_POINT ( 'NONE', #4055 ) ;
#1309 = CIRCLE ( 'NONE', #4505, 2.000000000000000000 ) ;
#1310 = B_SPLINE_CURVE_WITH_KNOTS ( 'NONE', 3,
 ( #3260, #2312, #6081, #3375, #6133, #6859, #5960, #9794, #4206, #10583 ),
 .UNSPECIFIED., .F., .F.,
 ( 4, 2, 2, 2, 4 ),
 ( 0.004373497768337910284, 0.004796577203204229270, 0.005219656638070547389, 0.005642736072936866375, 0.006065815507803185361 ),
 .UNSPECIFIED. ) ;
#1311 = CARTESIAN_POINT ( 'NONE',  ( -19.04999999999999361, 0.000000000000000000, -0.5000000000000000000 ) ) ;
#1312 = CARTESIAN_POINT ( 'NONE',  ( -20.69999999999999929, 22.60000000000000142, -7.399999999999995914 ) ) ;
#1313 = CARTESIAN_POINT ( 'NONE',  ( 8.350000000000006750, 12.45031130731456059, -0.5000000000000017764 ) ) ;
#1314 = EDGE_CURVE ( 'NONE', #5362, #9717, #2283, .T. ) ;
#1315 = EDGE_CURVE ( 'NONE', #10735, #2453, #482, .T. ) ;
#1316 = ORIENTED_EDGE ( 'NONE', *, *, #8168, .T. ) ;
#1317 = DIRECTION ( 'NONE',  ( 0.000000000000000000, 0.000000000000000000, -1.000000000000000000 ) ) ;
#1318 = CARTESIAN_POINT ( 'NONE',  ( 4.699999999999999289, 7.500000000000002665, -5.500000000000005329 ) ) ;
#1319 = DIRECTION ( 'NONE',  ( 0.000000000000000000, -1.000000000000000000, 0.000000000000000000 ) ) ;
#1320 = ORIENTED_EDGE ( 'NONE', *, *, #717, .F. ) ;
#1321 = EDGE_CURVE ( 'NONE', #8062, #6790, #4762, .T. ) ;
#1322 = EDGE_CURVE ( 'NONE', #282, #9705, #10905, .T. ) ;
#1323 = DIRECTION ( 'NONE',  ( -1.000000000000000000, -0.000000000000000000, -8.031127203596331834E-17 ) ) ;
#1324 = CARTESIAN_POINT ( 'NONE',  ( 8.000000000000000000, 0.5000000000000004441, -5.599999999999996092 ) ) ;
#1325 = DIRECTION ( 'NONE',  ( -8.031127203596330602E-17, 0.000000000000000000, 1.000000000000000000 ) ) ;
#1326 = DIRECTION ( 'NONE',  ( -1.000000000000000000, -2.282859610154041239E-32, 2.675763620333430081E-48 ) ) ;
#1327 = ORIENTED_EDGE ( 'NONE', *, *, #8321, .F. ) ;
#1328 = LINE ( 'NONE', #7680, #6456 ) ;
#1329 = ORIENTED_EDGE ( 'NONE', *, *, #1833, .F. ) ;
#1330 = EDGE_LOOP ( 'NONE', ( #9112, #10537, #5597, #1765 ) ) ;
#1331 = DIRECTION ( 'NONE',  ( 1.000000000000000000, -1.967058844685892396E-32, 8.031127203596331834E-17 ) ) ;
#1332 = ORIENTED_EDGE ( 'NONE', *, *, #4230, .T. ) ;
#1333 = DIRECTION ( 'NONE',  ( 0.000000000000000000, -1.000000000000000000, 0.000000000000000000 ) ) ;
#1334 = ORIENTED_EDGE ( 'NONE', *, *, #314, .F. ) ;
#1335 = CARTESIAN_POINT ( 'NONE',  ( -16.44999999999999218, 9.400000000000002132, -7.400000000000001243 ) ) ;
#1336 = LINE ( 'NONE', #5888, #3721 ) ;
#1337 = DIRECTION ( 'NONE',  ( -1.000000000000000000, 0.000000000000000000, 1.224646799147353207E-16 ) ) ;
#1338 = CARTESIAN_POINT ( 'NONE',  ( 4.699999999999999289, 7.400000000000003020, -5.600000000000008527 ) ) ;
#1339 = CARTESIAN_POINT ( 'NONE',  ( -17.04999999999999361, 12.45031130731456059, -0.4999999999999930611 ) ) ;
#1340 = EDGE_CURVE ( 'NONE', #4602, #7994, #3815, .T. ) ;
#1341 = ORIENTED_EDGE ( 'NONE', *, *, #7314, .T. ) ;
#1342 = VECTOR ( 'NONE', #11080, 1000.000000000000000 ) ;
#1343 = ORIENTED_EDGE ( 'NONE', *, *, #4661, .T. ) ;
#1344 = AXIS2_PLACEMENT_3D ( 'NONE', #11292, #3073, #8526 ) ;
#1345 = LINE ( 'NONE', #3082, #7697 ) ;
#1346 = ORIENTED_EDGE ( 'NONE', *, *, #5035, .F. ) ;
#1347 = CARTESIAN_POINT ( 'NONE',  ( 16.54999999999999716, 3.499999999999998668, -5.400000000000012790 ) ) ;
#1348 = VECTOR ( 'NONE', #1586, 1000.000000000000000 ) ;
#1349 = ORIENTED_EDGE ( 'NONE', *, *, #9882, .F. ) ;
#1350 = LINE ( 'NONE', #10524, #11417 ) ;
#1351 = CARTESIAN_POINT ( 'NONE',  ( -6.349999999999997868, 10.90000000000000036, -2.999999999999999112 ) ) ;
#1352 = LINE ( 'NONE', #7929, #4923 ) ;
#1353 = LINE ( 'NONE', #3262, #575 ) ;
#1354 = CARTESIAN_POINT ( 'NONE',  ( -6.349999999999997868, 11.40000000000000213, 1.019953154856734144E-15 ) ) ;
#1355 = AXIS2_PLACEMENT_3D ( 'NONE', #9549, #7685, #2401 ) ;
#1356 = DIRECTION ( 'NONE',  ( 1.000000000000000000, -0.000000000000000000, 8.031127203596331834E-17 ) ) ;
#1357 = ORIENTED_EDGE ( 'NONE', *, *, #5182, .F. ) ;
#1358 = VECTOR ( 'NONE', #7546, 1000.000000000000000 ) ;
#1359 = CARTESIAN_POINT ( 'NONE',  ( 18.54999999999999716, 13.38143262567230884, 2.793993820596739397 ) ) ;
#1360 = ORIENTED_EDGE ( 'NONE', *, *, #1245, .F. ) ;
#1361 = CARTESIAN_POINT ( 'NONE',  ( -19.54999999999999716, 13.50000000000000178, -2.244994432064362666 ) ) ;
#1362 = EDGE_LOOP ( 'NONE', ( #9369, #8382, #11321, #303 ) ) ;
#1363 = DIRECTION ( 'NONE',  ( 1.000000000000000000, 0.000000000000000000, 3.491481338843133355E-15 ) ) ;
#1364 = CARTESIAN_POINT ( 'NONE',  ( -3.749999999999992895, 9.399999999999998579, -7.400000000000003020 ) ) ;
#1365 = LINE ( 'NONE', #473, #11381 ) ;
#1366 = ADVANCED_FACE ( 'NONE', ( #3168 ), #9474, .F. ) ;
#1367 = DIRECTION ( 'NONE',  ( 0.5735764363510434949, -0.8191520442889935749, 2.048696077133022160E-15 ) ) ;
#1368 = AXIS2_PLACEMENT_3D ( 'NONE', #10103, #5780, #215 ) ;
#1369 = ORIENTED_EDGE ( 'NONE', *, *, #6076, .F. ) ;
#1370 = FACE_OUTER_BOUND ( 'NONE', #3098, .T. ) ;
#1371 = DIRECTION ( 'NONE',  ( 4.688441826964343312E-16, 1.172110456741085828E-16, 1.000000000000000000 ) ) ;
#1372 = CARTESIAN_POINT ( 'NONE',  ( 8.350000000000003197, 13.50000000000000178, 0.4999999999999982792 ) ) ;
#1373 = ORIENTED_EDGE ( 'NONE', *, *, #6145, .F. ) ;
#1374 = DIRECTION ( 'NONE',  ( 0.000000000000000000, 0.000000000000000000, 1.000000000000000000 ) ) ;
#1375 = DIRECTION ( 'NONE',  ( 3.491481338843133355E-15, 0.000000000000000000, -1.000000000000000000 ) ) ;
#1376 = DIRECTION ( 'NONE',  ( 1.779203565104417621E-16, 1.548860246407864076E-16, 1.000000000000000000 ) ) ;
#1377 = EDGE_CURVE ( 'NONE', #9454, #7794, #366, .T. ) ;
#1378 = VECTOR ( 'NONE', #737, 1000.000000000000000 ) ;
#1379 = DIRECTION ( 'NONE',  ( -1.000000000000000000, 0.000000000000000000, -3.491481338843133355E-15 ) ) ;
#1380 = EDGE_CURVE ( 'NONE', #3320, #7596, #5197, .T. ) ;
#1381 = VECTOR ( 'NONE', #8741, 1000.000000000000000 ) ;
#1382 = ORIENTED_EDGE ( 'NONE', *, *, #1900, .T. ) ;
#1383 = EDGE_CURVE ( 'NONE', #9780, #4259, #7000, .T. ) ;
#1384 = AXIS2_PLACEMENT_3D ( 'NONE', #11318, #3095, #9041 ) ;
#1385 = DIRECTION ( 'NONE',  ( 8.031127203596330602E-17, -4.818676322157799347E-16, -1.000000000000000000 ) ) ;
#1386 = ORIENTED_EDGE ( 'NONE', *, *, #11638, .T. ) ;
#1387 = EDGE_CURVE ( 'NONE', #11144, #3121, #6511, .T. ) ;
#1388 = EDGE_LOOP ( 'NONE', ( #3689, #4035, #1680, #5107 ) ) ;
#1389 = PLANE ( 'NONE',  #2987 ) ;
#1390 = EDGE_LOOP ( 'NONE', ( #5873, #6980 ) ) ;
#1391 = DIRECTION ( 'NONE',  ( 3.571792610879097845E-15, -0.000000000000000000, -1.000000000000000000 ) ) ;
#1392 = ORIENTED_EDGE ( 'NONE', *, *, #2850, .T. ) ;
#1393 = CYLINDRICAL_SURFACE ( 'NONE', #4974, 3.500000000000000444 ) ;
#1394 = CARTESIAN_POINT ( 'NONE',  ( 19.55000000000000071, 13.50000000000001243, 2.528496776949670455 ) ) ;
#1395 = FACE_OUTER_BOUND ( 'NONE', #5064, .T. ) ;
#1396 = DIRECTION ( 'NONE',  ( 1.000000000000000000, -1.967058844685892396E-32, 8.031127203596331834E-17 ) ) ;
#1397 = SURFACE_STYLE_USAGE ( .BOTH. , #7869 ) ;
#1398 = ADVANCED_FACE ( 'NONE', ( #2449 ), #1549, .T. ) ;
#1399 = VERTEX_POINT ( 'NONE', #10884 ) ;
#1400 = ORIENTED_EDGE ( 'NONE', *, *, #3632, .F. ) ;
#1401 = DIRECTION ( 'NONE',  ( -4.066575051493318340E-32, -1.000000000000000000, 1.172110456741085828E-16 ) ) ;
#1402 = ORIENTED_EDGE ( 'NONE', *, *, #1219, .T. ) ;
#1403 = DIRECTION ( 'NONE',  ( 0.000000000000000000, -1.000000000000000000, 0.000000000000000000 ) ) ;
#1404 = ORIENTED_EDGE ( 'NONE', *, *, #1463, .T. ) ;
#1405 = AXIS2_PLACEMENT_3D ( 'NONE', #6492, #4918, #8590 ) ;
#1406 = PLANE ( 'NONE',  #5544 ) ;
#1407 = LINE ( 'NONE', #2256, #4200 ) ;
#1408 = ADVANCED_FACE ( 'NONE', ( #9982 ), #11725, .F. ) ;
#1409 = DIRECTION ( 'NONE',  ( 0.000000000000000000, 1.000000000000000000, 0.000000000000000000 ) ) ;
#1410 = DIRECTION ( 'NONE',  ( 0.000000000000000000, 1.000000000000000000, 0.000000000000000000 ) ) ;
#1411 = CARTESIAN_POINT ( 'NONE',  ( 16.54999999999999716, 2.500000000000000000, -5.600000000000011191 ) ) ;
#1412 = LINE ( 'NONE', #5964, #6780 ) ;
#1413 = ORIENTED_EDGE ( 'NONE', *, *, #10246, .T. ) ;
#1414 = AXIS2_PLACEMENT_3D ( 'NONE', #7113, #1422, #4343 ) ;
#1415 = CARTESIAN_POINT ( 'NONE',  ( -19.04999999999999716, 10.90000000000000213, 0.000000000000000000 ) ) ;
#1416 = VERTEX_POINT ( 'NONE', #8177 ) ;
#1417 = CARTESIAN_POINT ( 'NONE',  ( 11.44999999999999574, 0.5000000000000000000, 10.09999999999999254 ) ) ;
#1418 = AXIS2_PLACEMENT_3D ( 'NONE', #5973, #5131, #590 ) ;
#1419 = LINE ( 'NONE', #533, #1274 ) ;
#1420 = FACE_OUTER_BOUND ( 'NONE', #2886, .T. ) ;
#1421 = ADVANCED_FACE ( 'NONE', ( #3489 ), #10823, .F. ) ;
#1422 = DIRECTION ( 'NONE',  ( 0.000000000000000000, 1.000000000000000000, 0.000000000000000000 ) ) ;
#1423 = VECTOR ( 'NONE', #10097, 1000.000000000000000 ) ;
#1424 = DIRECTION ( 'NONE',  ( 0.000000000000000000, 0.000000000000000000, 1.000000000000000000 ) ) ;
#1425 = ORIENTED_EDGE ( 'NONE', *, *, #5434, .T. ) ;
#1426 = EDGE_CURVE ( 'NONE', #4248, #10565, #11305, .T. ) ;
#1427 = EDGE_CURVE ( 'NONE', #9342, #4602, #2488, .T. ) ;
#1428 = DIRECTION ( 'NONE',  ( -1.000000000000000000, -1.967058844685892396E-32, -8.031127203596331834E-17 ) ) ;
#1429 = CARTESIAN_POINT ( 'NONE',  ( 5.850000000000001421, 12.50000000000000000, 3.499999999999996891 ) ) ;
#1430 = PLANE ( 'NONE',  #11601 ) ;
#1431 = ORIENTED_EDGE ( 'NONE', *, *, #5726, .F. ) ;
#1432 = DIRECTION ( 'NONE',  ( 0.000000000000000000, 1.000000000000000000, 0.000000000000000000 ) ) ;
#1433 = LINE ( 'NONE', #5081, #4122 ) ;
#1434 = CARTESIAN_POINT ( 'NONE',  ( 18.55000000000000071, 0.000000000000000000, -7.659805675241814373E-15 ) ) ;
#1435 = CARTESIAN_POINT ( 'NONE',  ( 6.350000000000001421, 12.30000000000000249, -8.639603194080566470E-15 ) ) ;
#1436 = AXIS2_PLACEMENT_3D ( 'NONE', #9954, #7430, #6534 ) ;
#1437 = MECHANICAL_DESIGN_GEOMETRIC_PRESENTATION_REPRESENTATION (  '', ( #10638 ), #2392 ) ;
#1438 = ORIENTED_EDGE ( 'NONE', *, *, #4061, .F. ) ;
#1439 = ADVANCED_FACE ( 'NONE', ( #7278 ), #4388, .F. ) ;
#1440 = CARTESIAN_POINT ( 'NONE',  ( 8.850000000000003197, 5.900000000000003020, 2.999999999999994227 ) ) ;
#1441 = ORIENTED_EDGE ( 'NONE', *, *, #9528, .T. ) ;
#1442 = ORIENTED_EDGE ( 'NONE', *, *, #8631, .T. ) ;
#1443 = DIRECTION ( 'NONE',  ( -3.491481338843133355E-15, 0.000000000000000000, 1.000000000000000000 ) ) ;
#1444 = CIRCLE ( 'NONE', #5655, 3.500000000000001332 ) ;
#1445 = EDGE_LOOP ( 'NONE', ( #1890, #7132, #4409, #11476 ) ) ;
#1446 = CARTESIAN_POINT ( 'NONE',  ( 16.44999999999998508, 9.399999999999987921, -7.400000000000005684 ) ) ;
#1447 = ORIENTED_EDGE ( 'NONE', *, *, #6742, .F. ) ;
#1448 = PRODUCT_DEFINITION_CONTEXT ( 'detailed design', #6839, 'design' ) ;
#1449 = LINE ( 'NONE', #8644, #4572 ) ;
#1450 = DIRECTION ( 'NONE',  ( 8.031127203596330602E-17, -2.449293598294701484E-16, -1.000000000000000000 ) ) ;
#1451 = LINE ( 'NONE', #1625, #5090 ) ;
#1452 = FACE_OUTER_BOUND ( 'NONE', #2393, .T. ) ;
#1453 = CARTESIAN_POINT ( 'NONE',  ( -11.45000000000000462, 8.099999999999996092, 10.09999999999999787 ) ) ;
#1454 = AXIS2_PLACEMENT_3D ( 'NONE', #9025, #9870, #7110 ) ;
#1455 = EDGE_CURVE ( 'NONE', #10624, #6622, #946, .T. ) ;
#1456 = ORIENTED_EDGE ( 'NONE', *, *, #11435, .F. ) ;
#1457 = VECTOR ( 'NONE', #2223, 1000.000000000000000 ) ;
#1458 = EDGE_CURVE ( 'NONE', #10080, #11842, #3552, .T. ) ;
#1459 = VECTOR ( 'NONE', #6781, 1000.000000000000000 ) ;
#1460 = CARTESIAN_POINT ( 'NONE',  ( -20.69999999999999929, 5.900000000000002132, -2.999999999999997780 ) ) ;
#1461 = EDGE_LOOP ( 'NONE', ( #9939, #10159, #2172, #3599 ) ) ;
#1462 = VECTOR ( 'NONE', #9626, 1000.000000000000000 ) ;
#1463 = EDGE_CURVE ( 'NONE', #5982, #11067, #7222, .T. ) ;
#1464 = ADVANCED_FACE ( 'NONE', ( #8833 ), #1767, .F. ) ;
#1465 = FACE_BOUND ( 'NONE', #4552, .T. ) ;
#1466 = ORIENTED_EDGE ( 'NONE', *, *, #1107, .T. ) ;
#1467 = DIRECTION ( 'NONE',  ( -0.000000000000000000, -1.172110456741085828E-16, -1.000000000000000000 ) ) ;
#1468 = CYLINDRICAL_SURFACE ( 'NONE', #3360, 2.000000000000000000 ) ;
#1469 = AXIS2_PLACEMENT_3D ( 'NONE', #3764, #5699, #7493 ) ;
#1470 = DIRECTION ( 'NONE',  ( -0.000000000000000000, -0.000000000000000000, 1.000000000000000000 ) ) ;
#1471 = CARTESIAN_POINT ( 'NONE',  ( -11.09999999999999787, 9.400000000000002132, -4.249999999999998224 ) ) ;
#1472 = CARTESIAN_POINT ( 'NONE',  ( 17.39999999999999858, 5.900000000000003020, -2.000000000000010658 ) ) ;
#1473 = EDGE_CURVE ( 'NONE', #11364, #5367, #5354, .T. ) ;
#1474 = AXIS2_PLACEMENT_3D ( 'NONE', #9854, #1639, #5345 ) ;
#1475 = EDGE_CURVE ( 'NONE', #3758, #965, #204, .T. ) ;
#1476 = DIRECTION ( 'NONE',  ( -1.000000000000000000, 0.000000000000000000, -8.031127203596331834E-17 ) ) ;
#1477 = ORIENTED_EDGE ( 'NONE', *, *, #9461, .T. ) ;
#1478 = EDGE_CURVE ( 'NONE', #4631, #5236, #11498, .T. ) ;
#1479 = VECTOR ( 'NONE', #2920, 1000.000000000000000 ) ;
#1480 = ORIENTED_EDGE ( 'NONE', *, *, #4688, .F. ) ;
#1481 = CYLINDRICAL_SURFACE ( 'NONE', #11148, 3.500000000000000444 ) ;
#1482 = ORIENTED_EDGE ( 'NONE', *, *, #8788, .F. ) ;
#1483 = CARTESIAN_POINT ( 'NONE',  ( 20.69999999999999929, 0.5000000000000000000, 0.000000000000000000 ) ) ;
#1484 = CARTESIAN_POINT ( 'NONE',  ( -1.250000000000004663, 0.5000000000000000000, 10.09999999999999432 ) ) ;
#1485 = AXIS2_PLACEMENT_3D ( 'NONE', #1734, #4242, #11689 ) ;
#1486 = CARTESIAN_POINT ( 'NONE',  ( 5.850000000000001421, 13.38062289430519414, 2.796102558134450522 ) ) ;
#1487 = LINE ( 'NONE', #7599, #9521 ) ;
#1488 = DIRECTION ( 'NONE',  ( -3.869940249620702052E-32, 1.000000000000000000, 4.818676322157799347E-16 ) ) ;
#1489 = ADVANCED_FACE ( 'NONE', ( #860 ), #7936, .F. ) ;
#1490 = DIRECTION ( 'NONE',  ( 0.000000000000000000, 4.565061778886335030E-16, 1.000000000000000000 ) ) ;
#1491 = ORIENTED_EDGE ( 'NONE', *, *, #2271, .F. ) ;
#1492 = DIRECTION ( 'NONE',  ( 1.000000000000000000, -0.000000000000000000, 3.491481338843133355E-15 ) ) ;
#1493 = ORIENTED_EDGE ( 'NONE', *, *, #10117, .F. ) ;
#1494 = DIRECTION ( 'NONE',  ( -8.031127203596330602E-17, 0.000000000000000000, 1.000000000000000000 ) ) ;
#1495 = DIRECTION ( 'NONE',  ( 0.000000000000000000, 0.000000000000000000, 1.000000000000000000 ) ) ;
#1496 = CARTESIAN_POINT ( 'NONE',  ( -3.849999999999999201, 7.600000000000003197, -3.300000000000001155 ) ) ;
#1497 = DIRECTION ( 'NONE',  ( 0.000000000000000000, -0.000000000000000000, 1.000000000000000000 ) ) ;
#1498 = VERTEX_POINT ( 'NONE', #4444 ) ;
#1499 = CARTESIAN_POINT ( 'NONE',  ( 5.850000000000001421, 0.000000000000000000, 0.4999999999999896194 ) ) ;
#1500 = ORIENTED_EDGE ( 'NONE', *, *, #11361, .F. ) ;
#1501 = ORIENTED_EDGE ( 'NONE', *, *, #3925, .F. ) ;
#1502 = ORIENTED_EDGE ( 'NONE', *, *, #72, .F. ) ;
#1503 = DIRECTION ( 'NONE',  ( -1.000000000000000000, -1.967058844685892396E-32, -8.031127203596331834E-17 ) ) ;
#1504 = EDGE_LOOP ( 'NONE', ( #845, #10384, #1155, #492, #32, #9163, #1203 ) ) ;
#1505 = CARTESIAN_POINT ( 'NONE',  ( 19.55000000000000071, 12.50000000000000000, -3.500000000000013323 ) ) ;
#1506 = ORIENTED_EDGE ( 'NONE', *, *, #5927, .T. ) ;
#1507 = DIRECTION ( 'NONE',  ( -1.000000000000000000, 5.473822126268816683E-48, -8.031127203596331834E-17 ) ) ;
#1508 = CARTESIAN_POINT ( 'NONE',  ( -21.55000000000000071, 5.900000000000002132, -1.999999999999998224 ) ) ;
#1509 = DIRECTION ( 'NONE',  ( -1.000000000000000000, -0.000000000000000000, -8.031127203596330602E-17 ) ) ;
#1510 = FACE_OUTER_BOUND ( 'NONE', #8850, .T. ) ;
#1511 = ORIENTED_EDGE ( 'NONE', *, *, #1743, .F. ) ;
#1512 = FACE_OUTER_BOUND ( 'NONE', #7808, .T. ) ;
#1513 = ORIENTED_EDGE ( 'NONE', *, *, #7839, .T. ) ;
#1514 = CARTESIAN_POINT ( 'NONE',  ( 19.05000000000000071, 10.90000000000000213, -7.619650039223833312E-15 ) ) ;
#1515 = VERTEX_POINT ( 'NONE', #6268 ) ;
#1516 = PLANE ( 'NONE',  #7589 ) ;
#1517 = DIRECTION ( 'NONE',  ( -4.066575051493318340E-32, -1.000000000000000000, 1.172110456741085828E-16 ) ) ;
#1518 = FACE_OUTER_BOUND ( 'NONE', #6866, .T. ) ;
#1519 = DIRECTION ( 'NONE',  ( 0.000000000000000000, -0.000000000000000000, 1.000000000000000000 ) ) ;
#1520 = DIRECTION ( 'NONE',  ( 1.000000000000000000, -0.000000000000000000, -1.779203565104417621E-16 ) ) ;
#1521 = CIRCLE ( 'NONE', #6114, 1.999999999999999112 ) ;
#1522 = EDGE_CURVE ( 'NONE', #11266, #5982, #8895, .T. ) ;
#1523 = EDGE_CURVE ( 'NONE', #374, #1399, #8115, .T. ) ;
#1524 = DIRECTION ( 'NONE',  ( -1.000000000000000000, 0.000000000000000000, -8.031127203596331834E-17 ) ) ;
#1525 = AXIS2_PLACEMENT_3D ( 'NONE', #5962, #1410, #9681 ) ;
#1526 = VERTEX_POINT ( 'NONE', #11779 ) ;
#1527 = ORIENTED_EDGE ( 'NONE', *, *, #3541, .F. ) ;
#1528 = VECTOR ( 'NONE', #4682, 1000.000000000000000 ) ;
#1529 = EDGE_CURVE ( 'NONE', #10362, #4906, #7042, .T. ) ;
#1530 = CARTESIAN_POINT ( 'NONE',  ( 18.54999999999999716, 13.13100522817846283, 3.137350752173947654 ) ) ;
#1531 = ORIENTED_EDGE ( 'NONE', *, *, #9436, .T. ) ;
#1532 = DIRECTION ( 'NONE',  ( 1.000000000000000000, 0.000000000000000000, -1.224646799147353207E-16 ) ) ;
#1533 = AXIS2_PLACEMENT_3D ( 'NONE', #5959, #1173, #396 ) ;
#1534 = VECTOR ( 'NONE', #6669, 1000.000000000000000 ) ;
#1535 = EDGE_CURVE ( 'NONE', #8952, #8287, #4744, .T. ) ;
#1536 = VECTOR ( 'NONE', #4363, 1000.000000000000000 ) ;
#1537 = CARTESIAN_POINT ( 'NONE',  ( -17.39999999999999858, 2.500000000000002220, 7.400000000000005684 ) ) ;
#1538 = LINE ( 'NONE', #7048, #9512 ) ;
#1539 = DIRECTION ( 'NONE',  ( -1.000000000000000000, -1.967058844685892123E-32, -8.031127203596330602E-17 ) ) ;
#1540 = B_SPLINE_CURVE_WITH_KNOTS ( 'NONE', 3,
 ( #7133, #3464, #8031, #5381, #897, #1689 ),
 .UNSPECIFIED., .F., .F.,
 ( 4, 2, 4 ),
 ( 0.006592611942914234496, 0.007438203231751716778, 0.008283794520589199059 ),
 .UNSPECIFIED. ) ;
#1541 = ADVANCED_FACE ( 'NONE', ( #5474 ), #7514, .F. ) ;
#1542 = VECTOR ( 'NONE', #711, 1000.000000000000000 ) ;
#1543 = DIRECTION ( 'NONE',  ( 1.000000000000000000, -0.000000000000000000, 8.031127203596331834E-17 ) ) ;
#1544 = ORIENTED_EDGE ( 'NONE', *, *, #5627, .T. ) ;
#1545 = SURFACE_STYLE_FILL_AREA ( #11453 ) ;
#1546 = DIRECTION ( 'NONE',  ( 0.000000000000000000, 0.000000000000000000, -1.000000000000000000 ) ) ;
#1547 = ORIENTED_EDGE ( 'NONE', *, *, #6223, .F. ) ;
#1548 = EDGE_CURVE ( 'NONE', #4775, #9242, #5530, .T. ) ;
#1549 = PLANE ( 'NONE',  #8431 ) ;
#1550 = CARTESIAN_POINT ( 'NONE',  ( -5.849999999999997868, 13.50000000000000178, 2.000000000000000888 ) ) ;
#1551 = DIRECTION ( 'NONE',  ( 0.000000000000000000, -1.000000000000000000, 0.000000000000000000 ) ) ;
#1552 = DIRECTION ( 'NONE',  ( -1.000000000000000000, 0.000000000000000000, 1.257045997084642858E-16 ) ) ;
#1553 = ORIENTED_EDGE ( 'NONE', *, *, #2048, .T. ) ;
#1554 = VECTOR ( 'NONE', #1116, 1000.000000000000000 ) ;
#1555 = DIRECTION ( 'NONE',  ( 0.000000000000000000, 0.000000000000000000, -1.000000000000000000 ) ) ;
#1556 = VERTEX_POINT ( 'NONE', #2960 ) ;
#1557 = VERTEX_POINT ( 'NONE', #1887 ) ;
#1558 = LINE ( 'NONE', #5031, #5856 ) ;
#1559 = EDGE_LOOP ( 'NONE', ( #11536, #4759, #6347, #497 ) ) ;
#1560 = CARTESIAN_POINT ( 'NONE',  ( -18.54999999999999716, 13.50000000000000178, 2.000000000000000000 ) ) ;
#1561 = ORIENTED_EDGE ( 'NONE', *, *, #4596, .T. ) ;
#1562 = AXIS2_PLACEMENT_3D ( 'NONE', #8041, #10635, #4428 ) ;
#1563 = FILL_AREA_STYLE_COLOUR ( '', #5844 ) ;
#1564 = DIRECTION ( 'NONE',  ( -0.000000000000000000, 0.000000000000000000, -1.000000000000000000 ) ) ;
#1565 = PLANE ( 'NONE',  #1076 ) ;
#1566 = CARTESIAN_POINT ( 'NONE',  ( -7.799999999999998046, -3.999999999999999112, 5.599999999999996980 ) ) ;
#1567 = LINE ( 'NONE', #8094, #3526 ) ;
#1568 = CIRCLE ( 'NONE', #620, 0.2000000000000005107 ) ;
#1569 = EDGE_CURVE ( 'NONE', #7040, #1280, #6444, .T. ) ;
#1570 = VECTOR ( 'NONE', #9516, 1000.000000000000000 ) ;
#1571 = ORIENTED_EDGE ( 'NONE', *, *, #11425, .F. ) ;
#1572 = DIRECTION ( 'NONE',  ( 0.000000000000000000, -1.283079494065685941E-16, -1.000000000000000000 ) ) ;
#1573 = ORIENTED_EDGE ( 'NONE', *, *, #5468, .T. ) ;
#1574 = FACE_OUTER_BOUND ( 'NONE', #646, .T. ) ;
#1575 = ORIENTED_EDGE ( 'NONE', *, *, #9217, .F. ) ;
#1576 = CARTESIAN_POINT ( 'NONE',  ( -8.950000000000009948, 2.499999999999996003, -7.400000000000002132 ) ) ;
#1577 = CARTESIAN_POINT ( 'NONE',  ( -8.950000000000009948, 2.499999999999998668, -7.400000000000002132 ) ) ;
#1578 = ORIENTED_EDGE ( 'NONE', *, *, #5550, .T. ) ;
#1579 = EDGE_CURVE ( 'NONE', #4772, #7985, #11120, .T. ) ;
#1580 = CARTESIAN_POINT ( 'NONE',  ( 26.65000000000000568, 3.499999999999998668, 5.600000000000007638 ) ) ;
#1581 = DIRECTION ( 'NONE',  ( 0.000000000000000000, 1.000000000000000000, 0.000000000000000000 ) ) ;
#1582 = CARTESIAN_POINT ( 'NONE',  ( -3.849999999999995648, 2.499999999999998668, 7.400000000000002132 ) ) ;
#1583 = LINE ( 'NONE', #3317, #11384 ) ;
#1584 = ORIENTED_EDGE ( 'NONE', *, *, #7111, .F. ) ;
#1585 = ORIENTED_EDGE ( 'NONE', *, *, #11722, .F. ) ;
#1586 = DIRECTION ( 'NONE',  ( 0.000000000000000000, 1.000000000000000000, 2.282530889443167515E-16 ) ) ;
#1587 = EDGE_CURVE ( 'NONE', #2574, #1416, #981, .T. ) ;
#1588 = CARTESIAN_POINT ( 'NONE',  ( -8.349999999999999645, 12.45031130731456059, -0.5000000000000059952 ) ) ;
#1589 = VECTOR ( 'NONE', #9489, 1000.000000000000000 ) ;
#1590 = VERTEX_POINT ( 'NONE', #4622 ) ;
#1591 = DIRECTION ( 'NONE',  ( 0.000000000000000000, 0.000000000000000000, -1.000000000000000000 ) ) ;
#1592 = CARTESIAN_POINT ( 'NONE',  ( 18.55000000000000071, 13.50000000000000178, -2.385992799625914262 ) ) ;
#1593 = DIRECTION ( 'NONE',  ( 4.066575051493318340E-32, 1.000000000000000000, -1.172110456741085828E-16 ) ) ;
#1594 =( NAMED_UNIT ( * ) SI_UNIT ( $, .STERADIAN. ) SOLID_ANGLE_UNIT ( ) );
#1595 = APPLICATION_PROTOCOL_DEFINITION ( 'draft international standard', 'automotive_design', 1998, #11293 ) ;
#1596 = CIRCLE ( 'NONE', #8095, 2.000000000000000000 ) ;
#1597 = CARTESIAN_POINT ( 'NONE',  ( 0.000000000000000000, 0.5000000000000000000, -7.399999999999995914 ) ) ;
#1598 = EDGE_CURVE ( 'NONE', #6321, #2289, #9382, .T. ) ;
#1599 = EDGE_CURVE ( 'NONE', #4331, #4637, #1169, .T. ) ;
#1600 = VECTOR ( 'NONE', #7182, 1000.000000000000000 ) ;
#1601 = CYLINDRICAL_SURFACE ( 'NONE', #8634, 0.2000000000000005107 ) ;
#1602 = EDGE_CURVE ( 'NONE', #9074, #9879, #9195, .T. ) ;
#1603 = EDGE_CURVE ( 'NONE', #5504, #1556, #6562, .T. ) ;
#1604 = ORIENTED_EDGE ( 'NONE', *, *, #2671, .F. ) ;
#1605 = CARTESIAN_POINT ( 'NONE',  ( 8.000000000000000000, -3.450504516109082154, -7.400000000000004796 ) ) ;
#1606 = DIRECTION ( 'NONE',  ( 0.000000000000000000, 0.000000000000000000, -1.000000000000000000 ) ) ;
#1607 = EDGE_LOOP ( 'NONE', ( #4823, #10289, #8276, #3694 ) ) ;
#1608 = DIRECTION ( 'NONE',  ( -0.000000000000000000, 1.000000000000000000, -0.000000000000000000 ) ) ;
#1609 = DIRECTION ( 'NONE',  ( -0.3236155771181863927, -0.8891264907159871500, 0.3236155771181863372 ) ) ;
#1610 = EDGE_CURVE ( 'NONE', #6841, #11246, #2840, .T. ) ;
#1611 = ADVANCED_FACE ( 'NONE', ( #10224 ), #11064, .F. ) ;
#1612 = CARTESIAN_POINT ( 'NONE',  ( -6.849999999999998757, 13.50000000000000178, 2.000000000000000888 ) ) ;
#1613 = TOROIDAL_SURFACE ( 'NONE', #1418, 3.000000000000000000, 0.5000000000000011102 ) ;
#1614 = ORIENTED_EDGE ( 'NONE', *, *, #1380, .F. ) ;
#1615 = ADVANCED_FACE ( 'NONE', ( #6679 ), #7658, .T. ) ;
#1616 = DIRECTION ( 'NONE',  ( -0.000000000000000000, -1.000000000000000000, -0.000000000000000000 ) ) ;
#1617 = VERTEX_POINT ( 'NONE', #5596 ) ;
#1618 = ORIENTED_EDGE ( 'NONE', *, *, #5079, .T. ) ;
#1619 = CARTESIAN_POINT ( 'NONE',  ( 1.600000000000004086, 24.33502884254439991, -4.250000000000007994 ) ) ;
#1620 = EDGE_LOOP ( 'NONE', ( #1386, #440, #10579, #1683, #7380, #9031, #859, #9590 ) ) ;
#1621 = DIRECTION ( 'NONE',  ( 0.000000000000000000, 0.000000000000000000, 1.000000000000000000 ) ) ;
#1622 = ORIENTED_EDGE ( 'NONE', *, *, #1598, .T. ) ;
#1623 = CARTESIAN_POINT ( 'NONE',  ( 16.54999999999999716, 5.900000000000003020, -2.000000000000011102 ) ) ;
#1624 = DIRECTION ( 'NONE',  ( -0.8191520442889935749, 0.5735764363510434949, -2.860054076310225049E-15 ) ) ;
#1625 = CARTESIAN_POINT ( 'NONE',  ( 8.849999999999999645, 2.499999999999998668, -5.600000000000006750 ) ) ;
#1626 = DIRECTION ( 'NONE',  ( -8.031127203596330602E-17, 0.000000000000000000, 1.000000000000000000 ) ) ;
#1627 = VECTOR ( 'NONE', #7598, 1000.000000000000000 ) ;
#1628 = CARTESIAN_POINT ( 'NONE',  ( -21.54999999999999716, 7.400000000000004796, 5.400000000000004796 ) ) ;
#1629 = VERTEX_POINT ( 'NONE', #9258 ) ;
#1630 = CARTESIAN_POINT ( 'NONE',  ( 8.000000000000000000, 2.499999999999998668, -5.600000000000006750 ) ) ;
#1631 = VECTOR ( 'NONE', #1319, 1000.000000000000000 ) ;
#1632 = ORIENTED_EDGE ( 'NONE', *, *, #2984, .T. ) ;
#1633 = COLOUR_RGB ( '',0.7921568627450980005, 0.8196078431372548767, 0.9333333333333333481 ) ;
#1634 = PLANE ( 'NONE',  #3644 ) ;
#1635 = EDGE_LOOP ( 'NONE', ( #4054, #7334, #3209, #7886, #3987, #7896, #10708, #11624 ) ) ;
#1636 = CARTESIAN_POINT ( 'NONE',  ( 21.55000000000000071, 3.499999999999998668, -5.400000000000012790 ) ) ;
#1637 = CARTESIAN_POINT ( 'NONE',  ( -6.850000000000001421, 13.50000000000000178, -2.385992799625904492 ) ) ;
#1638 = ORIENTED_EDGE ( 'NONE', *, *, #2039, .F. ) ;
#1639 = DIRECTION ( 'NONE',  ( 1.000000000000000000, -0.000000000000000000, 8.031127203596330602E-17 ) ) ;
#1640 = DIRECTION ( 'NONE',  ( -8.031127203596330602E-17, -4.818676322157799347E-16, 1.000000000000000000 ) ) ;
#1641 = DIRECTION ( 'NONE',  ( -4.066575051493318340E-32, -1.000000000000000000, 0.000000000000000000 ) ) ;
#1642 = VECTOR ( 'NONE', #7610, 1000.000000000000000 ) ;
#1643 = PLANE ( 'NONE',  #10615 ) ;
#1644 = VECTOR ( 'NONE', #10849, 1000.000000000000000 ) ;
#1645 = VERTEX_POINT ( 'NONE', #3902 ) ;
#1646 = AXIS2_PLACEMENT_3D ( 'NONE', #3955, #7628, #6843 ) ;
#1647 = ORIENTED_EDGE ( 'NONE', *, *, #932, .F. ) ;
#1648 =( GEOMETRIC_REPRESENTATION_CONTEXT ( 3 ) GLOBAL_UNCERTAINTY_ASSIGNED_CONTEXT ( ( #6656 ) ) GLOBAL_UNIT_ASSIGNED_CONTEXT ( ( #11072, #11678, #987 ) ) REPRESENTATION_CONTEXT ( 'NONE', 'WORKASPACE' ) );
#1649 = EDGE_LOOP ( 'NONE', ( #10139, #4172, #3061, #2091 ) ) ;
#1650 = CARTESIAN_POINT ( 'NONE',  ( 8.850000000000003197, 7.400000000000004796, 5.399999999999995914 ) ) ;
#1651 = AXIS2_PLACEMENT_3D ( 'NONE', #1566, #3247, #4139 ) ;
#1652 = LINE ( 'NONE', #1710, #3105 ) ;
#1653 = ORIENTED_EDGE ( 'NONE', *, *, #1791, .F. ) ;
#1654 = AXIS2_PLACEMENT_3D ( 'NONE', #2479, #4328, #11659 ) ;
#1655 = CARTESIAN_POINT ( 'NONE',  ( -6.849999999999998757, 12.45031130731456059, 2.000000000000000888 ) ) ;
#1656 = PRESENTATION_LAYER_ASSIGNMENT (  '', '', ( #3710 ) ) ;
#1657 = DIRECTION ( 'NONE',  ( 0.000000000000000000, -1.000000000000000000, 0.000000000000000000 ) ) ;
#1658 = COLOUR_RGB ( '',0.7921568627450980005, 0.8196078431372548767, 0.9333333333333333481 ) ;
#1659 = CARTESIAN_POINT ( 'NONE',  ( -19.54999999999999716, 12.77419949981266711, 3.374625525598780484 ) ) ;
#1660 = VECTOR ( 'NONE', #5193, 1000.000000000000000 ) ;
#1661 = DIRECTION ( 'NONE',  ( 0.000000000000000000, 0.000000000000000000, -1.000000000000000000 ) ) ;
#1662 = CARTESIAN_POINT ( 'NONE',  ( -26.65000000000000213, 0.5000000000000000000, -9.500000000000001776 ) ) ;
#1663 = ADVANCED_FACE ( 'NONE', ( #7456 ), #919, .F. ) ;
#1664 = VECTOR ( 'NONE', #3511, 1000.000000000000000 ) ;
#1665 = PLANE ( 'NONE',  #1414 ) ;
#1666 = LINE ( 'NONE', #3504, #1721 ) ;
#1667 = ORIENTED_EDGE ( 'NONE', *, *, #7537, .T. ) ;
#1668 = VECTOR ( 'NONE', #2394, 1000.000000000000000 ) ;
#1669 = FACE_OUTER_BOUND ( 'NONE', #10609, .T. ) ;
#1670 = ORIENTED_EDGE ( 'NONE', *, *, #3338, .T. ) ;
#1671 = EDGE_CURVE ( 'NONE', #5367, #563, #8235, .T. ) ;
#1672 = DIRECTION ( 'NONE',  ( 0.000000000000000000, -1.000000000000000000, 0.000000000000000000 ) ) ;
#1673 = LINE ( 'NONE', #8080, #9894 ) ;
#1674 = ADVANCED_FACE ( 'NONE', ( #34 ), #3845, .T. ) ;
#1675 = CARTESIAN_POINT ( 'NONE',  ( -6.849999999999998757, 12.45031130731456059, -1.999999999999999112 ) ) ;
#1676 = EDGE_CURVE ( 'NONE', #4745, #8025, #7640, .T. ) ;
#1677 = EDGE_CURVE ( 'NONE', #1698, #5024, #4989, .T. ) ;
#1678 = ORIENTED_EDGE ( 'NONE', *, *, #5404, .T. ) ;
#1679 = CARTESIAN_POINT ( 'NONE',  ( -8.849999999999996092, 7.300000000000002487, 2.999999999999999112 ) ) ;
#1680 = ORIENTED_EDGE ( 'NONE', *, *, #3133, .T. ) ;
#1681 = ADVANCED_FACE ( 'NONE', ( #8595 ), #4924, .T. ) ;
#1682 = EDGE_CURVE ( 'NONE', #7413, #3858, #6010, .T. ) ;
#1683 = ORIENTED_EDGE ( 'NONE', *, *, #4064, .F. ) ;
#1684 = SURFACE_SIDE_STYLE ('',( #1860 ) ) ;
#1685 = ORIENTED_EDGE ( 'NONE', *, *, #10663, .F. ) ;
#1686 = LINE ( 'NONE', #7015, #8039 ) ;
#1687 = ORIENTED_EDGE ( 'NONE', *, *, #5543, .T. ) ;
#1688 = ADVANCED_FACE ( 'NONE', ( #2187 ), #9558, .F. ) ;
#1689 = CARTESIAN_POINT ( 'NONE',  ( -5.849999999999997868, 12.50000000000000000, 3.447142787940709940 ) ) ;
#1690 = CARTESIAN_POINT ( 'NONE',  ( -18.54999999999999716, 0.000000000000000000, 0.5000000000000017764 ) ) ;
#1691 = FACE_OUTER_BOUND ( 'NONE', #5217, .T. ) ;
#1692 = CARTESIAN_POINT ( 'NONE',  ( -19.04999999999999716, 12.30000000000000071, 0.000000000000000000 ) ) ;
#1693 = EDGE_CURVE ( 'NONE', #9427, #5945, #6854, .T. ) ;
#1694 = VERTEX_POINT ( 'NONE', #7817 ) ;
#1695 = PLANE ( 'NONE',  #613 ) ;
#1696 = ORIENTED_EDGE ( 'NONE', *, *, #8739, .T. ) ;
#1697 = CARTESIAN_POINT ( 'NONE',  ( -6.849999999999998757, 13.50000000000000178, -1.999999999999999112 ) ) ;
#1698 = VERTEX_POINT ( 'NONE', #3969 ) ;
#1699 = CARTESIAN_POINT ( 'NONE',  ( -21.55000000000000071, 7.400000000000003020, -5.400000000000000355 ) ) ;
#1700 = LINE ( 'NONE', #909, #5546 ) ;
#1701 = ORIENTED_EDGE ( 'NONE', *, *, #151, .T. ) ;
#1702 = CARTESIAN_POINT ( 'NONE',  ( 6.350000000000001421, -3.358379542590069988, 1.999999999999991340 ) ) ;
#1703 = PLANE ( 'NONE',  #11103 ) ;
#1704 = DIRECTION ( 'NONE',  ( -8.031127203596330602E-17, 2.449293598294701484E-16, 1.000000000000000000 ) ) ;
#1705 = EDGE_CURVE ( 'NONE', #8952, #8540, #8708, .T. ) ;
#1706 = DIRECTION ( 'NONE',  ( 0.000000000000000000, 0.000000000000000000, -1.000000000000000000 ) ) ;
#1707 = VERTEX_POINT ( 'NONE', #4144 ) ;
#1708 = ORIENTED_EDGE ( 'NONE', *, *, #4278, .F. ) ;
#1709 = CARTESIAN_POINT ( 'NONE',  ( -4.699999999999995737, -3.450504516109081710, 5.499999999999992006 ) ) ;
#1710 = CARTESIAN_POINT ( 'NONE',  ( -24.15000000000000568, 22.60000000000000142, 12.09999999999999964 ) ) ;
#1711 = ORIENTED_EDGE ( 'NONE', *, *, #7425, .T. ) ;
#1712 = DIRECTION ( 'NONE',  ( 0.000000000000000000, 0.000000000000000000, 1.000000000000000000 ) ) ;
#1713 = DIRECTION ( 'NONE',  ( 1.000000000000000000, 0.000000000000000000, 8.031127203596330602E-17 ) ) ;
#1714 = CARTESIAN_POINT ( 'NONE',  ( 21.04999999999999716, 13.50000000000000178, 0.4999999999999992784 ) ) ;
#1715 = VECTOR ( 'NONE', #328, 1000.000000000000000 ) ;
#1716 = CARTESIAN_POINT ( 'NONE',  ( -19.04999999999999716, 12.50000000000000000, 0.000000000000000000 ) ) ;
#1717 = PLANE ( 'NONE',  #7373 ) ;
#1718 = DIRECTION ( 'NONE',  ( 0.000000000000000000, 1.000000000000000000, 2.282530889443167022E-16 ) ) ;
#1719 = VECTOR ( 'NONE', #8628, 1000.000000000000000 ) ;
#1720 = ORIENTED_EDGE ( 'NONE', *, *, #11631, .F. ) ;
#1721 = VECTOR ( 'NONE', #2502, 1000.000000000000000 ) ;
#1722 = VECTOR ( 'NONE', #5585, 1000.000000000000227 ) ;
#1723 = DIRECTION ( 'NONE',  ( 8.031127203596330602E-17, -4.818676322157799347E-16, -1.000000000000000000 ) ) ;
#1724 = ORIENTED_EDGE ( 'NONE', *, *, #6434, .F. ) ;
#1725 = AXIS2_PLACEMENT_3D ( 'NONE', #4901, #6833, #8573 ) ;
#1726 = DIRECTION ( 'NONE',  ( -1.000000000000000000, 0.000000000000000000, -8.031127203596330602E-17 ) ) ;
#1727 = EDGE_LOOP ( 'NONE', ( #1000, #1993, #8236, #6549 ) ) ;
#1728 = EDGE_CURVE ( 'NONE', #11522, #2880, #11478, .T. ) ;
#1729 = CARTESIAN_POINT ( 'NONE',  ( 6.350000000000001421, 9.400000000000002132, -8.639603194080566470E-15 ) ) ;
#1730 = DIRECTION ( 'NONE',  ( 0.000000000000000000, 1.000000000000000000, 0.000000000000000000 ) ) ;
#1731 = CARTESIAN_POINT ( 'NONE',  ( 6.350000000000001421, 10.90000000000000036, -2.000000000000007994 ) ) ;
#1732 = CIRCLE ( 'NONE', #963, 3.500000000000000000 ) ;
#1733 = ORIENTED_EDGE ( 'NONE', *, *, #8927, .F. ) ;
#1734 = CARTESIAN_POINT ( 'NONE',  ( 6.350000000000001421, -3.358379542590069988, -8.639603194080566470E-15 ) ) ;
#1735 = ORIENTED_EDGE ( 'NONE', *, *, #3348, .F. ) ;
#1736 = VERTEX_POINT ( 'NONE', #564 ) ;
#1737 = VECTOR ( 'NONE', #768, 1000.000000000000000 ) ;
#1738 = DIRECTION ( 'NONE',  ( 0.000000000000000000, 0.000000000000000000, 1.000000000000000000 ) ) ;
#1739 = ORIENTED_EDGE ( 'NONE', *, *, #744, .T. ) ;
#1740 = DIRECTION ( 'NONE',  ( -8.031127203596330602E-17, 0.000000000000000000, 1.000000000000000000 ) ) ;
#1741 = CARTESIAN_POINT ( 'NONE',  ( 3.749999999999989342, 2.499999999999992006, -7.400000000000006573 ) ) ;
#1742 = EDGE_LOOP ( 'NONE', ( #9729, #10065, #11437, #11816 ) ) ;
#1743 = EDGE_CURVE ( 'NONE', #8659, #795, #7871, .T. ) ;
#1744 = CARTESIAN_POINT ( 'NONE',  ( -26.65000000000000213, 22.60000000000000142, -9.500000000000001776 ) ) ;
#1745 = DIRECTION ( 'NONE',  ( -8.031127203596330602E-17, 0.000000000000000000, 1.000000000000000000 ) ) ;
#1746 = DIRECTION ( 'NONE',  ( 0.5735764363510434949, -0.8191520442889935749, 2.048696077133022160E-15 ) ) ;
#1747 = EDGE_CURVE ( 'NONE', #7926, #5520, #11535, .T. ) ;
#1748 = ORIENTED_EDGE ( 'NONE', *, *, #8070, .T. ) ;
#1749 = EDGE_CURVE ( 'NONE', #11419, #4403, #9501, .T. ) ;
#1750 = FACE_OUTER_BOUND ( 'NONE', #6951, .T. ) ;
#1751 = ORIENTED_EDGE ( 'NONE', *, *, #11504, .T. ) ;
#1752 = VECTOR ( 'NONE', #1291, 1000.000000000000000 ) ;
#1753 = LINE ( 'NONE', #2705, #10371 ) ;
#1754 = ORIENTED_EDGE ( 'NONE', *, *, #4300, .T. ) ;
#1755 = DIRECTION ( 'NONE',  ( -8.031127203596331834E-17, 3.097720492815726673E-16, 1.000000000000000000 ) ) ;
#1756 = CARTESIAN_POINT ( 'NONE',  ( -19.04999999999999716, 3.650000000000002132, 0.000000000000000000 ) ) ;
#1757 = ORIENTED_EDGE ( 'NONE', *, *, #4215, .F. ) ;
#1758 = AXIS2_PLACEMENT_3D ( 'NONE', #8769, #3200, #7642 ) ;
#1759 = EDGE_CURVE ( 'NONE', #5534, #2812, #1345, .T. ) ;
#1760 = ADVANCED_FACE ( 'NONE', ( #1224 ), #10578, .F. ) ;
#1761 = PLANE ( 'NONE',  #523 ) ;
#1762 = CARTESIAN_POINT ( 'NONE',  ( -26.65000000000000213, 22.60000000000000142, 12.09999999999999964 ) ) ;
#1763 = DIRECTION ( 'NONE',  ( 1.000000000000000000, -0.000000000000000000, -1.779203565104417621E-16 ) ) ;
#1764 = DIRECTION ( 'NONE',  ( 1.000000000000000000, 0.000000000000000000, -0.000000000000000000 ) ) ;
#1765 = ORIENTED_EDGE ( 'NONE', *, *, #6212, .F. ) ;
#1766 = ORIENTED_EDGE ( 'NONE', *, *, #10778, .T. ) ;
#1767 = PLANE ( 'NONE',  #5935 ) ;
#1768 = EDGE_CURVE ( 'NONE', #1698, #9402, #4081, .T. ) ;
#1769 = CARTESIAN_POINT ( 'NONE',  ( 19.05000000000000071, 3.650000000000002132, -7.619650039223833312E-15 ) ) ;
#1770 = CIRCLE ( 'NONE', #4047, 2.000000000000000000 ) ;
#1771 = ORIENTED_EDGE ( 'NONE', *, *, #10161, .F. ) ;
#1772 = CARTESIAN_POINT ( 'NONE',  ( -18.54999999999999361, 12.50000000000000000, 3.500000000000005773 ) ) ;
#1773 = CARTESIAN_POINT ( 'NONE',  ( 21.55000000000000071, 7.400000000000004796, -5.400000000000012790 ) ) ;
#1774 = CARTESIAN_POINT ( 'NONE',  ( 20.70000000000000284, -4.000000000000000000, 7.199999999999989519 ) ) ;
#1775 = DIRECTION ( 'NONE',  ( -3.571792610879097845E-15, 0.000000000000000000, 1.000000000000000000 ) ) ;
#1776 = CARTESIAN_POINT ( 'NONE',  ( 3.850000000000002753, 7.400000000000004796, 5.399999999999995914 ) ) ;
#1777 = LINE ( 'NONE', #9147, #7922 ) ;
#1778 = ORIENTED_EDGE ( 'NONE', *, *, #10769, .F. ) ;
#1779 = DIRECTION ( 'NONE',  ( 0.000000000000000000, 0.000000000000000000, 1.000000000000000000 ) ) ;
#1780 = ORIENTED_EDGE ( 'NONE', *, *, #1175, .F. ) ;
#1781 = AXIS2_PLACEMENT_3D ( 'NONE', #9377, #5830, #9254 ) ;
#1782 = FACE_OUTER_BOUND ( 'NONE', #9304, .T. ) ;
#1783 = ORIENTED_EDGE ( 'NONE', *, *, #941, .F. ) ;
#1784 = EDGE_CURVE ( 'NONE', #2349, #10808, #5049, .T. ) ;
#1785 = DIRECTION ( 'NONE',  ( 0.000000000000000000, 0.000000000000000000, 1.000000000000000000 ) ) ;
#1786 = LINE ( 'NONE', #9095, #11812 ) ;
#1787 = CARTESIAN_POINT ( 'NONE',  ( -6.349999999999997868, 24.33502884254439991, 2.000000000000001776 ) ) ;
#1788 = ORIENTED_EDGE ( 'NONE', *, *, #11845, .F. ) ;
#1789 = AXIS2_PLACEMENT_3D ( 'NONE', #942, #5498, #2923 ) ;
#1790 = EDGE_CURVE ( 'NONE', #4368, #9102, #2134, .T. ) ;
#1791 = EDGE_CURVE ( 'NONE', #9242, #881, #8536, .T. ) ;
#1792 = DIRECTION ( 'NONE',  ( 0.000000000000000000, 0.000000000000000000, 1.000000000000000000 ) ) ;
#1793 = ORIENTED_EDGE ( 'NONE', *, *, #8037, .T. ) ;
#1794 = ORIENTED_EDGE ( 'NONE', *, *, #5790, .T. ) ;
#1795 = CARTESIAN_POINT ( 'NONE',  ( 20.70000000000000284, 7.500000000000002665, 7.399999999999987921 ) ) ;
#1796 = ORIENTED_EDGE ( 'NONE', *, *, #9423, .T. ) ;
#1797 = DIRECTION ( 'NONE',  ( 1.779203565104417621E-16, 1.548860246407864076E-16, 1.000000000000000000 ) ) ;
#1798 = DIRECTION ( 'NONE',  ( 0.000000000000000000, -1.000000000000000000, 0.000000000000000000 ) ) ;
#1799 = EDGE_LOOP ( 'NONE', ( #10158, #6425 ) ) ;
#1800 = DIRECTION ( 'NONE',  ( -3.491481338843133355E-15, 0.000000000000000000, 1.000000000000000000 ) ) ;
#1801 = DIRECTION ( 'NONE',  ( 1.000000000000000000, -1.967058844685892123E-32, 8.031127203596330602E-17 ) ) ;
#1802 = VECTOR ( 'NONE', #10589, 1000.000000000000000 ) ;
#1803 = FACE_OUTER_BOUND ( 'NONE', #1125, .T. ) ;
#1804 = DIRECTION ( 'NONE',  ( -8.031127203596331834E-17, 0.000000000000000000, 1.000000000000000000 ) ) ;
#1805 = ADVANCED_FACE ( 'NONE', ( #10403 ), #2587, .F. ) ;
#1806 = VERTEX_POINT ( 'NONE', #6252 ) ;
#1807 = CARTESIAN_POINT ( 'NONE',  ( -19.54999999999999716, 11.40000000000000391, -0.5000000000000000000 ) ) ;
#1808 = VERTEX_POINT ( 'NONE', #2417 ) ;
#1809 = DIRECTION ( 'NONE',  ( 0.000000000000000000, 0.000000000000000000, 1.000000000000000000 ) ) ;
#1810 = ORIENTED_EDGE ( 'NONE', *, *, #2940, .T. ) ;
#1811 = LINE ( 'NONE', #24, #10059 ) ;
#1812 = DIRECTION ( 'NONE',  ( 0.000000000000000000, -0.5735764363510434949, -0.8191520442889935749 ) ) ;
#1813 = ORIENTED_EDGE ( 'NONE', *, *, #11506, .T. ) ;
#1814 = DIRECTION ( 'NONE',  ( -3.571792610879097845E-15, 0.000000000000000000, 1.000000000000000000 ) ) ;
#1815 = FACE_OUTER_BOUND ( 'NONE', #267, .T. ) ;
#1816 = FACE_OUTER_BOUND ( 'NONE', #7136, .T. ) ;
#1817 = DIRECTION ( 'NONE',  ( 2.040851148208008491E-16, 1.172110456741085828E-16, 1.000000000000000000 ) ) ;
#1818 = EDGE_CURVE ( 'NONE', #6702, #8620, #7298, .T. ) ;
#1819 = DIRECTION ( 'NONE',  ( 3.571792610879097845E-15, 0.000000000000000000, -1.000000000000000000 ) ) ;
#1820 = VECTOR ( 'NONE', #186, 1000.000000000000000 ) ;
#1821 = ORIENTED_EDGE ( 'NONE', *, *, #6742, .T. ) ;
#1822 = VECTOR ( 'NONE', #2995, 1000.000000000000000 ) ;
#1823 = VECTOR ( 'NONE', #4722, 1000.000000000000000 ) ;
#1824 = EDGE_CURVE ( 'NONE', #9213, #4373, #10748, .T. ) ;
#1825 = ORIENTED_EDGE ( 'NONE', *, *, #1587, .T. ) ;
#1826 = CARTESIAN_POINT ( 'NONE',  ( 10.60000000000000142, 24.33502884254439991, -4.750000000000009770 ) ) ;
#1827 = ORIENTED_EDGE ( 'NONE', *, *, #528, .T. ) ;
#1828 = ORIENTED_EDGE ( 'NONE', *, *, #3367, .F. ) ;
#1829 = CARTESIAN_POINT ( 'NONE',  ( -24.15000000000000568, 2.499999999999998668, -7.400000000000000355 ) ) ;
#1830 = ORIENTED_EDGE ( 'NONE', *, *, #9085, .T. ) ;
#1831 = DIRECTION ( 'NONE',  ( -1.000000000000000000, 0.000000000000000000, 0.000000000000000000 ) ) ;
#1832 = EDGE_CURVE ( 'NONE', #902, #3967, #3416, .T. ) ;
#1833 = EDGE_CURVE ( 'NONE', #9102, #5534, #9788, .T. ) ;
#1834 = DIRECTION ( 'NONE',  ( 0.000000000000000000, 0.000000000000000000, 1.000000000000000000 ) ) ;
#1835 = CARTESIAN_POINT ( 'NONE',  ( -14.79999999999999716, 9.400000000000002132, 4.249999999999999112 ) ) ;
#1836 = AXIS2_PLACEMENT_3D ( 'NONE', #10528, #5116, #3145 ) ;
#1837 = AXIS2_PLACEMENT_3D ( 'NONE', #5368, #1001, #10898 ) ;
#1838 = PRESENTATION_STYLE_ASSIGNMENT (( #102 ) ) ;
#1839 = AXIS2_PLACEMENT_3D ( 'NONE', #1154, #3833, #7560 ) ;
#1840 = COLOUR_RGB ( '',0.7921568627450980005, 0.8196078431372548767, 0.9333333333333333481 ) ;
#1841 = ADVANCED_FACE ( 'NONE', ( #1512 ), #8098, .F. ) ;
#1842 = LINE ( 'NONE', #8300, #1041 ) ;
#1843 = ORIENTED_EDGE ( 'NONE', *, *, #2221, .F. ) ;
#1844 = AXIS2_PLACEMENT_3D ( 'NONE', #1434, #5139, #5930 ) ;
#1845 = VECTOR ( 'NONE', #9318, 1000.000000000000000 ) ;
#1846 = AXIS2_PLACEMENT_3D ( 'NONE', #9869, #5971, #9636 ) ;
#1847 = CARTESIAN_POINT ( 'NONE',  ( 10.60000000000000142, 10.90000000000000036, -4.750000000000007994 ) ) ;
#1848 = PRESENTATION_LAYER_ASSIGNMENT (  '', '', ( #11040 ) ) ;
#1849 = EDGE_LOOP ( 'NONE', ( #359, #9743, #8149, #1255 ) ) ;
#1850 = ORIENTED_EDGE ( 'NONE', *, *, #10669, .T. ) ;
#1851 = CARTESIAN_POINT ( 'NONE',  ( -17.76756326680565579, -4.460376291878594301, -7.032436733194337819 ) ) ;
#1852 = LINE ( 'NONE', #11084, #2247 ) ;
#1853 = ADVANCED_FACE ( 'NONE', ( #1750 ), #1695, .T. ) ;
#1854 = LINE ( 'NONE', #1787, #2373 ) ;
#1855 = EDGE_LOOP ( 'NONE', ( #8691, #8473, #6724, #2763, #1456, #5204, #6070, #405 ) ) ;
#1856 = CIRCLE ( 'NONE', #11620, 0.5000000000000004441 ) ;
#1857 = DIRECTION ( 'NONE',  ( 2.282859610154041239E-32, -1.000000000000000000, 1.283079494065685941E-16 ) ) ;
#1858 = VERTEX_POINT ( 'NONE', #1630 ) ;
#1859 = ORIENTED_EDGE ( 'NONE', *, *, #451, .F. ) ;
#1860 = SURFACE_STYLE_FILL_AREA ( #6471 ) ;
#1861 = LINE ( 'NONE', #3108, #3392 ) ;
#1862 = LINE ( 'NONE', #2930, #11317 ) ;
#1863 = CARTESIAN_POINT ( 'NONE',  ( -24.15000000000000568, 22.60000000000000142, -7.400000000000000355 ) ) ;
#1864 = ORIENTED_EDGE ( 'NONE', *, *, #4930, .F. ) ;
#1865 = CARTESIAN_POINT ( 'NONE',  ( -17.39999999999999503, 7.300000000000003375, 3.000000000000002665 ) ) ;
#1866 = FACE_OUTER_BOUND ( 'NONE', #6042, .T. ) ;
#1867 = DIRECTION ( 'NONE',  ( 0.000000000000000000, 0.000000000000000000, 1.000000000000000000 ) ) ;
#1868 = ORIENTED_EDGE ( 'NONE', *, *, #8485, .F. ) ;
#1869 = DIRECTION ( 'NONE',  ( 0.000000000000000000, 0.000000000000000000, 1.000000000000000000 ) ) ;
#1870 = ORIENTED_EDGE ( 'NONE', *, *, #7612, .F. ) ;
#1871 = CLOSED_SHELL ( 'NONE', ( #5244, #6292, #4662, #5317, #4814, #10706, #11839, #10063, #5047, #8987, #6870, #6528 ) ) ;
#1872 = LINE ( 'NONE', #966, #7505 ) ;
#1873 = VECTOR ( 'NONE', #7707, 1000.000000000000000 ) ;
#1874 = ORIENTED_EDGE ( 'NONE', *, *, #8847, .T. ) ;
#1875 = DIRECTION ( 'NONE',  ( -8.031127203596330602E-17, 4.818676322157799347E-16, 1.000000000000000000 ) ) ;
#1876 = ORIENTED_EDGE ( 'NONE', *, *, #8502, .F. ) ;
#1877 = LINE ( 'NONE', #2065, #10156 ) ;
#1878 = EDGE_LOOP ( 'NONE', ( #3111, #9260, #4664, #6391 ) ) ;
#1879 = FACE_OUTER_BOUND ( 'NONE', #2078, .T. ) ;
#1880 = DIRECTION ( 'NONE',  ( 3.491481338843133355E-15, 0.000000000000000000, -1.000000000000000000 ) ) ;
#1881 = DIRECTION ( 'NONE',  ( 0.000000000000000000, -1.000000000000000000, -1.285763445415553567E-15 ) ) ;
#1882 = CARTESIAN_POINT ( 'NONE',  ( 2.100000000000004530, 9.400000000000002132, 4.249999999999992895 ) ) ;
#1883 = CARTESIAN_POINT ( 'NONE',  ( -6.850000000000002309, 12.50000000000000000, 1.999999999999999112 ) ) ;
#1884 = VERTEX_POINT ( 'NONE', #5283 ) ;
#1885 = EDGE_LOOP ( 'NONE', ( #5380, #6325, #2565, #7756, #2171, #11183, #5493, #4159, #5953, #4268, #7580 ) ) ;
#1886 = ORIENTED_EDGE ( 'NONE', *, *, #6282, .T. ) ;
#1887 = CARTESIAN_POINT ( 'NONE',  ( -8.950000000000009948, 2.499999999999997780, 7.399999999999997691 ) ) ;
#1888 = ORIENTED_EDGE ( 'NONE', *, *, #9679, .T. ) ;
#1889 = CARTESIAN_POINT ( 'NONE',  ( 20.70000000000000284, 7.600000000000003197, 3.299999999999990052 ) ) ;
#1890 = ORIENTED_EDGE ( 'NONE', *, *, #4197, .T. ) ;
#1891 = DIRECTION ( 'NONE',  ( 0.3236155771181862817, -0.8891264907159871500, 0.3236155771181863372 ) ) ;
#1892 = PLANE ( 'NONE',  #10060 ) ;
#1893 = DIRECTION ( 'NONE',  ( 8.031127203596330602E-17, 0.000000000000000000, -1.000000000000000000 ) ) ;
#1894 = CARTESIAN_POINT ( 'NONE',  ( -19.54999999999999716, 13.50000000000000178, 2.244994432064365331 ) ) ;
#1895 = EDGE_CURVE ( 'NONE', #9122, #9787, #8946, .T. ) ;
#1896 = CARTESIAN_POINT ( 'NONE',  ( -6.849999999999998757, 12.45031130731456059, 2.000000000000000888 ) ) ;
#1897 = DIRECTION ( 'NONE',  ( -1.000000000000000000, 4.066575051493318340E-32, 0.000000000000000000 ) ) ;
#1898 = ORIENTED_EDGE ( 'NONE', *, *, #3528, .F. ) ;
#1899 = ADVANCED_FACE ( 'NONE', ( #6128 ), #9847, .F. ) ;
#1900 = EDGE_CURVE ( 'NONE', #3738, #5740, #9056, .T. ) ;
#1901 = LINE ( 'NONE', #3803, #5348 ) ;
#1902 = ORIENTED_EDGE ( 'NONE', *, *, #224, .F. ) ;
#1903 = ORIENTED_EDGE ( 'NONE', *, *, #1458, .T. ) ;
#1904 = EDGE_CURVE ( 'NONE', #4097, #8832, #5390, .T. ) ;
#1905 = EDGE_CURVE ( 'NONE', #9898, #8287, #844, .T. ) ;
#1906 = CARTESIAN_POINT ( 'NONE',  ( -3.849999999999995648, 2.499999999999998668, 7.400000000000002132 ) ) ;
#1907 = CARTESIAN_POINT ( 'NONE',  ( 21.65000000000000924, 9.399999999999989697, 7.399999999999987033 ) ) ;
#1908 = CYLINDRICAL_SURFACE ( 'NONE', #5610, 0.1999999999999996503 ) ;
#1909 = VECTOR ( 'NONE', #10365, 1000.000000000000000 ) ;
#1910 = CONICAL_SURFACE ( 'NONE', #3613, 2.000000000000000000, 0.7853981633974471688 ) ;
#1911 = EDGE_LOOP ( 'NONE', ( #2686, #2959, #1584, #4644, #10330, #1622, #10306, #4484, #1425 ) ) ;
#1912 = AXIS2_PLACEMENT_3D ( 'NONE', #3665, #391, #3198 ) ;
#1913 = CARTESIAN_POINT ( 'NONE',  ( -6.349999999999997868, 3.900000000000002576, 1.019953154856734144E-15 ) ) ;
#1914 = ORIENTED_EDGE ( 'NONE', *, *, #10705, .F. ) ;
#1915 = ADVANCED_FACE ( 'NONE', ( #11706 ), #10871, .F. ) ;
#1916 = ORIENTED_EDGE ( 'NONE', *, *, #9457, .F. ) ;
#1917 = DIRECTION ( 'NONE',  ( -4.066575051493318340E-32, -1.000000000000000000, 1.172110456741085828E-16 ) ) ;
#1918 = ORIENTED_EDGE ( 'NONE', *, *, #10047, .T. ) ;
#1919 = VECTOR ( 'NONE', #1118, 1000.000000000000000 ) ;
#1920 = CARTESIAN_POINT ( 'NONE',  ( -7.820945408350707062, -3.942452963515175490, 5.779054591649289030 ) ) ;
#1921 = CARTESIAN_POINT ( 'NONE',  ( -6.849999999999998757, 11.40000000000000391, -0.5000000000000025535 ) ) ;
#1922 = VERTEX_POINT ( 'NONE', #2469 ) ;
#1923 = CIRCLE ( 'NONE', #8618, 1.199999999999999956 ) ;
#1924 = CARTESIAN_POINT ( 'NONE',  ( -26.65000000000000213, 22.60000000000000142, 9.099999999999999645 ) ) ;
#1925 = AXIS2_PLACEMENT_3D ( 'NONE', #10513, #4249, #6063 ) ;
#1926 = CARTESIAN_POINT ( 'NONE',  ( -7.999999999999996447, -3.450504516109082598, 7.399999999999996803 ) ) ;
#1927 = CARTESIAN_POINT ( 'NONE',  ( -16.54999999999999361, 5.900000000000003020, 3.000000000000003109 ) ) ;
#1928 = PLANE ( 'NONE',  #11406 ) ;
#1929 = ORIENTED_EDGE ( 'NONE', *, *, #6016, .T. ) ;
#1930 = VECTOR ( 'NONE', #5076, 1000.000000000000000 ) ;
#1931 = DIRECTION ( 'NONE',  ( -1.000000000000000000, 0.000000000000000000, -0.000000000000000000 ) ) ;
#1932 = ORIENTED_EDGE ( 'NONE', *, *, #5793, .F. ) ;
#1933 = CARTESIAN_POINT ( 'NONE',  ( -19.04999999999999716, 12.50000000000000000, 0.000000000000000000 ) ) ;
#1934 = EDGE_LOOP ( 'NONE', ( #11782, #4001, #7773, #2709, #11303, #7008 ) ) ;
#1935 = DIRECTION ( 'NONE',  ( 0.000000000000000000, 1.000000000000000000, -1.283079494065685941E-16 ) ) ;
#1936 = ORIENTED_EDGE ( 'NONE', *, *, #10632, .F. ) ;
#1937 = DIRECTION ( 'NONE',  ( -0.000000000000000000, -0.000000000000000000, 1.000000000000000000 ) ) ;
#1938 = ORIENTED_EDGE ( 'NONE', *, *, #9284, .T. ) ;
#1939 = CARTESIAN_POINT ( 'NONE',  ( 8.000000000000003553, 7.400000000000004796, 5.599999999999996092 ) ) ;
#1940 = DIRECTION ( 'NONE',  ( 1.000000000000000000, -0.000000000000000000, 8.031127203596330602E-17 ) ) ;
#1941 = CARTESIAN_POINT ( 'NONE',  ( -8.350000000000003197, 13.50000000000000178, 0.4999999999999940603 ) ) ;
#1942 = CARTESIAN_POINT ( 'NONE',  ( -16.54999999999999716, 5.900000000000002132, -2.999999999999997780 ) ) ;
#1943 = VECTOR ( 'NONE', #4447, 1000.000000000000000 ) ;
#1944 = EDGE_CURVE ( 'NONE', #7030, #7351, #8453, .T. ) ;
#1945 = PLANE ( 'NONE',  #456 ) ;
#1946 = VERTEX_POINT ( 'NONE', #11648 ) ;
#1947 = CLOSED_SHELL ( 'NONE', ( #2370, #9580, #4646, #3215, #8052, #5482, #7625, #1286, #3390, #10175, #1760, #6798, #4455 ) ) ;
#1948 = ORIENTED_EDGE ( 'NONE', *, *, #1427, .T. ) ;
#1949 = DIRECTION ( 'NONE',  ( 2.282859610154041239E-32, -1.000000000000000000, 1.283079494065685941E-16 ) ) ;
#1950 = EDGE_LOOP ( 'NONE', ( #1369, #8101, #9057, #6795 ) ) ;
#1951 = VECTOR ( 'NONE', #6625, 1000.000000000000000 ) ;
#1952 = LINE ( 'NONE', #9442, #8831 ) ;
#1953 = EDGE_CURVE ( 'NONE', #6611, #5014, #6184, .T. ) ;
#1954 = ORIENTED_EDGE ( 'NONE', *, *, #1191, .F. ) ;
#1955 = CARTESIAN_POINT ( 'NONE',  ( -3.849999999999995648, 7.500000000000002665, 7.399999999999996803 ) ) ;
#1956 = DIRECTION ( 'NONE',  ( 0.000000000000000000, 0.000000000000000000, -1.000000000000000000 ) ) ;
#1957 = DIRECTION ( 'NONE',  ( 0.000000000000000000, 0.000000000000000000, -1.000000000000000000 ) ) ;
#1958 = DIRECTION ( 'NONE',  ( 1.000000000000000000, 0.000000000000000000, -0.000000000000000000 ) ) ;
#1959 = CARTESIAN_POINT ( 'NONE',  ( -21.54999999999999716, 7.300000000000003375, 3.000000000000002665 ) ) ;
#1960 = AXIS2_PLACEMENT_3D ( 'NONE', #5218, #6072, #10695 ) ;
#1961 = VECTOR ( 'NONE', #7115, 1000.000000000000000 ) ;
#1962 = LINE ( 'NONE', #5419, #10428 ) ;
#1963 = ORIENTED_EDGE ( 'NONE', *, *, #170, .F. ) ;
#1964 = EDGE_CURVE ( 'NONE', #4010, #364, #4040, .T. ) ;
#1965 = CIRCLE ( 'NONE', #2913, 1.999999999999999112 ) ;
#1966 = EDGE_CURVE ( 'NONE', #8586, #576, #11589, .T. ) ;
#1967 = DIRECTION ( 'NONE',  ( 1.000000000000000000, -0.000000000000000000, 8.031127203596331834E-17 ) ) ;
#1968 = VERTEX_POINT ( 'NONE', #5515 ) ;
#1969 = ORIENTED_EDGE ( 'NONE', *, *, #2480, .F. ) ;
#1970 = LINE ( 'NONE', #10957, #8150 ) ;
#1971 = LINE ( 'NONE', #5743, #10479 ) ;
#1972 = DIRECTION ( 'NONE',  ( 4.066575051493318340E-32, 1.000000000000000000, -1.172110456741085828E-16 ) ) ;
#1973 = EDGE_CURVE ( 'NONE', #5206, #2532, #8458, .T. ) ;
#1974 = ORIENTED_EDGE ( 'NONE', *, *, #6927, .F. ) ;
#1975 = ADVANCED_FACE ( 'NONE', ( #2942 ), #8330, .T. ) ;
#1976 = CARTESIAN_POINT ( 'NONE',  ( -8.849999999999999645, 7.300000000000003375, -3.000000000000002220 ) ) ;
#1977 = AXIS2_PLACEMENT_3D ( 'NONE', #6027, #3716, #11614 ) ;
#1978 = ORIENTED_EDGE ( 'NONE', *, *, #5079, .F. ) ;
#1979 = EDGE_LOOP ( 'NONE', ( #4129, #11081, #9984, #2353, #1843, #4517 ) ) ;
#1980 = ORIENTED_EDGE ( 'NONE', *, *, #11062, .F. ) ;
#1981 = LINE ( 'NONE', #1136, #1358 ) ;
#1982 = LINE ( 'NONE', #1741, #10444 ) ;
#1983 = EDGE_LOOP ( 'NONE', ( #2843, #6649, #7870, #2677 ) ) ;
#1984 = EDGE_CURVE ( 'NONE', #10548, #11245, #10017, .T. ) ;
#1985 = ADVANCED_FACE ( 'NONE', ( #7438 ), #9302, .F. ) ;
#1986 = PLANE ( 'NONE',  #11796 ) ;
#1987 = DIRECTION ( 'NONE',  ( 0.000000000000000000, 1.000000000000000000, 2.449293598294701484E-16 ) ) ;
#1988 = DIRECTION ( 'NONE',  ( 0.000000000000000000, 1.000000000000000000, 0.000000000000000000 ) ) ;
#1989 = CIRCLE ( 'NONE', #11177, 0.5000000000000013323 ) ;
#1990 = EDGE_CURVE ( 'NONE', #8958, #4499, #11099, .T. ) ;
#1991 = ORIENTED_EDGE ( 'NONE', *, *, #11181, .F. ) ;
#1992 = DIRECTION ( 'NONE',  ( -1.606225440719265627E-16, 0.000000000000000000, -1.000000000000000000 ) ) ;
#1993 = ORIENTED_EDGE ( 'NONE', *, *, #5864, .T. ) ;
#1994 = DIRECTION ( 'NONE',  ( 1.000000000000000000, -5.473822126268816683E-48, 8.031127203596331834E-17 ) ) ;
#1995 = LINE ( 'NONE', #1094, #9030 ) ;
#1996 = ORIENTED_EDGE ( 'NONE', *, *, #2672, .T. ) ;
#1997 = VECTOR ( 'NONE', #1476, 1000.000000000000000 ) ;
#1998 = CARTESIAN_POINT ( 'NONE',  ( 52.05000000000000426, 3.499999999999998668, 5.599999999999998757 ) ) ;
#1999 = EDGE_LOOP ( 'NONE', ( #3646, #1506, #3871, #910 ) ) ;
#2000 = CARTESIAN_POINT ( 'NONE',  ( 21.65000000000000213, 9.399999999999987921, -7.400000000000006573 ) ) ;
#2001 = ORIENTED_EDGE ( 'NONE', *, *, #735, .F. ) ;
#2002 = CARTESIAN_POINT ( 'NONE',  ( 19.05000000000000071, 3.900000000000002576, -2.000000000000007994 ) ) ;
#2003 = CARTESIAN_POINT ( 'NONE',  ( 6.850000000000004974, 13.50000000000000178, -2.385853457097448782 ) ) ;
#2004 = DIRECTION ( 'NONE',  ( -8.031127203596330602E-17, 0.000000000000000000, 1.000000000000000000 ) ) ;
#2005 = CARTESIAN_POINT ( 'NONE',  ( 11.44999999999999574, 44.34419462753220387, 12.09999999999999076 ) ) ;
#2006 = FACE_OUTER_BOUND ( 'NONE', #9441, .T. ) ;
#2007 = ORIENTED_EDGE ( 'NONE', *, *, #5389, .F. ) ;
#2008 = AXIS2_PLACEMENT_3D ( 'NONE', #916, #1764, #4383 ) ;
#2009 = VERTEX_POINT ( 'NONE', #3828 ) ;
#2010 = CARTESIAN_POINT ( 'NONE',  ( -6.849999999999998757, 11.40000000000000391, -0.4999999999999991673 ) ) ;
#2011 = VERTEX_POINT ( 'NONE', #10979 ) ;
#2012 = DIRECTION ( 'NONE',  ( 1.000000000000000000, -1.967058844685892396E-32, 8.031127203596331834E-17 ) ) ;
#2013 = ORIENTED_EDGE ( 'NONE', *, *, #9070, .T. ) ;
#2014 = DIRECTION ( 'NONE',  ( 1.000000000000000000, -1.967058844685892396E-32, 8.031127203596331834E-17 ) ) ;
#2015 = CARTESIAN_POINT ( 'NONE',  ( 8.350000000000003197, 13.50000000000000178, 0.4999999999999982792 ) ) ;
#2016 = CARTESIAN_POINT ( 'NONE',  ( -20.69999999999999929, 2.499999999999998668, -5.499999999999996447 ) ) ;
#2017 = DIRECTION ( 'NONE',  ( 0.000000000000000000, -1.000000000000000000, 0.000000000000000000 ) ) ;
#2018 = DIRECTION ( 'NONE',  ( 0.000000000000000000, -1.000000000000000000, 0.000000000000000000 ) ) ;
#2019 = DIRECTION ( 'NONE',  ( 0.000000000000000000, 0.000000000000000000, 1.000000000000000000 ) ) ;
#2020 = AXIS2_PLACEMENT_3D ( 'NONE', #11755, #4474, #2692 ) ;
#2021 = VECTOR ( 'NONE', #4253, 1000.000000000000000 ) ;
#2022 = CARTESIAN_POINT ( 'NONE',  ( -3.849999999999995648, 7.300000000000002487, 2.999999999999999556 ) ) ;
#2023 = EDGE_LOOP ( 'NONE', ( #7622, #11841, #4513, #3843 ) ) ;
#2024 = DIRECTION ( 'NONE',  ( 0.000000000000000000, 0.000000000000000000, -1.000000000000000000 ) ) ;
#2025 = VECTOR ( 'NONE', #3233, 1000.000000000000000 ) ;
#2026 = ORIENTED_EDGE ( 'NONE', *, *, #3367, .T. ) ;
#2027 = ORIENTED_EDGE ( 'NONE', *, *, #8563, .F. ) ;
#2028 = CARTESIAN_POINT ( 'NONE',  ( -47.67189334955345004, 2.500000000000002220, 7.400000000000005684 ) ) ;
#2029 = CARTESIAN_POINT ( 'NONE',  ( -7.999999999999996447, 0.5000000000000004441, 5.599999999999996092 ) ) ;
#2030 = CIRCLE ( 'NONE', #8907, 0.2000000000000005107 ) ;
#2031 = FACE_BOUND ( 'NONE', #605, .T. ) ;
#2032 = CIRCLE ( 'NONE', #1272, 1.999999999999999112 ) ;
#2033 = AXIS2_PLACEMENT_3D ( 'NONE', #1906, #6340, #6521 ) ;
#2034 = ORIENTED_EDGE ( 'NONE', *, *, #11445, .F. ) ;
#2035 = VECTOR ( 'NONE', #6796, 1000.000000000000227 ) ;
#2036 = VECTOR ( 'NONE', #8971, 1000.000000000000000 ) ;
#2037 = AXIS2_PLACEMENT_3D ( 'NONE', #11275, #3053, #6712 ) ;
#2038 = ORIENTED_EDGE ( 'NONE', *, *, #1818, .T. ) ;
#2039 = EDGE_CURVE ( 'NONE', #3408, #1127, #3647, .T. ) ;
#2040 = SURFACE_SIDE_STYLE ('',( #2992 ) ) ;
#2041 = VECTOR ( 'NONE', #9905, 1000.000000000000000 ) ;
#2042 = CARTESIAN_POINT ( 'NONE',  ( -5.849999999999997868, 12.50000000000000000, 2.000000000000000888 ) ) ;
#2043 = CARTESIAN_POINT ( 'NONE',  ( -8.349999999999999645, 13.50000000000000178, -0.5000000000000059952 ) ) ;
#2044 = DIRECTION ( 'NONE',  ( 0.000000000000000000, 0.000000000000000000, 1.000000000000000000 ) ) ;
#2045 = VERTEX_POINT ( 'NONE', #964 ) ;
#2046 = VECTOR ( 'NONE', #851, 1000.000000000000000 ) ;
#2047 =( NAMED_UNIT ( * ) SI_UNIT ( $, .STERADIAN. ) SOLID_ANGLE_UNIT ( ) );
#2048 = EDGE_CURVE ( 'NONE', #2973, #5097, #6481, .T. ) ;
#2049 = DIRECTION ( 'NONE',  ( 1.000000000000000000, 0.000000000000000000, 8.031127203596330602E-17 ) ) ;
#2050 = DIRECTION ( 'NONE',  ( 0.000000000000000000, 0.000000000000000000, 1.000000000000000000 ) ) ;
#2051 = ADVANCED_FACE ( 'NONE', ( #10140 ), #5578, .T. ) ;
#2052 = CARTESIAN_POINT ( 'NONE',  ( -24.15000000000000568, 2.499999999999998668, -7.400000000000000355 ) ) ;
#2053 = VECTOR ( 'NONE', #2224, 1000.000000000000000 ) ;
#2054 = ORIENTED_EDGE ( 'NONE', *, *, #11717, .T. ) ;
#2055 = EDGE_CURVE ( 'NONE', #8897, #7141, #9241, .T. ) ;
#2056 = EDGE_CURVE ( 'NONE', #3381, #4993, #6735, .T. ) ;
#2057 = CARTESIAN_POINT ( 'NONE',  ( -10.59999999999999787, 10.90000000000000036, 4.249999999999999112 ) ) ;
#2058 = ORIENTED_EDGE ( 'NONE', *, *, #6703, .T. ) ;
#2059 = CARTESIAN_POINT ( 'NONE',  ( -24.15000000000000568, 9.400000000000002132, -7.400000000000000355 ) ) ;
#2060 = DIRECTION ( 'NONE',  ( 0.000000000000000000, 1.000000000000000000, -2.449293598294701484E-16 ) ) ;
#2061 = EDGE_CURVE ( 'NONE', #10104, #6321, #10081, .T. ) ;
#2062 = ORIENTED_EDGE ( 'NONE', *, *, #3428, .T. ) ;
#2063 = DIRECTION ( 'NONE',  ( -1.000000000000000000, 0.000000000000000000, -8.031127203596330602E-17 ) ) ;
#2064 = ORIENTED_EDGE ( 'NONE', *, *, #10308, .T. ) ;
#2065 = CARTESIAN_POINT ( 'NONE',  ( 3.749999999999989342, 9.399999999999991473, -7.400000000000007461 ) ) ;
#2066 = VERTEX_POINT ( 'NONE', #4603 ) ;
#2067 = VECTOR ( 'NONE', #1555, 1000.000000000000000 ) ;
#2068 = DIRECTION ( 'NONE',  ( -1.000000000000000000, -1.967058844685892123E-32, -8.031127203596330602E-17 ) ) ;
#2069 = DIRECTION ( 'NONE',  ( -1.606225440719265381E-16, 0.000000000000000000, -1.000000000000000000 ) ) ;
#2070 = DIRECTION ( 'NONE',  ( 0.000000000000000000, 0.000000000000000000, 1.000000000000000000 ) ) ;
#2071 = FACE_OUTER_BOUND ( 'NONE', #4318, .T. ) ;
#2072 = EDGE_CURVE ( 'NONE', #2963, #10346, #427, .T. ) ;
#2073 = ORIENTED_EDGE ( 'NONE', *, *, #10601, .T. ) ;
#2074 = CARTESIAN_POINT ( 'NONE',  ( 24.15000000000000568, 0.5000000000000000000, -8.600000000000003197 ) ) ;
#2075 = ORIENTED_EDGE ( 'NONE', *, *, #11793, .F. ) ;
#2076 = VERTEX_POINT ( 'NONE', #3702 ) ;
#2077 = DIRECTION ( 'NONE',  ( 0.000000000000000000, 1.000000000000000000, 0.000000000000000000 ) ) ;
#2078 = EDGE_LOOP ( 'NONE', ( #9902, #5141, #10909, #7025 ) ) ;
#2079 = LINE ( 'NONE', #8477, #8648 ) ;
#2080 = ORIENTED_EDGE ( 'NONE', *, *, #7238, .F. ) ;
#2081 = FACE_OUTER_BOUND ( 'NONE', #6911, .T. ) ;
#2082 = CARTESIAN_POINT ( 'NONE',  ( -4.699999999999995737, -3.450504516109082598, 7.399999999999996803 ) ) ;
#2083 = EDGE_CURVE ( 'NONE', #8097, #10805, #3593, .T. ) ;
#2084 = CARTESIAN_POINT ( 'NONE',  ( -21.55000000000000071, 7.500000000000002665, -7.399999999999995914 ) ) ;
#2085 = CARTESIAN_POINT ( 'NONE',  ( 19.05000000000000071, 10.90000000000000213, -7.619650039223833312E-15 ) ) ;
#2086 = PLANE ( 'NONE',  #1068 ) ;
#2087 = CARTESIAN_POINT ( 'NONE',  ( -17.04999999999999716, 12.45031130731456059, 0.5000000000000069944 ) ) ;
#2088 = ORIENTED_EDGE ( 'NONE', *, *, #8739, .F. ) ;
#2089 = LINE ( 'NONE', #3861, #943 ) ;
#2090 = ORIENTED_EDGE ( 'NONE', *, *, #7377, .F. ) ;
#2091 = ORIENTED_EDGE ( 'NONE', *, *, #2048, .F. ) ;
#2092 = LINE ( 'NONE', #2979, #1627 ) ;
#2093 = CARTESIAN_POINT ( 'NONE',  ( -18.54999999999999716, 11.40000000000000391, 0.5000000000000001110 ) ) ;
#2094 = EDGE_CURVE ( 'NONE', #8777, #10051, #5637, .T. ) ;
#2095 = CARTESIAN_POINT ( 'NONE',  ( 2.100000000000004530, 10.90000000000000036, 4.749999999999992006 ) ) ;
#2096 = ORIENTED_EDGE ( 'NONE', *, *, #8824, .F. ) ;
#2097 = ORIENTED_EDGE ( 'NONE', *, *, #5915, .T. ) ;
#2098 = EDGE_CURVE ( 'NONE', #5728, #4712, #4334, .T. ) ;
#2099 = FACE_OUTER_BOUND ( 'NONE', #929, .T. ) ;
#2100 = CARTESIAN_POINT ( 'NONE',  ( -19.04999999999999716, 11.40000000000000213, 3.000000000000000000 ) ) ;
#2101 = LINE ( 'NONE', #1920, #4986 ) ;
#2102 = CARTESIAN_POINT ( 'NONE',  ( 5.850000000000001421, 13.50000000000000178, -2.000000000000008882 ) ) ;
#2103 = ORIENTED_EDGE ( 'NONE', *, *, #11569, .F. ) ;
#2104 = CARTESIAN_POINT ( 'NONE',  ( 10.60000000000000142, 9.400000000000002132, 4.749999999999991118 ) ) ;
#2105 = CARTESIAN_POINT ( 'NONE',  ( -16.54999999999999361, 7.500000000000004441, 7.400000000000000355 ) ) ;
#2106 = UNCERTAINTY_MEASURE_WITH_UNIT (LENGTH_MEASURE( 1.000000000000000082E-05 ), #6816, 'distance_accuracy_value', 'NONE');
#2107 = CARTESIAN_POINT ( 'NONE',  ( -16.44999999999998508, 9.400000000000002132, 7.400000000000000355 ) ) ;
#2108 = DIRECTION ( 'NONE',  ( 0.000000000000000000, -1.000000000000000000, 0.000000000000000000 ) ) ;
#2109 = CIRCLE ( 'NONE', #5933, 0.5000000000000000000 ) ;
#2110 = AXIS2_PLACEMENT_3D ( 'NONE', #11273, #3051, #4653 ) ;
#2111 = VERTEX_POINT ( 'NONE', #1147 ) ;
#2112 = ADVANCED_FACE ( 'NONE', ( #4785 ), #10925, .T. ) ;
#2113 = FACE_OUTER_BOUND ( 'NONE', #3281, .T. ) ;
#2114 = VECTOR ( 'NONE', #8294, 1000.000000000000000 ) ;
#2115 = ORIENTED_EDGE ( 'NONE', *, *, #3216, .T. ) ;
#2116 = EDGE_CURVE ( 'NONE', #9443, #2484, #9601, .T. ) ;
#2117 = VECTOR ( 'NONE', #2240, 1000.000000000000000 ) ;
#2118 = CARTESIAN_POINT ( 'NONE',  ( 6.350000000000001421, -3.358379542590069988, -8.639603194080566470E-15 ) ) ;
#2119 = ORIENTED_EDGE ( 'NONE', *, *, #790, .T. ) ;
#2120 = DIRECTION ( 'NONE',  ( -0.000000000000000000, -2.449293598294701484E-16, 1.000000000000000000 ) ) ;
#2121 = EDGE_LOOP ( 'NONE', ( #9632, #2038, #1969, #3622, #2528, #9326, #339, #9388, #5405 ) ) ;
#2122 = LINE ( 'NONE', #144, #4972 ) ;
#2123 = VERTEX_POINT ( 'NONE', #4003 ) ;
#2124 = LINE ( 'NONE', #1939, #5801 ) ;
#2125 = FACE_OUTER_BOUND ( 'NONE', #1211, .T. ) ;
#2126 = DIRECTION ( 'NONE',  ( -0.000000000000000000, -1.000000000000000000, -0.000000000000000000 ) ) ;
#2127 = FACE_OUTER_BOUND ( 'NONE', #3775, .T. ) ;
#2128 = ADVANCED_FACE ( 'NONE', ( #3884 ), #10387, .T. ) ;
#2129 = CARTESIAN_POINT ( 'NONE',  ( 16.55000000000000071, 5.900000000000002132, 2.999999999999990230 ) ) ;
#2130 = VECTOR ( 'NONE', #7792, 1000.000000000000000 ) ;
#2131 = ADVANCED_FACE ( 'NONE', ( #2113 ), #7736, .F. ) ;
#2132 = EDGE_LOOP ( 'NONE', ( #5989, #5707, #3240, #4182 ) ) ;
#2133 = VERTEX_POINT ( 'NONE', #7555 ) ;
#2134 = LINE ( 'NONE', #5778, #6343 ) ;
#2135 = ORIENTED_EDGE ( 'NONE', *, *, #8712, .T. ) ;
#2136 = CARTESIAN_POINT ( 'NONE',  ( 3.850000000000002753, 7.600000000000004974, 5.399999999999995914 ) ) ;
#2137 = EDGE_CURVE ( 'NONE', #4131, #1808, #7984, .T. ) ;
#2138 = ORIENTED_EDGE ( 'NONE', *, *, #2476, .T. ) ;
#2139 = PLANE ( 'NONE',  #11312 ) ;
#2140 = LINE ( 'NONE', #1120, #11639 ) ;
#2141 = CARTESIAN_POINT ( 'NONE',  ( -3.849999999999995648, 5.900000000000002132, 1.999999999999999112 ) ) ;
#2142 = FACE_OUTER_BOUND ( 'NONE', #352, .T. ) ;
#2143 = EDGE_CURVE ( 'NONE', #6527, #8247, #5027, .T. ) ;
#2144 = CARTESIAN_POINT ( 'NONE',  ( 16.54999999999999716, 7.600000000000003197, -3.300000000000010481 ) ) ;
#2145 = ORIENTED_EDGE ( 'NONE', *, *, #5434, .F. ) ;
#2146 = EDGE_CURVE ( 'NONE', #203, #3224, #1328, .T. ) ;
#2147 = DIRECTION ( 'NONE',  ( -1.000000000000000000, 0.000000000000000000, -3.491481338843133355E-15 ) ) ;
#2148 = EDGE_LOOP ( 'NONE', ( #10199, #5248, #7261, #4678 ) ) ;
#2149 = VECTOR ( 'NONE', #4482, 1000.000000000000000 ) ;
#2150 = CARTESIAN_POINT ( 'NONE',  ( -6.349999999999997868, 13.50000000000000178, 2.300000000000000711 ) ) ;
#2151 = LINE ( 'NONE', #5913, #3382 ) ;
#2152 = VECTOR ( 'NONE', #3047, 1000.000000000000000 ) ;
#2153 = DIRECTION ( 'NONE',  ( -4.688441826964344298E-16, 0.000000000000000000, -1.000000000000000000 ) ) ;
#2154 = VECTOR ( 'NONE', #1857, 1000.000000000000000 ) ;
#2155 = ORIENTED_EDGE ( 'NONE', *, *, #4157, .F. ) ;
#2156 = EDGE_CURVE ( 'NONE', #11160, #8811, #315, .T. ) ;
#2157 = VERTEX_POINT ( 'NONE', #10440 ) ;
#2158 = CARTESIAN_POINT ( 'NONE',  ( -24.15000000000000568, 9.400000000000003908, 7.400000000000001243 ) ) ;
#2159 = LINE ( 'NONE', #2332, #11637 ) ;
#2160 = CARTESIAN_POINT ( 'NONE',  ( -47.67189334955344293, 8.099999999999999645, 10.10000000000000497 ) ) ;
#2161 = LINE ( 'NONE', #5808, #10636 ) ;
#2162 = ORIENTED_EDGE ( 'NONE', *, *, #1038, .T. ) ;
#2163 = CARTESIAN_POINT ( 'NONE',  ( -21.04999999999999716, 12.45031130731456059, 0.4999999999999930611 ) ) ;
#2164 = ORIENTED_EDGE ( 'NONE', *, *, #3211, .F. ) ;
#2165 = DIRECTION ( 'NONE',  ( 1.000000000000000000, 0.000000000000000000, 8.031127203596330602E-17 ) ) ;
#2166 = CARTESIAN_POINT ( 'NONE',  ( -14.79999999999999716, 9.400000000000002132, 4.750000000000000000 ) ) ;
#2167 = DIRECTION ( 'NONE',  ( 3.571792610879097845E-15, 0.000000000000000000, -1.000000000000000000 ) ) ;
#2168 = ORIENTED_EDGE ( 'NONE', *, *, #3321, .F. ) ;
#2169 = AXIS2_PLACEMENT_3D ( 'NONE', #4855, #8525, #3959 ) ;
#2170 = DIRECTION ( 'NONE',  ( -0.000000000000000000, -1.000000000000000000, -0.000000000000000000 ) ) ;
#2171 = ORIENTED_EDGE ( 'NONE', *, *, #7162, .F. ) ;
#2172 = ORIENTED_EDGE ( 'NONE', *, *, #10780, .F. ) ;
#2173 = DIRECTION ( 'NONE',  ( 1.000000000000000000, -3.732783957143768629E-32, -4.688441826964344298E-16 ) ) ;
#2174 = ORIENTED_EDGE ( 'NONE', *, *, #8779, .T. ) ;
#2175 = CARTESIAN_POINT ( 'NONE',  ( -21.04999999999999716, 13.50000000000000178, 0.4999999999999930611 ) ) ;
#2176 = ORIENTED_EDGE ( 'NONE', *, *, #1463, .F. ) ;
#2177 = CARTESIAN_POINT ( 'NONE',  ( -3.849999999999999201, 3.499999999999998668, -5.400000000000003908 ) ) ;
#2178 = DIRECTION ( 'NONE',  ( 0.000000000000000000, 0.7071067811865483499, -0.7071067811865466846 ) ) ;
#2179 = DIRECTION ( 'NONE',  ( -0.000000000000000000, -1.000000000000000000, -0.000000000000000000 ) ) ;
#2180 = VECTOR ( 'NONE', #7571, 1000.000000000000000 ) ;
#2181 = LINE ( 'NONE', #4797, #3679 ) ;
#2182 = ADVANCED_FACE ( 'NONE', ( #8693 ), #11345, .F. ) ;
#2183 = CARTESIAN_POINT ( 'NONE',  ( -4.699999999999995737, 2.499999999999998668, 5.499999999999997335 ) ) ;
#2184 = ORIENTED_EDGE ( 'NONE', *, *, #9399, .T. ) ;
#2185 = VERTEX_POINT ( 'NONE', #3236 ) ;
#2187 = FACE_OUTER_BOUND ( 'NONE', #7299, .T. ) ;
#2186 = AXIS2_PLACEMENT_3D ( 'NONE', #9768, #6107, #1552 ) ;
#2188 = ORIENTED_EDGE ( 'NONE', *, *, #8927, .T. ) ;
#2189 = DIRECTION ( 'NONE',  ( 1.000000000000000000, -0.000000000000000000, 8.031127203596330602E-17 ) ) ;
#2190 = ORIENTED_EDGE ( 'NONE', *, *, #1671, .F. ) ;
#2191 = CARTESIAN_POINT ( 'NONE',  ( 19.55000000000000071, 13.12884441861953633, -3.139756845749400505 ) ) ;
#2192 = PLANE ( 'NONE',  #4124 ) ;
#2193 = EDGE_CURVE ( 'NONE', #538, #9748, #10302, .T. ) ;
#2194 = DIRECTION ( 'NONE',  ( 1.000000000000000000, -0.000000000000000000, 8.031127203596331834E-17 ) ) ;
#2195 = PLANE ( 'NONE',  #4562 ) ;
#2196 = CARTESIAN_POINT ( 'NONE',  ( -3.849999999999999201, 5.900000000000003020, -3.000000000000001776 ) ) ;
#2197 = VECTOR ( 'NONE', #7288, 1000.000000000000000 ) ;
#2198 = EDGE_CURVE ( 'NONE', #9465, #6756, #3179, .T. ) ;
#2199 = EDGE_CURVE ( 'NONE', #3954, #3591, #3016, .T. ) ;
#2200 = LINE ( 'NONE', #4817, #5820 ) ;
#2201 = EDGE_LOOP ( 'NONE', ( #10862, #8114, #1500, #2145, #873, #1571, #4865, #2717, #5284, #2883, #3688, #9546, #53, #4645, #612, #1735, #1788, #3085, #5074, #5965 ) ) ;
#2202 = EDGE_CURVE ( 'NONE', #7351, #7030, #1102, .T. ) ;
#2203 = ADVANCED_FACE ( 'NONE', ( #6662 ), #2232, .F. ) ;
#2204 = PLANE ( 'NONE',  #6747 ) ;
#2205 = ORIENTED_EDGE ( 'NONE', *, *, #4389, .T. ) ;
#2206 = CARTESIAN_POINT ( 'NONE',  ( -1.249999999999996003, 9.399999999999996803, -7.400000000000003908 ) ) ;
#2207 = EDGE_LOOP ( 'NONE', ( #317, #3343, #10738, #4541 ) ) ;
#2208 = VECTOR ( 'NONE', #3101, 1000.000000000000000 ) ;
#2209 = FILL_AREA_STYLE_COLOUR ( '', #2764 ) ;
#2210 = DIRECTION ( 'NONE',  ( 8.031127203596330602E-17, 4.818676322157799347E-16, -1.000000000000000000 ) ) ;
#2211 = PLANE ( 'NONE',  #4642 ) ;
#2212 =( GEOMETRIC_REPRESENTATION_CONTEXT ( 3 ) GLOBAL_UNCERTAINTY_ASSIGNED_CONTEXT ( ( #10478 ) ) GLOBAL_UNIT_ASSIGNED_CONTEXT ( ( #11640, #3762, #2047 ) ) REPRESENTATION_CONTEXT ( 'NONE', 'WORKASPACE' ) );
#2213 = VECTOR ( 'NONE', #6848, 1000.000000000000114 ) ;
#2214 = AXIS2_PLACEMENT_3D ( 'NONE', #1628, #2585, #11825 ) ;
#2215 = VERTEX_POINT ( 'NONE', #9655 ) ;
#2216 = CARTESIAN_POINT ( 'NONE',  ( -21.55000000000000071, 2.499999999999998668, -7.400000000000001243 ) ) ;
#2217 = CARTESIAN_POINT ( 'NONE',  ( 24.15000000000001279, 22.60000000000000142, 12.09999999999999432 ) ) ;
#2218 = CARTESIAN_POINT ( 'NONE',  ( -20.69999999999999929, 7.500000000000002665, -5.499999999999996447 ) ) ;
#2219 = CARTESIAN_POINT ( 'NONE',  ( 16.44999999999998508, 9.399999999999987921, -7.400000000000011902 ) ) ;
#2220 = ORIENTED_EDGE ( 'NONE', *, *, #9564, .T. ) ;
#2221 = EDGE_CURVE ( 'NONE', #11160, #2294, #4908, .T. ) ;
#2222 = FACE_OUTER_BOUND ( 'NONE', #4936, .T. ) ;
#2223 = DIRECTION ( 'NONE',  ( 1.000000000000000000, -0.000000000000000000, 8.031127203596330602E-17 ) ) ;
#2224 = DIRECTION ( 'NONE',  ( -1.000000000000000000, -1.967058844685892396E-32, -8.031127203596331834E-17 ) ) ;
#2225 = AXIS2_PLACEMENT_3D ( 'NONE', #7409, #2848, #9266 ) ;
#2226 = FACE_OUTER_BOUND ( 'NONE', #6595, .T. ) ;
#2227 = VECTOR ( 'NONE', #9114, 1000.000000000000000 ) ;
#2228 = AXIS2_PLACEMENT_3D ( 'NONE', #8275, #142, #1935 ) ;
#2229 = CIRCLE ( 'NONE', #2419, 3.500000000000000000 ) ;
#2230 = EDGE_LOOP ( 'NONE', ( #3891, #8359, #9791, #4786 ) ) ;
#2231 = VECTOR ( 'NONE', #1396, 1000.000000000000000 ) ;
#2232 = PLANE ( 'NONE',  #10487 ) ;
#2233 = AXIS2_PLACEMENT_3D ( 'NONE', #3379, #7036, #5400 ) ;
#2234 = VERTEX_POINT ( 'NONE', #4846 ) ;
#2235 =( GEOMETRIC_REPRESENTATION_CONTEXT ( 3 ) GLOBAL_UNCERTAINTY_ASSIGNED_CONTEXT ( ( #2106 ) ) GLOBAL_UNIT_ASSIGNED_CONTEXT ( ( #6816, #11552, #1594 ) ) REPRESENTATION_CONTEXT ( 'NONE', 'WORKASPACE' ) );
#2236 = ORIENTED_EDGE ( 'NONE', *, *, #441, .T. ) ;
#2237 = VECTOR ( 'NONE', #2811, 1000.000000000000000 ) ;
#2238 = FACE_OUTER_BOUND ( 'NONE', #1878, .T. ) ;
#2239 = EDGE_LOOP ( 'NONE', ( #6092, #1667, #4730, #5999, #9483, #695, #8862, #8293, #1948, #5907, #6913 ) ) ;
#2240 = DIRECTION ( 'NONE',  ( 0.000000000000000000, 0.000000000000000000, 1.000000000000000000 ) ) ;
#2241 = ORIENTED_EDGE ( 'NONE', *, *, #11445, .T. ) ;
#2242 = AXIS2_PLACEMENT_3D ( 'NONE', #7486, #7607, #7790 ) ;
#2243 = CARTESIAN_POINT ( 'NONE',  ( -8.849999999999996092, 2.499999999999998668, 7.400000000000002132 ) ) ;
#2244 = LINE ( 'NONE', #10572, #6213 ) ;
#2245 = CARTESIAN_POINT ( 'NONE',  ( 19.05000000000000071, 12.50000000000000000, -7.619650039223833312E-15 ) ) ;
#2246 = CARTESIAN_POINT ( 'NONE',  ( 3.749999999999989342, 9.399999999999991473, -7.400000000000007461 ) ) ;
#2247 = VECTOR ( 'NONE', #5497, 1000.000000000000000 ) ;
#2248 = VERTEX_POINT ( 'NONE', #11282 ) ;
#2249 = VERTEX_POINT ( 'NONE', #1440 ) ;
#2250 = CARTESIAN_POINT ( 'NONE',  ( -20.50000000000000000, -3.999999999999999112, -5.599999999999996092 ) ) ;
#2251 = VERTEX_POINT ( 'NONE', #5761 ) ;
#2252 = LINE ( 'NONE', #4086, #618 ) ;
#2253 = VECTOR ( 'NONE', #10506, 1000.000000000000000 ) ;
#2254 = EDGE_LOOP ( 'NONE', ( #10886, #4966, #1501, #1511 ) ) ;
#2255 = DIRECTION ( 'NONE',  ( 0.000000000000000000, -1.000000000000000000, 0.000000000000000000 ) ) ;
#2256 = CARTESIAN_POINT ( 'NONE',  ( 0.000000000000000000, 0.5000000000000000000, -5.599999999999996092 ) ) ;
#2257 = ADVANCED_FACE ( 'NONE', ( #9424 ), #5880, .T. ) ;
#2258 = CARTESIAN_POINT ( 'NONE',  ( 3.850000000000012967, 3.499999999999998668, 7.399999999999993250 ) ) ;
#2259 = CARTESIAN_POINT ( 'NONE',  ( -24.15000000000000568, 22.60000000000000142, -7.400000000000000355 ) ) ;
#2260 = DIRECTION ( 'NONE',  ( -0.000000000000000000, -1.000000000000000000, -0.000000000000000000 ) ) ;
#2261 = DIRECTION ( 'NONE',  ( 0.000000000000000000, -1.000000000000000000, 0.000000000000000000 ) ) ;
#2262 = ORIENTED_EDGE ( 'NONE', *, *, #5030, .T. ) ;
#2263 = FACE_OUTER_BOUND ( 'NONE', #26, .T. ) ;
#2264 = ORIENTED_EDGE ( 'NONE', *, *, #8998, .T. ) ;
#2265 = CARTESIAN_POINT ( 'NONE',  ( -18.54999999999999361, 13.50000000000000178, -2.244994432064362666 ) ) ;
#2266 = AXIS2_PLACEMENT_3D ( 'NONE', #3164, #6828, #4051 ) ;
#2267 = EDGE_CURVE ( 'NONE', #10207, #563, #4298, .T. ) ;
#2268 = ORIENTED_EDGE ( 'NONE', *, *, #5850, .F. ) ;
#2269 = CARTESIAN_POINT ( 'NONE',  ( 20.50101862066828318, -3.997201362714914996, 7.201018620668267367 ) ) ;
#2270 = DIRECTION ( 'NONE',  ( 0.000000000000000000, 0.000000000000000000, -1.000000000000000000 ) ) ;
#2271 = EDGE_CURVE ( 'NONE', #141, #2812, #8803, .T. ) ;
#2272 = CARTESIAN_POINT ( 'NONE',  ( 1.600000000000004086, 10.90000000000000036, 4.249999999999991118 ) ) ;
#2273 = EDGE_CURVE ( 'NONE', #476, #8586, #2622, .T. ) ;
#2274 = DIRECTION ( 'NONE',  ( 6.938893903907234294E-16, 0.000000000000000000, 1.000000000000000000 ) ) ;
#2275 = ADVANCED_FACE ( 'NONE', ( #3293 ), #9896, .F. ) ;
#2276 = VERTEX_POINT ( 'NONE', #4355 ) ;
#2277 = EDGE_CURVE ( 'NONE', #5740, #8180, #3201, .T. ) ;
#2278 = LINE ( 'NONE', #8744, #4703 ) ;
#2279 = PLANE ( 'NONE',  #6465 ) ;
#2280 = DIRECTION ( 'NONE',  ( 1.000000000000000000, -0.000000000000000000, 8.031127203596330602E-17 ) ) ;
#2281 = LINE ( 'NONE', #8569, #5257 ) ;
#2282 = ORIENTED_EDGE ( 'NONE', *, *, #4177, .F. ) ;
#2283 = LINE ( 'NONE', #11563, #7845 ) ;
#2284 = CARTESIAN_POINT ( 'NONE',  ( -16.54999999999999716, 7.400000000000003020, -5.600000000000000533 ) ) ;
#2285 = PLANE ( 'NONE',  #8736 ) ;
#2286 = EDGE_LOOP ( 'NONE', ( #9927, #9634, #7189, #5532 ) ) ;
#2287 = ADVANCED_FACE ( 'NONE', ( #2571 ), #2455, .F. ) ;
#2288 = DIRECTION ( 'NONE',  ( 0.000000000000000000, 0.000000000000000000, 1.000000000000000000 ) ) ;
#2289 = VERTEX_POINT ( 'NONE', #10678 ) ;
#2290 = ORIENTED_EDGE ( 'NONE', *, *, #9564, .F. ) ;
#2291 = CARTESIAN_POINT ( 'NONE',  ( -3.849999999999995648, 2.499999999999998668, 7.400000000000002132 ) ) ;
#2292 = VERTEX_POINT ( 'NONE', #1679 ) ;
#2293 = LINE ( 'NONE', #496, #197 ) ;
#2294 = VERTEX_POINT ( 'NONE', #5319 ) ;
#2295 = VECTOR ( 'NONE', #11369, 1000.000000000000000 ) ;
#2296 = PLANE ( 'NONE',  #1925 ) ;
#2297 = CARTESIAN_POINT ( 'NONE',  ( 3.850000000000002753, 7.600000000000003197, 3.299999999999993605 ) ) ;
#2298 = DIRECTION ( 'NONE',  ( 0.000000000000000000, 1.172110456741085828E-16, -1.000000000000000000 ) ) ;
#2299 = FACE_OUTER_BOUND ( 'NONE', #833, .T. ) ;
#2300 = DIRECTION ( 'NONE',  ( -7.546790969812434496E-17, 0.3420201433256707113, 0.9396926207859076507 ) ) ;
#2301 = ORIENTED_EDGE ( 'NONE', *, *, #9378, .T. ) ;
#2302 = ORIENTED_EDGE ( 'NONE', *, *, #535, .F. ) ;
#2303 = VECTOR ( 'NONE', #5309, 1000.000000000000000 ) ;
#2304 = ORIENTED_EDGE ( 'NONE', *, *, #10184, .F. ) ;
#2305 = VECTOR ( 'NONE', #10812, 1000.000000000000000 ) ;
#2306 = CARTESIAN_POINT ( 'NONE',  ( 21.65000000000000213, 2.499999999999987566, -7.400000000000011902 ) ) ;
#2307 = EDGE_LOOP ( 'NONE', ( #4804, #5002, #1874, #2957 ) ) ;
#2308 = CARTESIAN_POINT ( 'NONE',  ( -16.54999999999999361, 7.300000000000003375, 3.000000000000003109 ) ) ;
#2309 = AXIS2_PLACEMENT_3D ( 'NONE', #6497, #10160, #9327 ) ;
#2310 = ORIENTED_EDGE ( 'NONE', *, *, #3783, .F. ) ;
#2311 = DIRECTION ( 'NONE',  ( 1.000000000000000000, 0.000000000000000000, -6.938893903907233308E-16 ) ) ;
#2312 = CARTESIAN_POINT ( 'NONE',  ( -5.849999999999996980, 12.64004603719379638, -3.423222966674349443 ) ) ;
#2313 = EDGE_CURVE ( 'NONE', #7235, #259, #9773, .T. ) ;
#2314 = DIRECTION ( 'NONE',  ( 0.000000000000000000, 1.000000000000000000, 2.449293598294701484E-16 ) ) ;
#2315 = FACE_OUTER_BOUND ( 'NONE', #11378, .T. ) ;
#2316 = DIRECTION ( 'NONE',  ( 0.000000000000000000, 0.000000000000000000, -1.000000000000000000 ) ) ;
#2317 = CIRCLE ( 'NONE', #4006, 1.899999999999999689 ) ;
#2318 = CARTESIAN_POINT ( 'NONE',  ( -6.850000000000002309, 13.50000000000000178, -2.244994432064363554 ) ) ;
#2319 = ORIENTED_EDGE ( 'NONE', *, *, #2116, .F. ) ;
#2320 = EDGE_CURVE ( 'NONE', #9833, #8582, #8979, .T. ) ;
#2321 = VECTOR ( 'NONE', #6161, 1000.000000000000000 ) ;
#2322 = PLANE ( 'NONE',  #6935 ) ;
#2323 = VERTEX_POINT ( 'NONE', #604 ) ;
#2324 = DIRECTION ( 'NONE',  ( 0.000000000000000000, 1.000000000000000000, 0.000000000000000000 ) ) ;
#2325 = CARTESIAN_POINT ( 'NONE',  ( 5.850000000000001421, 13.12884441861953633, 3.139756845749384073 ) ) ;
#2326 = FACE_OUTER_BOUND ( 'NONE', #10954, .T. ) ;
#2327 = LINE ( 'NONE', #8846, #8102 ) ;
#2328 = CYLINDRICAL_SURFACE ( 'NONE', #10765, 1.899999999999999689 ) ;
#2329 = AXIS2_PLACEMENT_3D ( 'NONE', #1889, #5660, #6564 ) ;
#2330 = ORIENTED_EDGE ( 'NONE', *, *, #2267, .F. ) ;
#2331 = CARTESIAN_POINT ( 'NONE',  ( 17.39999999999999858, 5.900000000000003020, -3.000000000000010658 ) ) ;
#2332 = CARTESIAN_POINT ( 'NONE',  ( -4.699999999999995737, 7.300000000000002487, 2.999999999999999112 ) ) ;
#2333 = DIRECTION ( 'NONE',  ( 1.000000000000000000, -1.967058844685892396E-32, 8.031127203596331834E-17 ) ) ;
#2334 = CARTESIAN_POINT ( 'NONE',  ( -20.69999999999999929, 22.60000000000000142, -5.599999999999996092 ) ) ;
#2335 = VERTEX_POINT ( 'NONE', #6169 ) ;
#2336 = EDGE_CURVE ( 'NONE', #8412, #9042, #2513, .T. ) ;
#2337 = CARTESIAN_POINT ( 'NONE',  ( 18.55000000000000071, 12.50000000000000000, 1.999999999999992228 ) ) ;
#2338 = CARTESIAN_POINT ( 'NONE',  ( -6.850000000000002309, 13.47570616345778483, 2.528555156344006960 ) ) ;
#2339 = CARTESIAN_POINT ( 'NONE',  ( 20.70000000000000284, 7.400000000000003020, 5.599999999999992539 ) ) ;
#2340 = CARTESIAN_POINT ( 'NONE',  ( 5.850000000000001421, 13.40149519432356762, -2.809733521761637043 ) ) ;
#2341 = ADVANCED_FACE ( 'NONE', ( #7969 ), #8865, .T. ) ;
#2342 = EDGE_CURVE ( 'NONE', #11306, #1617, #8930, .T. ) ;
#2343 = ORIENTED_EDGE ( 'NONE', *, *, #7814, .F. ) ;
#2344 = VECTOR ( 'NONE', #4272, 1000.000000000000000 ) ;
#2345 = CARTESIAN_POINT ( 'NONE',  ( -4.699999999999995737, -3.450504516109081710, 5.499999999999992006 ) ) ;
#2346 = EDGE_LOOP ( 'NONE', ( #9350, #11827, #8387, #1578 ) ) ;
#2347 = ADVANCED_FACE ( 'NONE', ( #11629 ), #775, .F. ) ;
#2348 = EDGE_CURVE ( 'NONE', #10565, #4248, #1295, .T. ) ;
#2349 = VERTEX_POINT ( 'NONE', #5262 ) ;
#2350 = LINE ( 'NONE', #2458, #6423 ) ;
#2351 = ORIENTED_EDGE ( 'NONE', *, *, #11717, .F. ) ;
#2352 = CARTESIAN_POINT ( 'NONE',  ( -20.69999999999999929, 0.5000000000000000000, 0.000000000000000000 ) ) ;
#2353 = ORIENTED_EDGE ( 'NONE', *, *, #5951, .T. ) ;
#2354 = DIRECTION ( 'NONE',  ( 0.000000000000000000, -0.000000000000000000, 1.000000000000000000 ) ) ;
#2355 = LINE ( 'NONE', #10451, #4120 ) ;
#2356 = FACE_OUTER_BOUND ( 'NONE', #5925, .T. ) ;
#2357 = EDGE_CURVE ( 'NONE', #9403, #5196, #719, .T. ) ;
#2358 = CARTESIAN_POINT ( 'NONE',  ( 4.699999999999995737, 2.500000000000002220, 7.400000000000005684 ) ) ;
#2359 = VERTEX_POINT ( 'NONE', #7126 ) ;
#2360 = CARTESIAN_POINT ( 'NONE',  ( -21.65000000000000924, 9.400000000000002132, 7.400000000000001243 ) ) ;
#2361 = ORIENTED_EDGE ( 'NONE', *, *, #5044, .F. ) ;
#2362 = FACE_BOUND ( 'NONE', #3756, .T. ) ;
#2363 = ORIENTED_EDGE ( 'NONE', *, *, #2701, .F. ) ;
#2364 = AXIS2_PLACEMENT_3D ( 'NONE', #3899, #152, #5653 ) ;
#2365 = CARTESIAN_POINT ( 'NONE',  ( -10.59999999999999787, 9.400000000000002132, 4.750000000000000000 ) ) ;
#2366 = CARTESIAN_POINT ( 'NONE',  ( 21.55000000000000426, 7.500000000000002665, 5.499999999999988454 ) ) ;
#2367 = CARTESIAN_POINT ( 'NONE',  ( 1.249999999999994227, 0.5000000000000000000, 12.09999999999999432 ) ) ;
#2368 = DIRECTION ( 'NONE',  ( 3.571792610879097845E-15, 0.000000000000000000, -1.000000000000000000 ) ) ;
#2369 = CARTESIAN_POINT ( 'NONE',  ( -4.699999999999995737, 9.400000000000002132, 5.499999999999997335 ) ) ;
#2370 = ADVANCED_FACE ( 'NONE', ( #8023 ), #3456, .F. ) ;
#2371 = DIRECTION ( 'NONE',  ( 0.000000000000000000, 0.000000000000000000, 1.000000000000000000 ) ) ;
#2372 = EDGE_LOOP ( 'NONE', ( #1491, #10192, #514, #2874 ) ) ;
#2373 = VECTOR ( 'NONE', #11143, 1000.000000000000000 ) ;
#2374 = ORIENTED_EDGE ( 'NONE', *, *, #2819, .T. ) ;
#2375 = CARTESIAN_POINT ( 'NONE',  ( 21.55000000000000071, 7.300000000000003375, -3.000000000000010658 ) ) ;
#2376 = EDGE_LOOP ( 'NONE', ( #7776, #4077, #8931, #9656 ) ) ;
#2377 = PLANE ( 'NONE',  #10719 ) ;
#2378 = VECTOR ( 'NONE', #7827, 1000.000000000000000 ) ;
#2379 = DIRECTION ( 'NONE',  ( 0.000000000000000000, 0.000000000000000000, -1.000000000000000000 ) ) ;
#2380 = CARTESIAN_POINT ( 'NONE',  ( -7.999999999999996447, 2.499999999999998668, 5.599999999999998757 ) ) ;
#2381 = PLANE ( 'NONE',  #10223 ) ;
#2382 = EDGE_LOOP ( 'NONE', ( #11707, #9380, #11082, #8158 ) ) ;
#2383 = DIRECTION ( 'NONE',  ( -1.000000000000000000, -1.967058844685892396E-32, -8.031127203596331834E-17 ) ) ;
#2384 = ORIENTED_EDGE ( 'NONE', *, *, #6597, .T. ) ;
#2385 = CARTESIAN_POINT ( 'NONE',  ( 1.249999999999991118, 22.60000000000000142, -7.400000000000002132 ) ) ;
#2386 = VERTEX_POINT ( 'NONE', #2685 ) ;
#2387 = PLANE ( 'NONE',  #4196 ) ;
#2388 = DIRECTION ( 'NONE',  ( 1.000000000000000000, -0.000000000000000000, 0.000000000000000000 ) ) ;
#2389 = CARTESIAN_POINT ( 'NONE',  ( 21.05000000000000071, 12.45031130731456059, -0.5000000000000007772 ) ) ;
#2390 = FACE_OUTER_BOUND ( 'NONE', #2810, .T. ) ;
#2391 = VECTOR ( 'NONE', #6297, 1000.000000000000000 ) ;
#2392 =( GEOMETRIC_REPRESENTATION_CONTEXT ( 3 ) GLOBAL_UNCERTAINTY_ASSIGNED_CONTEXT ( ( #4841 ) ) GLOBAL_UNIT_ASSIGNED_CONTEXT ( ( #2645, #11701, #4424 ) ) REPRESENTATION_CONTEXT ( 'NONE', 'WORKASPACE' ) );
#2393 = EDGE_LOOP ( 'NONE', ( #320, #3462, #7232, #10147 ) ) ;
#2394 = DIRECTION ( 'NONE',  ( -1.000000000000000000, -0.000000000000000000, -8.031127203596331834E-17 ) ) ;
#2395 = ORIENTED_EDGE ( 'NONE', *, *, #9603, .T. ) ;
#2396 = ORIENTED_EDGE ( 'NONE', *, *, #8214, .F. ) ;
#2397 = VERTEX_POINT ( 'NONE', #1976 ) ;
#2398 = CARTESIAN_POINT ( 'NONE',  ( 20.70000000000000284, 7.400000000000003020, 5.399999999999992362 ) ) ;
#2399 = CIRCLE ( 'NONE', #10647, 3.000000000000000888 ) ;
#2400 = ORIENTED_EDGE ( 'NONE', *, *, #8905, .T. ) ;
#2401 = DIRECTION ( 'NONE',  ( 0.000000000000000000, 2.449293598294701484E-16, -1.000000000000000000 ) ) ;
#2402 = ORIENTED_EDGE ( 'NONE', *, *, #10454, .F. ) ;
#2403 = ADVANCED_FACE ( 'NONE', ( #6755 ), #5502, .F. ) ;
#2404 = CIRCLE ( 'NONE', #11603, 0.2000000000000005107 ) ;
#2405 = DIRECTION ( 'NONE',  ( -8.031127203596330602E-17, 0.000000000000000000, 1.000000000000000000 ) ) ;
#2406 = FACE_OUTER_BOUND ( 'NONE', #5045, .T. ) ;
#2407 = LINE ( 'NONE', #1690, #5677 ) ;
#2408 = AXIS2_PLACEMENT_3D ( 'NONE', #7821, #5053, #7644 ) ;
#2409 = DIRECTION ( 'NONE',  ( 0.000000000000000000, 0.000000000000000000, 1.000000000000000000 ) ) ;
#2410 = VECTOR ( 'NONE', #8365, 1000.000000000000000 ) ;
#2411 = EDGE_CURVE ( 'NONE', #2871, #2251, #5297, .T. ) ;
#2412 = EDGE_LOOP ( 'NONE', ( #488, #434, #11634, #11728, #1089, #9600, #4020, #4942, #9138 ) ) ;
#2413 = AXIS2_PLACEMENT_3D ( 'NONE', #6908, #9434, #2298 ) ;
#2414 = CIRCLE ( 'NONE', #11036, 1.999999999999999112 ) ;
#2415 = EDGE_CURVE ( 'NONE', #2157, #5427, #4711, .T. ) ;
#2416 = VECTOR ( 'NONE', #5147, 1000.000000000000000 ) ;
#2417 = CARTESIAN_POINT ( 'NONE',  ( 11.10000000000000142, 10.90000000000000036, 4.249999999999991118 ) ) ;
#2418 = ORIENTED_EDGE ( 'NONE', *, *, #11362, .F. ) ;
#2419 = AXIS2_PLACEMENT_3D ( 'NONE', #10297, #1048, #1956 ) ;
#2420 = CARTESIAN_POINT ( 'NONE',  ( -13.95000000000000462, 22.60000000000000142, 9.099999999999999645 ) ) ;
#2421 = ORIENTED_EDGE ( 'NONE', *, *, #7906, .T. ) ;
#2422 = CARTESIAN_POINT ( 'NONE',  ( 1.600000000000004086, 10.90000000000000036, -4.250000000000006217 ) ) ;
#2423 = CARTESIAN_POINT ( 'NONE',  ( -19.04999999999999716, 24.33502884254439991, -1.750550347807600487E-15 ) ) ;
#2424 = AXIS2_PLACEMENT_3D ( 'NONE', #4535, #8211, #9116 ) ;
#2425 = EDGE_CURVE ( 'NONE', #2595, #2799, #10419, .T. ) ;
#2426 = CARTESIAN_POINT ( 'NONE',  ( -6.349999999999997868, 12.30000000000000249, 1.019953154856734144E-15 ) ) ;
#2427 = DIRECTION ( 'NONE',  ( -1.000000000000000000, -2.282859610154041239E-32, 2.675763620333430081E-48 ) ) ;
#2428 = CARTESIAN_POINT ( 'NONE',  ( 11.10000000000000142, 24.33502884254439991, 4.249999999999989342 ) ) ;
#2429 = LINE ( 'NONE', #3430, #7739 ) ;
#2430 = ORIENTED_EDGE ( 'NONE', *, *, #5917, .F. ) ;
#2431 = VECTOR ( 'NONE', #7181, 1000.000000000000000 ) ;
#2432 = EDGE_LOOP ( 'NONE', ( #11649, #4837, #9718, #4880, #2542 ) ) ;
#2433 = EDGE_CURVE ( 'NONE', #7259, #9759, #5787, .T. ) ;
#2434 = LINE ( 'NONE', #7044, #1570 ) ;
#2435 = VERTEX_POINT ( 'NONE', #10961 ) ;
#2436 = DIRECTION ( 'NONE',  ( -1.000000000000000000, -1.967058844685892396E-32, -8.031127203596331834E-17 ) ) ;
#2437 = PLANE ( 'NONE',  #8488 ) ;
#2438 = VECTOR ( 'NONE', #1616, 1000.000000000000000 ) ;
#2439 = DIRECTION ( 'NONE',  ( 0.000000000000000000, -1.000000000000000000, 3.097720492815726673E-16 ) ) ;
#2440 = CARTESIAN_POINT ( 'NONE',  ( -4.699999999999995737, -3.999999999999999112, 5.599999999999996980 ) ) ;
#2441 = VECTOR ( 'NONE', #1317, 1000.000000000000000 ) ;
#2442 = AXIS2_PLACEMENT_3D ( 'NONE', #9627, #3261, #6861 ) ;
#2443 = DIRECTION ( 'NONE',  ( 0.000000000000000000, -1.000000000000000000, 0.000000000000000000 ) ) ;
#2444 = VERTEX_POINT ( 'NONE', #4876 ) ;
#2445 = FACE_OUTER_BOUND ( 'NONE', #6142, .T. ) ;
#2446 = CARTESIAN_POINT ( 'NONE',  ( 20.70000000000000284, 2.499999999999998668, 7.399999999999987921 ) ) ;
#2447 = ORIENTED_EDGE ( 'NONE', *, *, #11181, .T. ) ;
#2448 = EDGE_CURVE ( 'NONE', #4651, #681, #8140, .T. ) ;
#2449 = FACE_OUTER_BOUND ( 'NONE', #5394, .T. ) ;
#2450 = DIRECTION ( 'NONE',  ( 0.000000000000000000, 0.000000000000000000, -1.000000000000000000 ) ) ;
#2451 = LINE ( 'NONE', #5200, #11043 ) ;
#2452 = CARTESIAN_POINT ( 'NONE',  ( 1.600000000000004086, 24.33502884254439991, 4.249999999999991118 ) ) ;
#2453 = VERTEX_POINT ( 'NONE', #6526 ) ;
#2454 = ADVANCED_FACE ( 'NONE', ( #7357 ), #7121, .T. ) ;
#2455 = PLANE ( 'NONE',  #4518 ) ;
#2456 = ORIENTED_EDGE ( 'NONE', *, *, #7452, .F. ) ;
#2457 = ORIENTED_EDGE ( 'NONE', *, *, #10117, .T. ) ;
#2458 = CARTESIAN_POINT ( 'NONE',  ( -17.39999999999999503, 9.400000000000002132, 2.000000000000001776 ) ) ;
#2459 = ORIENTED_EDGE ( 'NONE', *, *, #8410, .T. ) ;
#2460 = CARTESIAN_POINT ( 'NONE',  ( 5.850000000000001421, 12.50000000000000000, -2.000000000000008882 ) ) ;
#2461 = EDGE_LOOP ( 'NONE', ( #6547, #9922, #8006, #5034 ) ) ;
#2462 = CARTESIAN_POINT ( 'NONE',  ( 19.55000000000000071, 13.50000000000000178, 2.244994432064355117 ) ) ;
#2463 = LINE ( 'NONE', #5213, #11808 ) ;
#2464 = DIRECTION ( 'NONE',  ( 0.000000000000000000, 0.000000000000000000, 1.000000000000000000 ) ) ;
#2465 = CARTESIAN_POINT ( 'NONE',  ( -11.45000000000000462, 8.100000000000003197, 7.399999999999991473 ) ) ;
#2466 = EDGE_CURVE ( 'NONE', #7641, #2397, #5198, .T. ) ;
#2467 = EDGE_LOOP ( 'NONE', ( #11133, #10591, #2075, #1963 ) ) ;
#2468 = EDGE_CURVE ( 'NONE', #5774, #9171, #830, .T. ) ;
#2469 = CARTESIAN_POINT ( 'NONE',  ( 8.000000000000000000, 2.500000000000002220, -7.399999999999995914 ) ) ;
#2470 = VERTEX_POINT ( 'NONE', #4643 ) ;
#2471 = LINE ( 'NONE', #6130, #3093 ) ;
#2472 = ORIENTED_EDGE ( 'NONE', *, *, #10113, .F. ) ;
#2473 = LINE ( 'NONE', #1576, #3736 ) ;
#2474 = DIRECTION ( 'NONE',  ( -0.000000000000000000, -1.000000000000000000, -0.000000000000000000 ) ) ;
#2475 = VERTEX_POINT ( 'NONE', #11026 ) ;
#2476 = EDGE_CURVE ( 'NONE', #721, #11374, #1965, .T. ) ;
#2477 = FACE_OUTER_BOUND ( 'NONE', #678, .T. ) ;
#2478 = CARTESIAN_POINT ( 'NONE',  ( -6.849999999999998757, 13.50000000000000178, 2.000000000000000888 ) ) ;
#2479 = CARTESIAN_POINT ( 'NONE',  ( 8.000000000000000000, 22.60000000000000142, -5.599999999999996092 ) ) ;
#2480 = EDGE_CURVE ( 'NONE', #3408, #8620, #3630, .T. ) ;
#2481 = AXIS2_PLACEMENT_3D ( 'NONE', #9210, #1126, #10239 ) ;
#2482 = DIRECTION ( 'NONE',  ( -0.000000000000000000, -0.000000000000000000, 1.000000000000000000 ) ) ;
#2483 = AXIS2_PLACEMENT_3D ( 'NONE', #11658, #520, #4998 ) ;
#2484 = VERTEX_POINT ( 'NONE', #2807 ) ;
#2485 = EDGE_CURVE ( 'NONE', #10290, #7279, #8255, .T. ) ;
#2486 = VERTEX_POINT ( 'NONE', #8554 ) ;
#2487 = AXIS2_PLACEMENT_3D ( 'NONE', #2719, #9015, #6380 ) ;
#2488 = LINE ( 'NONE', #5175, #11677 ) ;
#2489 = DIRECTION ( 'NONE',  ( 0.000000000000000000, 0.000000000000000000, -1.000000000000000000 ) ) ;
#2490 = EDGE_LOOP ( 'NONE', ( #3605, #1005, #9438, #6427 ) ) ;
#2491 = CARTESIAN_POINT ( 'NONE',  ( -23.79999999999999361, 10.90000000000000036, -4.249999999999997335 ) ) ;
#2492 = AXIS2_PLACEMENT_3D ( 'NONE', #40, #9332, #3790 ) ;
#2493 = EDGE_CURVE ( 'NONE', #8537, #9361, #349, .T. ) ;
#2494 = EDGE_CURVE ( 'NONE', #9605, #9275, #3687, .T. ) ;
#2495 = AXIS2_PLACEMENT_3D ( 'NONE', #3892, #6550, #5645 ) ;
#2496 = LINE ( 'NONE', #4220, #11553 ) ;
#2497 = DIRECTION ( 'NONE',  ( 0.000000000000000000, 1.000000000000000000, 0.000000000000000000 ) ) ;
#2498 = DIRECTION ( 'NONE',  ( 0.000000000000000000, -1.000000000000000000, -6.484268945210251886E-17 ) ) ;
#2499 = ADVANCED_FACE ( 'NONE', ( #7652 ), #5373, .F. ) ;
#2500 = DIRECTION ( 'NONE',  ( 0.000000000000000000, 1.172110456741085828E-16, 1.000000000000000000 ) ) ;
#2501 = AXIS2_PLACEMENT_3D ( 'NONE', #8016, #1726, #6997 ) ;
#2502 = DIRECTION ( 'NONE',  ( -1.000000000000000000, -0.000000000000000000, -8.031127203596330602E-17 ) ) ;
#2503 = VERTEX_POINT ( 'NONE', #3579 ) ;
#2504 = PRESENTATION_STYLE_ASSIGNMENT (( #9586 ) ) ;
#2505 = PLANE ( 'NONE',  #7671 ) ;
#2506 = ORIENTED_EDGE ( 'NONE', *, *, #7714, .T. ) ;
#2507 = DIRECTION ( 'NONE',  ( -7.546790969812434496E-17, 0.3420201433256707113, 0.9396926207859076507 ) ) ;
#2508 = CARTESIAN_POINT ( 'NONE',  ( -26.65000000000000213, 0.5000000000000000000, -9.500000000000001776 ) ) ;
#2509 = CARTESIAN_POINT ( 'NONE',  ( -18.54999999999999361, 12.50000000000000000, 3.447142787940708608 ) ) ;
#2510 = ORIENTED_EDGE ( 'NONE', *, *, #3223, .F. ) ;
#2511 = AXIS2_PLACEMENT_3D ( 'NONE', #4024, #5836, #10580 ) ;
#2512 = EDGE_CURVE ( 'NONE', #3266, #6175, #7708, .T. ) ;
#2513 = LINE ( 'NONE', #9716, #6648 ) ;
#2514 = ORIENTED_EDGE ( 'NONE', *, *, #5675, .F. ) ;
#2515 = EDGE_LOOP ( 'NONE', ( #10986, #1466, #3635, #1044 ) ) ;
#2516 = DIRECTION ( 'NONE',  ( -1.000000000000000000, 0.000000000000000000, -8.031127203596331834E-17 ) ) ;
#2517 = ORIENTED_EDGE ( 'NONE', *, *, #8692, .F. ) ;
#2518 = CARTESIAN_POINT ( 'NONE',  ( 10.60000000000000142, 9.400000000000002132, -4.750000000000007994 ) ) ;
#2519 = VERTEX_POINT ( 'NONE', #5432 ) ;
#2520 = AXIS2_PLACEMENT_3D ( 'NONE', #8160, #5161, #11764 ) ;
#2521 = CARTESIAN_POINT ( 'NONE',  ( -19.04999999999999361, 0.000000000000000000, -0.5000000000000000000 ) ) ;
#2522 = FACE_OUTER_BOUND ( 'NONE', #1388, .T. ) ;
#2523 = FACE_OUTER_BOUND ( 'NONE', #6959, .T. ) ;
#2524 = CARTESIAN_POINT ( 'NONE',  ( 8.849999999999999645, 7.500000000000002665, -7.400000000000004796 ) ) ;
#2525 = AXIS2_PLACEMENT_3D ( 'NONE', #3831, #7499, #10981 ) ;
#2526 = AXIS2_PLACEMENT_3D ( 'NONE', #9929, #1713, #3088 ) ;
#2527 = VECTOR ( 'NONE', #11492, 1000.000000000000000 ) ;
#2528 = ORIENTED_EDGE ( 'NONE', *, *, #3856, .F. ) ;
#2529 = CARTESIAN_POINT ( 'NONE',  ( 20.69999999999999929, 22.60000000000000142, 5.599999999999996092 ) ) ;
#2530 = ORIENTED_EDGE ( 'NONE', *, *, #1380, .T. ) ;
#2531 = DIRECTION ( 'NONE',  ( 0.000000000000000000, 0.000000000000000000, -1.000000000000000000 ) ) ;
#2532 = VERTEX_POINT ( 'NONE', #3322 ) ;
#2533 = CARTESIAN_POINT ( 'NONE',  ( -4.349999999999999645, 13.50000000000000178, -0.4999999999999921174 ) ) ;
#2534 = ADVANCED_FACE ( 'NONE', ( #4163 ), #2322, .F. ) ;
#2535 = DIRECTION ( 'NONE',  ( 4.066575051493318340E-32, -1.000000000000000000, -1.172110456741085828E-16 ) ) ;
#2536 = ORIENTED_EDGE ( 'NONE', *, *, #5495, .T. ) ;
#2537 = CARTESIAN_POINT ( 'NONE',  ( -5.849999999999997868, 13.50000000000000178, -2.244994432064364442 ) ) ;
#2538 = DIRECTION ( 'NONE',  ( -1.000000000000000000, 0.000000000000000000, -3.491481338843133355E-15 ) ) ;
#2539 = PLANE ( 'NONE',  #9108 ) ;
#2540 = CARTESIAN_POINT ( 'NONE',  ( 17.39999999999999858, 9.400000000000002132, -2.000000000000009770 ) ) ;
#2541 = ORIENTED_EDGE ( 'NONE', *, *, #819, .F. ) ;
#2542 = ORIENTED_EDGE ( 'NONE', *, *, #1315, .T. ) ;
#2544 = CARTESIAN_POINT ( 'NONE',  ( -20.69999999999999929, -3.450504516109081710, -5.499999999999991118 ) ) ;
#2543 = CIRCLE ( 'NONE', #5990, 3.483215956619923670 ) ;
#2545 = FACE_OUTER_BOUND ( 'NONE', #1275, .T. ) ;
#2546 = ADVANCED_FACE ( 'NONE', ( #5967 ), #2204, .F. ) ;
#2547 = VERTEX_POINT ( 'NONE', #529 ) ;
#2548 = LINE ( 'NONE', #1483, #1148 ) ;
#2549 = DIRECTION ( 'NONE',  ( -0.000000000000000000, -1.000000000000000000, -0.000000000000000000 ) ) ;
#2550 = ADVANCED_FACE ( 'NONE', ( #5909 ), #10480, .F. ) ;
#2551 = CARTESIAN_POINT ( 'NONE',  ( 17.40000000000000213, 7.400000000000003020, 5.599999999999992539 ) ) ;
#2552 = EDGE_CURVE ( 'NONE', #3583, #9275, #6864, .T. ) ;
#2553 = LINE ( 'NONE', #7944, #7934 ) ;
#2554 = DIRECTION ( 'NONE',  ( -3.212450881438531748E-16, 0.000000000000000000, -1.000000000000000000 ) ) ;
#2555 = AXIS2_PLACEMENT_3D ( 'NONE', #90, #2716, #10031 ) ;
#2556 = CARTESIAN_POINT ( 'NONE',  ( 21.55000000000000071, 7.600000000000004974, -5.400000000000012790 ) ) ;
#2557 = EDGE_CURVE ( 'NONE', #1946, #7684, #1304, .T. ) ;
#2558 = EDGE_CURVE ( 'NONE', #2961, #5206, #1770, .T. ) ;
#2559 = ADVANCED_FACE ( 'NONE', ( #2263 ), #1481, .T. ) ;
#2560 = VECTOR ( 'NONE', #3986, 1000.000000000000000 ) ;
#2561 = FACE_OUTER_BOUND ( 'NONE', #1979, .T. ) ;
#2562 = ORIENTED_EDGE ( 'NONE', *, *, #10917, .F. ) ;
#2563 = CARTESIAN_POINT ( 'NONE',  ( 20.50000000000000355, -3.999999999999999112, 5.599999999999988987 ) ) ;
#2564 = DIRECTION ( 'NONE',  ( 1.000000000000000000, -0.000000000000000000, -1.606225440719265627E-16 ) ) ;
#2565 = ORIENTED_EDGE ( 'NONE', *, *, #940, .F. ) ;
#2566 = LINE ( 'NONE', #1550, #9306 ) ;
#2567 = DIRECTION ( 'NONE',  ( 0.000000000000000000, 0.000000000000000000, -1.000000000000000000 ) ) ;
#2568 = LINE ( 'NONE', #2452, #7917 ) ;
#2569 = AXIS2_PLACEMENT_3D ( 'NONE', #3380, #6196, #9857 ) ;
#2570 = ORIENTED_EDGE ( 'NONE', *, *, #1038, .F. ) ;
#2571 = FACE_OUTER_BOUND ( 'NONE', #2207, .T. ) ;
#2572 = VERTEX_POINT ( 'NONE', #4099 ) ;
#2573 = EDGE_CURVE ( 'NONE', #2323, #10519, #621, .T. ) ;
#2574 = VERTEX_POINT ( 'NONE', #8669 ) ;
#2575 = CYLINDRICAL_SURFACE ( 'NONE', #9500, 0.1999999999999996503 ) ;
#2576 = VERTEX_POINT ( 'NONE', #11377 ) ;
#2577 = CARTESIAN_POINT ( 'NONE',  ( 19.05000000000000071, -3.358379542590069988, -7.619650039223833312E-15 ) ) ;
#2578 = ORIENTED_EDGE ( 'NONE', *, *, #2094, .F. ) ;
#2579 = CARTESIAN_POINT ( 'NONE',  ( -19.54999999999999716, 0.000000000000000000, 0.4999999999999982792 ) ) ;
#2580 = LINE ( 'NONE', #7134, #1252 ) ;
#2581 = LINE ( 'NONE', #8763, #3556 ) ;
#2582 = FACE_OUTER_BOUND ( 'NONE', #6778, .T. ) ;
#2583 = VECTOR ( 'NONE', #245, 1000.000000000000000 ) ;
#2584 = AXIS2_PLACEMENT_3D ( 'NONE', #73, #3699, #10264 ) ;
#2585 = DIRECTION ( 'NONE',  ( 1.000000000000000000, 1.967058844685892123E-32, 8.031127203596330602E-17 ) ) ;
#2586 = ORIENTED_EDGE ( 'NONE', *, *, #6450, .T. ) ;
#2587 = PLANE ( 'NONE',  #1562 ) ;
#2588 = CIRCLE ( 'NONE', #4304, 0.5000000000000004441 ) ;
#2589 = ORIENTED_EDGE ( 'NONE', *, *, #9274, .F. ) ;
#2590 = CIRCLE ( 'NONE', #10831, 2.299999999999999822 ) ;
#2591 = DIRECTION ( 'NONE',  ( -1.000000000000000000, 0.000000000000000000, -8.031127203596330602E-17 ) ) ;
#2592 = ORIENTED_EDGE ( 'NONE', *, *, #9746, .F. ) ;
#2593 = FACE_OUTER_BOUND ( 'NONE', #9998, .T. ) ;
#2594 = FACE_BOUND ( 'NONE', #7970, .T. ) ;
#2595 = VERTEX_POINT ( 'NONE', #2375 ) ;
#2596 = CARTESIAN_POINT ( 'NONE',  ( -13.95000000000000462, 19.60000000000000853, 12.09999999999999964 ) ) ;
#2597 = CARTESIAN_POINT ( 'NONE',  ( 13.94999999999999396, 19.60000000000000853, 12.09999999999998899 ) ) ;
#2598 = PLANE ( 'NONE',  #8350 ) ;
#2599 = AXIS2_PLACEMENT_3D ( 'NONE', #3778, #7508, #11837 ) ;
#2600 = DIRECTION ( 'NONE',  ( 0.000000000000000000, 0.000000000000000000, 1.000000000000000000 ) ) ;
#2601 = VECTOR ( 'NONE', #4778, 1000.000000000000000 ) ;
#2602 = ORIENTED_EDGE ( 'NONE', *, *, #4441, .T. ) ;
#2603 = VECTOR ( 'NONE', #627, 1000.000000000000000 ) ;
#2604 = PRESENTATION_LAYER_ASSIGNMENT (  '', '', ( #118 ) ) ;
#2605 = ORIENTED_EDGE ( 'NONE', *, *, #5627, .F. ) ;
#2606 = DIRECTION ( 'NONE',  ( -1.000000000000000000, -1.967058844685892396E-32, -8.031127203596331834E-17 ) ) ;
#2607 = VECTOR ( 'NONE', #8452, 1000.000000000000000 ) ;
#2608 = FACE_OUTER_BOUND ( 'NONE', #1911, .T. ) ;
#2609 = EDGE_CURVE ( 'NONE', #576, #2649, #7938, .T. ) ;
#2610 = ORIENTED_EDGE ( 'NONE', *, *, #7835, .T. ) ;
#2611 = VECTOR ( 'NONE', #1520, 1000.000000000000000 ) ;
#2612 = CARTESIAN_POINT ( 'NONE',  ( -4.899999999999995026, -3.999999999999999112, 5.599999999999996980 ) ) ;
#2613 = AXIS2_PLACEMENT_3D ( 'NONE', #11714, #2712, #911 ) ;
#2614 = DIRECTION ( 'NONE',  ( 0.000000000000000000, 1.000000000000000000, 0.000000000000000000 ) ) ;
#2615 = LINE ( 'NONE', #2334, #7375 ) ;
#2616 = CARTESIAN_POINT ( 'NONE',  ( -26.65000000000000213, 0.000000000000000000, 12.09999999999999964 ) ) ;
#2617 = LINE ( 'NONE', #4342, #1293 ) ;
#2618 = VECTOR ( 'NONE', #2802, 1000.000000000000000 ) ;
#2619 = EDGE_CURVE ( 'NONE', #4008, #5774, #7830, .T. ) ;
#2620 = DIRECTION ( 'NONE',  ( 4.606465321320705249E-17, -0.8191520442889935749, -0.5735764363510434949 ) ) ;
#2621 = ORIENTED_EDGE ( 'NONE', *, *, #705, .T. ) ;
#2622 = CIRCLE ( 'NONE', #146, 0.2000000000000005107 ) ;
#2623 = FILL_AREA_STYLE_COLOUR ( '', #7590 ) ;
#2624 = CARTESIAN_POINT ( 'NONE',  ( 20.69999999999999929, 22.60000000000000142, 7.399999999999995914 ) ) ;
#2625 = ORIENTED_EDGE ( 'NONE', *, *, #6163, .T. ) ;
#2626 = ADVANCED_FACE ( 'NONE', ( #3269 ), #10593, .T. ) ;
#2627 = DIRECTION ( 'NONE',  ( -0.000000000000000000, 1.000000000000000000, -0.000000000000000000 ) ) ;
#2628 = DIRECTION ( 'NONE',  ( 0.000000000000000000, 1.000000000000000000, 3.043374519257555536E-16 ) ) ;
#2629 = DIRECTION ( 'NONE',  ( -1.000000000000000000, -0.000000000000000000, 6.938893903907233308E-16 ) ) ;
#2630 = ADVANCED_FACE ( 'NONE', ( #11609 ), #3385, .T. ) ;
#2631 = ORIENTED_EDGE ( 'NONE', *, *, #11425, .T. ) ;
#2632 = EDGE_CURVE ( 'NONE', #10104, #9255, #2434, .T. ) ;
#2633 = ADVANCED_FACE ( 'NONE', ( #2545 ), #2721, .F. ) ;
#2634 = CARTESIAN_POINT ( 'NONE',  ( 21.55000000000000426, 2.499999999999998668, 7.399999999999993250 ) ) ;
#2635 = EDGE_LOOP ( 'NONE', ( #5886, #7517, #6871, #9831 ) ) ;
#2636 = ORIENTED_EDGE ( 'NONE', *, *, #5392, .F. ) ;
#2637 = CARTESIAN_POINT ( 'NONE',  ( 3.749999999999989342, 9.399999999999995026, 7.399999999999992362 ) ) ;
#2638 = ORIENTED_EDGE ( 'NONE', *, *, #2273, .T. ) ;
#2639 = DIRECTION ( 'NONE',  ( -0.8191520442889935749, -0.5735764363510434949, -2.860054076310225049E-15 ) ) ;
#2640 = CARTESIAN_POINT ( 'NONE',  ( -13.95000000000000462, 9.399999999999998579, 7.400000000000000355 ) ) ;
#2641 = ORIENTED_EDGE ( 'NONE', *, *, #5635, .F. ) ;
#2642 = PLANE ( 'NONE',  #9192 ) ;
#2643 = DIRECTION ( 'NONE',  ( 8.031127203596330602E-17, 0.000000000000000000, -1.000000000000000000 ) ) ;
#2644 = CARTESIAN_POINT ( 'NONE',  ( -6.349999999999997868, 10.90000000000000213, 2.000000000000000888 ) ) ;
#2645 =( LENGTH_UNIT ( ) NAMED_UNIT ( * ) SI_UNIT ( .MILLI., .METRE. ) );
#2646 = ADVANCED_FACE ( 'NONE', ( #2608 ), #6202, .F. ) ;
#2647 = ORIENTED_EDGE ( 'NONE', *, *, #2710, .T. ) ;
#2648 = DIRECTION ( 'NONE',  ( 0.000000000000000000, -1.000000000000000000, 0.000000000000000000 ) ) ;
#2649 = VERTEX_POINT ( 'NONE', #8005 ) ;
#2650 = DIRECTION ( 'NONE',  ( -0.000000000000000000, -6.579587588715665943E-16, 1.000000000000000000 ) ) ;
#2651 = VERTEX_POINT ( 'NONE', #2663 ) ;
#2652 = DIRECTION ( 'NONE',  ( 1.000000000000000000, -0.000000000000000000, 8.031127203596331834E-17 ) ) ;
#2653 = CARTESIAN_POINT ( 'NONE',  ( -3.849999999999999201, 9.400000000000003908, -5.499999999999999112 ) ) ;
#2654 = ORIENTED_EDGE ( 'NONE', *, *, #8070, .F. ) ;
#2655 = CARTESIAN_POINT ( 'NONE',  ( 8.849999999999999645, 2.499999999999998668, -7.400000000000010125 ) ) ;
#2656 = CARTESIAN_POINT ( 'NONE',  ( 13.94999999999999041, 22.60000000000000142, -7.400000000000005684 ) ) ;
#2657 = CARTESIAN_POINT ( 'NONE',  ( -47.67189334955344293, 0.5000000000000000000, 10.10000000000000320 ) ) ;
#2658 = DIRECTION ( 'NONE',  ( 1.000000000000000000, 0.000000000000000000, 3.571792610879097845E-15 ) ) ;
#2659 = ORIENTED_EDGE ( 'NONE', *, *, #1166, .T. ) ;
#2660 = EDGE_LOOP ( 'NONE', ( #5701, #3594, #4467, #5900 ) ) ;
#2661 = DIRECTION ( 'NONE',  ( 0.9396926207859076507, 0.3420201433256707113, -8.934052693631829820E-17 ) ) ;
#2662 = EDGE_CURVE ( 'NONE', #6670, #5196, #10038, .T. ) ;
#2663 = CARTESIAN_POINT ( 'NONE',  ( 21.04999999999999716, 13.50000000000000178, 0.4999999999999992784 ) ) ;
#2664 = EDGE_LOOP ( 'NONE', ( #4416, #1185, #4621, #1978 ) ) ;
#2665 = CARTESIAN_POINT ( 'NONE',  ( -1.250000000000004663, 9.400000000000000355, 7.399999999999995914 ) ) ;
#2666 = CARTESIAN_POINT ( 'NONE',  ( 1.600000000000004086, 10.90000000000000036, 4.249999999999992895 ) ) ;
#2667 = LINE ( 'NONE', #814, #9295 ) ;
#2668 = VECTOR ( 'NONE', #9336, 1000.000000000000000 ) ;
#2669 = CARTESIAN_POINT ( 'NONE',  ( 6.350000000000001421, 10.90000000000000036, -3.000000000000008882 ) ) ;
#2670 = CARTESIAN_POINT ( 'NONE',  ( -8.849999999999999645, 5.900000000000003020, -2.000000000000002220 ) ) ;
#2671 = EDGE_CURVE ( 'NONE', #6585, #4391, #8179, .T. ) ;
#2672 = EDGE_CURVE ( 'NONE', #11490, #8082, #8961, .T. ) ;
#2673 = ORIENTED_EDGE ( 'NONE', *, *, #1905, .T. ) ;
#2674 = VECTOR ( 'NONE', #3438, 1000.000000000000000 ) ;
#2675 = VECTOR ( 'NONE', #849, 1000.000000000000000 ) ;
#2676 = CARTESIAN_POINT ( 'NONE',  ( 6.350000000000001421, 9.400000000000002132, -8.639603194080566470E-15 ) ) ;
#2677 = ORIENTED_EDGE ( 'NONE', *, *, #9034, .F. ) ;
#2678 = DIRECTION ( 'NONE',  ( 1.445602896647338917E-16, -6.938893903907226011E-15, 1.000000000000000000 ) ) ;
#2679 = VERTEX_POINT ( 'NONE', #8896 ) ;
#2680 = DIRECTION ( 'NONE',  ( 0.000000000000000000, -0.000000000000000000, -1.000000000000000000 ) ) ;
#2681 = CARTESIAN_POINT ( 'NONE',  ( -16.54999999999999716, 2.499999999999998668, -5.599999999999997868 ) ) ;
#2682 = DIRECTION ( 'NONE',  ( -4.066575051493318340E-32, -1.000000000000000000, 1.172110456741085828E-16 ) ) ;
#2683 = AXIS2_PLACEMENT_3D ( 'NONE', #4114, #6706, #6041 ) ;
#2684 = ORIENTED_EDGE ( 'NONE', *, *, #8933, .T. ) ;
#2685 = CARTESIAN_POINT ( 'NONE',  ( 6.850000000000004974, 13.50000000000000178, 2.244994432064356005 ) ) ;
#2686 = ORIENTED_EDGE ( 'NONE', *, *, #1377, .F. ) ;
#2687 = ORIENTED_EDGE ( 'NONE', *, *, #7714, .F. ) ;
#2688 = EDGE_CURVE ( 'NONE', #9732, #4373, #4390, .T. ) ;
#2689 = FILL_AREA_STYLE_COLOUR ( '', #1658 ) ;
#2690 = VERTEX_POINT ( 'NONE', #753 ) ;
#2691 = DIRECTION ( 'NONE',  ( 1.000000000000000000, 0.000000000000000000, -1.779203565104417621E-16 ) ) ;
#2692 = DIRECTION ( 'NONE',  ( 0.000000000000000000, 0.000000000000000000, -1.000000000000000000 ) ) ;
#2693 = ORIENTED_EDGE ( 'NONE', *, *, #62, .T. ) ;
#2694 = FILL_AREA_STYLE ('',( #1563 ) ) ;
#2695 = CARTESIAN_POINT ( 'NONE',  ( 21.55000000000000071, 2.500000000000000000, -5.600000000000011191 ) ) ;
#2696 = CARTESIAN_POINT ( 'NONE',  ( -1.600000000000000755, 10.90000000000000036, -4.249999999999998224 ) ) ;
#2697 = EDGE_CURVE ( 'NONE', #3919, #8871, #7281, .T. ) ;
#2698 = DIRECTION ( 'NONE',  ( 0.000000000000000000, 0.000000000000000000, -1.000000000000000000 ) ) ;
#2699 = ORIENTED_EDGE ( 'NONE', *, *, #8360, .T. ) ;
#2700 = EDGE_CURVE ( 'NONE', #9748, #538, #8260, .T. ) ;
#2701 = EDGE_CURVE ( 'NONE', #5435, #7040, #5355, .T. ) ;
#2702 = DIRECTION ( 'NONE',  ( 0.000000000000000000, -1.000000000000000000, -3.097720492815726673E-16 ) ) ;
#2703 = ORIENTED_EDGE ( 'NONE', *, *, #9198, .F. ) ;
#2704 = AXIS2_PLACEMENT_3D ( 'NONE', #137, #6604, #7320 ) ;
#2705 = CARTESIAN_POINT ( 'NONE',  ( 6.850000000000002309, 11.40000000000000391, -0.5000000000000085487 ) ) ;
#2706 = ORIENTED_EDGE ( 'NONE', *, *, #11440, .T. ) ;
#2707 = LINE ( 'NONE', #10023, #3921 ) ;
#2708 = DIRECTION ( 'NONE',  ( 1.000000000000000000, 0.000000000000000000, -1.257045997084642611E-16 ) ) ;
#2709 = ORIENTED_EDGE ( 'NONE', *, *, #809, .F. ) ;
#2710 = EDGE_CURVE ( 'NONE', #10624, #9162, #5234, .T. ) ;
#2711 = CIRCLE ( 'NONE', #11327, 3.483215956619923670 ) ;
#2712 = DIRECTION ( 'NONE',  ( -1.000000000000000000, 0.000000000000000000, 0.000000000000000000 ) ) ;
#2713 = CARTESIAN_POINT ( 'NONE',  ( -4.699999999999999289, 2.500000000000002220, 5.599999999999996092 ) ) ;
#2714 = CARTESIAN_POINT ( 'NONE',  ( -16.54999999999999716, 5.900000000000002132, -1.999999999999997780 ) ) ;
#2715 = LINE ( 'NONE', #2768, #10599 ) ;
#2716 = DIRECTION ( 'NONE',  ( 1.000000000000000000, -0.000000000000000000, 8.031127203596330602E-17 ) ) ;
#2717 = ORIENTED_EDGE ( 'NONE', *, *, #7026, .F. ) ;
#2718 = ORIENTED_EDGE ( 'NONE', *, *, #7594, .T. ) ;
#2719 = CARTESIAN_POINT ( 'NONE',  ( 6.350000000000001421, 3.650000000000002132, -8.639603194080566470E-15 ) ) ;
#2720 = ORIENTED_EDGE ( 'NONE', *, *, #7024, .T. ) ;
#2721 = PLANE ( 'NONE',  #11727 ) ;
#2722 = ORIENTED_EDGE ( 'NONE', *, *, #5062, .F. ) ;
#2723 = CARTESIAN_POINT ( 'NONE',  ( -24.15000000000000568, 22.60000000000000142, -7.400000000000000355 ) ) ;
#2724 = EDGE_CURVE ( 'NONE', #610, #8247, #9926, .T. ) ;
#2725 = LINE ( 'NONE', #6386, #3103 ) ;
#2726 = DIRECTION ( 'NONE',  ( 7.546790969812434496E-17, 0.3420201433256707113, -0.9396926207859076507 ) ) ;
#2727 = DIRECTION ( 'NONE',  ( 0.000000000000000000, 0.000000000000000000, 1.000000000000000000 ) ) ;
#2728 = LINE ( 'NONE', #817, #11190 ) ;
#2729 = ORIENTED_EDGE ( 'NONE', *, *, #10116, .T. ) ;
#2730 = VECTOR ( 'NONE', #3776, 1000.000000000000000 ) ;
#2731 = PLANE ( 'NONE',  #2481 ) ;
#2732 = ORIENTED_EDGE ( 'NONE', *, *, #8353, .T. ) ;
#2733 = VECTOR ( 'NONE', #1039, 1000.000000000000000 ) ;
#2734 = ORIENTED_EDGE ( 'NONE', *, *, #8344, .T. ) ;
#2735 = DIRECTION ( 'NONE',  ( -1.000000000000000000, 0.000000000000000000, 1.020425574104004492E-16 ) ) ;
#2736 = DIRECTION ( 'NONE',  ( -0.000000000000000000, -1.000000000000000000, 0.000000000000000000 ) ) ;
#2737 = DIRECTION ( 'NONE',  ( 0.000000000000000000, 0.000000000000000000, -1.000000000000000000 ) ) ;
#2738 = ORIENTED_EDGE ( 'NONE', *, *, #6291, .T. ) ;
#2739 = CIRCLE ( 'NONE', #4269, 1.999999999999999112 ) ;
#2740 = DIRECTION ( 'NONE',  ( 4.066575051493318340E-32, 1.000000000000000000, -1.172110456741085828E-16 ) ) ;
#2741 = ORIENTED_EDGE ( 'NONE', *, *, #4819, .T. ) ;
#2742 = ORIENTED_EDGE ( 'NONE', *, *, #10970, .T. ) ;
#2743 = DIRECTION ( 'NONE',  ( 0.000000000000000000, -1.000000000000000000, 0.000000000000000000 ) ) ;
#2744 = PLANE ( 'NONE',  #4344 ) ;
#2745 = CARTESIAN_POINT ( 'NONE',  ( -8.349999999999999645, 13.50000000000000178, -0.5000000000000059952 ) ) ;
#2746 = CARTESIAN_POINT ( 'NONE',  ( -1.250000000000004663, 0.5000000000000000000, 12.09999999999999609 ) ) ;
#2747 = ORIENTED_EDGE ( 'NONE', *, *, #6224, .F. ) ;
#2748 = PLANE ( 'NONE',  #672 ) ;
#2749 = LINE ( 'NONE', #10919, #8738 ) ;
#2750 = AXIS2_PLACEMENT_3D ( 'NONE', #11791, #1897, #9205 ) ;
#2751 = CARTESIAN_POINT ( 'NONE',  ( -20.69999999999999929, 7.600000000000002309, -3.299999999999997602 ) ) ;
#2752 = FACE_OUTER_BOUND ( 'NONE', #6530, .T. ) ;
#2753 = ORIENTED_EDGE ( 'NONE', *, *, #10838, .T. ) ;
#2754 = EDGE_CURVE ( 'NONE', #7247, #4005, #1652, .T. ) ;
#2755 = DIRECTION ( 'NONE',  ( -0.000000000000000000, -1.000000000000000000, -0.000000000000000000 ) ) ;
#2756 = EDGE_LOOP ( 'NONE', ( #120, #5221, #5594, #4725 ) ) ;
#2757 = EDGE_CURVE ( 'NONE', #2359, #9282, #8078, .T. ) ;
#2758 = DIRECTION ( 'NONE',  ( 1.000000000000000000, -0.000000000000000000, 8.031127203596330602E-17 ) ) ;
#2759 = ORIENTED_EDGE ( 'NONE', *, *, #10554, .F. ) ;
#2760 = CARTESIAN_POINT ( 'NONE',  ( -16.54999999999999716, 9.400000000000002132, -1.999999999999997780 ) ) ;
#2761 = ORIENTED_EDGE ( 'NONE', *, *, #11173, .F. ) ;
#2762 = DIRECTION ( 'NONE',  ( 0.000000000000000000, 1.000000000000000000, 1.172110456741085828E-16 ) ) ;
#2763 = ORIENTED_EDGE ( 'NONE', *, *, #11508, .T. ) ;
#2764 = COLOUR_RGB ( '',0.7921568627450980005, 0.8196078431372548767, 0.9333333333333333481 ) ;
#2765 = CARTESIAN_POINT ( 'NONE',  ( -20.69999999999999929, 0.5000000000000004441, -7.399999999999995914 ) ) ;
#2766 = DIRECTION ( 'NONE',  ( 0.000000000000000000, 0.000000000000000000, 1.000000000000000000 ) ) ;
#2767 = DIRECTION ( 'NONE',  ( 1.000000000000000000, 0.000000000000000000, 8.031127203596330602E-17 ) ) ;
#2768 = CARTESIAN_POINT ( 'NONE',  ( 20.70000000000000284, 5.900000000000002132, 2.999999999999990230 ) ) ;
#2769 = ADVANCED_FACE ( 'NONE', ( #4502 ), #694, .F. ) ;
#2770 = DIRECTION ( 'NONE',  ( 0.000000000000000000, 1.000000000000000000, 0.000000000000000000 ) ) ;
#2771 = STYLED_ITEM ( 'NONE', ( #9113 ), #1111 ) ;
#2772 = EDGE_CURVE ( 'NONE', #3685, #3950, #9076, .T. ) ;
#2773 = EDGE_LOOP ( 'NONE', ( #10101, #7534, #6265, #10495 ) ) ;
#2774 = AXIS2_PLACEMENT_3D ( 'NONE', #3637, #10009, #6352 ) ;
#2775 = EDGE_LOOP ( 'NONE', ( #6995, #4611, #7333, #5644, #7310, #5629, #10955, #9479 ) ) ;
#2776 = CARTESIAN_POINT ( 'NONE',  ( 6.850000000000004974, 12.50000000000000000, 3.499999999999996891 ) ) ;
#2777 = ORIENTED_EDGE ( 'NONE', *, *, #1101, .T. ) ;
#2778 = LINE ( 'NONE', #6499, #36 ) ;
#2779 = EDGE_CURVE ( 'NONE', #610, #633, #8237, .T. ) ;
#2780 = VERTEX_POINT ( 'NONE', #862 ) ;
#2781 = DIRECTION ( 'NONE',  ( 0.000000000000000000, 0.000000000000000000, -1.000000000000000000 ) ) ;
#2782 = PRODUCT_DEFINITION_FORMATION_WITH_SPECIFIED_SOURCE ( 'ANY', '', #4404, .NOT_KNOWN. ) ;
#2783 = CARTESIAN_POINT ( 'NONE',  ( -19.04999999999999716, 12.30000000000000071, 3.500000000000000000 ) ) ;
#2784 = FACE_OUTER_BOUND ( 'NONE', #1742, .T. ) ;
#2785 = AXIS2_PLACEMENT_3D ( 'NONE', #11271, #8684, #9646 ) ;
#2786 = AXIS2_PLACEMENT_3D ( 'NONE', #1200, #1375, #4118 ) ;
#2787 = FACE_OUTER_BOUND ( 'NONE', #4863, .T. ) ;
#2788 = AXIS2_PLACEMENT_3D ( 'NONE', #5340, #10811, #3421 ) ;
#2789 = MECHANICAL_DESIGN_GEOMETRIC_PRESENTATION_REPRESENTATION (  '', ( #3175 ), #1648 ) ;
#2790 = DIRECTION ( 'NONE',  ( 1.000000000000000000, -0.000000000000000000, 8.031127203596331834E-17 ) ) ;
#2791 = VERTEX_POINT ( 'NONE', #9018 ) ;
#2792 = EDGE_CURVE ( 'NONE', #11490, #129, #7102, .T. ) ;
#2793 = AXIS2_PLACEMENT_3D ( 'NONE', #1338, #4016, #9666 ) ;
#2794 = AXIS2_PLACEMENT_3D ( 'NONE', #7410, #8298, #9990 ) ;
#2795 = VECTOR ( 'NONE', #2743, 1000.000000000000000 ) ;
#2796 = DIRECTION ( 'NONE',  ( -0.000000000000000000, -0.000000000000000000, 1.000000000000000000 ) ) ;
#2797 = MECHANICAL_DESIGN_GEOMETRIC_PRESENTATION_REPRESENTATION (  '', ( #8924 ), #9117 ) ;
#2798 = VERTEX_POINT ( 'NONE', #7223 ) ;
#2799 = VERTEX_POINT ( 'NONE', #1045 ) ;
#2800 = VECTOR ( 'NONE', #4764, 1000.000000000000227 ) ;
#2801 = LINE ( 'NONE', #4521, #5668 ) ;
#2802 = DIRECTION ( 'NONE',  ( 1.000000000000000000, -0.000000000000000000, 8.031127203596331834E-17 ) ) ;
#2803 = CARTESIAN_POINT ( 'NONE',  ( -1.600000000000000755, 24.33502884254439991, -4.249999999999998224 ) ) ;
#2804 = VERTEX_POINT ( 'NONE', #9330 ) ;
#2805 = VECTOR ( 'NONE', #9753, 1000.000000000000000 ) ;
#2806 = AXIS2_PLACEMENT_3D ( 'NONE', #1206, #3059, #3515 ) ;
#2807 = CARTESIAN_POINT ( 'NONE',  ( 3.850000000000002753, 9.400000000000003908, 5.499999999999991118 ) ) ;
#2808 = VERTEX_POINT ( 'NONE', #8539 ) ;
#2809 = EDGE_CURVE ( 'NONE', #3518, #3183, #1952, .T. ) ;
#2810 = EDGE_LOOP ( 'NONE', ( #1638, #10950, #3876, #410, #11632, #5747, #7495, #9328 ) ) ;
#2811 = DIRECTION ( 'NONE',  ( 0.000000000000000000, -2.449293598294701484E-16, -1.000000000000000000 ) ) ;
#2812 = VERTEX_POINT ( 'NONE', #6447 ) ;
#2813 = DIRECTION ( 'NONE',  ( -4.066575051493318340E-32, -1.000000000000000000, 1.172110456741085828E-16 ) ) ;
#2814 = LINE ( 'NONE', #7309, #7561 ) ;
#2815 = EDGE_LOOP ( 'NONE', ( #6278, #8466, #6660, #10325 ) ) ;
#2816 = CARTESIAN_POINT ( 'NONE',  ( 11.10000000000000142, 9.400000000000002132, 4.249999999999991118 ) ) ;
#2817 = CARTESIAN_POINT ( 'NONE',  ( -17.39999999999999858, 2.500000000000000444, -5.599999999999996980 ) ) ;
#2818 = DIRECTION ( 'NONE',  ( -0.000000000000000000, -2.449293598294701484E-16, 1.000000000000000000 ) ) ;
#2819 = EDGE_CURVE ( 'NONE', #11032, #9422, #10351, .T. ) ;
#2820 = EDGE_LOOP ( 'NONE', ( #11109, #3235, #11196, #921 ) ) ;
#2821 = DIRECTION ( 'NONE',  ( -1.000000000000000000, 0.000000000000000000, -8.031127203596331834E-17 ) ) ;
#2822 = ORIENTED_EDGE ( 'NONE', *, *, #10439, .T. ) ;
#2823 = CLOSED_SHELL ( 'NONE', ( #7995, #1008, #9893, #2854, #9239, #6396, #5775, #9925, #6754, #4652, #375, #587, #5127, #10952, #11071, #1244, #7526, #10613, #1183, #153, #11788, #1096, #1853, #3766, #8795, #1240, #3305, #6880, #1064, #4595, #6442, #6807, #9527 ) ) ;
#2824 = DIRECTION ( 'NONE',  ( -1.000000000000000000, 0.000000000000000000, -0.000000000000000000 ) ) ;
#2825 = AXIS2_PLACEMENT_3D ( 'NONE', #10410, #9508, #10298 ) ;
#2826 = ORIENTED_EDGE ( 'NONE', *, *, #1523, .F. ) ;
#2827 = PLANE ( 'NONE',  #3549 ) ;
#2828 = ORIENTED_EDGE ( 'NONE', *, *, #561, .F. ) ;
#2829 = PLANE ( 'NONE',  #2495 ) ;
#2830 = VERTEX_POINT ( 'NONE', #2136 ) ;
#2831 = FACE_OUTER_BOUND ( 'NONE', #3106, .T. ) ;
#2832 = CARTESIAN_POINT ( 'NONE',  ( -11.45000000000000462, 0.5000000000000000000, 12.09999999999999787 ) ) ;
#2833 = DIRECTION ( 'NONE',  ( 7.546790969812434496E-17, 0.3420201433256707113, -0.9396926207859076507 ) ) ;
#2834 = CARTESIAN_POINT ( 'NONE',  ( -6.349999999999997868, 24.33502884254439991, -1.999999999999996669 ) ) ;
#2835 = EDGE_CURVE ( 'NONE', #1526, #10071, #2778, .T. ) ;
#2836 = CARTESIAN_POINT ( 'NONE',  ( -6.349999999999997868, 3.900000000000002576, 1.019953154856734144E-15 ) ) ;
#2837 = ADVANCED_FACE ( 'NONE', ( #338 ), #7338, .F. ) ;
#2838 = ORIENTED_EDGE ( 'NONE', *, *, #8722, .T. ) ;
#2839 = ORIENTED_EDGE ( 'NONE', *, *, #4225, .T. ) ;
#2840 = LINE ( 'NONE', #5658, #4566 ) ;
#2841 = VERTEX_POINT ( 'NONE', #4684 ) ;
#2842 = DIRECTION ( 'NONE',  ( 1.000000000000000000, 0.000000000000000000, -0.000000000000000000 ) ) ;
#2843 = ORIENTED_EDGE ( 'NONE', *, *, #4956, .T. ) ;
#2844 = CARTESIAN_POINT ( 'NONE',  ( 10.60000000000000142, 10.90000000000000036, 4.749999999999991118 ) ) ;
#2845 = EDGE_CURVE ( 'NONE', #4604, #6175, #4747, .T. ) ;
#2846 = CARTESIAN_POINT ( 'NONE',  ( -1.249999999999996003, 9.399999999999998579, 7.399999999999995914 ) ) ;
#2847 = FACE_OUTER_BOUND ( 'NONE', #1885, .T. ) ;
#2848 = DIRECTION ( 'NONE',  ( 4.066575051493318340E-32, 1.000000000000000000, -1.172110456741085828E-16 ) ) ;
#2849 = EDGE_CURVE ( 'NONE', #526, #5893, #11066, .T. ) ;
#2850 = EDGE_CURVE ( 'NONE', #5893, #7062, #95, .T. ) ;
#2851 = EDGE_CURVE ( 'NONE', #6566, #4651, #11250, .T. ) ;
#2852 = CARTESIAN_POINT ( 'NONE',  ( -11.45000000000000462, 19.60000000000000853, 12.09999999999999787 ) ) ;
#2853 = ORIENTED_EDGE ( 'NONE', *, *, #5683, .F. ) ;
#2854 = ADVANCED_FACE ( 'NONE', ( #159 ), #3788, .T. ) ;
#2855 = EDGE_CURVE ( 'NONE', #2323, #11829, #4228, .T. ) ;
#2856 = DIRECTION ( 'NONE',  ( -1.000000000000000000, 0.000000000000000000, 0.000000000000000000 ) ) ;
#2857 = ORIENTED_EDGE ( 'NONE', *, *, #7528, .F. ) ;
#2858 = ORIENTED_EDGE ( 'NONE', *, *, #8713, .T. ) ;
#2859 = ADVANCED_FACE ( 'NONE', ( #3727 ), #2962, .F. ) ;
#2860 = DIRECTION ( 'NONE',  ( 0.000000000000000000, -0.5735764363510434949, 0.8191520442889935749 ) ) ;
#2861 = CARTESIAN_POINT ( 'NONE',  ( 19.05000000000000071, -3.358379542590069988, 3.499999999999992895 ) ) ;
#2862 = LINE ( 'NONE', #6523, #6389 ) ;
#2863 = AXIS2_PLACEMENT_3D ( 'NONE', #6640, #10050, #2024 ) ;
#2864 = AXIS2_PLACEMENT_3D ( 'NONE', #1283, #1940, #4674 ) ;
#2865 = ORIENTED_EDGE ( 'NONE', *, *, #7341, .T. ) ;
#2866 = VECTOR ( 'NONE', #10999, 1000.000000000000000 ) ;
#2867 = DIRECTION ( 'NONE',  ( 0.000000000000000000, 1.000000000000000000, 0.000000000000000000 ) ) ;
#2868 = ORIENTED_EDGE ( 'NONE', *, *, #1022, .T. ) ;
#2869 = ORIENTED_EDGE ( 'NONE', *, *, #9599, .T. ) ;
#2870 = LINE ( 'NONE', #3757, #3929 ) ;
#2871 = VERTEX_POINT ( 'NONE', #3848 ) ;
#2872 = CARTESIAN_POINT ( 'NONE',  ( 6.850000000000004974, 12.50000000000000000, 3.447142787940699726 ) ) ;
#2873 = DIRECTION ( 'NONE',  ( 0.000000000000000000, 0.000000000000000000, -1.000000000000000000 ) ) ;
#2874 = ORIENTED_EDGE ( 'NONE', *, *, #5926, .F. ) ;
#2875 = AXIS2_PLACEMENT_3D ( 'NONE', #7067, #10739, #894 ) ;
#2876 =( NAMED_UNIT ( * ) SI_UNIT ( $, .STERADIAN. ) SOLID_ANGLE_UNIT ( ) );
#2877 = DIRECTION ( 'NONE',  ( 8.031127203596331834E-17, 0.000000000000000000, -1.000000000000000000 ) ) ;
#2878 = FACE_OUTER_BOUND ( 'NONE', #6088, .T. ) ;
#2879 = DIRECTION ( 'NONE',  ( 0.000000000000000000, 0.000000000000000000, -1.000000000000000000 ) ) ;
#2880 = VERTEX_POINT ( 'NONE', #7403 ) ;
#2881 = VECTOR ( 'NONE', #11270, 1000.000000000000000 ) ;
#2882 = DIRECTION ( 'NONE',  ( 0.000000000000000000, -1.000000000000000000, 0.000000000000000000 ) ) ;
#2883 = ORIENTED_EDGE ( 'NONE', *, *, #6730, .F. ) ;
#2884 = LINE ( 'NONE', #9703, #429 ) ;
#2885 = CYLINDRICAL_SURFACE ( 'NONE', #5970, 2.000000000000000000 ) ;
#2886 = EDGE_LOOP ( 'NONE', ( #856, #2777, #10752, #3769 ) ) ;
#2887 = CARTESIAN_POINT ( 'NONE',  ( -20.69999999999999929, -4.000000000000000000, -7.399999999999995914 ) ) ;
#2888 = ORIENTED_EDGE ( 'NONE', *, *, #7858, .T. ) ;
#2889 = LINE ( 'NONE', #5711, #11685 ) ;
#2890 = ORIENTED_EDGE ( 'NONE', *, *, #5551, .F. ) ;
#2891 = DIRECTION ( 'NONE',  ( 1.000000000000000000, -0.000000000000000000, -1.779203565104417621E-16 ) ) ;
#2892 = DIRECTION ( 'NONE',  ( 0.000000000000000000, -1.000000000000000000, -3.097720492815726673E-16 ) ) ;
#2893 = CARTESIAN_POINT ( 'NONE',  ( -17.39999999999999858, -3.450504516109082598, -7.399999999999995914 ) ) ;
#2894 = CARTESIAN_POINT ( 'NONE',  ( 1.249999999999994227, 19.60000000000000853, 12.09999999999999432 ) ) ;
#2895 = CARTESIAN_POINT ( 'NONE',  ( -8.849999999999999645, 5.900000000000003020, -3.000000000000002220 ) ) ;
#2896 = ORIENTED_EDGE ( 'NONE', *, *, #8552, .T. ) ;
#2897 = VERTEX_POINT ( 'NONE', #11002 ) ;
#2898 = CARTESIAN_POINT ( 'NONE',  ( -6.349999999999997868, 0.000000000000000000, -0.4999999999999990563 ) ) ;
#2899 = ORIENTED_EDGE ( 'NONE', *, *, #6216, .T. ) ;
#2900 = VECTOR ( 'NONE', #11180, 1000.000000000000000 ) ;
#2901 = CARTESIAN_POINT ( 'NONE',  ( 2.100000000000004530, 24.33502884254439991, -4.750000000000007994 ) ) ;
#2902 = VERTEX_POINT ( 'NONE', #11122 ) ;
#2903 = CARTESIAN_POINT ( 'NONE',  ( 3.749999999999989342, 9.399999999999991473, -7.400000000000007461 ) ) ;
#2904 = FILL_AREA_STYLE ('',( #2965 ) ) ;
#2905 = PLANE ( 'NONE',  #2825 ) ;
#2906 = DIRECTION ( 'NONE',  ( -1.000000000000000000, 0.000000000000000000, -8.031127203596330602E-17 ) ) ;
#2907 = LINE ( 'NONE', #10232, #1264 ) ;
#2908 = VECTOR ( 'NONE', #1992, 1000.000000000000000 ) ;
#2909 = DIRECTION ( 'NONE',  ( 0.000000000000000000, 0.000000000000000000, -1.000000000000000000 ) ) ;
#2910 = DIRECTION ( 'NONE',  ( 0.000000000000000000, -2.449293598294701484E-16, -1.000000000000000000 ) ) ;
#2911 = VERTEX_POINT ( 'NONE', #7516 ) ;
#2912 = EDGE_CURVE ( 'NONE', #9124, #1042, #10294, .T. ) ;
#2913 = AXIS2_PLACEMENT_3D ( 'NONE', #4586, #2740, #7300 ) ;
#2914 = EDGE_CURVE ( 'NONE', #10442, #11756, #2079, .T. ) ;
#2915 = CARTESIAN_POINT ( 'NONE',  ( -21.55000000000000071, 7.500000000000002665, -7.399999999999995914 ) ) ;
#2916 = ADVANCED_FACE ( 'NONE', ( #9197 ), #1171, .F. ) ;
#2917 = EDGE_LOOP ( 'NONE', ( #11538, #9246, #7490, #581 ) ) ;
#2918 = ORIENTED_EDGE ( 'NONE', *, *, #5556, .F. ) ;
#2919 = DIRECTION ( 'NONE',  ( 0.3236155771181863927, 0.8891264907159871500, 0.3236155771181863372 ) ) ;
#2920 = DIRECTION ( 'NONE',  ( 1.000000000000000000, -1.967058844685892396E-32, 8.031127203596331834E-17 ) ) ;
#2921 = ADVANCED_FACE ( 'NONE', ( #273 ), #7579, .T. ) ;
#2922 = ADVANCED_FACE ( 'NONE', ( #5108, #2362, #7758, #1465, #11363 ), #7702, .T. ) ;
#2923 = DIRECTION ( 'NONE',  ( 0.000000000000000000, 0.000000000000000000, -1.000000000000000000 ) ) ;
#2924 = ADVANCED_FACE ( 'NONE', ( #9560 ), #1294, .F. ) ;
#2925 = ORIENTED_EDGE ( 'NONE', *, *, #1165, .T. ) ;
#2926 = AXIS2_PLACEMENT_3D ( 'NONE', #8530, #9494, #11116 ) ;
#2927 = ORIENTED_EDGE ( 'NONE', *, *, #6205, .T. ) ;
#2928 = ADVANCED_FACE ( 'NONE', ( #7873 ), #4991, .T. ) ;
#2929 = VERTEX_POINT ( 'NONE', #9504 ) ;
#2930 = CARTESIAN_POINT ( 'NONE',  ( 10.60000000000000142, 24.33502884254439991, 4.749999999999989342 ) ) ;
#2931 = DIRECTION ( 'NONE',  ( 0.000000000000000000, -6.579587588715665943E-16, -1.000000000000000000 ) ) ;
#2932 = ORIENTED_EDGE ( 'NONE', *, *, #5113, .T. ) ;
#2933 = SURFACE_SIDE_STYLE ('',( #9291 ) ) ;
#2934 = DIRECTION ( 'NONE',  ( -0.000000000000000000, -1.000000000000000000, -0.000000000000000000 ) ) ;
#2935 = UNCERTAINTY_MEASURE_WITH_UNIT (LENGTH_MEASURE( 1.000000000000000082E-05 ), #360, 'distance_accuracy_value', 'NONE');
#2936 = DIRECTION ( 'NONE',  ( 0.000000000000000000, 0.000000000000000000, -1.000000000000000000 ) ) ;
#2937 = FACE_OUTER_BOUND ( 'NONE', #3551, .T. ) ;
#2938 = VECTOR ( 'NONE', #761, 1000.000000000000000 ) ;
#2939 = ORIENTED_EDGE ( 'NONE', *, *, #7158, .T. ) ;
#2940 = EDGE_CURVE ( 'NONE', #2943, #622, #8658, .T. ) ;
#2941 = ORIENTED_EDGE ( 'NONE', *, *, #4798, .F. ) ;
#2942 = FACE_OUTER_BOUND ( 'NONE', #3371, .T. ) ;
#2943 = VERTEX_POINT ( 'NONE', #566 ) ;
#2944 = DIRECTION ( 'NONE',  ( -1.000000000000000000, 0.000000000000000000, -8.031127203596330602E-17 ) ) ;
#2945 = PLANE ( 'NONE',  #2525 ) ;
#2946 = ORIENTED_EDGE ( 'NONE', *, *, #2156, .F. ) ;
#2947 = AXIS2_PLACEMENT_3D ( 'NONE', #2440, #1488, #9755 ) ;
#2948 = LINE ( 'NONE', #6609, #10275 ) ;
#2949 = ORIENTED_EDGE ( 'NONE', *, *, #9386, .T. ) ;
#2950 = PLANE ( 'NONE',  #1355 ) ;
#2951 = ORIENTED_EDGE ( 'NONE', *, *, #7043, .T. ) ;
#2952 = CARTESIAN_POINT ( 'NONE',  ( 19.55000000000000071, 0.000000000000000000, -0.5000000000000059952 ) ) ;
#2953 = CARTESIAN_POINT ( 'NONE',  ( -4.699999999999999289, 0.5000000000000000000, 5.599999999999996092 ) ) ;
#2954 = CARTESIAN_POINT ( 'NONE',  ( 3.849999999999999201, 2.499999999999998668, -7.400000000000010125 ) ) ;
#2955 = FACE_OUTER_BOUND ( 'NONE', #5956, .T. ) ;
#2956 = CARTESIAN_POINT ( 'NONE',  ( 21.55000000000000426, 7.400000000000003020, 5.599999999999993427 ) ) ;
#2957 = ORIENTED_EDGE ( 'NONE', *, *, #1824, .T. ) ;
#2958 = AXIS2_PLACEMENT_3D ( 'NONE', #802, #977, #4619 ) ;
#2959 = ORIENTED_EDGE ( 'NONE', *, *, #3177, .T. ) ;
#2960 = CARTESIAN_POINT ( 'NONE',  ( 21.05000000000000071, 13.50000000000000178, -0.5000000000000007772 ) ) ;
#2961 = VERTEX_POINT ( 'NONE', #4203 ) ;
#2962 = PLANE ( 'NONE',  #6540 ) ;
#2963 = VERTEX_POINT ( 'NONE', #11537 ) ;
#2964 = CARTESIAN_POINT ( 'NONE',  ( -10.59999999999999787, 24.33502884254439991, 4.750000000000001776 ) ) ;
#2965 = FILL_AREA_STYLE_COLOUR ( '', #1840 ) ;
#2966 = ADVANCED_FACE ( 'NONE', ( #8820 ), #454, .T. ) ;
#2967 = DIRECTION ( 'NONE',  ( 8.031127203596330602E-17, -5.940809209628540522E-17, -1.000000000000000000 ) ) ;
#2968 = LINE ( 'NONE', #6800, #5739 ) ;
#2969 = DIRECTION ( 'NONE',  ( -1.000000000000000000, 0.000000000000000000, -8.031127203596331834E-17 ) ) ;
#2970 = VECTOR ( 'NONE', #10688, 1000.000000000000000 ) ;
#2971 =( GEOMETRIC_REPRESENTATION_CONTEXT ( 3 ) GLOBAL_UNCERTAINTY_ASSIGNED_CONTEXT ( ( #306 ) ) GLOBAL_UNIT_ASSIGNED_CONTEXT ( ( #669, #5384, #733 ) ) REPRESENTATION_CONTEXT ( 'NONE', 'WORKASPACE' ) );
#2972 = CARTESIAN_POINT ( 'NONE',  ( 4.699999999999999289, 22.60000000000000142, -7.399999999999995914 ) ) ;
#2973 = VERTEX_POINT ( 'NONE', #7819 ) ;
#2974 = ADVANCED_FACE ( 'NONE', ( #3309 ), #3138, .F. ) ;
#2975 = AXIS2_PLACEMENT_3D ( 'NONE', #9988, #8123, #7847 ) ;
#2976 = DIRECTION ( 'NONE',  ( 0.000000000000000000, -6.579587588715665943E-16, -1.000000000000000000 ) ) ;
#2977 = ORIENTED_EDGE ( 'NONE', *, *, #8200, .T. ) ;
#2978 = VERTEX_POINT ( 'NONE', #2420 ) ;
#2979 = CARTESIAN_POINT ( 'NONE',  ( -47.67189334955344293, 0.5000000000000000000, 10.10000000000000320 ) ) ;
#2980 = CARTESIAN_POINT ( 'NONE',  ( -4.699999999999995737, 2.500000000000002220, 7.399999999999997691 ) ) ;
#2981 = VECTOR ( 'NONE', #2498, 1000.000000000000000 ) ;
#2982 = DIRECTION ( 'NONE',  ( 0.000000000000000000, 0.000000000000000000, 1.000000000000000000 ) ) ;
#2983 = CIRCLE ( 'NONE', #10472, 1.899999999999999689 ) ;
#2984 = EDGE_CURVE ( 'NONE', #9662, #4591, #11480, .T. ) ;
#2985 = AXIS2_PLACEMENT_3D ( 'NONE', #10122, #11806, #2680 ) ;
#2986 = EDGE_LOOP ( 'NONE', ( #7804, #985, #8409, #3508 ) ) ;
#2987 = AXIS2_PLACEMENT_3D ( 'NONE', #4186, #5996, #7973 ) ;
#2988 = COLOUR_RGB ( '',0.7921568627450980005, 0.8196078431372548767, 0.9333333333333333481 ) ;
#2989 = EDGE_CURVE ( 'NONE', #7484, #4604, #10181, .T. ) ;
#2990 = AXIS2_PLACEMENT_3D ( 'NONE', #10803, #5444, #4366 ) ;
#2991 = VERTEX_POINT ( 'NONE', #2308 ) ;
#2992 = SURFACE_STYLE_FILL_AREA ( #11330 ) ;
#2993 = ORIENTED_EDGE ( 'NONE', *, *, #7318, .T. ) ;
#2994 = CARTESIAN_POINT ( 'NONE',  ( 6.850000000000004974, 13.50000000000000178, 2.244994432064356005 ) ) ;
#2995 = DIRECTION ( 'NONE',  ( 0.000000000000000000, -1.000000000000000000, 0.000000000000000000 ) ) ;
#2996 = ORIENTED_EDGE ( 'NONE', *, *, #5607, .F. ) ;
#2997 = AXIS2_PLACEMENT_3D ( 'NONE', #5291, #7149, #4435 ) ;
#2998 = EDGE_CURVE ( 'NONE', #11153, #6791, #3256, .T. ) ;
#2999 = LINE ( 'NONE', #3993, #9101 ) ;
#3000 = CARTESIAN_POINT ( 'NONE',  ( 16.55000000000000071, 7.400000000000003020, 5.599999999999993427 ) ) ;
#3001 = CARTESIAN_POINT ( 'NONE',  ( 7.800000000000001599, -3.999999999999999112, -5.800000000000004263 ) ) ;
#3002 = EDGE_CURVE ( 'NONE', #4745, #6365, #10463, .T. ) ;
#3003 = CIRCLE ( 'NONE', #8929, 2.000000000000000000 ) ;
#3004 = EDGE_CURVE ( 'NONE', #3844, #10808, #3084, .T. ) ;
#3005 = VERTEX_POINT ( 'NONE', #393 ) ;
#3006 = DIRECTION ( 'NONE',  ( -0.9396926207859076507, 0.3420201433256707113, 8.934052693631829820E-17 ) ) ;
#3007 = ORIENTED_EDGE ( 'NONE', *, *, #10989, .T. ) ;
#3008 = PLANE ( 'NONE',  #9803 ) ;
#3009 = ADVANCED_FACE ( 'NONE', ( #10405 ), #6914, .F. ) ;
#3010 = DIRECTION ( 'NONE',  ( 0.000000000000000000, 0.000000000000000000, -1.000000000000000000 ) ) ;
#3011 = EDGE_LOOP ( 'NONE', ( #961, #8074, #1070, #5756, #3270, #5052 ) ) ;
#3012 = DIRECTION ( 'NONE',  ( -0.000000000000000000, -1.000000000000000000, 1.040834085586083468E-15 ) ) ;
#3013 = ORIENTED_EDGE ( 'NONE', *, *, #4238, .T. ) ;
#3014 = CARTESIAN_POINT ( 'NONE',  ( 16.55000000000000071, 9.400000000000002132, 1.999999999999990008 ) ) ;
#3015 = ORIENTED_EDGE ( 'NONE', *, *, #6802, .F. ) ;
#3016 = CIRCLE ( 'NONE', #532, 3.500000000000000000 ) ;
#3017 = DIRECTION ( 'NONE',  ( 1.000000000000000000, 0.000000000000000000, 9.637352644315598694E-16 ) ) ;
#3018 = LINE ( 'NONE', #2832, #4872 ) ;
#3019 = CARTESIAN_POINT ( 'NONE',  ( 24.15000000000000568, 9.399999999999987921, -7.400000000000006573 ) ) ;
#3020 = DIRECTION ( 'NONE',  ( -1.000000000000000000, -1.967058844685892396E-32, -8.031127203596331834E-17 ) ) ;
#3021 = EDGE_CURVE ( 'NONE', #4860, #9955, #2252, .T. ) ;
#3022 = DIRECTION ( 'NONE',  ( 0.000000000000000000, 1.000000000000000000, 2.282530889443167022E-16 ) ) ;
#3023 = ORIENTED_EDGE ( 'NONE', *, *, #8111, .T. ) ;
#3024 = ORIENTED_EDGE ( 'NONE', *, *, #832, .T. ) ;
#3025 = DIRECTION ( 'NONE',  ( 1.000000000000000000, -0.000000000000000000, 8.031127203596330602E-17 ) ) ;
#3026 = EDGE_LOOP ( 'NONE', ( #8394, #1531, #10482, #8747, #4133, #8127, #94, #6158 ) ) ;
#3027 = CARTESIAN_POINT ( 'NONE',  ( -6.349999999999997868, -3.358379542590069988, 1.019953154856734144E-15 ) ) ;
#3028 = ORIENTED_EDGE ( 'NONE', *, *, #6685, .F. ) ;
#3029 = DIRECTION ( 'NONE',  ( 1.000000000000000000, 1.967058844685892123E-32, 8.031127203596330602E-17 ) ) ;
#3030 = SURFACE_STYLE_FILL_AREA ( #2904 ) ;
#3031 = PLANE ( 'NONE',  #11262 ) ;
#3032 = LINE ( 'NONE', #10357, #10556 ) ;
#3033 = FACE_OUTER_BOUND ( 'NONE', #3564, .T. ) ;
#3034 = CARTESIAN_POINT ( 'NONE',  ( 4.699999999999999289, 22.60000000000000142, -5.599999999999996092 ) ) ;
#3035 = VERTEX_POINT ( 'NONE', #9849 ) ;
#3036 = ADVANCED_FACE ( 'NONE', ( #6309 ), #6364, .T. ) ;
#3037 = FACE_OUTER_BOUND ( 'NONE', #6663, .T. ) ;
#3038 = ORIENTED_EDGE ( 'NONE', *, *, #10079, .T. ) ;
#3039 = EDGE_CURVE ( 'NONE', #9275, #9624, #9026, .T. ) ;
#3040 = DIRECTION ( 'NONE',  ( 0.000000000000000000, 0.000000000000000000, 1.000000000000000000 ) ) ;
#3041 = CYLINDRICAL_SURFACE ( 'NONE', #7982, 3.000000000000000888 ) ;
#3042 = LINE ( 'NONE', #5861, #7345 ) ;
#3043 = VERTEX_POINT ( 'NONE', #10809 ) ;
#3044 = ADVANCED_FACE ( 'NONE', ( #1574 ), #8100, .T. ) ;
#3045 = ORIENTED_EDGE ( 'NONE', *, *, #3285, .F. ) ;
#3046 = DIRECTION ( 'NONE',  ( -1.000000000000000000, -1.967058844685892396E-32, -8.031127203596331834E-17 ) ) ;
#3047 = DIRECTION ( 'NONE',  ( 1.000000000000000000, -0.000000000000000000, 8.031127203596331834E-17 ) ) ;
#3048 = PLANE ( 'NONE',  #10544 ) ;
#3049 = DIRECTION ( 'NONE',  ( 2.282859610154041239E-32, -1.000000000000000000, 1.283079494065685941E-16 ) ) ;
#3050 = EDGE_LOOP ( 'NONE', ( #293, #4719, #6377, #740 ) ) ;
#3051 = DIRECTION ( 'NONE',  ( 0.5735764363510434949, -0.8191520442889935749, 2.048696077133022160E-15 ) ) ;
#3052 = CARTESIAN_POINT ( 'NONE',  ( 18.55000000000000071, 11.40000000000000391, -0.5000000000000112133 ) ) ;
#3053 = DIRECTION ( 'NONE',  ( 0.9396926207859076507, -0.3420201433256707113, 2.402763463325669635E-16 ) ) ;
#3054 = CARTESIAN_POINT ( 'NONE',  ( -18.54999999999998650, 13.38118413515584848, 2.794543685082614193 ) ) ;
#3055 = CIRCLE ( 'NONE', #10903, 0.2000000000000005107 ) ;
#3056 = VECTOR ( 'NONE', #5724, 1000.000000000000000 ) ;
#3057 = ORIENTED_EDGE ( 'NONE', *, *, #6697, .F. ) ;
#3058 = EDGE_CURVE ( 'NONE', #4620, #1694, #3534, .T. ) ;
#3059 = DIRECTION ( 'NONE',  ( 0.000000000000000000, -1.000000000000000000, 0.000000000000000000 ) ) ;
#3060 = AXIS2_PLACEMENT_3D ( 'NONE', #11365, #3029, #6683 ) ;
#3061 = ORIENTED_EDGE ( 'NONE', *, *, #10692, .F. ) ;
#3062 = VECTOR ( 'NONE', #1333, 1000.000000000000000 ) ;
#3063 = PLANE ( 'NONE',  #9221 ) ;
#3064 = VERTEX_POINT ( 'NONE', #625 ) ;
#3065 = AXIS2_PLACEMENT_3D ( 'NONE', #2521, #1800, #7254 ) ;
#3066 = ADVANCED_FACE ( 'NONE', ( #7029 ), #1634, .F. ) ;
#3067 = FACE_OUTER_BOUND ( 'NONE', #7453, .T. ) ;
#3068 = ORIENTED_EDGE ( 'NONE', *, *, #4896, .T. ) ;
#3069 = DIRECTION ( 'NONE',  ( -0.000000000000000000, -1.000000000000000000, -0.000000000000000000 ) ) ;
#3070 = ORIENTED_EDGE ( 'NONE', *, *, #8995, .T. ) ;
#3071 = EDGE_CURVE ( 'NONE', #9120, #7641, #7990, .T. ) ;
#3072 = DIRECTION ( 'NONE',  ( 1.000000000000000000, 0.000000000000000000, -0.000000000000000000 ) ) ;
#3073 = DIRECTION ( 'NONE',  ( 1.779203565104417621E-16, 1.548860246407864076E-16, 1.000000000000000000 ) ) ;
#3074 = CARTESIAN_POINT ( 'NONE',  ( -6.349999999999997868, 12.50000000000000000, 1.019953154856734144E-15 ) ) ;
#3075 = LINE ( 'NONE', #6556, #11740 ) ;
#3076 = ADVANCED_FACE ( 'NONE', ( #739 ), #8044, .F. ) ;
#3077 = CARTESIAN_POINT ( 'NONE',  ( -20.69999999999999929, 9.400000000000002132, -5.499999999999996447 ) ) ;
#3078 = EDGE_CURVE ( 'NONE', #2475, #3832, #1753, .T. ) ;
#3079 = VECTOR ( 'NONE', #127, 1000.000000000000000 ) ;
#3080 = ORIENTED_EDGE ( 'NONE', *, *, #7315, .F. ) ;
#3081 = EDGE_LOOP ( 'NONE', ( #9996, #1392, #7803, #271 ) ) ;
#3082 = CARTESIAN_POINT ( 'NONE',  ( 0.000000000000000000, 0.5000000000000000000, 5.599999999999996092 ) ) ;
#3083 = EDGE_LOOP ( 'NONE', ( #880, #8598, #10931, #3057 ) ) ;
#3084 = LINE ( 'NONE', #6741, #983 ) ;
#3085 = ORIENTED_EDGE ( 'NONE', *, *, #9207, .F. ) ;
#3086 = CARTESIAN_POINT ( 'NONE',  ( 19.55000000000000071, 12.50000000000000000, -3.447142787940717046 ) ) ;
#3087 = AXIS2_PLACEMENT_3D ( 'NONE', #3677, #6516, #6458 ) ;
#3088 = DIRECTION ( 'NONE',  ( 8.031127203596330602E-17, 0.000000000000000000, -1.000000000000000000 ) ) ;
#3089 = CARTESIAN_POINT ( 'NONE',  ( -17.39999999999999858, 7.400000000000003020, -5.599999999999999645 ) ) ;
#3090 = LINE ( 'NONE', #11311, #11021 ) ;
#3091 = CARTESIAN_POINT ( 'NONE',  ( -1.250000000000004663, 0.5000000000000000000, 12.09999999999999609 ) ) ;
#3092 = ORIENTED_EDGE ( 'NONE', *, *, #4405, .F. ) ;
#3093 = VECTOR ( 'NONE', #8882, 1000.000000000000000 ) ;
#3094 = EDGE_CURVE ( 'NONE', #10179, #11490, #846, .T. ) ;
#3095 = DIRECTION ( 'NONE',  ( -8.031127203596331834E-17, -2.449293598294701484E-16, 1.000000000000000000 ) ) ;
#3096 = VERTEX_POINT ( 'NONE', #4320 ) ;
#3097 = CARTESIAN_POINT ( 'NONE',  ( 21.65000000000000213, 9.399999999999987921, -7.400000000000012790 ) ) ;
#3098 = EDGE_LOOP ( 'NONE', ( #4793, #7471, #9860, #1821 ) ) ;
#3099 = VECTOR ( 'NONE', #5955, 1000.000000000000000 ) ;
#3100 = AXIS2_PLACEMENT_3D ( 'NONE', #4171, #5132, #8790 ) ;
#3101 = DIRECTION ( 'NONE',  ( -8.031127203596330602E-17, 0.000000000000000000, 1.000000000000000000 ) ) ;
#3102 = PLANE ( 'NONE',  #888 ) ;
#3103 = VECTOR ( 'NONE', #7161, 1000.000000000000114 ) ;
#3104 = LINE ( 'NONE', #10427, #464 ) ;
#3105 = VECTOR ( 'NONE', #6383, 1000.000000000000000 ) ;
#3106 = EDGE_LOOP ( 'NONE', ( #608, #91, #193, #955 ) ) ;
#3107 = CARTESIAN_POINT ( 'NONE',  ( -17.04999999999999716, 12.45031130731456059, 0.5000000000000069944 ) ) ;
#3108 = CARTESIAN_POINT ( 'NONE',  ( 26.65000000000000213, 22.60000000000000142, -9.500000000000008882 ) ) ;
#3109 = FACE_OUTER_BOUND ( 'NONE', #8186, .T. ) ;
#3110 = LINE ( 'NONE', #6707, #8128 ) ;
#3111 = ORIENTED_EDGE ( 'NONE', *, *, #4098, .T. ) ;
#3112 = CARTESIAN_POINT ( 'NONE',  ( 11.44999999999999574, 44.34419462753220387, 12.09999999999999076 ) ) ;
#3113 = CARTESIAN_POINT ( 'NONE',  ( 4.350000000000003197, 13.50000000000000178, 0.4999999999999844014 ) ) ;
#3114 = DIRECTION ( 'NONE',  ( -0.000000000000000000, -1.000000000000000000, -0.000000000000000000 ) ) ;
#3115 = DIRECTION ( 'NONE',  ( 2.282859610154041239E-32, -1.000000000000000000, 0.000000000000000000 ) ) ;
#3116 = VERTEX_POINT ( 'NONE', #11830 ) ;
#3117 = EDGE_CURVE ( 'NONE', #1172, #10179, #4805, .T. ) ;
#3118 = VECTOR ( 'NONE', #1282, 1000.000000000000000 ) ;
#3119 = DIRECTION ( 'NONE',  ( 2.282859610154041239E-32, -1.000000000000000000, 1.283079494065685941E-16 ) ) ;
#3120 = EDGE_LOOP ( 'NONE', ( #4386, #3970, #3571, #11463, #2188, #7864 ) ) ;
#3121 = VERTEX_POINT ( 'NONE', #11593 ) ;
#3122 = CARTESIAN_POINT ( 'NONE',  ( -26.65000000000000213, 19.60000000000000142, 12.09999999999999964 ) ) ;
#3123 = ORIENTED_EDGE ( 'NONE', *, *, #10936, .T. ) ;
#3124 = DIRECTION ( 'NONE',  ( 0.000000000000000000, 0.000000000000000000, -1.000000000000000000 ) ) ;
#3125 = VERTEX_POINT ( 'NONE', #4486 ) ;
#3126 = LINE ( 'NONE', #6847, #8619 ) ;
#3127 = LINE ( 'NONE', #3356, #3525 ) ;
#3128 = PLANE ( 'NONE',  #8919 ) ;
#3129 = CIRCLE ( 'NONE', #6763, 3.500000000000001332 ) ;
#3130 = LINE ( 'NONE', #3192, #2231 ) ;
#3131 = DIRECTION ( 'NONE',  ( 0.000000000000000000, 0.000000000000000000, -1.000000000000000000 ) ) ;
#3132 = VERTEX_POINT ( 'NONE', #11708 ) ;
#3133 = EDGE_CURVE ( 'NONE', #2359, #11374, #6255, .T. ) ;
#3134 = EDGE_LOOP ( 'NONE', ( #9820, #296, #4243, #4756 ) ) ;
#3136 = DIRECTION ( 'NONE',  ( -1.606225440719265627E-16, 0.000000000000000000, -1.000000000000000000 ) ) ;
#3135 = AXIS2_PLACEMENT_3D ( 'NONE', #8560, #5800, #2982 ) ;
#3137 = VERTEX_POINT ( 'NONE', #5338 ) ;
#3138 = CYLINDRICAL_SURFACE ( 'NONE', #8068, 0.3000000000000003775 ) ;
#3139 = ORIENTED_EDGE ( 'NONE', *, *, #9072, .T. ) ;
#3140 = CARTESIAN_POINT ( 'NONE',  ( -4.699999999999995737, -3.450504516109081710, 5.599999999999996980 ) ) ;
#3141 = DIRECTION ( 'NONE',  ( 0.000000000000000000, -0.000000000000000000, 1.000000000000000000 ) ) ;
#3142 = EDGE_CURVE ( 'NONE', #5528, #5766, #9790, .T. ) ;
#3143 = LINE ( 'NONE', #3314, #10686 ) ;
#3144 = DIRECTION ( 'NONE',  ( 0.000000000000000000, 1.000000000000000000, -1.172110456741085828E-16 ) ) ;
#3145 = DIRECTION ( 'NONE',  ( -1.000000000000000000, 0.000000000000000000, -3.491481338843133355E-15 ) ) ;
#3146 = EDGE_CURVE ( 'NONE', #108, #10709, #5220, .T. ) ;
#3147 = VECTOR ( 'NONE', #11078, 1000.000000000000000 ) ;
#3148 = LINE ( 'NONE', #7591, #6009 ) ;
#3149 = EDGE_LOOP ( 'NONE', ( #4217, #607 ) ) ;
#3150 = EDGE_CURVE ( 'NONE', #9219, #1135, #2471, .T. ) ;
#3151 = EDGE_CURVE ( 'NONE', #5146, #4631, #677, .T. ) ;
#3152 = CARTESIAN_POINT ( 'NONE',  ( 18.55000000000000071, 13.02097974195209851, 3.231351419844245232 ) ) ;
#3153 = EDGE_LOOP ( 'NONE', ( #7178, #3415, #6141, #9823 ) ) ;
#3154 = LINE ( 'NONE', #1417, #7066 ) ;
#3155 = ORIENTED_EDGE ( 'NONE', *, *, #4585, .F. ) ;
#3156 = CYLINDRICAL_SURFACE ( 'NONE', #8548, 0.5000000000000004441 ) ;
#3157 = CARTESIAN_POINT ( 'NONE',  ( 20.70000000000000284, 7.500000000000002665, 5.499999999999988454 ) ) ;
#3158 = EDGE_CURVE ( 'NONE', #5553, #8819, #4372, .T. ) ;
#3159 = CARTESIAN_POINT ( 'NONE',  ( 18.55000000000000071, 13.50000000000000178, -2.000000000000007994 ) ) ;
#3160 = AXIS2_PLACEMENT_3D ( 'NONE', #4531, #10864, #7251 ) ;
#3161 = VECTOR ( 'NONE', #3131, 1000.000000000000000 ) ;
#3162 = EDGE_LOOP ( 'NONE', ( #157, #11594, #8456, #7844 ) ) ;
#3163 = PRESENTATION_STYLE_ASSIGNMENT (( #539 ) ) ;
#3164 = CARTESIAN_POINT ( 'NONE',  ( -18.54999999999999716, 11.40000000000000391, -0.4999999999999998890 ) ) ;
#3165 = DIRECTION ( 'NONE',  ( 1.000000000000000000, -0.000000000000000000, -1.779203565104417621E-16 ) ) ;
#3166 = CARTESIAN_POINT ( 'NONE',  ( 25.39999999999999858, 12.50000000000000000, -8.639603194080566470E-15 ) ) ;
#3167 = VERTEX_POINT ( 'NONE', #7379 ) ;
#3168 = FACE_OUTER_BOUND ( 'NONE', #3893, .T. ) ;
#3169 = CARTESIAN_POINT ( 'NONE',  ( -6.849999999999998757, 13.50000000000000178, 2.000000000000000888 ) ) ;
#3170 = DIRECTION ( 'NONE',  ( 1.000000000000000000, 0.000000000000000000, -1.779203565104417621E-16 ) ) ;
#3171 = AXIS2_PLACEMENT_3D ( 'NONE', #5077, #8065, #8746 ) ;
#3172 = CARTESIAN_POINT ( 'NONE',  ( 6.850000000000002309, 13.50000000000000178, -2.000000000000008882 ) ) ;
#3173 = AXIS2_PLACEMENT_3D ( 'NONE', #3169, #11460, #2049 ) ;
#3174 = VECTOR ( 'NONE', #9061, 1000.000000000000000 ) ;
#3175 = STYLED_ITEM ( 'NONE', ( #8075 ), #5036 ) ;
#3176 = VERTEX_POINT ( 'NONE', #6421 ) ;
#3177 = EDGE_CURVE ( 'NONE', #9454, #3631, #9992, .T. ) ;
#3178 = AXIS2_PLACEMENT_3D ( 'NONE', #6412, #8093, #6244 ) ;
#3179 = LINE ( 'NONE', #8514, #2253 ) ;
#3180 = VECTOR ( 'NONE', #1881, 1000.000000000000000 ) ;
#3181 = ORIENTED_EDGE ( 'NONE', *, *, #4948, .F. ) ;
#3182 = MECHANICAL_DESIGN_GEOMETRIC_PRESENTATION_REPRESENTATION (  '', ( #3710 ), #10249 ) ;
#3183 = VERTEX_POINT ( 'NONE', #6546 ) ;
#3184 = AXIS2_PLACEMENT_3D ( 'NONE', #5565, #9950, #1738 ) ;
#3185 = CARTESIAN_POINT ( 'NONE',  ( -3.849999999999999201, 5.900000000000003020, -3.000000000000001776 ) ) ;
#3186 = ORIENTED_EDGE ( 'NONE', *, *, #4151, .F. ) ;
#3187 = LINE ( 'NONE', #5033, #402 ) ;
#3188 = ORIENTED_EDGE ( 'NONE', *, *, #4964, .F. ) ;
#3189 = CIRCLE ( 'NONE', #2242, 0.5000000000000004441 ) ;
#3190 = DIRECTION ( 'NONE',  ( -0.3236155771181863927, 0.8891264907159871500, -0.3236155771181863372 ) ) ;
#3191 = DIRECTION ( 'NONE',  ( 0.000000000000000000, 0.000000000000000000, -1.000000000000000000 ) ) ;
#3192 = CARTESIAN_POINT ( 'NONE',  ( -8.000000000000000000, 9.400000000000003908, -5.499999999999999112 ) ) ;
#3193 = VECTOR ( 'NONE', #4826, 1000.000000000000000 ) ;
#3194 = CARTESIAN_POINT ( 'NONE',  ( 8.849999999999999645, 9.400000000000002132, -2.000000000000006661 ) ) ;
#3195 = ADVANCED_FACE ( 'NONE', ( #5581 ), #6483, .F. ) ;
#3196 = ORIENTED_EDGE ( 'NONE', *, *, #5689, .T. ) ;
#3197 = ORIENTED_EDGE ( 'NONE', *, *, #10454, .T. ) ;
#3198 = DIRECTION ( 'NONE',  ( 0.000000000000000000, 0.000000000000000000, 1.000000000000000000 ) ) ;
#3199 = ORIENTED_EDGE ( 'NONE', *, *, #6354, .T. ) ;
#3200 = DIRECTION ( 'NONE',  ( 0.000000000000000000, -1.000000000000000000, 0.000000000000000000 ) ) ;
#3201 = CIRCLE ( 'NONE', #4147, 0.2000000000000005107 ) ;
#3202 = ORIENTED_EDGE ( 'NONE', *, *, #4820, .F. ) ;
#3203 = FACE_OUTER_BOUND ( 'NONE', #9488, .T. ) ;
#3204 = DIRECTION ( 'NONE',  ( 0.000000000000000000, -1.000000000000000000, 0.000000000000000000 ) ) ;
#3205 = DIRECTION ( 'NONE',  ( 0.000000000000000000, 0.000000000000000000, 1.000000000000000000 ) ) ;
#3206 = DIRECTION ( 'NONE',  ( 1.000000000000000000, 0.000000000000000000, -1.257045997084642611E-16 ) ) ;
#3207 = CARTESIAN_POINT ( 'NONE',  ( -19.04999999999999716, 12.30000000000000249, 0.000000000000000000 ) ) ;
#3208 = FACE_OUTER_BOUND ( 'NONE', #4807, .T. ) ;
#3209 = ORIENTED_EDGE ( 'NONE', *, *, #9079, .T. ) ;
#3210 = DIRECTION ( 'NONE',  ( 0.000000000000000000, -1.000000000000000000, 0.000000000000000000 ) ) ;
#3211 = EDGE_CURVE ( 'NONE', #5435, #7413, #10144, .T. ) ;
#3212 = ORIENTED_EDGE ( 'NONE', *, *, #11356, .F. ) ;
#3213 = LINE ( 'NONE', #11379, #3429 ) ;
#3214 = EDGE_LOOP ( 'NONE', ( #1647, #10018, #2673, #6381 ) ) ;
#3215 = ADVANCED_FACE ( 'NONE', ( #10209 ), #198, .F. ) ;
#3216 = EDGE_CURVE ( 'NONE', #10441, #4922, #2711, .T. ) ;
#3217 = FACE_BOUND ( 'NONE', #8288, .T. ) ;
#3218 = DIRECTION ( 'NONE',  ( 0.8191520442889935749, -0.5735764363510434949, 2.860054076310225049E-15 ) ) ;
#3219 = CARTESIAN_POINT ( 'NONE',  ( 19.05000000000000071, 3.650000000000002132, -1.750000000000007994 ) ) ;
#3220 = EDGE_CURVE ( 'NONE', #7347, #2475, #10083, .T. ) ;
#3221 = EDGE_CURVE ( 'NONE', #2444, #9403, #5640, .T. ) ;
#3222 = CARTESIAN_POINT ( 'NONE',  ( -6.349999999999997868, 12.50000000000000000, 1.019953154856734144E-15 ) ) ;
#3223 = EDGE_CURVE ( 'NONE', #9331, #6611, #9243, .T. ) ;
#3224 = VERTEX_POINT ( 'NONE', #22 ) ;
#3225 = FILL_AREA_STYLE_COLOUR ( '', #2988 ) ;
#3226 = CARTESIAN_POINT ( 'NONE',  ( 18.54999999999999716, 13.47566243020010290, -2.528827620778230756 ) ) ;
#3227 = CARTESIAN_POINT ( 'NONE',  ( 17.40000000000000213, -3.450504516109078157, 5.599999999999988987 ) ) ;
#3228 = DIRECTION ( 'NONE',  ( -0.000000000000000000, -1.000000000000000000, -0.000000000000000000 ) ) ;
#3229 = ORIENTED_EDGE ( 'NONE', *, *, #5026, .F. ) ;
#3230 = DIRECTION ( 'NONE',  ( -1.000000000000000000, 0.000000000000000000, 1.224646799147353207E-16 ) ) ;
#3231 = FACE_OUTER_BOUND ( 'NONE', #8139, .T. ) ;
#3232 = CARTESIAN_POINT ( 'NONE',  ( 11.44999999999999574, 0.5000000000000000000, 12.09999999999999076 ) ) ;
#3233 = DIRECTION ( 'NONE',  ( 0.000000000000000000, 2.449293598294701484E-16, -1.000000000000000000 ) ) ;
#3234 = ORIENTED_EDGE ( 'NONE', *, *, #3290, .F. ) ;
#3235 = ORIENTED_EDGE ( 'NONE', *, *, #8635, .T. ) ;
#3236 = CARTESIAN_POINT ( 'NONE',  ( 24.15000000000001279, 22.60000000000000142, 9.099999999999996092 ) ) ;
#3237 = EDGE_LOOP ( 'NONE', ( #4143, #10333, #2586, #6535 ) ) ;
#3238 = ORIENTED_EDGE ( 'NONE', *, *, #3071, .T. ) ;
#3239 = CARTESIAN_POINT ( 'NONE',  ( -21.65000000000000924, 9.400000000000002132, 7.400000000000001243 ) ) ;
#3240 = ORIENTED_EDGE ( 'NONE', *, *, #6738, .F. ) ;
#3241 = CARTESIAN_POINT ( 'NONE',  ( -8.849999999999999645, 7.300000000000003375, -3.000000000000002220 ) ) ;
#3242 = ORIENTED_EDGE ( 'NONE', *, *, #3427, .F. ) ;
#3243 = VECTOR ( 'NONE', #11542, 1000.000000000000000 ) ;
#3244 = FACE_OUTER_BOUND ( 'NONE', #3668, .T. ) ;
#3245 = CARTESIAN_POINT ( 'NONE',  ( 19.55000000000000071, 12.77814680476041609, 3.399635396878489146 ) ) ;
#3246 = DIRECTION ( 'NONE',  ( -1.257045997084642858E-16, 0.000000000000000000, -1.000000000000000000 ) ) ;
#3247 = DIRECTION ( 'NONE',  ( -0.9396926207859076507, -0.3420201433256707113, -2.402763463325669635E-16 ) ) ;
#3248 =( LENGTH_UNIT ( ) NAMED_UNIT ( * ) SI_UNIT ( .MILLI., .METRE. ) );
#3249 = AXIS2_PLACEMENT_3D ( 'NONE', #7613, #6536, #1017 ) ;
#3250 = ORIENTED_EDGE ( 'NONE', *, *, #6085, .T. ) ;
#3251 = VECTOR ( 'NONE', #8731, 1000.000000000000000 ) ;
#3252 = EDGE_LOOP ( 'NONE', ( #7068, #8335, #6626, #4950 ) ) ;
#3253 = CIRCLE ( 'NONE', #5746, 3.500000000000000000 ) ;
#3254 = CARTESIAN_POINT ( 'NONE',  ( 3.850000000000002753, 7.400000000000004796, 5.399999999999995914 ) ) ;
#3255 = ORIENTED_EDGE ( 'NONE', *, *, #9016, .T. ) ;
#3256 = LINE ( 'NONE', #1347, #3655 ) ;
#3257 = AXIS2_PLACEMENT_3D ( 'NONE', #1650, #5408, #8960 ) ;
#3258 = VERTEX_POINT ( 'NONE', #1027 ) ;
#3259 = PLANE ( 'NONE',  #4498 ) ;
#3260 = CARTESIAN_POINT ( 'NONE',  ( -5.849999999999997868, 12.50000000000000000, -3.447142787940708164 ) ) ;
#3261 = DIRECTION ( 'NONE',  ( 0.000000000000000000, 1.000000000000000000, 0.000000000000000000 ) ) ;
#3262 = CARTESIAN_POINT ( 'NONE',  ( -24.15000000000000568, 22.60000000000000142, 10.10000000000000497 ) ) ;
#3263 = DIRECTION ( 'NONE',  ( 0.000000000000000000, -1.000000000000000000, -1.285763445415553567E-15 ) ) ;
#3264 = VECTOR ( 'NONE', #7362, 1000.000000000000000 ) ;
#3265 = CARTESIAN_POINT ( 'NONE',  ( 1.600000000000004086, 9.400000000000002132, -4.250000000000006217 ) ) ;
#3266 = VERTEX_POINT ( 'NONE', #3770 ) ;
#3267 = ORIENTED_EDGE ( 'NONE', *, *, #3002, .F. ) ;
#3268 = AXIS2_PLACEMENT_3D ( 'NONE', #4690, #8602, #7709 ) ;
#3269 = FACE_OUTER_BOUND ( 'NONE', #2239, .T. ) ;
#3270 = ORIENTED_EDGE ( 'NONE', *, *, #3220, .T. ) ;
#3271 = DIRECTION ( 'NONE',  ( -1.000000000000000000, -1.967058844685892396E-32, -8.031127203596331834E-17 ) ) ;
#3272 = DIRECTION ( 'NONE',  ( 1.000000000000000000, -0.000000000000000000, -0.000000000000000000 ) ) ;
#3273 = CARTESIAN_POINT ( 'NONE',  ( -3.749999999999992895, 2.499999999999996003, -7.400000000000003020 ) ) ;
#3274 = CARTESIAN_POINT ( 'NONE',  ( -19.04999999999999716, -3.358379542590069988, -3.500000000000000444 ) ) ;
#3275 = EDGE_CURVE ( 'NONE', #9242, #9255, #1872, .T. ) ;
#3276 = EDGE_CURVE ( 'NONE', #11526, #11694, #5706, .T. ) ;
#3277 = ADVANCED_FACE ( 'NONE', ( #3650 ), #2885, .T. ) ;
#3278 = VECTOR ( 'NONE', #2882, 1000.000000000000000 ) ;
#3279 = CARTESIAN_POINT ( 'NONE',  ( 13.94999999999999041, 9.399999999999987921, -7.400000000000011902 ) ) ;
#3280 = VECTOR ( 'NONE', #8948, 1000.000000000000000 ) ;
#3281 = EDGE_LOOP ( 'NONE', ( #180, #10303, #4371, #11753 ) ) ;
#3282 = DIRECTION ( 'NONE',  ( 0.000000000000000000, 0.000000000000000000, -1.000000000000000000 ) ) ;
#3283 = DIRECTION ( 'NONE',  ( 1.000000000000000000, -0.000000000000000000, 3.491481338843133355E-15 ) ) ;
#3284 = ORIENTED_EDGE ( 'NONE', *, *, #10987, .T. ) ;
#3285 = EDGE_CURVE ( 'NONE', #8180, #11298, #4540, .T. ) ;
#3286 = CARTESIAN_POINT ( 'NONE',  ( 21.04999999999999716, 12.45031130731456059, 0.4999999999999992784 ) ) ;
#3287 = CARTESIAN_POINT ( 'NONE',  ( 4.699999999999999289, 2.500000000000002220, -7.399999999999995914 ) ) ;
#3288 = LINE ( 'NONE', #10436, #2053 ) ;
#3289 = FACE_OUTER_BOUND ( 'NONE', #1146, .T. ) ;
#3290 = EDGE_CURVE ( 'NONE', #821, #5893, #1995, .T. ) ;
#3291 = ORIENTED_EDGE ( 'NONE', *, *, #4741, .T. ) ;
#3292 = EDGE_CURVE ( 'NONE', #681, #1629, #905, .T. ) ;
#3293 = FACE_OUTER_BOUND ( 'NONE', #4125, .T. ) ;
#3294 = ORIENTED_EDGE ( 'NONE', *, *, #912, .T. ) ;
#3295 = ORIENTED_EDGE ( 'NONE', *, *, #6515, .T. ) ;
#3296 = DIRECTION ( 'NONE',  ( 0.000000000000000000, -1.000000000000000000, 0.000000000000000000 ) ) ;
#3297 = ORIENTED_EDGE ( 'NONE', *, *, #6286, .F. ) ;
#3298 = CARTESIAN_POINT ( 'NONE',  ( 8.000000000000003553, 9.400000000000002132, 1.999999999999993117 ) ) ;
#3299 = ORIENTED_EDGE ( 'NONE', *, *, #1728, .T. ) ;
#3300 = DIRECTION ( 'NONE',  ( -0.000000000000000000, -1.000000000000000000, -0.000000000000000000 ) ) ;
#3301 = DIRECTION ( 'NONE',  ( 1.000000000000000000, 1.967058844685892123E-32, 8.031127203596330602E-17 ) ) ;
#3302 = CARTESIAN_POINT ( 'NONE',  ( 13.94999999999999396, 22.60000000000000142, 9.099999999999990763 ) ) ;
#3303 = LINE ( 'NONE', #445, #8349 ) ;
#3304 = SURFACE_STYLE_FILL_AREA ( #8591 ) ;
#3305 = ADVANCED_FACE ( 'NONE', ( #7322 ), #2945, .F. ) ;
#3306 = ORIENTED_EDGE ( 'NONE', *, *, #9079, .F. ) ;
#3307 = CARTESIAN_POINT ( 'NONE',  ( 11.10000000000000142, 24.33502884254439991, -4.250000000000008882 ) ) ;
#3308 = ORIENTED_EDGE ( 'NONE', *, *, #11584, .T. ) ;
#3309 = FACE_OUTER_BOUND ( 'NONE', #11511, .T. ) ;
#3310 = EDGE_LOOP ( 'NONE', ( #11470, #2530, #11360, #7014 ) ) ;
#3311 = CIRCLE ( 'NONE', #1977, 0.2999999999999994893 ) ;
#3312 = DIRECTION ( 'NONE',  ( -1.000000000000000000, 0.000000000000000000, -8.031127203596330602E-17 ) ) ;
#3313 = FACE_OUTER_BOUND ( 'NONE', #6057, .T. ) ;
#3314 = CARTESIAN_POINT ( 'NONE',  ( 21.04999999999999716, 12.45031130731456059, 0.4999999999999992784 ) ) ;
#3315 = DIRECTION ( 'NONE',  ( 0.000000000000000000, 0.000000000000000000, -1.000000000000000000 ) ) ;
#3316 = CARTESIAN_POINT ( 'NONE',  ( 19.55000000000000071, 13.50000000000000178, -2.244994432064373324 ) ) ;
#3317 = CARTESIAN_POINT ( 'NONE',  ( 20.70000000000000284, 9.400000000000002132, 5.499999999999988454 ) ) ;
#3318 = ORIENTED_EDGE ( 'NONE', *, *, #6005, .F. ) ;
#3319 = VECTOR ( 'NONE', #9581, 1000.000000000000000 ) ;
#3320 = VERTEX_POINT ( 'NONE', #11162 ) ;
#3321 = EDGE_CURVE ( 'NONE', #8025, #4102, #805, .T. ) ;
#3322 = CARTESIAN_POINT ( 'NONE',  ( -19.04999999999999716, 3.900000000000002576, -2.000000000000000000 ) ) ;
#3323 = ORIENTED_EDGE ( 'NONE', *, *, #417, .T. ) ;
#3324 = AXIS2_PLACEMENT_3D ( 'NONE', #4456, #6331, #1718 ) ;
#3325 = PLANE ( 'NONE',  #9053 ) ;
#3326 = CARTESIAN_POINT ( 'NONE',  ( -13.95000000000000462, 22.60000000000000142, -7.400000000000003908 ) ) ;
#3327 = DIRECTION ( 'NONE',  ( 0.000000000000000000, 0.000000000000000000, 1.000000000000000000 ) ) ;
#3328 = CARTESIAN_POINT ( 'NONE',  ( 10.60000000000000142, 9.400000000000002132, 4.249999999999991118 ) ) ;
#3329 = EDGE_CURVE ( 'NONE', #5210, #11829, #5191, .T. ) ;
#3330 = CARTESIAN_POINT ( 'NONE',  ( -8.950000000000013500, 8.099999999999999645, 7.399999999999997691 ) ) ;
#3331 = ORIENTED_EDGE ( 'NONE', *, *, #8056, .T. ) ;
#3332 = FACE_OUTER_BOUND ( 'NONE', #10447, .T. ) ;
#3333 = ADVANCED_FACE ( 'NONE', ( #10389 ), #3063, .T. ) ;
#3334 = VERTEX_POINT ( 'NONE', #6719 ) ;
#3335 = CARTESIAN_POINT ( 'NONE',  ( -6.349999999999997868, 10.90000000000000213, 1.019953154856734144E-15 ) ) ;
#3336 = CARTESIAN_POINT ( 'NONE',  ( 8.000000000000000000, 2.499999999999998668, -5.500000000000005329 ) ) ;
#3337 = DIRECTION ( 'NONE',  ( 0.000000000000000000, 1.000000000000000000, 2.282530889443167022E-16 ) ) ;
#3338 = EDGE_CURVE ( 'NONE', #476, #7317, #9426, .T. ) ;
#3339 = CIRCLE ( 'NONE', #1145, 2.299999999999999822 ) ;
#3340 = FACE_OUTER_BOUND ( 'NONE', #7220, .T. ) ;
#3341 = AXIS2_PLACEMENT_3D ( 'NONE', #6177, #3411, #9840 ) ;
#3342 = VECTOR ( 'NONE', #4694, 1000.000000000000000 ) ;
#3343 = ORIENTED_EDGE ( 'NONE', *, *, #9658, .F. ) ;
#3344 = EDGE_CURVE ( 'NONE', #9120, #8180, #11227, .T. ) ;
#3345 = DIRECTION ( 'NONE',  ( 0.000000000000000000, 0.000000000000000000, -1.000000000000000000 ) ) ;
#3346 = VERTEX_POINT ( 'NONE', #2059 ) ;
#3347 = VERTEX_POINT ( 'NONE', #5705 ) ;
#3348 = EDGE_CURVE ( 'NONE', #11481, #10693, #4110, .T. ) ;
#3349 = LINE ( 'NONE', #7805, #1084 ) ;
#3350 = VECTOR ( 'NONE', #7765, 1000.000000000000000 ) ;
#3351 = ORIENTED_EDGE ( 'NONE', *, *, #2056, .F. ) ;
#3352 = LINE ( 'NONE', #9661, #3062 ) ;
#3353 = VERTEX_POINT ( 'NONE', #6036 ) ;
#3354 = VECTOR ( 'NONE', #5697, 1000.000000000000000 ) ;
#3355 = FILL_AREA_STYLE ('',( #11580 ) ) ;
#3356 = CARTESIAN_POINT ( 'NONE',  ( 11.10000000000000142, 10.90000000000000036, 4.249999999999989342 ) ) ;
#3357 = PLANE ( 'NONE',  #4889 ) ;
#3358 = VECTOR ( 'NONE', #4066, 1000.000000000000000 ) ;
#3359 = DIRECTION ( 'NONE',  ( -1.000000000000000000, 0.000000000000000000, 0.000000000000000000 ) ) ;
#3360 = AXIS2_PLACEMENT_3D ( 'NONE', #7928, #458, #6917 ) ;
#3361 = EDGE_CURVE ( 'NONE', #10084, #4097, #5919, .T. ) ;
#3362 = EDGE_CURVE ( 'NONE', #10505, #9262, #11451, .T. ) ;
#3363 = DIRECTION ( 'NONE',  ( -1.000000000000000000, 0.000000000000000000, -8.031127203596330602E-17 ) ) ;
#3364 = EDGE_CURVE ( 'NONE', #8062, #4229, #8657, .T. ) ;
#3365 = ORIENTED_EDGE ( 'NONE', *, *, #4729, .F. ) ;
#3366 = VECTOR ( 'NONE', #5100, 1000.000000000000000 ) ;
#3367 = EDGE_CURVE ( 'NONE', #6290, #1416, #9584, .T. ) ;
#3368 = MECHANICAL_DESIGN_GEOMETRIC_PRESENTATION_REPRESENTATION (  '', ( #668 ), #2235 ) ;
#3369 = AXIS2_PLACEMENT_3D ( 'NONE', #10066, #9228, #8144 ) ;
#3370 = DIRECTION ( 'NONE',  ( -0.000000000000000000, -0.000000000000000000, 1.000000000000000000 ) ) ;
#3371 = EDGE_LOOP ( 'NONE', ( #2734, #4497, #3834, #7457 ) ) ;
#3372 = DIRECTION ( 'NONE',  ( -0.000000000000000000, -0.000000000000000000, -1.000000000000000000 ) ) ;
#3373 = ORIENTED_EDGE ( 'NONE', *, *, #6089, .F. ) ;
#3374 = CARTESIAN_POINT ( 'NONE',  ( 20.69999999999999574, 2.500000000000002220, 7.399999999999993250 ) ) ;
#3375 = CARTESIAN_POINT ( 'NONE',  ( -5.849999999999996980, 13.02062290888696161, -3.231558149175542294 ) ) ;
#3376 = ADVANCED_FACE ( 'NONE', ( #537 ), #5976, .T. ) ;
#3377 = LINE ( 'NONE', #7877, #11243 ) ;
#3378 = CARTESIAN_POINT ( 'NONE',  ( -23.29999999999999361, 9.400000000000002132, -4.249999999999997335 ) ) ;
#3379 = CARTESIAN_POINT ( 'NONE',  ( 21.55000000000000071, 7.400000000000004796, -5.400000000000012790 ) ) ;
#3380 = CARTESIAN_POINT ( 'NONE',  ( 6.850000000000002309, 12.45031130731456059, -2.000000000000008882 ) ) ;
#3381 = VERTEX_POINT ( 'NONE', #6936 ) ;
#3382 = VECTOR ( 'NONE', #6030, 1000.000000000000000 ) ;
#3383 = ORIENTED_EDGE ( 'NONE', *, *, #5261, .F. ) ;
#3384 = DIRECTION ( 'NONE',  ( 1.000000000000000000, -4.066575051493318340E-32, 0.000000000000000000 ) ) ;
#3385 = PLANE ( 'NONE',  #6164 ) ;
#3386 = ORIENTED_EDGE ( 'NONE', *, *, #11343, .F. ) ;
#3387 = FACE_OUTER_BOUND ( 'NONE', #9550, .T. ) ;
#3388 = DIRECTION ( 'NONE',  ( -3.558407130208835242E-16, 0.000000000000000000, -1.000000000000000000 ) ) ;
#3389 = DIRECTION ( 'NONE',  ( 0.000000000000000000, -1.283079494065685941E-16, -1.000000000000000000 ) ) ;
#3390 = ADVANCED_FACE ( 'NONE', ( #10547 ), #2328, .T. ) ;
#3391 = CARTESIAN_POINT ( 'NONE',  ( 5.850000000000001421, 13.50000000000000178, 0.4999999999999895084 ) ) ;
#3392 = VECTOR ( 'NONE', #2549, 1000.000000000000000 ) ;
#3393 = VECTOR ( 'NONE', #6504, 1000.000000000000114 ) ;
#3394 = CARTESIAN_POINT ( 'NONE',  ( -23.79999999999999361, 24.33502884254439991, -4.249999999999999112 ) ) ;
#3395 = EDGE_LOOP ( 'NONE', ( #2729, #5818, #4526, #9642 ) ) ;
#3396 =( NAMED_UNIT ( * ) SI_UNIT ( $, .STERADIAN. ) SOLID_ANGLE_UNIT ( ) );
#3397 = DIRECTION ( 'NONE',  ( -0.000000000000000000, -1.000000000000000000, -0.000000000000000000 ) ) ;
#3398 = ORIENTED_EDGE ( 'NONE', *, *, #7017, .F. ) ;
#3399 = CARTESIAN_POINT ( 'NONE',  ( -6.850000000000002309, 12.50000000000000000, 3.447142787940709496 ) ) ;
#3400 = DIRECTION ( 'NONE',  ( -0.000000000000000000, -1.000000000000000000, 0.000000000000000000 ) ) ;
#3401 = LINE ( 'NONE', #7241, #4844 ) ;
#3402 = ORIENTED_EDGE ( 'NONE', *, *, #819, .T. ) ;
#3403 = EDGE_CURVE ( 'NONE', #129, #1968, #2884, .T. ) ;
#3404 = DIRECTION ( 'NONE',  ( -0.5735764363510434949, -0.8191520442889935749, -2.048696077133022160E-15 ) ) ;
#3405 = ORIENTED_EDGE ( 'NONE', *, *, #6596, .T. ) ;
#3406 = ORIENTED_EDGE ( 'NONE', *, *, #9873, .T. ) ;
#3407 = DIRECTION ( 'NONE',  ( 0.000000000000000000, 0.000000000000000000, 1.000000000000000000 ) ) ;
#3408 = VERTEX_POINT ( 'NONE', #5073 ) ;
#3409 = CARTESIAN_POINT ( 'NONE',  ( -24.15000000000000568, 2.499999999999998668, -7.400000000000000355 ) ) ;
#3410 = EDGE_LOOP ( 'NONE', ( #3306, #7741, #2738, #9570 ) ) ;
#3411 = DIRECTION ( 'NONE',  ( 0.000000000000000000, 1.000000000000000000, 0.000000000000000000 ) ) ;
#3412 = CARTESIAN_POINT ( 'NONE',  ( 21.55000000000000426, 2.499999999999998668, 7.399999999999993250 ) ) ;
#3413 = DIRECTION ( 'NONE',  ( 1.000000000000000000, -0.000000000000000000, 8.031127203596331834E-17 ) ) ;
#3414 = ADVANCED_FACE ( 'NONE', ( #11102, #7557 ), #8460, .T. ) ;
#3415 = ORIENTED_EDGE ( 'NONE', *, *, #2835, .T. ) ;
#3416 = LINE ( 'NONE', #8880, #990 ) ;
#3417 = VERTEX_POINT ( 'NONE', #7842 ) ;
#3418 = ADVANCED_FACE ( 'NONE', ( #3886 ), #3008, .F. ) ;
#3419 = DIRECTION ( 'NONE',  ( 1.000000000000000000, -0.000000000000000000, 8.031127203596330602E-17 ) ) ;
#3420 = ORIENTED_EDGE ( 'NONE', *, *, #10621, .F. ) ;
#3421 = DIRECTION ( 'NONE',  ( 0.000000000000000000, 0.000000000000000000, 1.000000000000000000 ) ) ;
#3422 = CARTESIAN_POINT ( 'NONE',  ( 1.249999999999994227, 44.34419462753220387, 12.09999999999999432 ) ) ;
#3423 = ORIENTED_EDGE ( 'NONE', *, *, #10663, .T. ) ;
#3424 = DIRECTION ( 'NONE',  ( -0.000000000000000000, 2.449293598294701484E-16, 1.000000000000000000 ) ) ;
#3425 = DIRECTION ( 'NONE',  ( 0.000000000000000000, 0.000000000000000000, 1.000000000000000000 ) ) ;
#3426 = FACE_OUTER_BOUND ( 'NONE', #1727, .T. ) ;
#3427 = EDGE_CURVE ( 'NONE', #2572, #10390, #594, .T. ) ;
#3428 = EDGE_CURVE ( 'NONE', #7317, #576, #11340, .T. ) ;
#3429 = VECTOR ( 'NONE', #3982, 1000.000000000000000 ) ;
#3430 = CARTESIAN_POINT ( 'NONE',  ( -24.15000000000000568, 0.000000000000000000, -8.600000000000003197 ) ) ;
#3431 = AXIS2_PLACEMENT_3D ( 'NONE', #3714, #798, #1640 ) ;
#3432 = ORIENTED_EDGE ( 'NONE', *, *, #4891, .F. ) ;
#3433 = VERTEX_POINT ( 'NONE', #6544 ) ;
#3434 = AXIS2_PLACEMENT_3D ( 'NONE', #543, #11335, #5810 ) ;
#3435 = DIRECTION ( 'NONE',  ( 4.066575051493318340E-32, -1.000000000000000000, -1.172110456741085828E-16 ) ) ;
#3436 = CARTESIAN_POINT ( 'NONE',  ( -20.69999999999999929, 22.60000000000000142, -7.399999999999995914 ) ) ;
#3437 = ORIENTED_EDGE ( 'NONE', *, *, #2098, .T. ) ;
#3438 = DIRECTION ( 'NONE',  ( 1.000000000000000000, -0.000000000000000000, -0.000000000000000000 ) ) ;
#3439 = VECTOR ( 'NONE', #1937, 1000.000000000000000 ) ;
#3440 = LINE ( 'NONE', #10775, #2152 ) ;
#3441 = CARTESIAN_POINT ( 'NONE',  ( 20.70000000000000284, 7.400000000000003020, 5.599999999999992539 ) ) ;
#3442 = PLANE ( 'NONE',  #7733 ) ;
#3443 = EDGE_CURVE ( 'NONE', #10766, #9621, #6824, .T. ) ;
#3444 = CIRCLE ( 'NONE', #9966, 2.999999999999999112 ) ;
#3445 = CARTESIAN_POINT ( 'NONE',  ( -26.65000000000000568, 0.5000000000000000000, -8.600000000000003197 ) ) ;
#3446 = EDGE_LOOP ( 'NONE', ( #776, #11288, #11765, #7159 ) ) ;
#3447 = DIRECTION ( 'NONE',  ( 0.000000000000000000, 0.000000000000000000, 1.000000000000000000 ) ) ;
#3448 = ORIENTED_EDGE ( 'NONE', *, *, #1254, .F. ) ;
#3449 = CIRCLE ( 'NONE', #762, 0.5000000000000004441 ) ;
#3450 = CARTESIAN_POINT ( 'NONE',  ( -6.850000000000001421, 12.64040119373984261, 3.423162306042505154 ) ) ;
#3451 = DIRECTION ( 'NONE',  ( 0.000000000000000000, 1.000000000000000000, 0.000000000000000000 ) ) ;
#3452 = LINE ( 'NONE', #11627, #5040 ) ;
#3453 = CLOSED_SHELL ( 'NONE', ( #9220, #2559, #9961, #2341, #6513, #1611, #10466, #2924, #7605, #3333, #5477, #11134, #3277, #3793, #595, #11730, #9384, #4816, #9812, #8676, #10336, #1421, #448, #3470, #1016, #10814, #98, #4378, #4748, #11070, #2633, #7097, #569 ) ) ;
#3454 = EDGE_LOOP ( 'NONE', ( #4716, #4575, #7738, #11107 ) ) ;
#3455 = AXIS2_PLACEMENT_3D ( 'NONE', #3971, #5899, #6856 ) ;
#3456 = PLANE ( 'NONE',  #10869 ) ;
#3457 = ORIENTED_EDGE ( 'NONE', *, *, #9597, .F. ) ;
#3458 = ORIENTED_EDGE ( 'NONE', *, *, #7319, .F. ) ;
#3459 = CARTESIAN_POINT ( 'NONE',  ( 18.55000000000000071, 13.50000000000000178, -0.5000000000000094369 ) ) ;
#3460 = ORIENTED_EDGE ( 'NONE', *, *, #3859, .T. ) ;
#3461 = CARTESIAN_POINT ( 'NONE',  ( 1.249999999999997558, 9.399999999999995026, 7.399999999999992362 ) ) ;
#3462 = ORIENTED_EDGE ( 'NONE', *, *, #9688, .F. ) ;
#3463 = AXIS2_PLACEMENT_3D ( 'NONE', #10807, #1572, #9731 ) ;
#3464 = CARTESIAN_POINT ( 'NONE',  ( -5.849999999999996980, 13.50000000000001243, 2.528496776949678893 ) ) ;
#3465 = LINE ( 'NONE', #729, #6413 ) ;
#3466 = CARTESIAN_POINT ( 'NONE',  ( 6.850000000000002309, 12.45031130731456059, 1.999999999999991340 ) ) ;
#3467 = CARTESIAN_POINT ( 'NONE',  ( 19.55000000000000071, 13.50000000000000178, 0.4999999999999941713 ) ) ;
#3468 = VECTOR ( 'NONE', #9365, 1000.000000000000000 ) ;
#3469 = CARTESIAN_POINT ( 'NONE',  ( 17.39999999999999858, 7.300000000000003375, -3.000000000000010658 ) ) ;
#3470 = ADVANCED_FACE ( 'NONE', ( #4727 ), #196, .F. ) ;
#3471 = AXIS2_PLACEMENT_3D ( 'NONE', #7715, #5004, #8606 ) ;
#3472 = ORIENTED_EDGE ( 'NONE', *, *, #10426, .F. ) ;
#3473 = DIRECTION ( 'NONE',  ( 0.000000000000000000, 1.000000000000000000, 0.000000000000000000 ) ) ;
#3474 = ORIENTED_EDGE ( 'NONE', *, *, #4956, .F. ) ;
#3475 = CARTESIAN_POINT ( 'NONE',  ( -3.849999999999995648, 7.300000000000002487, 2.999999999999999556 ) ) ;
#3476 = ORIENTED_EDGE ( 'NONE', *, *, #10988, .F. ) ;
#3477 = FACE_OUTER_BOUND ( 'NONE', #11587, .T. ) ;
#3478 = CARTESIAN_POINT ( 'NONE',  ( -23.79999999999999361, 24.33502884254439991, 4.249999999999999112 ) ) ;
#3479 = ORIENTED_EDGE ( 'NONE', *, *, #3539, .T. ) ;
#3480 = DIRECTION ( 'NONE',  ( -0.000000000000000000, -1.000000000000000000, 6.484268945210251886E-17 ) ) ;
#3481 = DIRECTION ( 'NONE',  ( 8.031127203596330602E-17, 0.000000000000000000, -1.000000000000000000 ) ) ;
#3482 = DIRECTION ( 'NONE',  ( -1.779203565104417621E-16, 2.282530889443167022E-16, -1.000000000000000000 ) ) ;
#3483 = EDGE_CURVE ( 'NONE', #10693, #9618, #7952, .T. ) ;
#3484 = CARTESIAN_POINT ( 'NONE',  ( -16.54999999999999716, 9.400000000000002132, -1.999999999999997780 ) ) ;
#3485 = EDGE_CURVE ( 'NONE', #526, #1557, #9029, .T. ) ;
#3486 = ORIENTED_EDGE ( 'NONE', *, *, #801, .F. ) ;
#3487 = ORIENTED_EDGE ( 'NONE', *, *, #9599, .F. ) ;
#3489 = FACE_OUTER_BOUND ( 'NONE', #724, .T. ) ;
#3488 = VECTOR ( 'NONE', #5773, 1000.000000000000000 ) ;
#3490 = EDGE_CURVE ( 'NONE', #2453, #3176, #8072, .T. ) ;
#3491 = DIRECTION ( 'NONE',  ( -1.000000000000000000, 0.000000000000000000, 2.040851148208008984E-16 ) ) ;
#3492 = ORIENTED_EDGE ( 'NONE', *, *, #5182, .T. ) ;
#3493 = PLANE ( 'NONE',  #7662 ) ;
#3494 = EDGE_CURVE ( 'NONE', #3919, #9122, #5364, .T. ) ;
#3495 = CYLINDRICAL_SURFACE ( 'NONE', #4232, 0.5000000000000004441 ) ;
#3496 = DIRECTION ( 'NONE',  ( -1.000000000000000000, 5.473822126268816683E-48, -8.031127203596331834E-17 ) ) ;
#3497 = DIRECTION ( 'NONE',  ( 4.066575051493318340E-32, 1.000000000000000000, -1.172110456741085828E-16 ) ) ;
#3498 = SURFACE_STYLE_FILL_AREA ( #11735 ) ;
#3499 = AXIS2_PLACEMENT_3D ( 'NONE', #9216, #2682, #10244 ) ;
#3500 = ADVANCED_FACE ( 'NONE', ( #8129 ), #10781, .T. ) ;
#3501 = DIRECTION ( 'NONE',  ( 1.000000000000000000, -0.000000000000000000, 3.491481338843133355E-15 ) ) ;
#3502 = EDGE_CURVE ( 'NONE', #5014, #11364, #976, .T. ) ;
#3503 = VECTOR ( 'NONE', #855, 1000.000000000000000 ) ;
#3504 = CARTESIAN_POINT ( 'NONE',  ( 6.850000000000002309, 12.45031130731456059, -2.000000000000008882 ) ) ;
#3505 = VERTEX_POINT ( 'NONE', #11738 ) ;
#3506 = CARTESIAN_POINT ( 'NONE',  ( -13.95000000000000462, 19.60000000000000142, 9.099999999999999645 ) ) ;
#3507 = LINE ( 'NONE', #8972, #1737 ) ;
#3508 = ORIENTED_EDGE ( 'NONE', *, *, #2466, .F. ) ;
#3509 = ADVANCED_FACE ( 'NONE', ( #2561 ), #6214, .F. ) ;
#3510 = CARTESIAN_POINT ( 'NONE',  ( 5.850000000000001421, 13.50000000000000178, 1.999999999999991340 ) ) ;
#3511 = DIRECTION ( 'NONE',  ( 0.000000000000000000, 1.000000000000000000, -2.449293598294701484E-16 ) ) ;
#3512 = DIRECTION ( 'NONE',  ( 6.938893903907233308E-16, 0.000000000000000000, 1.000000000000000000 ) ) ;
#3513 = CIRCLE ( 'NONE', #10238, 2.000000000000000000 ) ;
#3514 = VERTEX_POINT ( 'NONE', #3566 ) ;
#3515 = DIRECTION ( 'NONE',  ( 0.000000000000000000, 0.000000000000000000, 1.000000000000000000 ) ) ;
#3516 = ORIENTED_EDGE ( 'NONE', *, *, #4757, .T. ) ;
#3517 = EDGE_LOOP ( 'NONE', ( #3472, #11672, #10844, #11546 ) ) ;
#3518 = VERTEX_POINT ( 'NONE', #10894 ) ;
#3519 = CYLINDRICAL_SURFACE ( 'NONE', #2875, 0.5000000000000000000 ) ;
#3520 = LINE ( 'NONE', #5439, #4479 ) ;
#3521 = ORIENTED_EDGE ( 'NONE', *, *, #9873, .F. ) ;
#3522 = CARTESIAN_POINT ( 'NONE',  ( -8.000000000000000000, 5.900000000000003020, -3.000000000000001776 ) ) ;
#3523 = CARTESIAN_POINT ( 'NONE',  ( -6.349999999999997868, 12.50000000000000000, -3.483215956619922782 ) ) ;
#3524 = DIRECTION ( 'NONE',  ( 0.000000000000000000, 0.000000000000000000, -1.000000000000000000 ) ) ;
#3525 = VECTOR ( 'NONE', #7688, 1000.000000000000000 ) ;
#3526 = VECTOR ( 'NONE', #3363, 1000.000000000000000 ) ;
#3527 = CARTESIAN_POINT ( 'NONE',  ( -8.849999999999999645, 7.600000000000004974, -5.400000000000003908 ) ) ;
#3528 = EDGE_CURVE ( 'NONE', #7347, #6852, #1666, .T. ) ;
#3529 = ORIENTED_EDGE ( 'NONE', *, *, #3292, .F. ) ;
#3530 = CARTESIAN_POINT ( 'NONE',  ( 8.850000000000003197, 9.400000000000002132, 1.999999999999993561 ) ) ;
#3531 = VECTOR ( 'NONE', #3228, 1000.000000000000000 ) ;
#3532 = VERTEX_POINT ( 'NONE', #7173 ) ;
#3533 = AXIS2_PLACEMENT_3D ( 'NONE', #10324, #5759, #8512 ) ;
#3534 = LINE ( 'NONE', #5454, #10383 ) ;
#3535 = EDGE_LOOP ( 'NONE', ( #5007, #8817, #11251, #3580, #10826, #1527, #5136, #2220 ) ) ;
#3536 = FACE_OUTER_BOUND ( 'NONE', #10893, .T. ) ;
#3537 = DIRECTION ( 'NONE',  ( -1.927470528863119739E-15, 1.283079494065685694E-16, 1.000000000000000000 ) ) ;
#3538 = ORIENTED_EDGE ( 'NONE', *, *, #8126, .F. ) ;
#3539 = EDGE_CURVE ( 'NONE', #5837, #2963, #10536, .T. ) ;
#3540 = CARTESIAN_POINT ( 'NONE',  ( -47.67189334955345004, 8.099999999999999645, 7.400000000000004796 ) ) ;
#3541 = EDGE_CURVE ( 'NONE', #6937, #8244, #9995, .T. ) ;
#3542 = DIRECTION ( 'NONE',  ( -0.000000000000000000, -1.000000000000000000, 1.040834085586083468E-15 ) ) ;
#3543 = CARTESIAN_POINT ( 'NONE',  ( -10.59999999999999787, 9.400000000000002132, -4.749999999999999112 ) ) ;
#3544 =( GEOMETRIC_REPRESENTATION_CONTEXT ( 3 ) GLOBAL_UNCERTAINTY_ASSIGNED_CONTEXT ( ( #11217 ) ) GLOBAL_UNIT_ASSIGNED_CONTEXT ( ( #6988, #11790, #9084 ) ) REPRESENTATION_CONTEXT ( 'NONE', 'WORKASPACE' ) );
#3545 = CIRCLE ( 'NONE', #9303, 3.483215956619923670 ) ;
#3546 = DIRECTION ( 'NONE',  ( -0.000000000000000000, -1.000000000000000000, -0.000000000000000000 ) ) ;
#3547 = AXIS2_PLACEMENT_3D ( 'NONE', #3682, #5612, #4707 ) ;
#3548 = ORIENTED_EDGE ( 'NONE', *, *, #842, .F. ) ;
#3549 = AXIS2_PLACEMENT_3D ( 'NONE', #1998, #908, #6424 ) ;
#3550 = CIRCLE ( 'NONE', #9878, 1.899999999999999689 ) ;
#3551 = EDGE_LOOP ( 'NONE', ( #3846, #6394, #10721, #8320, #8581, #8163, #1480, #5388 ) ) ;
#3552 = LINE ( 'NONE', #6323, #8036 ) ;
#3553 = AXIS2_PLACEMENT_3D ( 'NONE', #4237, #5812, #5985 ) ;
#3554 = DIRECTION ( 'NONE',  ( 3.571792610879097845E-15, 0.000000000000000000, -1.000000000000000000 ) ) ;
#3555 = ORIENTED_EDGE ( 'NONE', *, *, #6163, .F. ) ;
#3556 = VECTOR ( 'NONE', #6120, 1000.000000000000000 ) ;
#3557 = LINE ( 'NONE', #7226, #7079 ) ;
#3558 = VECTOR ( 'NONE', #4491, 1000.000000000000000 ) ;
#3559 = LINE ( 'NONE', #3670, #9806 ) ;
#3560 = CARTESIAN_POINT ( 'NONE',  ( -6.849999999999998757, 11.40000000000000391, 0.5000000000000008882 ) ) ;
#3561 = DIRECTION ( 'NONE',  ( 1.000000000000000000, -0.000000000000000000, 8.031127203596331834E-17 ) ) ;
#3562 = VECTOR ( 'NONE', #237, 1000.000000000000000 ) ;
#3563 = CARTESIAN_POINT ( 'NONE',  ( -20.69999999999999929, 7.400000000000003020, -5.400000000000000355 ) ) ;
#3564 = EDGE_LOOP ( 'NONE', ( #81, #980, #3474, #3186 ) ) ;
#3565 = ADVANCED_FACE ( 'NONE', ( #8014 ), #7893, .F. ) ;
#3566 = CARTESIAN_POINT ( 'NONE',  ( -1.600000000000000755, 10.90000000000000036, -4.250000000000000000 ) ) ;
#3567 = EDGE_CURVE ( 'NONE', #10225, #3116, #6277, .T. ) ;
#3568 = ADVANCED_FACE ( 'NONE', ( #6156 ), #1601, .F. ) ;
#3569 = ORIENTED_EDGE ( 'NONE', *, *, #4049, .F. ) ;
#3570 = LINE ( 'NONE', #7236, #1542 ) ;
#3571 = ORIENTED_EDGE ( 'NONE', *, *, #2914, .F. ) ;
#3572 = CARTESIAN_POINT ( 'NONE',  ( -11.45000000000000462, 44.34419462753220387, 10.10000000000000675 ) ) ;
#3573 = CARTESIAN_POINT ( 'NONE',  ( -16.44999999999999218, 2.500000000000000444, -7.399999999999998579 ) ) ;
#3574 = EDGE_CURVE ( 'NONE', #10372, #136, #11675, .T. ) ;
#3575 = EDGE_CURVE ( 'NONE', #6756, #9431, #1521, .T. ) ;
#3576 = CARTESIAN_POINT ( 'NONE',  ( -6.849999999999998757, 13.50000000000000178, -1.999999999999999112 ) ) ;
#3577 = ORIENTED_EDGE ( 'NONE', *, *, #158, .F. ) ;
#3578 = EDGE_CURVE ( 'NONE', #7141, #11811, #707, .T. ) ;
#3579 = CARTESIAN_POINT ( 'NONE',  ( -3.849999999999999201, 5.900000000000003020, -2.000000000000001776 ) ) ;
#3580 = ORIENTED_EDGE ( 'NONE', *, *, #8824, .T. ) ;
#3581 = ORIENTED_EDGE ( 'NONE', *, *, #2792, .F. ) ;
#3582 = DIRECTION ( 'NONE',  ( 0.000000000000000000, 1.000000000000000000, 2.449293598294701484E-16 ) ) ;
#3583 = VERTEX_POINT ( 'NONE', #645 ) ;
#3584 = DIRECTION ( 'NONE',  ( 1.000000000000000000, -0.000000000000000000, -3.212450881438532241E-16 ) ) ;
#3585 = LINE ( 'NONE', #7193, #105 ) ;
#3586 = VERTEX_POINT ( 'NONE', #4280 ) ;
#3587 = CARTESIAN_POINT ( 'NONE',  ( 19.05000000000000071, 3.900000000000002576, -7.619650039223833312E-15 ) ) ;
#3588 = LINE ( 'NONE', #1926, #2227 ) ;
#3589 = LINE ( 'NONE', #2696, #4312 ) ;
#3590 = LINE ( 'NONE', #7257, #4480 ) ;
#3591 = VERTEX_POINT ( 'NONE', #7051 ) ;
#3592 = EDGE_CURVE ( 'NONE', #3347, #5320, #4346, .T. ) ;
#3593 = LINE ( 'NONE', #7374, #2908 ) ;
#3594 = ORIENTED_EDGE ( 'NONE', *, *, #5117, .T. ) ;
#3595 = CARTESIAN_POINT ( 'NONE',  ( 19.05000000000000071, 13.50000000000000000, -7.619650039223833312E-15 ) ) ;
#3596 = VERTEX_POINT ( 'NONE', #4516 ) ;
#3597 = CARTESIAN_POINT ( 'NONE',  ( -16.54999999999999716, 5.900000000000002132, -2.999999999999997780 ) ) ;
#3598 = CARTESIAN_POINT ( 'NONE',  ( -10.59999999999999787, 24.33502884254439991, -4.749999999999997335 ) ) ;
#3599 = ORIENTED_EDGE ( 'NONE', *, *, #1475, .F. ) ;
#3600 = DIRECTION ( 'NONE',  ( 1.000000000000000000, 0.000000000000000000, 8.031127203596330602E-17 ) ) ;
#3601 = DIRECTION ( 'NONE',  ( 0.000000000000000000, 1.000000000000000000, 0.000000000000000000 ) ) ;
#3602 = CARTESIAN_POINT ( 'NONE',  ( -20.69999999999999929, 7.600000000000003197, -5.400000000000000355 ) ) ;
#3603 = DIRECTION ( 'NONE',  ( -1.000000000000000000, 0.000000000000000000, -8.031127203596331834E-17 ) ) ;
#3604 = DIRECTION ( 'NONE',  ( 1.000000000000000000, 0.000000000000000000, 8.031127203596330602E-17 ) ) ;
#3605 = ORIENTED_EDGE ( 'NONE', *, *, #2055, .T. ) ;
#3606 = ORIENTED_EDGE ( 'NONE', *, *, #10491, .F. ) ;
#3607 = DIRECTION ( 'NONE',  ( 1.000000000000000000, 1.967058844685892123E-32, 8.031127203596330602E-17 ) ) ;
#3608 = CARTESIAN_POINT ( 'NONE',  ( 13.94999999999999396, 44.34419462753220387, 12.09999999999998899 ) ) ;
#3609 = ORIENTED_EDGE ( 'NONE', *, *, #10936, .F. ) ;
#3610 = LINE ( 'NONE', #10041, #7852 ) ;
#3611 = PLANE ( 'NONE',  #7705 ) ;
#3612 = CARTESIAN_POINT ( 'NONE',  ( 21.55000000000000426, 2.499999999999998668, 7.399999999999993250 ) ) ;
#3613 = AXIS2_PLACEMENT_3D ( 'NONE', #6371, #7150, #2766 ) ;
#3614 = LINE ( 'NONE', #5488, #2197 ) ;
#3615 = VECTOR ( 'NONE', #9235, 1000.000000000000000 ) ;
#3616 = AXIS2_PLACEMENT_3D ( 'NONE', #11607, #4271, #8004 ) ;
#3617 = EDGE_LOOP ( 'NONE', ( #7209, #5879, #39, #3723 ) ) ;
#3618 = VECTOR ( 'NONE', #2014, 1000.000000000000000 ) ;
#3619 = VECTOR ( 'NONE', #5149, 1000.000000000000000 ) ;
#3620 = CARTESIAN_POINT ( 'NONE',  ( -47.67189334955344293, 8.099999999999999645, 10.10000000000000497 ) ) ;
#3621 = ORIENTED_EDGE ( 'NONE', *, *, #11372, .F. ) ;
#3622 = ORIENTED_EDGE ( 'NONE', *, *, #2039, .T. ) ;
#3623 = LINE ( 'NONE', #9940, #9693 ) ;
#3624 = CARTESIAN_POINT ( 'NONE',  ( 18.55000000000000071, 0.000000000000000000, -0.5000000000000094369 ) ) ;
#3625 = PRODUCT_RELATED_PRODUCT_CATEGORY ( 'part', '', ( #4404 ) ) ;
#3626 = CARTESIAN_POINT ( 'NONE',  ( 4.350000000000003197, 12.45031130731456059, 0.4999999999999844014 ) ) ;
#3627 = AXIS2_PLACEMENT_3D ( 'NONE', #66, #4649, #8385 ) ;
#3628 = EDGE_CURVE ( 'NONE', #10870, #10062, #5549, .T. ) ;
#3629 = VERTEX_POINT ( 'NONE', #1847 ) ;
#3630 = LINE ( 'NONE', #947, #5975 ) ;
#3631 = VERTEX_POINT ( 'NONE', #7529 ) ;
#3632 = EDGE_CURVE ( 'NONE', #3832, #9515, #9272, .T. ) ;
#3633 = ORIENTED_EDGE ( 'NONE', *, *, #4820, .T. ) ;
#3634 = CARTESIAN_POINT ( 'NONE',  ( -11.45000000000000462, 22.60000000000000142, 9.099999999999997868 ) ) ;
#3635 = ORIENTED_EDGE ( 'NONE', *, *, #8681, .T. ) ;
#3636 = CARTESIAN_POINT ( 'NONE',  ( 0.000000000000000000, 0.5000000000000000000, 5.599999999999996092 ) ) ;
#3637 = CARTESIAN_POINT ( 'NONE',  ( 3.850000000000002753, 7.500000000000004441, 5.499999999999992006 ) ) ;
#3638 = ORIENTED_EDGE ( 'NONE', *, *, #209, .T. ) ;
#3639 = ADVANCED_FACE ( 'NONE', ( #8435 ), #7349, .T. ) ;
#3640 = PLANE ( 'NONE',  #5441 ) ;
#3641 = CARTESIAN_POINT ( 'NONE',  ( 19.55000000000000071, 12.50000000000000000, -2.000000000000008438 ) ) ;
#3642 = CARTESIAN_POINT ( 'NONE',  ( 16.54999999999999716, 7.400000000000004796, -5.600000000000012967 ) ) ;
#3643 = DIRECTION ( 'NONE',  ( -1.000000000000000000, -1.967058844685892396E-32, -8.031127203596331834E-17 ) ) ;
#3644 = AXIS2_PLACEMENT_3D ( 'NONE', #10927, #10698, #9913 ) ;
#3645 = EDGE_CURVE ( 'NONE', #4460, #3685, #3449, .T. ) ;
#3646 = ORIENTED_EDGE ( 'NONE', *, *, #9889, .T. ) ;
#3647 = LINE ( 'NONE', #8215, #3278 ) ;
#3648 = VERTEX_POINT ( 'NONE', #2915 ) ;
#3649 = AXIS2_PLACEMENT_3D ( 'NONE', #3254, #452, #9672 ) ;
#3650 = FACE_OUTER_BOUND ( 'NONE', #6923, .T. ) ;
#3651 = VERTEX_POINT ( 'NONE', #1060 ) ;
#3652 = LINE ( 'NONE', #10875, #8910 ) ;
#3653 = FACE_OUTER_BOUND ( 'NONE', #2515, .T. ) ;
#3654 = ORIENTED_EDGE ( 'NONE', *, *, #8190, .F. ) ;
#3655 = VECTOR ( 'NONE', #5163, 1000.000000000000000 ) ;
#3656 = CARTESIAN_POINT ( 'NONE',  ( -18.54999999999999716, 12.45031130731456059, 2.000000000000000000 ) ) ;
#3657 = FACE_OUTER_BOUND ( 'NONE', #624, .T. ) ;
#3658 = CARTESIAN_POINT ( 'NONE',  ( -6.349999999999997868, 3.900000000000002576, 1.019953154856734144E-15 ) ) ;
#3659 = DIRECTION ( 'NONE',  ( 1.000000000000000000, 0.000000000000000000, -3.558407130208835242E-16 ) ) ;
#3660 = EDGE_CURVE ( 'NONE', #10321, #2323, #2089, .T. ) ;
#3661 = VECTOR ( 'NONE', #11844, 1000.000000000000000 ) ;
#3662 = DIRECTION ( 'NONE',  ( 0.000000000000000000, 0.000000000000000000, 1.000000000000000000 ) ) ;
#3663 = ORIENTED_EDGE ( 'NONE', *, *, #7473, .F. ) ;
#3664 = ORIENTED_EDGE ( 'NONE', *, *, #11372, .T. ) ;
#3665 = CARTESIAN_POINT ( 'NONE',  ( 0.000000000000000000, 19.60000000000000142, 9.099999999999999645 ) ) ;
#3666 = VERTEX_POINT ( 'NONE', #7476 ) ;
#3667 = CARTESIAN_POINT ( 'NONE',  ( -23.79999999999999361, 10.90000000000000036, 4.249999999999999112 ) ) ;
#3668 = EDGE_LOOP ( 'NONE', ( #994, #2090, #9687, #5150 ) ) ;
#3669 = CARTESIAN_POINT ( 'NONE',  ( 6.350000000000001421, 3.650000000000002132, -8.639603194080566470E-15 ) ) ;
#3670 = CARTESIAN_POINT ( 'NONE',  ( 18.55000000000000071, 12.45031130731456059, -2.000000000000007994 ) ) ;
#3671 = CARTESIAN_POINT ( 'NONE',  ( 16.55000000000000071, 5.900000000000002132, 1.999999999999990008 ) ) ;
#3672 = LINE ( 'NONE', #8066, #6215 ) ;
#3673 = DIRECTION ( 'NONE',  ( 0.000000000000000000, -1.000000000000000000, 0.000000000000000000 ) ) ;
#3674 = VERTEX_POINT ( 'NONE', #4758 ) ;
#3675 = EDGE_CURVE ( 'NONE', #2690, #8819, #171, .T. ) ;
#3676 = VECTOR ( 'NONE', #5648, 1000.000000000000000 ) ;
#3677 = CARTESIAN_POINT ( 'NONE',  ( -19.04999999999999716, 0.000000000000000000, 0.5000000000000000000 ) ) ;
#3678 = ORIENTED_EDGE ( 'NONE', *, *, #8197, .F. ) ;
#3679 = VECTOR ( 'NONE', #11240, 1000.000000000000000 ) ;
#3680 = ORIENTED_EDGE ( 'NONE', *, *, #5927, .F. ) ;
#3681 = EDGE_CURVE ( 'NONE', #1073, #5562, #4633, .T. ) ;
#3682 = CARTESIAN_POINT ( 'NONE',  ( 21.55000000000000426, 2.499999999999998668, 7.399999999999993250 ) ) ;
#3683 = FACE_OUTER_BOUND ( 'NONE', #2986, .T. ) ;
#3684 = DIRECTION ( 'NONE',  ( 0.000000000000000000, 0.000000000000000000, 1.000000000000000000 ) ) ;
#3685 = VERTEX_POINT ( 'NONE', #998 ) ;
#3686 = VECTOR ( 'NONE', #6167, 1000.000000000000000 ) ;
#3687 = LINE ( 'NONE', #119, #432 ) ;
#3688 = ORIENTED_EDGE ( 'NONE', *, *, #1599, .F. ) ;
#3689 = ORIENTED_EDGE ( 'NONE', *, *, #8635, .F. ) ;
#3690 = CARTESIAN_POINT ( 'NONE',  ( -19.54999999999999716, 12.50000000000000000, -2.000000000000000000 ) ) ;
#3691 = ORIENTED_EDGE ( 'NONE', *, *, #7280, .T. ) ;
#3692 = LINE ( 'NONE', #8262, #6524 ) ;
#3693 = DIRECTION ( 'NONE',  ( 0.000000000000000000, -1.000000000000000000, 0.000000000000000000 ) ) ;
#3694 = ORIENTED_EDGE ( 'NONE', *, *, #1004, .F. ) ;
#3695 = LINE ( 'NONE', #8322, #9945 ) ;
#3696 = CARTESIAN_POINT ( 'NONE',  ( 8.849999999999999645, 7.400000000000003020, -5.600000000000009415 ) ) ;
#3697 = VECTOR ( 'NONE', #2482, 1000.000000000000000 ) ;
#3698 = CARTESIAN_POINT ( 'NONE',  ( -17.04999999999999361, 13.50000000000000178, -0.4999999999999930611 ) ) ;
#3699 = DIRECTION ( 'NONE',  ( 0.000000000000000000, 1.000000000000000000, 0.000000000000000000 ) ) ;
#3700 = ORIENTED_EDGE ( 'NONE', *, *, #2619, .T. ) ;
#3701 = EDGE_CURVE ( 'NONE', #6290, #4519, #7415, .T. ) ;
#3702 = CARTESIAN_POINT ( 'NONE',  ( -24.15000000000000568, 19.60000000000000142, 12.09999999999999964 ) ) ;
#3703 = ORIENTED_EDGE ( 'NONE', *, *, #10418, .T. ) ;
#3704 = DIRECTION ( 'NONE',  ( -3.571792610879097845E-15, 0.000000000000000000, 1.000000000000000000 ) ) ;
#3705 = ORIENTED_EDGE ( 'NONE', *, *, #5130, .F. ) ;
#3706 = CARTESIAN_POINT ( 'NONE',  ( 11.10000000000000142, 9.400000000000002132, -4.250000000000007105 ) ) ;
#3707 = ORIENTED_EDGE ( 'NONE', *, *, #7527, .T. ) ;
#3708 = CARTESIAN_POINT ( 'NONE',  ( -4.699999999999995737, 7.500000000000002665, 7.399999999999996803 ) ) ;
#3709 = ORIENTED_EDGE ( 'NONE', *, *, #5495, .F. ) ;
#3710 = STYLED_ITEM ( 'NONE', ( #9667 ), #9023 ) ;
#3711 = EDGE_CURVE ( 'NONE', #4849, #430, #1901, .T. ) ;
#3712 = EDGE_CURVE ( 'NONE', #2234, #5748, #6577, .T. ) ;
#3713 = CARTESIAN_POINT ( 'NONE',  ( 18.54999999999999716, 12.50000000000000000, -3.500000000000013323 ) ) ;
#3714 = CARTESIAN_POINT ( 'NONE',  ( 17.60000000000000142, -3.999999999999999112, 5.599999999999988987 ) ) ;
#3715 = DIRECTION ( 'NONE',  ( 0.000000000000000000, 1.000000000000000000, 0.000000000000000000 ) ) ;
#3716 = DIRECTION ( 'NONE',  ( 1.000000000000000000, -1.967058844685892123E-32, 8.031127203596330602E-17 ) ) ;
#3717 = ADVANCED_FACE ( 'NONE', ( #9401 ), #2731, .F. ) ;
#3718 = CARTESIAN_POINT ( 'NONE',  ( -17.39999999999999858, 2.499999999999998668, -5.599999999999997868 ) ) ;
#3719 = EDGE_CURVE ( 'NONE', #7734, #11720, #3743, .T. ) ;
#3720 = ORIENTED_EDGE ( 'NONE', *, *, #8502, .T. ) ;
#3721 = VECTOR ( 'NONE', #5099, 1000.000000000000000 ) ;
#3722 = CIRCLE ( 'NONE', #5067, 3.500000000000000000 ) ;
#3723 = ORIENTED_EDGE ( 'NONE', *, *, #10401, .T. ) ;
#3724 = CARTESIAN_POINT ( 'NONE',  ( 11.45000000000000284, 9.399999999999995026, 7.399999999999991473 ) ) ;
#3725 = EDGE_LOOP ( 'NONE', ( #10928, #11167, #9136, #9864 ) ) ;
#3726 = EDGE_CURVE ( 'NONE', #6969, #6472, #11324, .T. ) ;
#3727 = FACE_OUTER_BOUND ( 'NONE', #4845, .T. ) ;
#3728 = EDGE_LOOP ( 'NONE', ( #6589, #11261, #10236, #893 ) ) ;
#3729 = CARTESIAN_POINT ( 'NONE',  ( -14.29999999999999716, 10.90000000000000036, -4.249999999999998224 ) ) ;
#3730 = LINE ( 'NONE', #2846, #9503 ) ;
#3731 = PLANE ( 'NONE',  #6160 ) ;
#3732 = DIRECTION ( 'NONE',  ( 0.000000000000000000, -1.000000000000000000, 0.000000000000000000 ) ) ;
#3733 = VECTOR ( 'NONE', #10471, 1000.000000000000000 ) ;
#3734 = AXIS2_PLACEMENT_3D ( 'NONE', #5984, #1672, #5199 ) ;
#3735 = CARTESIAN_POINT ( 'NONE',  ( -21.55000000000000071, 2.499999999999998668, -7.400000000000001243 ) ) ;
#3736 = VECTOR ( 'NONE', #4374, 1000.000000000000000 ) ;
#3737 = CARTESIAN_POINT ( 'NONE',  ( -8.000000000000000000, 5.900000000000003020, -3.000000000000001776 ) ) ;
#3738 = VERTEX_POINT ( 'NONE', #11013 ) ;
#3739 = VECTOR ( 'NONE', #9784, 1000.000000000000000 ) ;
#3740 = VECTOR ( 'NONE', #9799, 1000.000000000000000 ) ;
#3741 = VECTOR ( 'NONE', #471, 1000.000000000000000 ) ;
#3742 = VECTOR ( 'NONE', #1503, 1000.000000000000000 ) ;
#3743 = LINE ( 'NONE', #6393, #1342 ) ;
#3744 = CIRCLE ( 'NONE', #702, 1.199999999999999956 ) ;
#3745 = EDGE_LOOP ( 'NONE', ( #9505, #3761, #2418, #10406 ) ) ;
#3746 = ORIENTED_EDGE ( 'NONE', *, *, #3146, .T. ) ;
#3747 = EDGE_CURVE ( 'NONE', #1127, #11696, #231, .T. ) ;
#3748 = VECTOR ( 'NONE', #4639, 1000.000000000000000 ) ;
#3749 = CARTESIAN_POINT ( 'NONE',  ( -8.849999999999999645, 3.499999999999998668, -5.400000000000003908 ) ) ;
#3750 = DIRECTION ( 'NONE',  ( 2.282859610154041239E-32, -1.000000000000000000, 1.283079494065685941E-16 ) ) ;
#3751 = LINE ( 'NONE', #7420, #5417 ) ;
#3752 = ORIENTED_EDGE ( 'NONE', *, *, #3502, .T. ) ;
#3753 = VECTOR ( 'NONE', #4062, 1000.000000000000000 ) ;
#3754 = DIRECTION ( 'NONE',  ( -0.000000000000000000, -1.000000000000000000, -0.000000000000000000 ) ) ;
#3755 = ORIENTED_EDGE ( 'NONE', *, *, #8529, .F. ) ;
#3756 = EDGE_LOOP ( 'NONE', ( #4354, #11864, #10052, #713 ) ) ;
#3757 = CARTESIAN_POINT ( 'NONE',  ( -14.79999999999999716, 10.90000000000000036, -4.749999999999999112 ) ) ;
#3758 = VERTEX_POINT ( 'NONE', #9151 ) ;
#3759 = CARTESIAN_POINT ( 'NONE',  ( 6.850000000000004086, 13.50000000000000178, 2.385992799625896943 ) ) ;
#3760 = CARTESIAN_POINT ( 'NONE',  ( 3.849999999999999201, 7.400000000000003020, -5.600000000000009415 ) ) ;
#3761 = ORIENTED_EDGE ( 'NONE', *, *, #9217, .T. ) ;
#3762 =( NAMED_UNIT ( * ) PLANE_ANGLE_UNIT ( ) SI_UNIT ( $, .RADIAN. ) );
#3763 = DIRECTION ( 'NONE',  ( -1.000000000000000000, 0.000000000000000000, -8.031127203596331834E-17 ) ) ;
#3764 = CARTESIAN_POINT ( 'NONE',  ( 18.55000000000000071, 0.000000000000000000, -7.659805675241814373E-15 ) ) ;
#3765 = CARTESIAN_POINT ( 'NONE',  ( -16.54999999999999716, 2.499999999999998668, -5.599999999999997868 ) ) ;
#3766 = ADVANCED_FACE ( 'NONE', ( #933 ), #4573, .F. ) ;
#3767 = ORIENTED_EDGE ( 'NONE', *, *, #5891, .F. ) ;
#3768 = DIRECTION ( 'NONE',  ( -1.000000000000000000, 0.000000000000000000, -0.000000000000000000 ) ) ;
#3769 = ORIENTED_EDGE ( 'NONE', *, *, #8905, .F. ) ;
#3770 = CARTESIAN_POINT ( 'NONE',  ( 19.05000000000000071, 3.900000000000002576, 1.999999999999992228 ) ) ;
#3771 = EDGE_LOOP ( 'NONE', ( #438, #9212, #10512, #9845 ) ) ;
#3772 = DIRECTION ( 'NONE',  ( 0.000000000000000000, -1.000000000000000000, -1.285763445415553567E-15 ) ) ;
#3773 = ORIENTED_EDGE ( 'NONE', *, *, #1610, .T. ) ;
#3774 = DIRECTION ( 'NONE',  ( 1.000000000000000000, -0.000000000000000000, -6.938893903907232322E-16 ) ) ;
#3775 = EDGE_LOOP ( 'NONE', ( #1604, #8494, #4164, #7063 ) ) ;
#3776 = DIRECTION ( 'NONE',  ( 0.000000000000000000, 0.000000000000000000, -1.000000000000000000 ) ) ;
#3777 = FACE_OUTER_BOUND ( 'NONE', #1620, .T. ) ;
#3778 = CARTESIAN_POINT ( 'NONE',  ( 4.699999999999999289, -3.999999999999999112, -5.600000000000004974 ) ) ;
#3779 = LINE ( 'NONE', #9435, #7335 ) ;
#3780 = ADVANCED_FACE ( 'NONE', ( #10176 ), #531, .T. ) ;
#3781 = DIRECTION ( 'NONE',  ( 0.000000000000000000, 0.000000000000000000, -1.000000000000000000 ) ) ;
#3782 = EDGE_LOOP ( 'NONE', ( #4048, #10002, #750, #6605 ) ) ;
#3783 = EDGE_CURVE ( 'NONE', #1556, #4557, #283, .T. ) ;
#3784 = ADVANCED_FACE ( 'NONE', ( #3037 ), #6930, .T. ) ;
#3785 = ORIENTED_EDGE ( 'NONE', *, *, #2433, .T. ) ;
#3786 = DIRECTION ( 'NONE',  ( 1.000000000000000000, -0.000000000000000000, 3.491481338843133355E-15 ) ) ;
#3787 = EDGE_LOOP ( 'NONE', ( #5318, #10025, #4359, #9055 ) ) ;
#3788 = CYLINDRICAL_SURFACE ( 'NONE', #1368, 2.000000000000000000 ) ;
#3789 = EDGE_LOOP ( 'NONE', ( #6052, #688, #2174, #8866 ) ) ;
#3790 = DIRECTION ( 'NONE',  ( 0.000000000000000000, 0.000000000000000000, 1.000000000000000000 ) ) ;
#3791 = SURFACE_STYLE_FILL_AREA ( #8420 ) ;
#3792 = EDGE_CURVE ( 'NONE', #2679, #1009, #5795, .T. ) ;
#3793 = ADVANCED_FACE ( 'NONE', ( #8555, #6025 ), #2377, .F. ) ;
#3794 = CYLINDRICAL_SURFACE ( 'NONE', #8912, 0.5000000000000004441 ) ;
#3795 = DIRECTION ( 'NONE',  ( 0.000000000000000000, -1.283079494065685694E-16, -1.000000000000000000 ) ) ;
#3796 = CARTESIAN_POINT ( 'NONE',  ( -14.29999999999999716, 9.400000000000002132, 4.249999999999999112 ) ) ;
#3797 = DIRECTION ( 'NONE',  ( 0.000000000000000000, 1.000000000000000000, 0.000000000000000000 ) ) ;
#3798 = EDGE_CURVE ( 'NONE', #4912, #11248, #411, .T. ) ;
#3799 = PRODUCT_CONTEXT ( 'NONE', #11293, 'mechanical' ) ;
#3800 = LINE ( 'NONE', #11315, #8303 ) ;
#3801 = ORIENTED_EDGE ( 'NONE', *, *, #1340, .F. ) ;
#3802 = ADVANCED_FACE ( 'NONE', ( #7775 ), #1241, .F. ) ;
#3803 = CARTESIAN_POINT ( 'NONE',  ( -16.54999999999999361, 7.600000000000004974, 5.400000000000004796 ) ) ;
#3804 = ORIENTED_EDGE ( 'NONE', *, *, #8406, .F. ) ;
#3805 = AXIS2_PLACEMENT_3D ( 'NONE', #8826, #1581, #4091 ) ;
#3806 = VERTEX_POINT ( 'NONE', #7654 ) ;
#3807 = AXIS2_PLACEMENT_3D ( 'NONE', #5755, #5628, #9167 ) ;
#3808 = DIRECTION ( 'NONE',  ( -4.066575051493318340E-32, -1.000000000000000000, 1.172110456741085828E-16 ) ) ;
#3809 = DIRECTION ( 'NONE',  ( 1.000000000000000000, -1.967058844685892396E-32, 8.031127203596331834E-17 ) ) ;
#3810 = EDGE_CURVE ( 'NONE', #5851, #11534, #3213, .T. ) ;
#3811 = CARTESIAN_POINT ( 'NONE',  ( -26.65000000000000568, 0.000000000000000000, -8.600000000000003197 ) ) ;
#3812 = VECTOR ( 'NONE', #5679, 1000.000000000000000 ) ;
#3813 = VECTOR ( 'NONE', #1212, 1000.000000000000000 ) ;
#3814 = ORIENTED_EDGE ( 'NONE', *, *, #11222, .F. ) ;
#3815 = CIRCLE ( 'NONE', #3434, 1.899999999999999689 ) ;
#3816 = ORIENTED_EDGE ( 'NONE', *, *, #606, .F. ) ;
#3817 = DIRECTION ( 'NONE',  ( 0.000000000000000000, 0.000000000000000000, 1.000000000000000000 ) ) ;
#3818 = CARTESIAN_POINT ( 'NONE',  ( 17.05000000000000071, 13.50000000000000178, -0.5000000000000146549 ) ) ;
#3819 = DIRECTION ( 'NONE',  ( 1.000000000000000000, 0.000000000000000000, 8.031127203596330602E-17 ) ) ;
#3820 = VERTEX_POINT ( 'NONE', #4165 ) ;
#3821 = AXIS2_PLACEMENT_3D ( 'NONE', #2218, #9533, #4174 ) ;
#3822 = CARTESIAN_POINT ( 'NONE',  ( -21.54999999999999716, 7.400000000000004796, 5.600000000000004974 ) ) ;
#3823 = LINE ( 'NONE', #1865, #522 ) ;
#3824 = PLANE ( 'NONE',  #1469 ) ;
#3825 = DIRECTION ( 'NONE',  ( 0.000000000000000000, 0.000000000000000000, -1.000000000000000000 ) ) ;
#3826 = VERTEX_POINT ( 'NONE', #350 ) ;
#3827 = VECTOR ( 'NONE', #6296, 1000.000000000000000 ) ;
#3828 = CARTESIAN_POINT ( 'NONE',  ( -19.04999999999999716, 3.650000000000002132, 1.750000000000000444 ) ) ;
#3829 = ORIENTED_EDGE ( 'NONE', *, *, #4448, .T. ) ;
#3830 = CARTESIAN_POINT ( 'NONE',  ( 6.350000000000001421, 0.000000000000000000, 0.4999999999999913403 ) ) ;
#3831 = CARTESIAN_POINT ( 'NONE',  ( -21.04999999999999716, 13.50000000000000178, 0.4999999999999930611 ) ) ;
#3832 = VERTEX_POINT ( 'NONE', #10421 ) ;
#3833 = DIRECTION ( 'NONE',  ( 0.5735764363510434949, -0.8191520442889935749, 2.048696077133022160E-15 ) ) ;
#3834 = ORIENTED_EDGE ( 'NONE', *, *, #5188, .F. ) ;
#3835 = FACE_OUTER_BOUND ( 'NONE', #8391, .T. ) ;
#3836 = ORIENTED_EDGE ( 'NONE', *, *, #4515, .T. ) ;
#3837 = DIRECTION ( 'NONE',  ( 3.571792610879097845E-15, -0.000000000000000000, -1.000000000000000000 ) ) ;
#3838 = DIRECTION ( 'NONE',  ( 1.000000000000000000, 2.282859610154040965E-32, 0.000000000000000000 ) ) ;
#3839 = DIRECTION ( 'NONE',  ( 0.000000000000000000, 0.000000000000000000, -1.000000000000000000 ) ) ;
#3840 = DIRECTION ( 'NONE',  ( 1.000000000000000000, -1.967058844685892396E-32, 8.031127203596331834E-17 ) ) ;
#3841 = EDGE_CURVE ( 'NONE', #4519, #3096, #3154, .T. ) ;
#3842 = CARTESIAN_POINT ( 'NONE',  ( 21.55000000000000426, 7.600000000000002309, 3.299999999999990496 ) ) ;
#3843 = ORIENTED_EDGE ( 'NONE', *, *, #1749, .F. ) ;
#3844 = VERTEX_POINT ( 'NONE', #8491 ) ;
#3845 = CYLINDRICAL_SURFACE ( 'NONE', #1912, 2.999999999999999112 ) ;
#3846 = ORIENTED_EDGE ( 'NONE', *, *, #6507, .F. ) ;
#3847 = AXIS2_PLACEMENT_3D ( 'NONE', #1697, #4258, #2591 ) ;
#3848 = CARTESIAN_POINT ( 'NONE',  ( 19.05000000000000071, 11.40000000000000213, 3.499999999999993783 ) ) ;
#3849 = ORIENTED_EDGE ( 'NONE', *, *, #4907, .F. ) ;
#3850 = DIRECTION ( 'NONE',  ( -1.000000000000000000, 0.000000000000000000, 0.000000000000000000 ) ) ;
#3851 = CARTESIAN_POINT ( 'NONE',  ( -4.699999999999999289, 22.60000000000000142, 7.399999999999995914 ) ) ;
#3852 = CARTESIAN_POINT ( 'NONE',  ( -20.69999999999999929, 2.500000000000002220, 7.400000000000005684 ) ) ;
#3853 = DIRECTION ( 'NONE',  ( 0.000000000000000000, 0.000000000000000000, -1.000000000000000000 ) ) ;
#3854 = DIRECTION ( 'NONE',  ( 0.000000000000000000, -0.000000000000000000, 1.000000000000000000 ) ) ;
#3855 = EDGE_CURVE ( 'NONE', #10805, #5710, #6869, .T. ) ;
#3856 = EDGE_CURVE ( 'NONE', #3927, #1127, #7595, .T. ) ;
#3857 = DIRECTION ( 'NONE',  ( -1.000000000000000000, -1.967058844685892396E-32, -8.031127203596331834E-17 ) ) ;
#3858 = VERTEX_POINT ( 'NONE', #11320 ) ;
#3859 = EDGE_CURVE ( 'NONE', #5431, #11522, #9635, .T. ) ;
#3860 = EDGE_CURVE ( 'NONE', #10441, #11690, #111, .T. ) ;
#3861 = CARTESIAN_POINT ( 'NONE',  ( -6.349999999999997868, -3.358379542590069988, 3.500000000000001332 ) ) ;
#3862 = EDGE_LOOP ( 'NONE', ( #4244, #6147, #7770, #9520 ) ) ;
#3863 = EDGE_LOOP ( 'NONE', ( #1207, #4189, #9248, #313 ) ) ;
#3864 = EDGE_CURVE ( 'NONE', #1698, #1858, #5911, .T. ) ;
#3865 = EDGE_CURVE ( 'NONE', #10709, #9069, #9410, .T. ) ;
#3866 = CARTESIAN_POINT ( 'NONE',  ( -17.04999999999999716, 12.45031130731456059, 0.5000000000000069944 ) ) ;
#3867 = CARTESIAN_POINT ( 'NONE',  ( 20.50000000000000355, -3.999999999999999112, 5.799999999999987388 ) ) ;
#3868 = CARTESIAN_POINT ( 'NONE',  ( 3.850000000000012967, 3.499999999999998668, 5.599999999999995204 ) ) ;
#3869 = ORIENTED_EDGE ( 'NONE', *, *, #5868, .F. ) ;
#3870 = EDGE_CURVE ( 'NONE', #8105, #8339, #10827, .T. ) ;
#3871 = ORIENTED_EDGE ( 'NONE', *, *, #8859, .T. ) ;
#3872 = DIRECTION ( 'NONE',  ( 0.000000000000000000, 0.000000000000000000, 1.000000000000000000 ) ) ;
#3873 = DIRECTION ( 'NONE',  ( 0.000000000000000000, -1.283079494065685941E-16, -1.000000000000000000 ) ) ;
#3874 = DIRECTION ( 'NONE',  ( -1.000000000000000000, 0.000000000000000000, -3.491481338843133355E-15 ) ) ;
#3875 = CARTESIAN_POINT ( 'NONE',  ( -19.54999999999999716, 11.40000000000000391, 0.4999999999999965583 ) ) ;
#3876 = ORIENTED_EDGE ( 'NONE', *, *, #4076, .F. ) ;
#3877 = PLANE ( 'NONE',  #2110 ) ;
#3878 = FACE_OUTER_BOUND ( 'NONE', #3952, .T. ) ;
#3879 = UNCERTAINTY_MEASURE_WITH_UNIT (LENGTH_MEASURE( 1.000000000000000082E-05 ), #3248, 'distance_accuracy_value', 'NONE');
#3880 = FACE_OUTER_BOUND ( 'NONE', #3395, .T. ) ;
#3881 = LINE ( 'NONE', #7552, #8724 ) ;
#3882 = CIRCLE ( 'NONE', #6198, 1.899999999999999689 ) ;
#3883 = ORIENTED_EDGE ( 'NONE', *, *, #5635, .T. ) ;
#3884 = FACE_OUTER_BOUND ( 'NONE', #4503, .T. ) ;
#3885 = EDGE_LOOP ( 'NONE', ( #10313, #690, #2363, #7653 ) ) ;
#3886 = FACE_OUTER_BOUND ( 'NONE', #10682, .T. ) ;
#3887 = CARTESIAN_POINT ( 'NONE',  ( 11.44999999999999574, 19.60000000000000142, 9.099999999999992539 ) ) ;
#3888 = ORIENTED_EDGE ( 'NONE', *, *, #7972, .F. ) ;
#3889 = AXIS2_PLACEMENT_3D ( 'NONE', #5791, #10235, #3857 ) ;
#3890 = FACE_OUTER_BOUND ( 'NONE', #9602, .T. ) ;
#3891 = ORIENTED_EDGE ( 'NONE', *, *, #11130, .F. ) ;
#3892 = CARTESIAN_POINT ( 'NONE',  ( 8.000000000000003553, 5.900000000000003020, 1.999999999999994005 ) ) ;
#3893 = EDGE_LOOP ( 'NONE', ( #9802, #10416, #6307, #3888 ) ) ;
#3894 = CARTESIAN_POINT ( 'NONE',  ( 6.850000000000002309, 13.50000000000000178, -2.000000000000008882 ) ) ;
#3895 = PLANE ( 'NONE',  #8709 ) ;
#3896 = CARTESIAN_POINT ( 'NONE',  ( -3.849999999999995648, 2.499999999999998668, 7.400000000000002132 ) ) ;
#3897 = LINE ( 'NONE', #8876, #1270 ) ;
#3898 = ADVANCED_FACE ( 'NONE', ( #4218 ), #4338, .F. ) ;
#3899 = CARTESIAN_POINT ( 'NONE',  ( -6.349999999999997868, 3.650000000000002132, 1.019953154856734341E-15 ) ) ;
#3900 = ORIENTED_EDGE ( 'NONE', *, *, #3719, .F. ) ;
#3901 = ORIENTED_EDGE ( 'NONE', *, *, #5615, .T. ) ;
#3902 = CARTESIAN_POINT ( 'NONE',  ( 4.350000000000006750, 13.50000000000000178, -0.5000000000000156541 ) ) ;
#3903 = ORIENTED_EDGE ( 'NONE', *, *, #6212, .T. ) ;
#3904 = DIRECTION ( 'NONE',  ( 0.000000000000000000, 0.000000000000000000, -1.000000000000000000 ) ) ;
#3905 = ADVANCED_FACE ( 'NONE', ( #639 ), #9692, .F. ) ;
#3906 = EDGE_CURVE ( 'NONE', #10565, #890, #8609, .T. ) ;
#3907 = ORIENTED_EDGE ( 'NONE', *, *, #2772, .F. ) ;
#3908 = DIRECTION ( 'NONE',  ( 0.000000000000000000, -1.000000000000000000, -1.285763445415553567E-15 ) ) ;
#3909 =( NAMED_UNIT ( * ) SI_UNIT ( $, .STERADIAN. ) SOLID_ANGLE_UNIT ( ) );
#3910 = LINE ( 'NONE', #4030, #11076 ) ;
#3911 = DIRECTION ( 'NONE',  ( 0.000000000000000000, 0.000000000000000000, 1.000000000000000000 ) ) ;
#3912 = FACE_OUTER_BOUND ( 'NONE', #11666, .T. ) ;
#3913 = AXIS2_PLACEMENT_3D ( 'NONE', #3166, #5694, #10432 ) ;
#3914 = CARTESIAN_POINT ( 'NONE',  ( 13.94999999999999218, 22.60000000000000142, 9.099999999999990763 ) ) ;
#3915 = ORIENTED_EDGE ( 'NONE', *, *, #5113, .F. ) ;
#3916 = EDGE_CURVE ( 'NONE', #8339, #10553, #10713, .T. ) ;
#3917 = VECTOR ( 'NONE', #5981, 1000.000000000000000 ) ;
#3918 = DIRECTION ( 'NONE',  ( 0.000000000000000000, 0.000000000000000000, -1.000000000000000000 ) ) ;
#3919 = VERTEX_POINT ( 'NONE', #2491 ) ;
#3920 = AXIS2_PLACEMENT_3D ( 'NONE', #5382, #2934, #10972 ) ;
#3921 = VECTOR ( 'NONE', #8519, 1000.000000000000000 ) ;
#3922 = DIRECTION ( 'NONE',  ( -0.3236155771181863927, -0.8891264907159871500, 0.3236155771181863372 ) ) ;
#3923 = LINE ( 'NONE', #5685, #2618 ) ;
#3924 = FACE_OUTER_BOUND ( 'NONE', #8087, .T. ) ;
#3925 = EDGE_CURVE ( 'NONE', #795, #11050, #7887, .T. ) ;
#3926 = AXIS2_PLACEMENT_3D ( 'NONE', #3658, #3715, #5525 ) ;
#3927 = VERTEX_POINT ( 'NONE', #2665 ) ;
#3928 = EDGE_CURVE ( 'NONE', #3167, #3596, #7940, .T. ) ;
#3929 = VECTOR ( 'NONE', #8086, 1000.000000000000000 ) ;
#3930 = VECTOR ( 'NONE', #10373, 1000.000000000000000 ) ;
#3931 = EDGE_CURVE ( 'NONE', #10684, #7606, #10657, .T. ) ;
#3932 = EDGE_CURVE ( 'NONE', #9481, #9048, #6093, .T. ) ;
#3933 = VECTOR ( 'NONE', #7434, 1000.000000000000000 ) ;
#3934 = ORIENTED_EDGE ( 'NONE', *, *, #5177, .T. ) ;
#3935 = DIRECTION ( 'NONE',  ( 0.000000000000000000, 0.000000000000000000, 1.000000000000000000 ) ) ;
#3936 = DIRECTION ( 'NONE',  ( 0.000000000000000000, 0.000000000000000000, -1.000000000000000000 ) ) ;
#3937 = CARTESIAN_POINT ( 'NONE',  ( 17.39999999999999858, 22.60000000000000142, 7.399999999999995914 ) ) ;
#3938 = LINE ( 'NONE', #2219, #4668 ) ;
#3939 = ORIENTED_EDGE ( 'NONE', *, *, #4292, .F. ) ;
#3940 = EDGE_CURVE ( 'NONE', #1009, #5534, #2548, .T. ) ;
#3941 = EDGE_CURVE ( 'NONE', #821, #3927, #5126, .T. ) ;
#3942 = DIRECTION ( 'NONE',  ( 1.000000000000000000, -0.000000000000000000, 8.031127203596331834E-17 ) ) ;
#3943 = DIRECTION ( 'NONE',  ( 0.000000000000000000, 0.000000000000000000, 1.000000000000000000 ) ) ;
#3944 = DIRECTION ( 'NONE',  ( 0.000000000000000000, -0.000000000000000000, 1.000000000000000000 ) ) ;
#3945 = CARTESIAN_POINT ( 'NONE',  ( -18.54999999999999361, 13.50000000000000178, 2.244994432064364442 ) ) ;
#3946 = ADVANCED_FACE ( 'NONE', ( #3387 ), #3493, .T. ) ;
#3947 = AXIS2_PLACEMENT_3D ( 'NONE', #9941, #885, #2567 ) ;
#3948 = ORIENTED_EDGE ( 'NONE', *, *, #7903, .T. ) ;
#3949 = EDGE_LOOP ( 'NONE', ( #7364, #4078, #7358, #7504 ) ) ;
#3950 = VERTEX_POINT ( 'NONE', #5179 ) ;
#3951 = CARTESIAN_POINT ( 'NONE',  ( -21.65000000000000924, 2.500000000000000444, -7.399999999999997691 ) ) ;
#3952 = EDGE_LOOP ( 'NONE', ( #419, #948, #3934, #2838, #10764, #8146, #11138, #7212 ) ) ;
#3953 = CARTESIAN_POINT ( 'NONE',  ( -4.699999999999995737, 7.400000000000003020, 5.600000000000001421 ) ) ;
#3954 = VERTEX_POINT ( 'NONE', #697 ) ;
#3955 = CARTESIAN_POINT ( 'NONE',  ( -6.349999999999997868, 10.90000000000000036, 1.019953154856734144E-15 ) ) ;
#3956 = ORIENTED_EDGE ( 'NONE', *, *, #10326, .F. ) ;
#3957 = CARTESIAN_POINT ( 'NONE',  ( -5.849999999999997868, 12.50000000000000000, 3.447142787940709940 ) ) ;
#3958 = VERTEX_POINT ( 'NONE', #7104 ) ;
#3959 = DIRECTION ( 'NONE',  ( -3.571792610879097845E-15, 0.000000000000000000, 1.000000000000000000 ) ) ;
#3960 = DIRECTION ( 'NONE',  ( 4.688441826964343312E-16, 1.172110456741085828E-16, 1.000000000000000000 ) ) ;
#3961 = PLANE ( 'NONE',  #7784 ) ;
#3962 = DIRECTION ( 'NONE',  ( -0.000000000000000000, -1.000000000000000000, -0.000000000000000000 ) ) ;
#3963 = EDGE_CURVE ( 'NONE', #11089, #9379, #3557, .T. ) ;
#3964 = CARTESIAN_POINT ( 'NONE',  ( 17.40000000000000213, 2.499999999999998668, 5.499999999999988454 ) ) ;
#3965 = ORIENTED_EDGE ( 'NONE', *, *, #1905, .F. ) ;
#3966 = VECTOR ( 'NONE', #7791, 1000.000000000000000 ) ;
#3967 = VERTEX_POINT ( 'NONE', #6983 ) ;
#3968 = VECTOR ( 'NONE', #571, 1000.000000000000000 ) ;
#3969 = CARTESIAN_POINT ( 'NONE',  ( 8.000000000000000000, -3.450504516109078157, -5.600000000000004974 ) ) ;
#3970 = ORIENTED_EDGE ( 'NONE', *, *, #8471, .F. ) ;
#3971 = CARTESIAN_POINT ( 'NONE',  ( 20.69999999999999929, 22.60000000000000142, 7.399999999999995914 ) ) ;
#3972 = ORIENTED_EDGE ( 'NONE', *, *, #7831, .T. ) ;
#3973 = LINE ( 'NONE', #340, #4004 ) ;
#3974 = LINE ( 'NONE', #7645, #5460 ) ;
#3975 = CARTESIAN_POINT ( 'NONE',  ( 17.39999999999999858, 7.400000000000004796, -5.600000000000012079 ) ) ;
#3976 = CARTESIAN_POINT ( 'NONE',  ( -20.69999999999999929, -4.000000000000000000, -7.199999999999997513 ) ) ;
#3977 = DIRECTION ( 'NONE',  ( -4.066575051493318340E-32, 1.000000000000000000, 1.172110456741085828E-16 ) ) ;
#3978 = FACE_OUTER_BOUND ( 'NONE', #781, .T. ) ;
#3979 = ORIENTED_EDGE ( 'NONE', *, *, #9198, .T. ) ;
#3980 = DIRECTION ( 'NONE',  ( -1.000000000000000000, -6.699696681973820339E-33, 1.257045997084642858E-16 ) ) ;
#3981 = EDGE_LOOP ( 'NONE', ( #5356, #7194, #7574, #11286, #828 ) ) ;
#3982 = DIRECTION ( 'NONE',  ( -3.571792610879097845E-15, 0.000000000000000000, 1.000000000000000000 ) ) ;
#3983 = VERTEX_POINT ( 'NONE', #11550 ) ;
#3984 = CARTESIAN_POINT ( 'NONE',  ( -21.55000000000000071, 5.900000000000002132, -1.999999999999998224 ) ) ;
#3985 = PLANE ( 'NONE',  #9329 ) ;
#3986 = DIRECTION ( 'NONE',  ( 0.000000000000000000, 1.000000000000000000, 0.000000000000000000 ) ) ;
#3987 = ORIENTED_EDGE ( 'NONE', *, *, #4798, .T. ) ;
#3988 = DIRECTION ( 'NONE',  ( 0.000000000000000000, 1.000000000000000000, 0.000000000000000000 ) ) ;
#3989 = CARTESIAN_POINT ( 'NONE',  ( 21.65000000000000213, 9.399999999999987921, -7.400000000000012790 ) ) ;
#3990 = FACE_OUTER_BOUND ( 'NONE', #4481, .T. ) ;
#3991 = ORIENTED_EDGE ( 'NONE', *, *, #7693, .T. ) ;
#3992 = DIRECTION ( 'NONE',  ( -1.000000000000000000, 0.000000000000000000, 1.020425574104004246E-16 ) ) ;
#3993 = CARTESIAN_POINT ( 'NONE',  ( -47.67189334955345004, 2.500000000000000444, -5.599999999999995204 ) ) ;
#3994 = FACE_OUTER_BOUND ( 'NONE', #1855, .T. ) ;
#3995 = VECTOR ( 'NONE', #11136, 1000.000000000000114 ) ;
#3996 = ADVANCED_FACE ( 'NONE', ( #6271 ), #583, .T. ) ;
#3997 = CARTESIAN_POINT ( 'NONE',  ( 16.54999999999999716, 9.400000000000002132, -2.000000000000010214 ) ) ;
#3998 = AXIS2_PLACEMENT_3D ( 'NONE', #6430, #4492, #9185 ) ;
#3999 = ORIENTED_EDGE ( 'NONE', *, *, #2415, .T. ) ;
#4000 = VECTOR ( 'NONE', #7576, 1000.000000000000000 ) ;
#4001 = ORIENTED_EDGE ( 'NONE', *, *, #2448, .T. ) ;
#4002 = ADVANCED_FACE ( 'NONE', ( #5302 ), #5357, .F. ) ;
#4003 = CARTESIAN_POINT ( 'NONE',  ( 7.800000000000001599, -4.000000000000000000, -7.200000000000005507 ) ) ;
#4004 = VECTOR ( 'NONE', #4866, 1000.000000000000000 ) ;
#4005 = VERTEX_POINT ( 'NONE', #2723 ) ;
#4006 = AXIS2_PLACEMENT_3D ( 'NONE', #9678, #4089, #8717 ) ;
#4007 = ADVANCED_FACE ( 'NONE', ( #6385 ), #5535, .T. ) ;
#4008 = VERTEX_POINT ( 'NONE', #5662 ) ;
#4009 = CARTESIAN_POINT ( 'NONE',  ( 8.849999999999999645, 5.900000000000002132, -3.000000000000006661 ) ) ;
#4010 = VERTEX_POINT ( 'NONE', #3729 ) ;
#4011 = LINE ( 'NONE', #5096, #7080 ) ;
#4012 = ORIENTED_EDGE ( 'NONE', *, *, #2672, .F. ) ;
#4013 = SURFACE_STYLE_USAGE ( .BOTH. , #11528 ) ;
#4014 = CARTESIAN_POINT ( 'NONE',  ( 19.55000000000000071, 13.40149519432356762, 2.809733521761621056 ) ) ;
#4015 = CARTESIAN_POINT ( 'NONE',  ( -24.15000000000000568, 22.60000000000000142, -7.400000000000000355 ) ) ;
#4016 = DIRECTION ( 'NONE',  ( 8.031127203596330602E-17, -3.043374519257555536E-16, -1.000000000000000000 ) ) ;
#4017 = CARTESIAN_POINT ( 'NONE',  ( 16.55000000000000071, 7.600000000000003197, 5.399999999999992362 ) ) ;
#4018 = EDGE_CURVE ( 'NONE', #8928, #4067, #952, .T. ) ;
#4019 = AXIS2_PLACEMENT_3D ( 'NONE', #8318, #9287, #11151 ) ;
#4020 = ORIENTED_EDGE ( 'NONE', *, *, #6730, .T. ) ;
#4021 = ORIENTED_EDGE ( 'NONE', *, *, #9351, .F. ) ;
#4022 = CARTESIAN_POINT ( 'NONE',  ( -8.350000000000003197, 12.45031130731456059, 0.4999999999999940603 ) ) ;
#4023 = ORIENTED_EDGE ( 'NONE', *, *, #4886, .F. ) ;
#4024 = CARTESIAN_POINT ( 'NONE',  ( 6.350000000000001421, 24.33502884254439991, -1.039015354188816814E-14 ) ) ;
#4025 = ORIENTED_EDGE ( 'NONE', *, *, #10032, .F. ) ;
#4026 = CARTESIAN_POINT ( 'NONE',  ( 19.55000000000000071, 13.50000000000000178, -2.244994432064373324 ) ) ;
#4027 = DIRECTION ( 'NONE',  ( 0.000000000000000000, 0.000000000000000000, -1.000000000000000000 ) ) ;
#4028 = EDGE_CURVE ( 'NONE', #6622, #10624, #5159, .T. ) ;
#4029 = AXIS2_PLACEMENT_3D ( 'NONE', #6993, #9089, #8911 ) ;
#4030 = CARTESIAN_POINT ( 'NONE',  ( 6.850000000000002309, 11.40000000000000391, 0.4999999999999914513 ) ) ;
#4031 = DIRECTION ( 'NONE',  ( 0.000000000000000000, 0.000000000000000000, 1.000000000000000000 ) ) ;
#4032 = CARTESIAN_POINT ( 'NONE',  ( -8.849999999999996092, 2.499999999999998668, 7.400000000000002132 ) ) ;
#4033 = CLOSED_SHELL ( 'NONE', ( #11664, #11431, #284, #2257, #10677, #5937, #6584, #11371, #11206, #4241, #9234, #1058, #5708, #8849, #1615, #6519, #8489, #4263, #3565, #7396, #2287, #11296, #643, #6740, #5421, #3418, #10344, #7582, #229, #2546, #6039, #9875, #192 ) ) ;
#4034 = CARTESIAN_POINT ( 'NONE',  ( 17.40000000000000213, -3.450504516109082598, 7.399999999999987921 ) ) ;
#4035 = ORIENTED_EDGE ( 'NONE', *, *, #7843, .T. ) ;
#4036 = DIRECTION ( 'NONE',  ( -8.031127203596330602E-17, -2.449293598294701484E-16, 1.000000000000000000 ) ) ;
#4037 = ORIENTED_EDGE ( 'NONE', *, *, #6764, .F. ) ;
#4038 = DIRECTION ( 'NONE',  ( -0.000000000000000000, -0.000000000000000000, -1.000000000000000000 ) ) ;
#4039 = ORIENTED_EDGE ( 'NONE', *, *, #2199, .F. ) ;
#4040 = CIRCLE ( 'NONE', #5189, 0.5000000000000004441 ) ;
#4041 = AXIS2_PLACEMENT_3D ( 'NONE', #3830, #11161, #10271 ) ;
#4042 = DIRECTION ( 'NONE',  ( 0.000000000000000000, 0.000000000000000000, 1.000000000000000000 ) ) ;
#4043 = CARTESIAN_POINT ( 'NONE',  ( -17.04999999999999361, 13.50000000000000178, -0.4999999999999930611 ) ) ;
#4044 = VECTOR ( 'NONE', #4834, 1000.000000000000000 ) ;
#4045 = EDGE_CURVE ( 'NONE', #8936, #9732, #9985, .T. ) ;
#4046 = CARTESIAN_POINT ( 'NONE',  ( -23.79999999999999361, 9.400000000000002132, 4.250000000000000888 ) ) ;
#4047 = AXIS2_PLACEMENT_3D ( 'NONE', #1415, #7772, #466 ) ;
#4048 = ORIENTED_EDGE ( 'NONE', *, *, #6369, .F. ) ;
#4049 = EDGE_CURVE ( 'NONE', #5958, #6899, #6326, .T. ) ;
#4050 =( NAMED_UNIT ( * ) SI_UNIT ( $, .STERADIAN. ) SOLID_ANGLE_UNIT ( ) );
#4051 = DIRECTION ( 'NONE',  ( 0.000000000000000000, -0.000000000000000000, -1.000000000000000000 ) ) ;
#4052 = LINE ( 'NONE', #7609, #9011 ) ;
#4053 = FACE_OUTER_BOUND ( 'NONE', #9398, .T. ) ;
#4054 = ORIENTED_EDGE ( 'NONE', *, *, #3928, .T. ) ;
#4055 = CARTESIAN_POINT ( 'NONE',  ( -8.850000000000013856, 3.499999999999998668, -7.400000000000001243 ) ) ;
#4056 = DIRECTION ( 'NONE',  ( 8.031127203596331834E-17, 3.097720492815726673E-16, -1.000000000000000000 ) ) ;
#4057 = DIRECTION ( 'NONE',  ( -0.8191520442889935749, -0.5735764363510434949, -2.860054076310225049E-15 ) ) ;
#4058 = LINE ( 'NONE', #3172, #6986 ) ;
#4059 = EDGE_LOOP ( 'NONE', ( #347, #4282, #917, #10941, #2282, #35 ) ) ;
#4060 = AXIS2_PLACEMENT_3D ( 'NONE', #8282, #2379, #9695 ) ;
#4061 = EDGE_CURVE ( 'NONE', #8437, #10362, #4199, .T. ) ;
#4062 = DIRECTION ( 'NONE',  ( 0.000000000000000000, 2.449293598294701484E-16, 1.000000000000000000 ) ) ;
#4063 = ORIENTED_EDGE ( 'NONE', *, *, #4781, .F. ) ;
#4064 = EDGE_CURVE ( 'NONE', #11694, #5704, #924, .T. ) ;
#4065 = ORIENTED_EDGE ( 'NONE', *, *, #4377, .F. ) ;
#4066 = DIRECTION ( 'NONE',  ( 1.000000000000000000, 0.000000000000000000, 0.000000000000000000 ) ) ;
#4067 = VERTEX_POINT ( 'NONE', #864 ) ;
#4068 = LINE ( 'NONE', #1505, #7465 ) ;
#4069 = ORIENTED_EDGE ( 'NONE', *, *, #10079, .F. ) ;
#4070 = DIRECTION ( 'NONE',  ( 0.000000000000000000, -4.565061778886335030E-16, 1.000000000000000000 ) ) ;
#4071 = PLANE ( 'NONE',  #10820 ) ;
#4072 = CARTESIAN_POINT ( 'NONE',  ( -21.65000000000000924, 9.400000000000002132, 7.400000000000001243 ) ) ;
#4073 = AXIS2_PLACEMENT_3D ( 'NONE', #7058, #7902, #772 ) ;
#4074 = DIRECTION ( 'NONE',  ( -1.000000000000000000, 0.000000000000000000, -8.031127203596331834E-17 ) ) ;
#4075 = CARTESIAN_POINT ( 'NONE',  ( 6.850000000000004974, 12.50000000000000000, -2.000000000000007105 ) ) ;
#4076 = EDGE_CURVE ( 'NONE', #4008, #8397, #4750, .T. ) ;
#4077 = ORIENTED_EDGE ( 'NONE', *, *, #2998, .T. ) ;
#4078 = ORIENTED_EDGE ( 'NONE', *, *, #5486, .T. ) ;
#4079 = EDGE_CURVE ( 'NONE', #9955, #10441, #7518, .T. ) ;
#4081 = LINE ( 'NONE', #6912, #8829 ) ;
#4080 = VECTOR ( 'NONE', #238, 1000.000000000000000 ) ;
#4082 = VERTEX_POINT ( 'NONE', #8181 ) ;
#4083 = ORIENTED_EDGE ( 'NONE', *, *, #2557, .F. ) ;
#4084 = EDGE_CURVE ( 'NONE', #8886, #8540, #162, .T. ) ;
#4085 = ADVANCED_FACE ( 'NONE', ( #9078 ), #10359, .T. ) ;
#4086 = CARTESIAN_POINT ( 'NONE',  ( -18.54999999999999716, 12.50000000000000000, -2.000000000000000000 ) ) ;
#4087 = ORIENTED_EDGE ( 'NONE', *, *, #3158, .F. ) ;
#4088 = LINE ( 'NONE', #6858, #9767 ) ;
#4089 = DIRECTION ( 'NONE',  ( -1.000000000000000000, 0.000000000000000000, -8.031127203596330602E-17 ) ) ;
#4090 = CARTESIAN_POINT ( 'NONE',  ( -8.849999999999996092, 5.900000000000002132, 1.999999999999998668 ) ) ;
#4091 = DIRECTION ( 'NONE',  ( 0.000000000000000000, 0.000000000000000000, -1.000000000000000000 ) ) ;
#4092 = CARTESIAN_POINT ( 'NONE',  ( -6.849999999999998757, 0.000000000000000000, 9.797975188387524912E-16 ) ) ;
#4093 = EDGE_CURVE ( 'NONE', #8934, #902, #3610, .T. ) ;
#4094 = EDGE_CURVE ( 'NONE', #11390, #1707, #5481, .T. ) ;
#4095 = VECTOR ( 'NONE', #5349, 1000.000000000000000 ) ;
#4096 = CARTESIAN_POINT ( 'NONE',  ( 8.850000000000017408, 3.499999999999998668, 7.399999999999993250 ) ) ;
#4097 = VERTEX_POINT ( 'NONE', #7460 ) ;
#4098 = EDGE_CURVE ( 'NONE', #10149, #8380, #6449, .T. ) ;
#4099 = CARTESIAN_POINT ( 'NONE',  ( 17.40000000000000213, -3.450504516109082154, 7.399999999999987921 ) ) ;
#4100 = ORIENTED_EDGE ( 'NONE', *, *, #3078, .T. ) ;
#4101 = CARTESIAN_POINT ( 'NONE',  ( 17.05000000000000071, 13.50000000000000178, -0.5000000000000146549 ) ) ;
#4102 = VERTEX_POINT ( 'NONE', #7406 ) ;
#4103 = VECTOR ( 'NONE', #4418, 1000.000000000000000 ) ;
#4104 = PRESENTATION_LAYER_ASSIGNMENT (  '', '', ( #10638 ) ) ;
#4105 = DIRECTION ( 'NONE',  ( 1.000000000000000000, -0.000000000000000000, -0.000000000000000000 ) ) ;
#4106 = DIRECTION ( 'NONE',  ( -1.000000000000000000, -0.000000000000000000, -8.031127203596330602E-17 ) ) ;
#4107 = PLANE ( 'NONE',  #5814 ) ;
#4108 = VECTOR ( 'NONE', #7343, 1000.000000000000000 ) ;
#4109 = AXIS2_PLACEMENT_3D ( 'NONE', #6836, #6774, #10504 ) ;
#4110 = LINE ( 'NONE', #8395, #3468 ) ;
#4111 = ORIENTED_EDGE ( 'NONE', *, *, #139, .T. ) ;
#4112 = LINE ( 'NONE', #4283, #1660 ) ;
#4113 = CARTESIAN_POINT ( 'NONE',  ( 6.350000000000001421, 10.90000000000000036, -8.639603194080566470E-15 ) ) ;
#4114 = CARTESIAN_POINT ( 'NONE',  ( -19.04999999999999716, 10.90000000000000036, 0.000000000000000000 ) ) ;
#4115 = DIRECTION ( 'NONE',  ( 1.000000000000000000, -1.967058844685892123E-32, 8.031127203596330602E-17 ) ) ;
#4116 = ORIENTED_EDGE ( 'NONE', *, *, #10266, .T. ) ;
#4117 = CYLINDRICAL_SURFACE ( 'NONE', #9387, 3.500000000000000444 ) ;
#4118 = DIRECTION ( 'NONE',  ( -1.000000000000000000, 0.000000000000000000, -3.491481338843133355E-15 ) ) ;
#4119 = FACE_OUTER_BOUND ( 'NONE', #3026, .T. ) ;
#4120 = VECTOR ( 'NONE', #9665, 1000.000000000000000 ) ;
#4121 = LINE ( 'NONE', #369, #5446 ) ;
#4122 = VECTOR ( 'NONE', #11564, 1000.000000000000000 ) ;
#4123 = AXIS2_PLACEMENT_3D ( 'NONE', #11164, #2173, #322 ) ;
#4124 = AXIS2_PLACEMENT_3D ( 'NONE', #3851, #9445, #10408 ) ;
#4125 = EDGE_LOOP ( 'NONE', ( #4148, #8407, #11610, #4594 ) ) ;
#4126 = VECTOR ( 'NONE', #7868, 1000.000000000000000 ) ;
#4127 = DIRECTION ( 'NONE',  ( 0.000000000000000000, 1.000000000000000000, 0.000000000000000000 ) ) ;
#4128 = CIRCLE ( 'NONE', #10851, 3.483215956619923670 ) ;
#4129 = ORIENTED_EDGE ( 'NONE', *, *, #11516, .F. ) ;
#4130 = AXIS2_PLACEMENT_3D ( 'NONE', #4545, #10878, #3424 ) ;
#4131 = VERTEX_POINT ( 'NONE', #2844 ) ;
#4132 = CARTESIAN_POINT ( 'NONE',  ( 26.65000000000000213, 0.5000000000000000000, -9.500000000000001776 ) ) ;
#4133 = ORIENTED_EDGE ( 'NONE', *, *, #11140, .T. ) ;
#4134 = DIRECTION ( 'NONE',  ( 1.000000000000000000, -1.967058844685892396E-32, 8.031127203596331834E-17 ) ) ;
#4135 = ORIENTED_EDGE ( 'NONE', *, *, #3528, .T. ) ;
#4136 = DIRECTION ( 'NONE',  ( 0.000000000000000000, 0.000000000000000000, -1.000000000000000000 ) ) ;
#4137 = CARTESIAN_POINT ( 'NONE',  ( 19.55000000000000071, 13.03878455832425054, 3.248868441461818080 ) ) ;
#4138 = FACE_OUTER_BOUND ( 'NONE', #7103, .T. ) ;
#4139 = DIRECTION ( 'NONE',  ( -8.031127203596330602E-17, -4.818676322157799347E-16, 1.000000000000000000 ) ) ;
#4140 = VECTOR ( 'NONE', #355, 1000.000000000000000 ) ;
#4141 = CARTESIAN_POINT ( 'NONE',  ( -4.699999999999995737, 7.500000000000002665, 5.499999999999997335 ) ) ;
#4142 = VERTEX_POINT ( 'NONE', #6501 ) ;
#4143 = ORIENTED_EDGE ( 'NONE', *, *, #8053, .F. ) ;
#4144 = CARTESIAN_POINT ( 'NONE',  ( 16.44999999999998508, 8.099999999999999645, 7.399999999999987921 ) ) ;
#4145 = VERTEX_POINT ( 'NONE', #1955 ) ;
#4146 = DIRECTION ( 'NONE',  ( 1.000000000000000000, -0.000000000000000000, 8.031127203596331834E-17 ) ) ;
#4147 = AXIS2_PLACEMENT_3D ( 'NONE', #10792, #8754, #7010 ) ;
#4148 = ORIENTED_EDGE ( 'NONE', *, *, #10342, .T. ) ;
#4149 = LINE ( 'NONE', #3140, #2035 ) ;
#4150 = LINE ( 'NONE', #11366, #6635 ) ;
#4151 = EDGE_CURVE ( 'NONE', #5528, #9045, #11124, .T. ) ;
#4152 = CARTESIAN_POINT ( 'NONE',  ( -14.29999999999999716, 10.90000000000000036, 4.249999999999999112 ) ) ;
#4153 = PLANE ( 'NONE',  #3805 ) ;
#4154 = FACE_OUTER_BOUND ( 'NONE', #10895, .T. ) ;
#4155 = ADVANCED_FACE ( 'NONE', ( #1047 ), #4686, .T. ) ;
#4156 = EDGE_CURVE ( 'NONE', #9148, #4927, #8716, .T. ) ;
#4157 = EDGE_CURVE ( 'NONE', #9717, #563, #10355, .T. ) ;
#4158 = LINE ( 'NONE', #6865, #2378 ) ;
#4159 = ORIENTED_EDGE ( 'NONE', *, *, #3403, .F. ) ;
#4160 = ORIENTED_EDGE ( 'NONE', *, *, #6071, .F. ) ;
#4161 = EDGE_CURVE ( 'NONE', #11050, #7832, #3973, .T. ) ;
#4162 = ADVANCED_FACE ( 'NONE', ( #3203 ), #2139, .F. ) ;
#4163 = FACE_OUTER_BOUND ( 'NONE', #11856, .T. ) ;
#4164 = ORIENTED_EDGE ( 'NONE', *, *, #1377, .T. ) ;
#4165 = CARTESIAN_POINT ( 'NONE',  ( 3.850000000000002753, 7.400000000000004796, 5.599999999999996092 ) ) ;
#4166 = ADVANCED_FACE ( 'NONE', ( #9389 ), #8541, .F. ) ;
#4167 = CARTESIAN_POINT ( 'NONE',  ( 5.850000000000001421, 13.50000000000000178, 2.387337886821841781 ) ) ;
#4168 = DIRECTION ( 'NONE',  ( 0.000000000000000000, 0.000000000000000000, -1.000000000000000000 ) ) ;
#4169 = CARTESIAN_POINT ( 'NONE',  ( -17.04999999999999716, 13.50000000000000178, 0.5000000000000069944 ) ) ;
#4170 = EDGE_CURVE ( 'NONE', #8582, #8246, #4088, .T. ) ;
#4171 = CARTESIAN_POINT ( 'NONE',  ( -6.349999999999997868, 10.90000000000000036, 2.000000000000000888 ) ) ;
#4172 = ORIENTED_EDGE ( 'NONE', *, *, #1990, .T. ) ;
#4173 = SURFACE_SIDE_STYLE ('',( #1545 ) ) ;
#4174 = DIRECTION ( 'NONE',  ( 0.000000000000000000, 0.000000000000000000, -1.000000000000000000 ) ) ;
#4175 = LINE ( 'NONE', #11849, #11414 ) ;
#4176 = ORIENTED_EDGE ( 'NONE', *, *, #4156, .F. ) ;
#4177 = EDGE_CURVE ( 'NONE', #3224, #9778, #5782, .T. ) ;
#4178 = CARTESIAN_POINT ( 'NONE',  ( -14.79999999999999716, 24.33502884254439991, 4.749999999999998224 ) ) ;
#4179 = DIRECTION ( 'NONE',  ( 1.000000000000000000, 5.473822126268816683E-48, 8.031127203596331834E-17 ) ) ;
#4180 = PLANE ( 'NONE',  #3553 ) ;
#4181 = DIRECTION ( 'NONE',  ( -1.000000000000000000, 0.000000000000000000, -8.031127203596330602E-17 ) ) ;
#4182 = ORIENTED_EDGE ( 'NONE', *, *, #1904, .F. ) ;
#4183 = DIRECTION ( 'NONE',  ( -0.8191520442889935749, 0.5735764363510434949, 0.000000000000000000 ) ) ;
#4184 = EDGE_LOOP ( 'NONE', ( #11290, #2176, #5641, #495, #9033, #274, #3965, #2262, #3577, #10963, #1225 ) ) ;
#4185 = VERTEX_POINT ( 'NONE', #8479 ) ;
#4186 = CARTESIAN_POINT ( 'NONE',  ( 8.000000000000003553, 7.600000000000004086, 3.299999999999993605 ) ) ;
#4187 = ORIENTED_EDGE ( 'NONE', *, *, #1705, .F. ) ;
#4188 = CARTESIAN_POINT ( 'NONE',  ( 8.850000000000003197, 7.500000000000004441, 7.399999999999991473 ) ) ;
#4189 = ORIENTED_EDGE ( 'NONE', *, *, #8422, .F. ) ;
#4190 = VECTOR ( 'NONE', #11772, 1000.000000000000000 ) ;
#4191 = PLANE ( 'NONE',  #7899 ) ;
#4192 = CARTESIAN_POINT ( 'NONE',  ( 6.350000000000001421, 9.400000000000002132, -2.000000000000007994 ) ) ;
#4193 = DIRECTION ( 'NONE',  ( 8.031127203596331834E-17, 6.484268945210251886E-17, -1.000000000000000000 ) ) ;
#4194 = LINE ( 'NONE', #2246, #10848 ) ;
#4195 = CARTESIAN_POINT ( 'NONE',  ( 4.699999999999999289, -4.000000000000000000, -7.200000000000005507 ) ) ;
#4196 = AXIS2_PLACEMENT_3D ( 'NONE', #5137, #4235, #8748 ) ;
#4197 = EDGE_CURVE ( 'NONE', #5809, #789, #9444, .T. ) ;
#4198 = ORIENTED_EDGE ( 'NONE', *, *, #11200, .F. ) ;
#4199 = CIRCLE ( 'NONE', #8799, 0.2000000000000005107 ) ;
#4200 = VECTOR ( 'NONE', #6973, 1000.000000000000000 ) ;
#4201 = DIRECTION ( 'NONE',  ( -1.000000000000000000, 0.000000000000000000, -8.031127203596330602E-17 ) ) ;
#4202 = ORIENTED_EDGE ( 'NONE', *, *, #3906, .T. ) ;
#4203 = CARTESIAN_POINT ( 'NONE',  ( -19.04999999999999716, 10.90000000000000213, 2.000000000000000000 ) ) ;
#4204 = ORIENTED_EDGE ( 'NONE', *, *, #5299, .T. ) ;
#4205 = FACE_OUTER_BOUND ( 'NONE', #4587, .T. ) ;
#4206 = CARTESIAN_POINT ( 'NONE',  ( -5.849999999999997868, 13.50000000000000178, -2.387337886821849775 ) ) ;
#4207 = ADVANCED_FACE ( 'NONE', ( #5729 ), #1406, .F. ) ;
#4208 = DIRECTION ( 'NONE',  ( 0.000000000000000000, -1.000000000000000000, 0.000000000000000000 ) ) ;
#4209 = CARTESIAN_POINT ( 'NONE',  ( -19.04999999999999716, 12.50000000000000000, 0.000000000000000000 ) ) ;
#4210 = CARTESIAN_POINT ( 'NONE',  ( -6.849999999999998757, 12.45031130731456059, 2.000000000000000888 ) ) ;
#4211 = VECTOR ( 'NONE', #2639, 1000.000000000000114 ) ;
#4212 = CARTESIAN_POINT ( 'NONE',  ( -17.39999999999999503, 7.400000000000004796, 5.600000000000004086 ) ) ;
#4213 = ORIENTED_EDGE ( 'NONE', *, *, #3329, .T. ) ;
#4214 = ORIENTED_EDGE ( 'NONE', *, *, #5714, .F. ) ;
#4215 = EDGE_CURVE ( 'NONE', #2871, #7405, #401, .T. ) ;
#4216 = CARTESIAN_POINT ( 'NONE',  ( -5.849999999999997868, 0.000000000000000000, 1.060108790874715797E-15 ) ) ;
#4217 = ORIENTED_EDGE ( 'NONE', *, *, #10019, .F. ) ;
#4218 = FACE_OUTER_BOUND ( 'NONE', #4704, .T. ) ;
#4219 = EDGE_CURVE ( 'NONE', #7592, #7639, #9702, .T. ) ;
#4220 = CARTESIAN_POINT ( 'NONE',  ( -16.54999999999999361, 5.900000000000003020, 2.000000000000003109 ) ) ;
#4221 = LINE ( 'NONE', #3441, #1243 ) ;
#4222 = CARTESIAN_POINT ( 'NONE',  ( -20.69999999999999929, 5.900000000000002132, -2.999999999999997780 ) ) ;
#4223 = EDGE_CURVE ( 'NONE', #1645, #5178, #4994, .T. ) ;
#4224 = PLANE ( 'NONE',  #7144 ) ;
#4225 = EDGE_CURVE ( 'NONE', #10684, #1399, #4149, .T. ) ;
#4226 = AXIS2_PLACEMENT_3D ( 'NONE', #6542, #1025, #8393 ) ;
#4227 = CARTESIAN_POINT ( 'NONE',  ( -8.849999999999996092, 7.400000000000003020, 5.400000000000001243 ) ) ;
#4228 = CIRCLE ( 'NONE', #796, 0.5000000000000013323 ) ;
#4229 = VERTEX_POINT ( 'NONE', #10465 ) ;
#4230 = EDGE_CURVE ( 'NONE', #2185, #9763, #1350, .T. ) ;
#4231 = DIRECTION ( 'NONE',  ( -8.031127203596331834E-17, 6.484268945210251886E-17, 1.000000000000000000 ) ) ;
#4232 = AXIS2_PLACEMENT_3D ( 'NONE', #9021, #756, #10042 ) ;
#4233 = DIRECTION ( 'NONE',  ( -1.000000000000000000, 0.000000000000000000, -3.571792610879097845E-15 ) ) ;
#4234 = ORIENTED_EDGE ( 'NONE', *, *, #10555, .T. ) ;
#4235 = DIRECTION ( 'NONE',  ( 0.000000000000000000, -1.000000000000000000, 2.449293598294701484E-16 ) ) ;
#4236 = LINE ( 'NONE', #10558, #6633 ) ;
#4237 = CARTESIAN_POINT ( 'NONE',  ( -47.67189334955345004, 2.500000000000002220, 7.400000000000005684 ) ) ;
#4238 = EDGE_CURVE ( 'NONE', #4712, #10204, #7760, .T. ) ;
#4239 = PLANE ( 'NONE',  #4073 ) ;
#4240 = ORIENTED_EDGE ( 'NONE', *, *, #787, .F. ) ;
#4241 = ADVANCED_FACE ( 'NONE', ( #2081 ), #7145, .T. ) ;
#4242 = DIRECTION ( 'NONE',  ( -0.000000000000000000, -1.000000000000000000, -0.000000000000000000 ) ) ;
#4243 = ORIENTED_EDGE ( 'NONE', *, *, #4215, .T. ) ;
#4244 = ORIENTED_EDGE ( 'NONE', *, *, #10576, .T. ) ;
#4245 = LINE ( 'NONE', #11523, #8923 ) ;
#4246 = ORIENTED_EDGE ( 'NONE', *, *, #10237, .F. ) ;
#4247 = CARTESIAN_POINT ( 'NONE',  ( -14.79999999999999716, 10.90000000000000036, 4.249999999999999112 ) ) ;
#4248 = VERTEX_POINT ( 'NONE', #5287 ) ;
#4249 = DIRECTION ( 'NONE',  ( -1.000000000000000000, -2.282859610154041239E-32, 2.675763620333430081E-48 ) ) ;
#4250 = DIRECTION ( 'NONE',  ( -0.000000000000000000, -2.449293598294701484E-16, 1.000000000000000000 ) ) ;
#4251 = LINE ( 'NONE', #11642, #7003 ) ;
#4252 = PLANE ( 'NONE',  #9699 ) ;
#4253 = DIRECTION ( 'NONE',  ( 1.000000000000000000, -1.967058844685892396E-32, 8.031127203596331834E-17 ) ) ;
#4254 = CIRCLE ( 'NONE', #6374, 1.899999999999999689 ) ;
#4255 = ORIENTED_EDGE ( 'NONE', *, *, #8705, .F. ) ;
#4256 = CARTESIAN_POINT ( 'NONE',  ( 6.350000000000001421, 10.90000000000000213, -8.639603194080566470E-15 ) ) ;
#4257 = VERTEX_POINT ( 'NONE', #6132 ) ;
#4258 = DIRECTION ( 'NONE',  ( 8.031127203596330602E-17, 0.000000000000000000, -1.000000000000000000 ) ) ;
#4259 = VERTEX_POINT ( 'NONE', #2533 ) ;
#4260 = VECTOR ( 'NONE', #5181, 1000.000000000000000 ) ;
#4261 = CARTESIAN_POINT ( 'NONE',  ( 18.55000000000000071, 13.50000000000000178, 1.999999999999992228 ) ) ;
#4262 = DIRECTION ( 'NONE',  ( 0.000000000000000000, 1.000000000000000000, 2.861084389389397439E-16 ) ) ;
#4263 = ADVANCED_FACE ( 'NONE', ( #3477 ), #3259, .F. ) ;
#4264 = CARTESIAN_POINT ( 'NONE',  ( -23.29999999999999361, 24.33502884254439991, -4.749999999999999112 ) ) ;
#4265 = CARTESIAN_POINT ( 'NONE',  ( 2.100000000000004530, 9.400000000000002132, 4.749999999999992006 ) ) ;
#4266 = DIRECTION ( 'NONE',  ( 1.000000000000000000, -0.000000000000000000, 8.031127203596331834E-17 ) ) ;
#4267 = CARTESIAN_POINT ( 'NONE',  ( 26.65000000000000568, 0.5000000000000000000, -8.600000000000003197 ) ) ;
#4268 = ORIENTED_EDGE ( 'NONE', *, *, #5915, .F. ) ;
#4269 = AXIS2_PLACEMENT_3D ( 'NONE', #7354, #1972, #6583 ) ;
#4270 = ORIENTED_EDGE ( 'NONE', *, *, #1602, .T. ) ;
#4271 = DIRECTION ( 'NONE',  ( -1.000000000000000000, 0.000000000000000000, -8.031127203596330602E-17 ) ) ;
#4272 = DIRECTION ( 'NONE',  ( -3.571792610879097845E-15, 0.000000000000000000, 1.000000000000000000 ) ) ;
#4273 = VERTEX_POINT ( 'NONE', #2422 ) ;
#4274 = CARTESIAN_POINT ( 'NONE',  ( -17.39999999999999503, 7.400000000000004796, 5.400000000000004796 ) ) ;
#4275 = VECTOR ( 'NONE', #11373, 1000.000000000000000 ) ;
#4276 = FACE_OUTER_BOUND ( 'NONE', #4184, .T. ) ;
#4277 = LINE ( 'NONE', #7890, #2981 ) ;
#4278 = EDGE_CURVE ( 'NONE', #7806, #7235, #4322, .T. ) ;
#4279 = DIRECTION ( 'NONE',  ( -0.000000000000000000, -1.000000000000000000, -0.000000000000000000 ) ) ;
#4280 = CARTESIAN_POINT ( 'NONE',  ( 21.54999999999999005, 3.499999999999998668, -7.400000000000010125 ) ) ;
#4281 = AXIS2_PLACEMENT_3D ( 'NONE', #1311, #236, #1363 ) ;
#4282 = ORIENTED_EDGE ( 'NONE', *, *, #7081, .F. ) ;
#4283 = CARTESIAN_POINT ( 'NONE',  ( -17.39999999999999858, 0.5000000000000000000, 0.000000000000000000 ) ) ;
#4284 = PLANE ( 'NONE',  #2501 ) ;
#4285 = ORIENTED_EDGE ( 'NONE', *, *, #8845, .T. ) ;
#4286 = ADVANCED_FACE ( 'NONE', ( #2593 ), #7031, .F. ) ;
#4287 = DIRECTION ( 'NONE',  ( 0.000000000000000000, -1.000000000000000000, 0.000000000000000000 ) ) ;
#4288 = CARTESIAN_POINT ( 'NONE',  ( 21.55000000000000426, 2.499999999999998668, 7.399999999999993250 ) ) ;
#4289 = CARTESIAN_POINT ( 'NONE',  ( 19.05000000000000071, -3.358379542590069988, -7.619650039223833312E-15 ) ) ;
#4290 = VECTOR ( 'NONE', #9839, 1000.000000000000000 ) ;
#4291 = PLANE ( 'NONE',  #6962 ) ;
#4292 = EDGE_CURVE ( 'NONE', #9178, #3651, #9103, .T. ) ;
#4293 = VECTOR ( 'NONE', #5508, 1000.000000000000000 ) ;
#4294 = AXIS2_PLACEMENT_3D ( 'NONE', #6539, #10974, #9170 ) ;
#4295 = ADVANCED_FACE ( 'NONE', ( #9677 ), #1516, .T. ) ;
#4296 = ADVANCED_FACE ( 'NONE', ( #4205 ), #7992, .T. ) ;
#4297 = EDGE_LOOP ( 'NONE', ( #2162, #8220, #2706, #4987 ) ) ;
#4298 = LINE ( 'NONE', #658, #1668 ) ;
#4299 = EDGE_LOOP ( 'NONE', ( #8804, #11767, #7695, #10620 ) ) ;
#4300 = EDGE_CURVE ( 'NONE', #10062, #5753, #11482, .T. ) ;
#4301 = EDGE_CURVE ( 'NONE', #10204, #11842, #793, .T. ) ;
#4302 = ORIENTED_EDGE ( 'NONE', *, *, #11329, .T. ) ;
#4303 = LINE ( 'NONE', #9659, #7398 ) ;
#4304 = AXIS2_PLACEMENT_3D ( 'NONE', #1835, #4629, #9142 ) ;
#4305 = ORIENTED_EDGE ( 'NONE', *, *, #1166, .F. ) ;
#4306 = LINE ( 'NONE', #7975, #5559 ) ;
#4307 = ORIENTED_EDGE ( 'NONE', *, *, #9571, .T. ) ;
#4308 = CIRCLE ( 'NONE', #6035, 3.483215956619923670 ) ;
#4309 = DIRECTION ( 'NONE',  ( 0.000000000000000000, 0.000000000000000000, -1.000000000000000000 ) ) ;
#4310 = PLANE ( 'NONE',  #9322 ) ;
#4311 = CARTESIAN_POINT ( 'NONE',  ( 4.699999999999999289, 7.300000000000002487, -3.300000000000006484 ) ) ;
#4312 = VECTOR ( 'NONE', #6357, 1000.000000000000000 ) ;
#4313 = ORIENTED_EDGE ( 'NONE', *, *, #3719, .T. ) ;
#4314 = AXIS2_PLACEMENT_3D ( 'NONE', #5889, #8703, #501 ) ;
#4315 = VECTOR ( 'NONE', #8242, 1000.000000000000227 ) ;
#4316 = VECTOR ( 'NONE', #8316, 1000.000000000000114 ) ;
#4317 = DIRECTION ( 'NONE',  ( 0.000000000000000000, 1.000000000000000000, -2.861084389389397439E-16 ) ) ;
#4318 = EDGE_LOOP ( 'NONE', ( #7862, #1447, #10861, #4732 ) ) ;
#4319 = STYLED_ITEM ( 'NONE', ( #3163 ), #4949 ) ;
#4320 = CARTESIAN_POINT ( 'NONE',  ( 11.44999999999999574, 0.5000000000000000000, 10.09999999999999787 ) ) ;
#4321 = VERTEX_POINT ( 'NONE', #6189 ) ;
#4322 = LINE ( 'NONE', #8771, #6243 ) ;
#4323 = FACE_OUTER_BOUND ( 'NONE', #6336, .T. ) ;
#4324 = EDGE_LOOP ( 'NONE', ( #2890, #1024, #5993, #1114 ) ) ;
#4325 = VECTOR ( 'NONE', #11198, 1000.000000000000000 ) ;
#4326 = DIRECTION ( 'NONE',  ( 1.000000000000000000, -1.967058844685892396E-32, 8.031127203596331834E-17 ) ) ;
#4327 = PLANE ( 'NONE',  #7657 ) ;
#4328 = DIRECTION ( 'NONE',  ( -1.000000000000000000, 0.000000000000000000, -0.000000000000000000 ) ) ;
#4329 = EDGE_CURVE ( 'NONE', #6322, #2276, #4432, .T. ) ;
#4330 = DIRECTION ( 'NONE',  ( -8.031127203596330602E-17, -5.940809209628540522E-17, 1.000000000000000000 ) ) ;
#4331 = VERTEX_POINT ( 'NONE', #568 ) ;
#4332 = AXIS2_PLACEMENT_3D ( 'NONE', #5972, #9463, #589 ) ;
#4333 = EDGE_LOOP ( 'NONE', ( #2703, #5569, #286, #3486 ) ) ;
#4334 = CIRCLE ( 'NONE', #9522, 0.5000000000000004441 ) ;
#4335 = DIRECTION ( 'NONE',  ( 0.000000000000000000, 0.000000000000000000, -1.000000000000000000 ) ) ;
#4336 = CARTESIAN_POINT ( 'NONE',  ( 8.350000000000003197, 13.50000000000000178, 0.4999999999999982792 ) ) ;
#4337 = EDGE_LOOP ( 'NONE', ( #5621, #10292, #2395, #7099 ) ) ;
#4338 = PLANE ( 'NONE',  #8216 ) ;
#4339 = CARTESIAN_POINT ( 'NONE',  ( -19.54999999999999716, 13.50000000000000178, -0.5000000000000018874 ) ) ;
#4340 = LINE ( 'NONE', #701, #10015 ) ;
#4341 = PLANE ( 'NONE',  #7965 ) ;
#4342 = CARTESIAN_POINT ( 'NONE',  ( 24.15000000000000568, 0.5000000000000000000, -8.600000000000003197 ) ) ;
#4343 = DIRECTION ( 'NONE',  ( 0.000000000000000000, 0.000000000000000000, -1.000000000000000000 ) ) ;
#4344 = AXIS2_PLACEMENT_3D ( 'NONE', #8205, #3873, #11150 ) ;
#4345 = VECTOR ( 'NONE', #1050, 1000.000000000000000 ) ;
#4346 = LINE ( 'NONE', #8245, #8984 ) ;
#4347 = ORIENTED_EDGE ( 'NONE', *, *, #5489, .T. ) ;
#4348 = CARTESIAN_POINT ( 'NONE',  ( 17.05000000000000071, 13.50000000000000178, -0.5000000000000146549 ) ) ;
#4349 = ORIENTED_EDGE ( 'NONE', *, *, #11504, .F. ) ;
#4350 = ADVANCED_FACE ( 'NONE', ( #11539 ), #7875, .F. ) ;
#4351 = CARTESIAN_POINT ( 'NONE',  ( 17.60000000000000142, -4.000000000000000000, 7.199999999999989519 ) ) ;
#4352 = DIRECTION ( 'NONE',  ( 1.000000000000000000, -1.967058844685892396E-32, 8.031127203596331834E-17 ) ) ;
#4353 = CARTESIAN_POINT ( 'NONE',  ( -19.54999999999999716, 12.50000000000000000, 3.500000000000005773 ) ) ;
#4354 = ORIENTED_EDGE ( 'NONE', *, *, #3940, .T. ) ;
#4355 = CARTESIAN_POINT ( 'NONE',  ( 16.44999999999998508, 2.499999999999998668, -7.400000000000005684 ) ) ;
#4356 = ORIENTED_EDGE ( 'NONE', *, *, #5343, .F. ) ;
#4357 = EDGE_LOOP ( 'NONE', ( #9721, #6090 ) ) ;
#4358 = FACE_OUTER_BOUND ( 'NONE', #8166, .T. ) ;
#4359 = ORIENTED_EDGE ( 'NONE', *, *, #6181, .F. ) ;
#4360 = PLANE ( 'NONE',  #778 ) ;
#4361 = ORIENTED_EDGE ( 'NONE', *, *, #4971, .T. ) ;
#4362 = EDGE_CURVE ( 'NONE', #3043, #11176, #741, .T. ) ;
#4363 = DIRECTION ( 'NONE',  ( 0.000000000000000000, -1.000000000000000000, 0.000000000000000000 ) ) ;
#4364 = LINE ( 'NONE', #7071, #6610 ) ;
#4365 = DIRECTION ( 'NONE',  ( 0.000000000000000000, -6.579587588715665943E-16, -1.000000000000000000 ) ) ;
#4366 = DIRECTION ( 'NONE',  ( 0.000000000000000000, 0.000000000000000000, -1.000000000000000000 ) ) ;
#4367 = EDGE_CURVE ( 'NONE', #2133, #3586, #7927, .T. ) ;
#4368 = VERTEX_POINT ( 'NONE', #3374 ) ;
#4369 = EDGE_CURVE ( 'NONE', #1557, #5196, #2473, .T. ) ;
#4370 = DIRECTION ( 'NONE',  ( 0.000000000000000000, 2.449293598294701484E-16, 1.000000000000000000 ) ) ;
#4371 = ORIENTED_EDGE ( 'NONE', *, *, #996, .F. ) ;
#4372 = LINE ( 'NONE', #8334, #9796 ) ;
#4373 = VERTEX_POINT ( 'NONE', #5223 ) ;
#4374 = DIRECTION ( 'NONE',  ( -0.000000000000000000, -1.172110456741085828E-16, -1.000000000000000000 ) ) ;
#4375 = PLANE ( 'NONE',  #5940 ) ;
#4376 = ORIENTED_EDGE ( 'NONE', *, *, #6896, .T. ) ;
#4377 = EDGE_CURVE ( 'NONE', #8915, #2978, #8046, .T. ) ;
#4378 = ADVANCED_FACE ( 'NONE', ( #1030 ), #6311, .F. ) ;
#4379 = CARTESIAN_POINT ( 'NONE',  ( -4.699999999999995737, -3.450504516109081710, 5.599999999999996980 ) ) ;
#4380 = PLANE ( 'NONE',  #8611 ) ;
#4381 = CARTESIAN_POINT ( 'NONE',  ( -26.64999999999999858, 3.499999999999998668, -7.400000000000013678 ) ) ;
#4382 = VECTOR ( 'NONE', #7833, 1000.000000000000000 ) ;
#4383 = DIRECTION ( 'NONE',  ( -0.000000000000000000, 0.000000000000000000, -1.000000000000000000 ) ) ;
#4384 = VECTOR ( 'NONE', #2906, 1000.000000000000000 ) ;
#4385 = ORIENTED_EDGE ( 'NONE', *, *, #7158, .F. ) ;
#4386 = ORIENTED_EDGE ( 'NONE', *, *, #6361, .T. ) ;
#4387 = AXIS2_PLACEMENT_3D ( 'NONE', #5106, #4201, #5897 ) ;
#4388 = PLANE ( 'NONE',  #3616 ) ;
#4389 = EDGE_CURVE ( 'NONE', #3417, #10725, #1811, .T. ) ;
#4390 = LINE ( 'NONE', #9983, #241 ) ;
#4391 = VERTEX_POINT ( 'NONE', #8221 ) ;
#4392 = DIRECTION ( 'NONE',  ( 0.000000000000000000, 0.000000000000000000, 1.000000000000000000 ) ) ;
#4393 = VECTOR ( 'NONE', #5269, 1000.000000000000000 ) ;
#4394 = DIRECTION ( 'NONE',  ( 1.000000000000000000, -0.000000000000000000, 8.031127203596330602E-17 ) ) ;
#4395 = CARTESIAN_POINT ( 'NONE',  ( -19.54999999999999716, 13.38062289430519414, 2.796102558134459404 ) ) ;
#4396 = LINE ( 'NONE', #8966, #11396 ) ;
#4397 = LINE ( 'NONE', #7167, #8557 ) ;
#4398 = LINE ( 'NONE', #6989, #11748 ) ;
#4399 = CIRCLE ( 'NONE', #2683, 3.000000000000000000 ) ;
#4400 = DIRECTION ( 'NONE',  ( 0.000000000000000000, 0.000000000000000000, 1.000000000000000000 ) ) ;
#4401 = ORIENTED_EDGE ( 'NONE', *, *, #7341, .F. ) ;
#4402 = CARTESIAN_POINT ( 'NONE',  ( -13.95000000000000462, 8.099999999999996092, 10.09999999999999787 ) ) ;
#4403 = VERTEX_POINT ( 'NONE', #3706 ) ;
#4404 = PRODUCT ( '0389690004', '0389690004', '', ( #3799 ) ) ;
#4405 = EDGE_CURVE ( 'NONE', #11489, #11050, #5457, .T. ) ;
#4406 = CARTESIAN_POINT ( 'NONE',  ( -6.850000000000002309, 13.50000000000000178, 2.385853457097441233 ) ) ;
#4407 = FACE_OUTER_BOUND ( 'NONE', #6404, .T. ) ;
#4408 = CARTESIAN_POINT ( 'NONE',  ( 6.314393452555578613E-15, 19.60000000000000142, 9.099999999999996092 ) ) ;
#4409 = ORIENTED_EDGE ( 'NONE', *, *, #4441, .F. ) ;
#4410 = VECTOR ( 'NONE', #7157, 1000.000000000000000 ) ;
#4411 = EDGE_CURVE ( 'NONE', #2157, #10321, #9694, .T. ) ;
#4412 = CARTESIAN_POINT ( 'NONE',  ( -8.349999999999999645, 12.45031130731456059, -0.5000000000000059952 ) ) ;
#4413 = EDGE_LOOP ( 'NONE', ( #5920, #6103, #5352, #11105 ) ) ;
#4414 = VERTEX_POINT ( 'NONE', #2760 ) ;
#4415 = FACE_OUTER_BOUND ( 'NONE', #2756, .T. ) ;
#4416 = ORIENTED_EDGE ( 'NONE', *, *, #2989, .T. ) ;
#4417 = DIRECTION ( 'NONE',  ( -1.000000000000000000, 0.000000000000000000, 2.040851148208008984E-16 ) ) ;
#4418 = DIRECTION ( 'NONE',  ( 1.000000000000000000, 0.000000000000000000, -1.257045997084642611E-16 ) ) ;
#4419 = ORIENTED_EDGE ( 'NONE', *, *, #6882, .T. ) ;
#4420 = CARTESIAN_POINT ( 'NONE',  ( 8.850000000000003197, 2.500000000000000000, 5.599999999999994316 ) ) ;
#4421 = FACE_OUTER_BOUND ( 'NONE', #8760, .T. ) ;
#4422 = DIRECTION ( 'NONE',  ( 0.000000000000000000, 0.000000000000000000, 1.000000000000000000 ) ) ;
#4423 = VECTOR ( 'NONE', #8461, 1000.000000000000000 ) ;
#4424 =( NAMED_UNIT ( * ) SI_UNIT ( $, .STERADIAN. ) SOLID_ANGLE_UNIT ( ) );
#4425 = ADVANCED_FACE ( 'NONE', ( #848 ), #7210, .F. ) ;
#4426 = VECTOR ( 'NONE', #10942, 1000.000000000000114 ) ;
#4427 = EDGE_LOOP ( 'NONE', ( #945, #2741, #1632, #5125 ) ) ;
#4428 = DIRECTION ( 'NONE',  ( 0.000000000000000000, 0.000000000000000000, -1.000000000000000000 ) ) ;
#4429 = ORIENTED_EDGE ( 'NONE', *, *, #2198, .T. ) ;
#4430 = CARTESIAN_POINT ( 'NONE',  ( -8.849999999999999645, 7.600000000000004974, -5.400000000000003908 ) ) ;
#4431 = ORIENTED_EDGE ( 'NONE', *, *, #2662, .T. ) ;
#4432 = LINE ( 'NONE', #9851, #1071 ) ;
#4433 = LINE ( 'NONE', #8104, #9956 ) ;
#4434 = ORIENTED_EDGE ( 'NONE', *, *, #3916, .T. ) ;
#4435 = DIRECTION ( 'NONE',  ( -0.000000000000000000, -2.449293598294701484E-16, 1.000000000000000000 ) ) ;
#4436 = CYLINDRICAL_SURFACE ( 'NONE', #7841, 3.500000000000000444 ) ;
#4437 = LINE ( 'NONE', #7931, #505 ) ;
#4438 = EDGE_CURVE ( 'NONE', #2009, #8610, #1097, .T. ) ;
#4439 = DIRECTION ( 'NONE',  ( -8.031127203596330602E-17, 0.000000000000000000, 1.000000000000000000 ) ) ;
#4440 = EDGE_LOOP ( 'NONE', ( #8077, #1209, #9576, #172, #9439, #3907, #7011, #7532 ) ) ;
#4441 = EDGE_CURVE ( 'NONE', #4993, #1308, #3652, .T. ) ;
#4442 = VERTEX_POINT ( 'NONE', #9125 ) ;
#4444 = CARTESIAN_POINT ( 'NONE',  ( -8.849999999999996092, 9.400000000000002132, 5.499999999999997335 ) ) ;
#4443 = VECTOR ( 'NONE', #6373, 1000.000000000000000 ) ;
#4445 = DIRECTION ( 'NONE',  ( 0.000000000000000000, -1.000000000000000000, 0.000000000000000000 ) ) ;
#4446 = VERTEX_POINT ( 'NONE', #7442 ) ;
#4447 = DIRECTION ( 'NONE',  ( 1.000000000000000000, 0.000000000000000000, -1.020425574104004246E-16 ) ) ;
#4448 = EDGE_CURVE ( 'NONE', #8892, #11063, #10211, .T. ) ;
#4449 = EDGE_CURVE ( 'NONE', #2397, #3320, #6548, .T. ) ;
#4450 = DIRECTION ( 'NONE',  ( -0.8191520442889935749, 0.5735764363510434949, -2.860054076310225049E-15 ) ) ;
#4451 = LINE ( 'NONE', #2551, #5071 ) ;
#4452 = LINE ( 'NONE', #11850, #4672 ) ;
#4453 = PLANE ( 'NONE',  #6043 ) ;
#4454 = VECTOR ( 'NONE', #11502, 1000.000000000000114 ) ;
#4455 = ADVANCED_FACE ( 'NONE', ( #968 ), #2827, .F. ) ;
#4456 = CARTESIAN_POINT ( 'NONE',  ( -47.67189334955344293, 0.5000000000000000000, 10.10000000000000320 ) ) ;
#4457 = ORIENTED_EDGE ( 'NONE', *, *, #6369, .T. ) ;
#4458 = AXIS2_PLACEMENT_3D ( 'NONE', #1124, #8667, #9453 ) ;
#4459 = CARTESIAN_POINT ( 'NONE',  ( -8.000000000000000000, 7.400000000000004796, -5.400000000000003908 ) ) ;
#4460 = VERTEX_POINT ( 'NONE', #4542 ) ;
#4461 = CARTESIAN_POINT ( 'NONE',  ( 26.65000000000000568, 3.499999999999998668, 5.600000000000007638 ) ) ;
#4462 = ORIENTED_EDGE ( 'NONE', *, *, #5260, .T. ) ;
#4463 = CARTESIAN_POINT ( 'NONE',  ( 4.699999999999999289, -3.450504516109082598, -7.400000000000004796 ) ) ;
#4464 = CARTESIAN_POINT ( 'NONE',  ( -8.000000000000000000, 7.500000000000004441, -5.500000000000000000 ) ) ;
#4465 = EDGE_CURVE ( 'NONE', #2519, #5516, #5642, .T. ) ;
#4466 = FACE_OUTER_BOUND ( 'NONE', #2230, .T. ) ;
#4467 = ORIENTED_EDGE ( 'NONE', *, *, #9832, .T. ) ;
#4468 = CARTESIAN_POINT ( 'NONE',  ( 21.55000000000000071, 7.300000000000003375, -3.000000000000010658 ) ) ;
#4469 = ORIENTED_EDGE ( 'NONE', *, *, #8916, .F. ) ;
#4470 = ORIENTED_EDGE ( 'NONE', *, *, #3142, .F. ) ;
#4471 = DIRECTION ( 'NONE',  ( 0.000000000000000000, -1.000000000000000000, -0.000000000000000000 ) ) ;
#4472 = ORIENTED_EDGE ( 'NONE', *, *, #3855, .T. ) ;
#4473 = LINE ( 'NONE', #2518, #9582 ) ;
#4474 = DIRECTION ( 'NONE',  ( 0.000000000000000000, 1.000000000000000000, 0.000000000000000000 ) ) ;
#4475 = ORIENTED_EDGE ( 'NONE', *, *, #3276, .T. ) ;
#4476 = LINE ( 'NONE', #4420, #4871 ) ;
#4477 = CARTESIAN_POINT ( 'NONE',  ( 21.55000000000000071, 9.400000000000003908, -5.500000000000007105 ) ) ;
#4478 = DIRECTION ( 'NONE',  ( 6.938893903907237252E-16, 0.000000000000000000, 1.000000000000000000 ) ) ;
#4479 = VECTOR ( 'NONE', #4650, 1000.000000000000000 ) ;
#4480 = VECTOR ( 'NONE', #10921, 1000.000000000000000 ) ;
#4481 = EDGE_LOOP ( 'NONE', ( #1711, #4487, #11011, #1413, #4270 ) ) ;
#4482 = DIRECTION ( 'NONE',  ( -0.000000000000000000, -1.000000000000000000, -0.000000000000000000 ) ) ;
#4483 = VECTOR ( 'NONE', #9510, 1000.000000000000000 ) ;
#4484 = ORIENTED_EDGE ( 'NONE', *, *, #3841, .T. ) ;
#4485 = VECTOR ( 'NONE', #11392, 1000.000000000000000 ) ;
#4486 = CARTESIAN_POINT ( 'NONE',  ( 19.05000000000000071, 12.50000000000000000, 3.483215956619915676 ) ) ;
#4487 = ORIENTED_EDGE ( 'NONE', *, *, #8188, .T. ) ;
#4488 = DIRECTION ( 'NONE',  ( 1.000000000000000000, 0.000000000000000000, 3.491481338843133355E-15 ) ) ;
#4489 = CARTESIAN_POINT ( 'NONE',  ( -6.850000000000001421, 13.13009837299679816, -3.138264838880534757 ) ) ;
#4490 = VERTEX_POINT ( 'NONE', #6485 ) ;
#4491 = DIRECTION ( 'NONE',  ( -0.000000000000000000, -1.000000000000000000, -0.000000000000000000 ) ) ;
#4492 = DIRECTION ( 'NONE',  ( 1.000000000000000000, -0.000000000000000000, 8.031127203596330602E-17 ) ) ;
#4493 = FACE_OUTER_BOUND ( 'NONE', #8579, .T. ) ;
#4494 = VECTOR ( 'NONE', #6002, 1000.000000000000000 ) ;
#4495 = FACE_OUTER_BOUND ( 'NONE', #10274, .T. ) ;
#4496 = VECTOR ( 'NONE', #9236, 1000.000000000000000 ) ;
#4497 = ORIENTED_EDGE ( 'NONE', *, *, #5868, .T. ) ;
#4498 = AXIS2_PLACEMENT_3D ( 'NONE', #11652, #6080, #6257 ) ;
#4499 = VERTEX_POINT ( 'NONE', #7324 ) ;
#4500 = CARTESIAN_POINT ( 'NONE',  ( 24.15000000000001279, 0.5000000000000000000, 10.09999999999999076 ) ) ;
#4501 = VECTOR ( 'NONE', #11531, 1000.000000000000000 ) ;
#4502 = FACE_OUTER_BOUND ( 'NONE', #9273, .T. ) ;
#4503 = EDGE_LOOP ( 'NONE', ( #11223, #4204, #6982, #10755 ) ) ;
#4504 = DIRECTION ( 'NONE',  ( 0.000000000000000000, -1.000000000000000000, 0.000000000000000000 ) ) ;
#4505 = AXIS2_PLACEMENT_3D ( 'NONE', #10644, #4208, #3205 ) ;
#4506 = CARTESIAN_POINT ( 'NONE',  ( 18.55000000000000071, 13.50000000000000178, 1.999999999999992228 ) ) ;
#4507 = DIRECTION ( 'NONE',  ( 1.000000000000000000, 0.000000000000000000, -1.020425574104004246E-16 ) ) ;
#4508 = EDGE_CURVE ( 'NONE', #2123, #9402, #8103, .T. ) ;
#4509 = ADVANCED_FACE ( 'NONE', ( #3536 ), #9179, .F. ) ;
#4510 = FACE_BOUND ( 'NONE', #8038, .T. ) ;
#4511 = VECTOR ( 'NONE', #4057, 1000.000000000000114 ) ;
#4512 = CARTESIAN_POINT ( 'NONE',  ( 18.55000000000000071, 12.50000000000000000, -2.000000000000007994 ) ) ;
#4513 = ORIENTED_EDGE ( 'NONE', *, *, #1115, .T. ) ;
#4514 = EDGE_CURVE ( 'NONE', #8892, #11267, #5395, .T. ) ;
#4515 = EDGE_CURVE ( 'NONE', #10808, #7818, #82, .T. ) ;
#4516 = CARTESIAN_POINT ( 'NONE',  ( -14.79999999999999716, 10.90000000000000036, 4.750000000000000000 ) ) ;
#4517 = ORIENTED_EDGE ( 'NONE', *, *, #9974, .F. ) ;
#4518 = AXIS2_PLACEMENT_3D ( 'NONE', #7907, #6109, #11749 ) ;
#4519 = VERTEX_POINT ( 'NONE', #10929 ) ;
#4520 = EDGE_CURVE ( 'NONE', #1416, #9242, #2707, .T. ) ;
#4521 = CARTESIAN_POINT ( 'NONE',  ( 19.05000000000000071, -3.358379542590069988, -3.500000000000008438 ) ) ;
#4522 = PLANE ( 'NONE',  #11249 ) ;
#4523 = FACE_OUTER_BOUND ( 'NONE', #3083, .T. ) ;
#4524 = ORIENTED_EDGE ( 'NONE', *, *, #10835, .F. ) ;
#4525 = CARTESIAN_POINT ( 'NONE',  ( -11.45000000000000107, 9.399999999999998579, 7.399999999999996803 ) ) ;
#4526 = ORIENTED_EDGE ( 'NONE', *, *, #8713, .F. ) ;
#4527 = ADVANCED_FACE ( 'NONE', ( #3067 ), #7740, .F. ) ;
#4528 = ORIENTED_EDGE ( 'NONE', *, *, #9067, .F. ) ;
#4529 = EDGE_LOOP ( 'NONE', ( #481, #11090, #3092, #2472, #6560, #5582, #8821, #4023 ) ) ;
#4530 = DIRECTION ( 'NONE',  ( 0.000000000000000000, 0.000000000000000000, 1.000000000000000000 ) ) ;
#4531 = CARTESIAN_POINT ( 'NONE',  ( -16.54999999999999361, 7.400000000000004796, 5.400000000000004796 ) ) ;
#4532 = ORIENTED_EDGE ( 'NONE', *, *, #5857, .F. ) ;
#4533 = FACE_OUTER_BOUND ( 'NONE', #6929, .T. ) ;
#4534 = DIRECTION ( 'NONE',  ( 0.000000000000000000, 0.000000000000000000, -1.000000000000000000 ) ) ;
#4535 = CARTESIAN_POINT ( 'NONE',  ( 20.70000000000000284, 7.500000000000002665, 5.499999999999988454 ) ) ;
#4536 = DIRECTION ( 'NONE',  ( 1.000000000000000000, -0.000000000000000000, 8.031127203596331834E-17 ) ) ;
#4537 = ORIENTED_EDGE ( 'NONE', *, *, #5188, .T. ) ;
#4538 = CARTESIAN_POINT ( 'NONE',  ( 16.55000000000000071, 7.300000000000002487, 2.999999999999990674 ) ) ;
#4539 = ORIENTED_EDGE ( 'NONE', *, *, #8932, .F. ) ;
#4540 = LINE ( 'NONE', #8273, #6739 ) ;
#4541 = ORIENTED_EDGE ( 'NONE', *, *, #11173, .T. ) ;
#4542 = CARTESIAN_POINT ( 'NONE',  ( -14.29999999999999716, 9.400000000000002132, -4.249999999999998224 ) ) ;
#4543 = DIRECTION ( 'NONE',  ( 1.000000000000000000, -1.967058844685892396E-32, 8.031127203596331834E-17 ) ) ;
#4544 = ORIENTED_EDGE ( 'NONE', *, *, #6872, .T. ) ;
#4545 = CARTESIAN_POINT ( 'NONE',  ( -17.39999999999999503, 9.400000000000003908, 5.500000000000000000 ) ) ;
#4546 = CARTESIAN_POINT ( 'NONE',  ( 6.850000000000005862, 12.77383717497638393, -3.374835443307705241 ) ) ;
#4547 = LINE ( 'NONE', #11170, #6435 ) ;
#4548 = LINE ( 'NONE', #9751, #4260 ) ;
#4549 = EDGE_CURVE ( 'NONE', #8202, #7317, #2948, .T. ) ;
#4550 = CARTESIAN_POINT ( 'NONE',  ( -47.67189334955344293, 0.5000000000000000000, 10.10000000000000320 ) ) ;
#4551 = ORIENTED_EDGE ( 'NONE', *, *, #1759, .F. ) ;
#4552 = EDGE_LOOP ( 'NONE', ( #8363, #8436, #4475, #9835 ) ) ;
#4553 = DIRECTION ( 'NONE',  ( 1.000000000000000000, 0.000000000000000000, -2.040851148208008491E-16 ) ) ;
#4554 = EDGE_LOOP ( 'NONE', ( #11493, #7515, #10328, #11179 ) ) ;
#4555 = DIRECTION ( 'NONE',  ( 1.000000000000000000, -0.000000000000000000, 0.000000000000000000 ) ) ;
#4556 = ADVANCED_FACE ( 'NONE', ( #11232 ), #9368, .F. ) ;
#4557 = VERTEX_POINT ( 'NONE', #9606 ) ;
#4558 = DIRECTION ( 'NONE',  ( -0.000000000000000000, -1.000000000000000000, -0.000000000000000000 ) ) ;
#4559 = DIRECTION ( 'NONE',  ( -1.000000000000000000, 0.000000000000000000, -3.491481338843133355E-15 ) ) ;
#4560 = CARTESIAN_POINT ( 'NONE',  ( 19.55000000000000071, 12.45031130731456059, -2.000000000000007994 ) ) ;
#4561 = VECTOR ( 'NONE', #8063, 1000.000000000000000 ) ;
#4562 = AXIS2_PLACEMENT_3D ( 'NONE', #5842, #4932, #3144 ) ;
#4563 = CARTESIAN_POINT ( 'NONE',  ( 17.76756326680565934, -4.460376291878594301, 7.032436733194330714 ) ) ;
#4564 = PRESENTATION_STYLE_ASSIGNMENT (( #11008 ) ) ;
#4565 = DIRECTION ( 'NONE',  ( 0.000000000000000000, 1.000000000000000000, 2.861084389389397439E-16 ) ) ;
#4566 = VECTOR ( 'NONE', #6623, 1000.000000000000000 ) ;
#4567 = ORIENTED_EDGE ( 'NONE', *, *, #4624, .T. ) ;
#4568 = ADVANCED_FACE ( 'NONE', ( #3890 ), #437, .F. ) ;
#4569 = VECTOR ( 'NONE', #6744, 1000.000000000000000 ) ;
#4570 = EDGE_CURVE ( 'NONE', #11829, #5210, #10839, .T. ) ;
#4571 = AXIS2_PLACEMENT_3D ( 'NONE', #1756, #5224, #11769 ) ;
#4572 = VECTOR ( 'NONE', #11352, 1000.000000000000000 ) ;
#4573 = PLANE ( 'NONE',  #3087 ) ;
#4574 = ORIENTED_EDGE ( 'NONE', *, *, #11554, .F. ) ;
#4575 = ORIENTED_EDGE ( 'NONE', *, *, #7474, .T. ) ;
#4576 = ADVANCED_FACE ( 'NONE', ( #11287 ), #7683, .F. ) ;
#4577 = DIRECTION ( 'NONE',  ( -0.000000000000000000, 1.000000000000000000, -0.000000000000000000 ) ) ;
#4578 = CARTESIAN_POINT ( 'NONE',  ( -8.000000000000000000, 7.300000000000003375, -3.300000000000001155 ) ) ;
#4579 = DIRECTION ( 'NONE',  ( -1.000000000000000000, -0.000000000000000000, -8.031127203596331834E-17 ) ) ;
#4580 = AXIS2_PLACEMENT_3D ( 'NONE', #5567, #244, #10069 ) ;
#4581 = EDGE_CURVE ( 'NONE', #11300, #476, #378, .T. ) ;
#4582 = ORIENTED_EDGE ( 'NONE', *, *, #7319, .T. ) ;
#4583 = EDGE_CURVE ( 'NONE', #5774, #2444, #6721, .T. ) ;
#4584 = EDGE_CURVE ( 'NONE', #7596, #2503, #5709, .T. ) ;
#4585 = EDGE_CURVE ( 'NONE', #7699, #11549, #10391, .T. ) ;
#4586 = CARTESIAN_POINT ( 'NONE',  ( -19.04999999999999716, 9.400000000000002132, 0.000000000000000000 ) ) ;
#4587 = EDGE_LOOP ( 'NONE', ( #5202, #10438, #1766, #10240, #10570, #6332, #6448, #6733, #5425, #10400, #5518 ) ) ;
#4588 = VECTOR ( 'NONE', #9749, 1000.000000000000227 ) ;
#4589 = ORIENTED_EDGE ( 'NONE', *, *, #6860, .T. ) ;
#4590 = CARTESIAN_POINT ( 'NONE',  ( -3.849999999999999201, 5.900000000000003020, -2.000000000000001776 ) ) ;
#4591 = VERTEX_POINT ( 'NONE', #9484 ) ;
#4592 = DIRECTION ( 'NONE',  ( 0.000000000000000000, -1.000000000000000000, 0.000000000000000000 ) ) ;
#4593 = CARTESIAN_POINT ( 'NONE',  ( 6.350000000000001421, 10.90000000000000213, 1.999999999999991340 ) ) ;
#4594 = ORIENTED_EDGE ( 'NONE', *, *, #2198, .F. ) ;
#4595 = ADVANCED_FACE ( 'NONE', ( #5942 ), #1277, .F. ) ;
#4596 = EDGE_CURVE ( 'NONE', #7303, #10267, #7501, .T. ) ;
#4597 = DIRECTION ( 'NONE',  ( 0.000000000000000000, 1.000000000000000000, 0.000000000000000000 ) ) ;
#4598 = DIRECTION ( 'NONE',  ( 0.000000000000000000, -1.283079494065685941E-16, -1.000000000000000000 ) ) ;
#4599 = CARTESIAN_POINT ( 'NONE',  ( 6.350000000000001421, 12.30000000000000249, -8.639603194080566470E-15 ) ) ;
#4600 = EDGE_CURVE ( 'NONE', #3826, #1110, #4851, .T. ) ;
#4601 = AXIS2_PLACEMENT_3D ( 'NONE', #3887, #2824, #3010 ) ;
#4602 = VERTEX_POINT ( 'NONE', #8583 ) ;
#4603 = CARTESIAN_POINT ( 'NONE',  ( -21.65000000000000924, 9.400000000000002132, -7.400000000000000355 ) ) ;
#4604 = VERTEX_POINT ( 'NONE', #9428 ) ;
#4605 = VECTOR ( 'NONE', #3136, 1000.000000000000000 ) ;
#4606 = DIRECTION ( 'NONE',  ( 0.000000000000000000, 0.000000000000000000, -1.000000000000000000 ) ) ;
#4607 = ORIENTED_EDGE ( 'NONE', *, *, #8563, .T. ) ;
#4608 = CARTESIAN_POINT ( 'NONE',  ( 3.849999999999999201, 7.500000000000002665, -7.400000000000004796 ) ) ;
#4609 = ORIENTED_EDGE ( 'NONE', *, *, #9144, .T. ) ;
#4610 = CARTESIAN_POINT ( 'NONE',  ( 6.350000000000001421, 12.30000000000000071, -8.639603194080566470E-15 ) ) ;
#4611 = ORIENTED_EDGE ( 'NONE', *, *, #8989, .T. ) ;
#4612 = VECTOR ( 'NONE', #1994, 1000.000000000000000 ) ;
#4613 = PLANE ( 'NONE',  #6639 ) ;
#4614 = CARTESIAN_POINT ( 'NONE',  ( 19.05000000000000071, -3.358379542590069988, -7.619650039223833312E-15 ) ) ;
#4615 = CARTESIAN_POINT ( 'NONE',  ( 21.55000000000000426, 7.500000000000002665, 7.399999999999987921 ) ) ;
#4616 = LINE ( 'NONE', #585, #8863 ) ;
#4617 = AXIS2_PLACEMENT_3D ( 'NONE', #813, #6272, #4559 ) ;
#4618 = AXIS2_PLACEMENT_3D ( 'NONE', #10825, #5300, #9137 ) ;
#4619 = DIRECTION ( 'NONE',  ( 0.000000000000000000, 0.000000000000000000, 1.000000000000000000 ) ) ;
#4620 = VERTEX_POINT ( 'NONE', #4009 ) ;
#4621 = ORIENTED_EDGE ( 'NONE', *, *, #2512, .F. ) ;
#4622 = CARTESIAN_POINT ( 'NONE',  ( -21.04999999999999716, 13.50000000000000178, 0.4999999999999930611 ) ) ;
#4623 = ORIENTED_EDGE ( 'NONE', *, *, #1165, .F. ) ;
#4624 = EDGE_CURVE ( 'NONE', #2076, #7399, #11348, .T. ) ;
#4625 = CARTESIAN_POINT ( 'NONE',  ( 21.65000000000000213, 9.399999999999987921, -7.400000000000012790 ) ) ;
#4626 = ORIENTED_EDGE ( 'NONE', *, *, #2221, .T. ) ;
#4627 = CARTESIAN_POINT ( 'NONE',  ( -26.65000000000000213, 0.000000000000000000, 12.09999999999999964 ) ) ;
#4628 = LINE ( 'NONE', #9987, #48 ) ;
#4629 = DIRECTION ( 'NONE',  ( 4.066575051493318340E-32, 1.000000000000000000, -1.172110456741085828E-16 ) ) ;
#4630 = CARTESIAN_POINT ( 'NONE',  ( -47.67189334955345004, 8.099999999999999645, 7.400000000000004796 ) ) ;
#4631 = VERTEX_POINT ( 'NONE', #10443 ) ;
#4632 = AXIS2_PLACEMENT_3D ( 'NONE', #8279, #9316, #86 ) ;
#4633 = LINE ( 'NONE', #5737, #7655 ) ;
#4634 = ORIENTED_EDGE ( 'NONE', *, *, #10474, .F. ) ;
#4635 = AXIS2_PLACEMENT_3D ( 'NONE', #640, #10093, #9131 ) ;
#4636 = ADVANCED_FACE ( 'NONE', ( #2238 ), #5883, .F. ) ;
#4637 = VERTEX_POINT ( 'NONE', #5094 ) ;
#4638 = LINE ( 'NONE', #8135, #8534 ) ;
#4639 = DIRECTION ( 'NONE',  ( -1.000000000000000000, -2.282859610154040965E-32, 0.000000000000000000 ) ) ;
#4640 = CARTESIAN_POINT ( 'NONE',  ( 13.94999999999999041, 9.399999999999987921, -7.400000000000011902 ) ) ;
#4641 = ORIENTED_EDGE ( 'NONE', *, *, #4465, .F. ) ;
#4642 = AXIS2_PLACEMENT_3D ( 'NONE', #1248, #8615, #8498 ) ;
#4643 = CARTESIAN_POINT ( 'NONE',  ( 21.55000000000000426, 9.400000000000002132, 5.499999999999988454 ) ) ;
#4644 = ORIENTED_EDGE ( 'NONE', *, *, #224, .T. ) ;
#4645 = ORIENTED_EDGE ( 'NONE', *, *, #705, .F. ) ;
#4646 = ADVANCED_FACE ( 'NONE', ( #11633 ), #1389, .F. ) ;
#4647 = DIRECTION ( 'NONE',  ( -1.000000000000000000, 0.000000000000000000, -8.031127203596331834E-17 ) ) ;
#4648 = PLANE ( 'NONE',  #7999 ) ;
#4649 = DIRECTION ( 'NONE',  ( 8.031127203596330602E-17, 2.449293598294701484E-16, -1.000000000000000000 ) ) ;
#4650 = DIRECTION ( 'NONE',  ( 0.000000000000000000, 1.000000000000000000, 2.861084389389397439E-16 ) ) ;
#4651 = VERTEX_POINT ( 'NONE', #10567 ) ;
#4652 = ADVANCED_FACE ( 'NONE', ( #10681 ), #8026, .T. ) ;
#4653 = DIRECTION ( 'NONE',  ( -0.8191520442889935749, -0.5735764363510434949, 0.000000000000000000 ) ) ;
#4654 = EDGE_CURVE ( 'NONE', #7485, #9148, #10623, .T. ) ;
#4655 = CARTESIAN_POINT ( 'NONE',  ( -6.349999999999997868, 9.400000000000002132, 2.000000000000000000 ) ) ;
#4656 = CIRCLE ( 'NONE', #7542, 3.000000000000000000 ) ;
#4657 = CARTESIAN_POINT ( 'NONE',  ( 17.39999999999999858, 7.600000000000004086, -3.300000000000010036 ) ) ;
#4658 = ADVANCED_FACE ( 'NONE', ( #8757 ), #2575, .F. ) ;
#4659 = CARTESIAN_POINT ( 'NONE',  ( -24.15000000000000568, 8.099999999999999645, 7.399999999999991473 ) ) ;
#4660 = ORIENTED_EDGE ( 'NONE', *, *, #7043, .F. ) ;
#4661 = EDGE_CURVE ( 'NONE', #5146, #2519, #2350, .T. ) ;
#4662 = ADVANCED_FACE ( 'NONE', ( #552 ), #9777, .T. ) ;
#4663 = CARTESIAN_POINT ( 'NONE',  ( 6.350000000000001421, 12.30000000000000249, 2.299999999999991385 ) ) ;
#4664 = ORIENTED_EDGE ( 'NONE', *, *, #9144, .F. ) ;
#4665 = DIRECTION ( 'NONE',  ( -0.000000000000000000, -6.579587588715665943E-16, 1.000000000000000000 ) ) ;
#4666 = ORIENTED_EDGE ( 'NONE', *, *, #1175, .T. ) ;
#4667 = CARTESIAN_POINT ( 'NONE',  ( -21.54999999999999716, 9.400000000000002132, 2.000000000000001776 ) ) ;
#4668 = VECTOR ( 'NONE', #7547, 1000.000000000000000 ) ;
#4669 = ORIENTED_EDGE ( 'NONE', *, *, #5157, .F. ) ;
#4670 = DIRECTION ( 'NONE',  ( -1.000000000000000000, -0.000000000000000000, 1.301856267149573785E-16 ) ) ;
#4671 = ORIENTED_EDGE ( 'NONE', *, *, #3361, .T. ) ;
#4672 = VECTOR ( 'NONE', #9083, 1000.000000000000000 ) ;
#4673 = LINE ( 'NONE', #2952, #3676 ) ;
#4674 = DIRECTION ( 'NONE',  ( 0.000000000000000000, 0.000000000000000000, 1.000000000000000000 ) ) ;
#4675 = LINE ( 'NONE', #2893, #4700 ) ;
#4676 = DIRECTION ( 'NONE',  ( -6.938893903907233308E-16, 0.000000000000000000, -1.000000000000000000 ) ) ;
#4677 = DIRECTION ( 'NONE',  ( 1.000000000000000000, -0.000000000000000000, 8.031127203596331834E-17 ) ) ;
#4678 = ORIENTED_EDGE ( 'NONE', *, *, #5401, .F. ) ;
#4679 = CIRCLE ( 'NONE', #9868, 1.899999999999999689 ) ;
#4680 = COLOUR_RGB ( '',0.7921568627450980005, 0.8196078431372548767, 0.9333333333333333481 ) ;
#4681 = ORIENTED_EDGE ( 'NONE', *, *, #8012, .T. ) ;
#4682 = DIRECTION ( 'NONE',  ( 2.282859610154041239E-32, -1.000000000000000000, 1.283079494065685941E-16 ) ) ;
#4683 = ORIENTED_EDGE ( 'NONE', *, *, #447, .T. ) ;
#4684 = CARTESIAN_POINT ( 'NONE',  ( -26.65000000000000213, 22.60000000000000142, -9.500000000000001776 ) ) ;
#4685 = ORIENTED_EDGE ( 'NONE', *, *, #10121, .F. ) ;
#4686 = PLANE ( 'NONE',  #3060 ) ;
#4687 = SURFACE_STYLE_USAGE ( .BOTH. , #1174 ) ;
#4688 = EDGE_CURVE ( 'NONE', #5710, #7933, #1558, .T. ) ;
#4689 = FACE_OUTER_BOUND ( 'NONE', #11357, .T. ) ;
#4690 = CARTESIAN_POINT ( 'NONE',  ( -17.39999999999999503, 7.500000000000004441, 5.500000000000000888 ) ) ;
#4691 = CARTESIAN_POINT ( 'NONE',  ( 19.05000000000000071, 10.90000000000000036, 2.999999999999992450 ) ) ;
#4692 = VECTOR ( 'NONE', #6505, 1000.000000000000000 ) ;
#4693 = VECTOR ( 'NONE', #1083, 1000.000000000000000 ) ;
#4694 = DIRECTION ( 'NONE',  ( 0.000000000000000000, 1.283079494065685694E-16, 1.000000000000000000 ) ) ;
#4695 = SHAPE_DEFINITION_REPRESENTATION ( #9017, #58 ) ;
#4696 = VECTOR ( 'NONE', #11106, 1000.000000000000000 ) ;
#4697 = DIRECTION ( 'NONE',  ( 0.000000000000000000, -1.000000000000000000, 0.000000000000000000 ) ) ;
#4698 = EDGE_LOOP ( 'NONE', ( #9158, #2119, #9837, #831 ) ) ;
#4699 = AXIS2_PLACEMENT_3D ( 'NONE', #11039, #1987, #4842 ) ;
#4700 = VECTOR ( 'NONE', #4982, 1000.000000000000000 ) ;
#4701 = COLOUR_RGB ( '',0.7921568627450980005, 0.8196078431372548767, 0.9333333333333333481 ) ;
#4702 = CARTESIAN_POINT ( 'NONE',  ( 8.350000000000003197, 13.50000000000000178, 0.4999999999999982792 ) ) ;
#4703 = VECTOR ( 'NONE', #710, 1000.000000000000000 ) ;
#4704 = EDGE_LOOP ( 'NONE', ( #6482, #377, #1733, #9897 ) ) ;
#4705 = ORIENTED_EDGE ( 'NONE', *, *, #3058, .F. ) ;
#4706 = VECTOR ( 'NONE', #288, 1000.000000000000000 ) ;
#4707 = DIRECTION ( 'NONE',  ( 0.000000000000000000, 0.000000000000000000, -1.000000000000000000 ) ) ;
#4708 = DIRECTION ( 'NONE',  ( 0.000000000000000000, 0.000000000000000000, 1.000000000000000000 ) ) ;
#4709 = CARTESIAN_POINT ( 'NONE',  ( 8.000000000000003553, 7.400000000000004796, 5.399999999999995914 ) ) ;
#4710 = ORIENTED_EDGE ( 'NONE', *, *, #8816, .T. ) ;
#4711 = CIRCLE ( 'NONE', #11446, 3.483215956619923670 ) ;
#4712 = VERTEX_POINT ( 'NONE', #5207 ) ;
#4713 = ORIENTED_EDGE ( 'NONE', *, *, #431, .F. ) ;
#4714 = EDGE_CURVE ( 'NONE', #5690, #9182, #4245, .T. ) ;
#4715 = CARTESIAN_POINT ( 'NONE',  ( -10.59999999999999787, 10.90000000000000036, 4.750000000000000000 ) ) ;
#4716 = ORIENTED_EDGE ( 'NONE', *, *, #1964, .F. ) ;
#4717 = LINE ( 'NONE', #8506, #11692 ) ;
#4718 = LINE ( 'NONE', #10499, #1631 ) ;
#4719 = ORIENTED_EDGE ( 'NONE', *, *, #8616, .F. ) ;
#4720 = DIRECTION ( 'NONE',  ( 0.000000000000000000, -1.000000000000000000, 0.000000000000000000 ) ) ;
#4721 = CARTESIAN_POINT ( 'NONE',  ( -19.04999999999999716, 12.50000000000000000, 0.000000000000000000 ) ) ;
#4722 = DIRECTION ( 'NONE',  ( -0.000000000000000000, -1.000000000000000000, -0.000000000000000000 ) ) ;
#4723 = ORIENTED_EDGE ( 'NONE', *, *, #7450, .T. ) ;
#4724 = CARTESIAN_POINT ( 'NONE',  ( 20.70000000000000284, 7.400000000000003020, 5.599999999999993427 ) ) ;
#4725 = ORIENTED_EDGE ( 'NONE', *, *, #3494, .F. ) ;
#4726 = EDGE_CURVE ( 'NONE', #9255, #3176, #10737, .T. ) ;
#4727 = FACE_OUTER_BOUND ( 'NONE', #4427, .T. ) ;
#4728 = DIRECTION ( 'NONE',  ( 2.282859610154041239E-32, -1.000000000000000000, 1.283079494065685941E-16 ) ) ;
#4729 = EDGE_CURVE ( 'NONE', #430, #9973, #661, .T. ) ;
#4730 = ORIENTED_EDGE ( 'NONE', *, *, #8197, .T. ) ;
#4731 = DIRECTION ( 'NONE',  ( -8.031127203596330602E-17, -3.043374519257555536E-16, 1.000000000000000000 ) ) ;
#4732 = ORIENTED_EDGE ( 'NONE', *, *, #6139, .F. ) ;
#4733 = LINE ( 'NONE', #8400, #11313 ) ;
#4734 = ORIENTED_EDGE ( 'NONE', *, *, #9737, .T. ) ;
#4735 = FACE_OUTER_BOUND ( 'NONE', #11662, .T. ) ;
#4736 = DIRECTION ( 'NONE',  ( 4.066575051493318340E-32, -1.000000000000000000, -1.172110456741085828E-16 ) ) ;
#4737 = CARTESIAN_POINT ( 'NONE',  ( -16.54999999999999361, 5.900000000000003020, 2.000000000000003109 ) ) ;
#4738 = DIRECTION ( 'NONE',  ( 0.000000000000000000, 0.000000000000000000, 1.000000000000000000 ) ) ;
#4739 = EDGE_CURVE ( 'NONE', #4273, #10290, #6172, .T. ) ;
#4740 = DIRECTION ( 'NONE',  ( -0.000000000000000000, -1.000000000000000000, -0.000000000000000000 ) ) ;
#4741 = EDGE_CURVE ( 'NONE', #11604, #2798, #609, .T. ) ;
#4742 = EDGE_LOOP ( 'NONE', ( #126, #2330, #2918, #435 ) ) ;
#4743 = ORIENTED_EDGE ( 'NONE', *, *, #3502, .F. ) ;
#4744 = LINE ( 'NONE', #4803, #6694 ) ;
#4745 = VERTEX_POINT ( 'NONE', #723 ) ;
#4746 = EDGE_CURVE ( 'NONE', #108, #8897, #4303, .T. ) ;
#4747 = LINE ( 'NONE', #10226, #1554 ) ;
#4748 = ADVANCED_FACE ( 'NONE', ( #4358 ), #11576, .T. ) ;
#4749 = VERTEX_POINT ( 'NONE', #3459 ) ;
#4750 = LINE ( 'NONE', #10944, #10728 ) ;
#4751 = LINE ( 'NONE', #5840, #512 ) ;
#4752 = DIRECTION ( 'NONE',  ( 0.000000000000000000, 0.5735764363510434949, -0.8191520442889935749 ) ) ;
#4753 = DIRECTION ( 'NONE',  ( 0.000000000000000000, 0.000000000000000000, -1.000000000000000000 ) ) ;
#4754 = CARTESIAN_POINT ( 'NONE',  ( -8.849999999999996092, 7.400000000000003020, 5.600000000000001421 ) ) ;
#4755 = DIRECTION ( 'NONE',  ( 2.282859610154041239E-32, -1.000000000000000000, 1.283079494065685941E-16 ) ) ;
#4756 = ORIENTED_EDGE ( 'NONE', *, *, #8061, .F. ) ;
#4757 = EDGE_CURVE ( 'NONE', #5520, #6527, #11467, .T. ) ;
#4758 = CARTESIAN_POINT ( 'NONE',  ( 8.849999999999999645, 9.400000000000002132, -5.500000000000005329 ) ) ;
#4759 = ORIENTED_EDGE ( 'NONE', *, *, #10854, .F. ) ;
#4760 = CIRCLE ( 'NONE', #3998, 0.2999999999999999334 ) ;
#4761 = ORIENTED_EDGE ( 'NONE', *, *, #4448, .F. ) ;
#4762 = CIRCLE ( 'NONE', #6314, 1.199999999999999956 ) ;
#4763 = LINE ( 'NONE', #3866, #11613 ) ;
#4764 = DIRECTION ( 'NONE',  ( -0.3236155771181862817, 0.8891264907159871500, 0.3236155771181863372 ) ) ;
#4765 = FACE_OUTER_BOUND ( 'NONE', #3237, .T. ) ;
#4766 = AXIS2_PLACEMENT_3D ( 'NONE', #7340, #4504, #10105 ) ;
#4767 = CIRCLE ( 'NONE', #4571, 1.750000000000000444 ) ;
#4768 = VERTEX_POINT ( 'NONE', #4132 ) ;
#4769 = VECTOR ( 'NONE', #650, 1000.000000000000000 ) ;
#4770 = EDGE_CURVE ( 'NONE', #3167, #6841, #3349, .T. ) ;
#4771 = EDGE_LOOP ( 'NONE', ( #5626, #9970, #2925, #7326 ) ) ;
#4772 = VERTEX_POINT ( 'NONE', #892 ) ;
#4773 = CYLINDRICAL_SURFACE ( 'NONE', #4580, 0.1999999999999996503 ) ;
#4774 = CARTESIAN_POINT ( 'NONE',  ( -1.249999999999996003, 8.099999999999999645, 7.399999999999995914 ) ) ;
#4775 = VERTEX_POINT ( 'NONE', #2637 ) ;
#4776 = AXIS2_PLACEMENT_3D ( 'NONE', #5135, #5923, #7668 ) ;
#4777 = LINE ( 'NONE', #69, #3615 ) ;
#4778 = DIRECTION ( 'NONE',  ( 3.571792610879097845E-15, -0.000000000000000000, -1.000000000000000000 ) ) ;
#4779 = LINE ( 'NONE', #1141, #2607 ) ;
#4780 = DIRECTION ( 'NONE',  ( -0.000000000000000000, -1.000000000000000000, -0.000000000000000000 ) ) ;
#4781 = EDGE_CURVE ( 'NONE', #7734, #9892, #9899, .T. ) ;
#4782 = ORIENTED_EDGE ( 'NONE', *, *, #10592, .T. ) ;
#4783 = EDGE_CURVE ( 'NONE', #7247, #2076, #5866, .T. ) ;
#4784 = VECTOR ( 'NONE', #8424, 1000.000000000000000 ) ;
#4785 = FACE_OUTER_BOUND ( 'NONE', #5455, .T. ) ;
#4786 = ORIENTED_EDGE ( 'NONE', *, *, #5486, .F. ) ;
#4787 = CARTESIAN_POINT ( 'NONE',  ( -8.000000000000000000, 7.600000000000004974, -5.400000000000003908 ) ) ;
#4788 = CARTESIAN_POINT ( 'NONE',  ( 6.850000000000002309, 12.45031130731456059, -2.000000000000008882 ) ) ;
#4789 = ORIENTED_EDGE ( 'NONE', *, *, #6192, .T. ) ;
#4790 = DIRECTION ( 'NONE',  ( 0.000000000000000000, 1.000000000000000000, 5.310377987684098923E-16 ) ) ;
#4791 = ORIENTED_EDGE ( 'NONE', *, *, #2772, .T. ) ;
#4792 = CARTESIAN_POINT ( 'NONE',  ( 8.850000000000003197, 3.499999999999998668, 5.599999999999994316 ) ) ;
#4793 = ORIENTED_EDGE ( 'NONE', *, *, #7377, .T. ) ;
#4794 = CARTESIAN_POINT ( 'NONE',  ( -7.999999999999996447, 22.60000000000000142, 5.599999999999996092 ) ) ;
#4795 = CARTESIAN_POINT ( 'NONE',  ( 17.39999999999999858, 5.900000000000003020, -2.000000000000010658 ) ) ;
#4796 = DIRECTION ( 'NONE',  ( 0.000000000000000000, 0.000000000000000000, 1.000000000000000000 ) ) ;
#4797 = CARTESIAN_POINT ( 'NONE',  ( -19.54999999999999716, 13.50000000000000178, -2.000000000000000000 ) ) ;
#4798 = EDGE_CURVE ( 'NONE', #364, #10120, #2870, .T. ) ;
#4799 = DIRECTION ( 'NONE',  ( 3.491481338843133355E-15, 0.000000000000000000, -1.000000000000000000 ) ) ;
#4800 = ORIENTED_EDGE ( 'NONE', *, *, #10563, .T. ) ;
#4801 = ORIENTED_EDGE ( 'NONE', *, *, #6860, .F. ) ;
#4802 = VECTOR ( 'NONE', #9173, 1000.000000000000000 ) ;
#4803 = CARTESIAN_POINT ( 'NONE',  ( 24.15000000000001279, 0.000000000000000000, 12.09999999999999432 ) ) ;
#4804 = ORIENTED_EDGE ( 'NONE', *, *, #10314, .F. ) ;
#4805 = CIRCLE ( 'NONE', #5185, 0.2999999999999999334 ) ;
#4806 = DIRECTION ( 'NONE',  ( -4.688441826964344298E-16, 0.000000000000000000, -1.000000000000000000 ) ) ;
#4807 = EDGE_LOOP ( 'NONE', ( #1329, #5133, #8894, #4551 ) ) ;
#4808 = DIRECTION ( 'NONE',  ( -8.031127203596330602E-17, 0.000000000000000000, 1.000000000000000000 ) ) ;
#4809 = LINE ( 'NONE', #8481, #2410 ) ;
#4810 = EDGE_CURVE ( 'NONE', #2503, #2576, #8204, .T. ) ;
#4811 = LINE ( 'NONE', #7520, #3393 ) ;
#4812 = DIRECTION ( 'NONE',  ( -1.000000000000000000, 1.967058844685892123E-32, -8.031127203596330602E-17 ) ) ;
#4813 = PLANE ( 'NONE',  #5852 ) ;
#4814 = ADVANCED_FACE ( 'NONE', ( #4415 ), #5376, .T. ) ;
#4815 = EDGE_CURVE ( 'NONE', #7806, #7303, #1011, .T. ) ;
#4816 = ADVANCED_FACE ( 'NONE', ( #9044 ), #6405, .F. ) ;
#4817 = CARTESIAN_POINT ( 'NONE',  ( 3.850000000000002753, 5.900000000000003020, 2.999999999999993783 ) ) ;
#4818 = ORIENTED_EDGE ( 'NONE', *, *, #2754, .T. ) ;
#4819 = EDGE_CURVE ( 'NONE', #8582, #9662, #6349, .T. ) ;
#4820 = EDGE_CURVE ( 'NONE', #8244, #5320, #9890, .T. ) ;
#4821 = CARTESIAN_POINT ( 'NONE',  ( -19.54999999999999716, 13.50000000000000178, -2.000000000000000000 ) ) ;
#4822 = ORIENTED_EDGE ( 'NONE', *, *, #940, .T. ) ;
#4823 = ORIENTED_EDGE ( 'NONE', *, *, #5616, .F. ) ;
#4824 = EDGE_CURVE ( 'NONE', #10267, #9182, #10910, .T. ) ;
#4825 = LINE ( 'NONE', #10242, #9888 ) ;
#4826 = DIRECTION ( 'NONE',  ( 1.000000000000000000, -0.000000000000000000, 8.031127203596331834E-17 ) ) ;
#4827 = LINE ( 'NONE', #2272, #4080 ) ;
#4828 = ORIENTED_EDGE ( 'NONE', *, *, #298, .F. ) ;
#4829 = MANIFOLD_SOLID_BREP ( 'Cut-Extrude3', #7421 ) ;
#4830 = B_SPLINE_CURVE_WITH_KNOTS ( 'NONE', 3,
 ( #3399, #3450, #5253, #9711, #11682, #8079, #7001, #2338, #4406, #8917 ),
 .UNSPECIFIED., .F., .F.,
 ( 4, 2, 2, 2, 4 ),
 ( 0.006963999130295259188, 0.007386377688198002452, 0.007808756246100745715, 0.008231134804003489847, 0.008653513361906232243 ),
 .UNSPECIFIED. ) ;
#4831 = VECTOR ( 'NONE', #8228, 1000.000000000000000 ) ;
#4832 = ORIENTED_EDGE ( 'NONE', *, *, #4028, .T. ) ;
#4833 = CARTESIAN_POINT ( 'NONE',  ( -19.04999999999999716, 12.50000000000000000, -3.483215956619923670 ) ) ;
#4834 = DIRECTION ( 'NONE',  ( -1.000000000000000000, 0.000000000000000000, -3.491481338843133355E-15 ) ) ;
#4835 = DIRECTION ( 'NONE',  ( -1.000000000000000000, 0.000000000000000000, -8.031127203596331834E-17 ) ) ;
#4836 = CARTESIAN_POINT ( 'NONE',  ( 6.850000000000002309, 13.50000000000000178, -2.000000000000008882 ) ) ;
#4837 = ORIENTED_EDGE ( 'NONE', *, *, #4726, .F. ) ;
#4838 = EDGE_CURVE ( 'NONE', #8871, #3167, #700, .T. ) ;
#4839 = LINE ( 'NONE', #2104, #5418 ) ;
#4840 = CARTESIAN_POINT ( 'NONE',  ( -8.349999999999999645, 13.50000000000000178, -0.5000000000000059952 ) ) ;
#4841 = UNCERTAINTY_MEASURE_WITH_UNIT (LENGTH_MEASURE( 1.000000000000000082E-05 ), #2645, 'distance_accuracy_value', 'NONE');
#4842 = DIRECTION ( 'NONE',  ( -0.000000000000000000, -2.449293598294701484E-16, 1.000000000000000000 ) ) ;
#4843 = CARTESIAN_POINT ( 'NONE',  ( -19.04999999999999716, 13.50000000000000000, 0.000000000000000000 ) ) ;
#4844 = VECTOR ( 'NONE', #4579, 1000.000000000000000 ) ;
#4845 = EDGE_LOOP ( 'NONE', ( #7650, #10860, #5941, #4012 ) ) ;
#4846 = CARTESIAN_POINT ( 'NONE',  ( 5.850000000000001421, 12.50000000000000000, -3.447142787940717490 ) ) ;
#4847 = ORIENTED_EDGE ( 'NONE', *, *, #586, .F. ) ;
#4848 = DIRECTION ( 'NONE',  ( -0.000000000000000000, 0.000000000000000000, -1.000000000000000000 ) ) ;
#4849 = VERTEX_POINT ( 'NONE', #64 ) ;
#4850 = VECTOR ( 'NONE', #7880, 1000.000000000000000 ) ;
#4851 = LINE ( 'NONE', #4911, #11798 ) ;
#4852 = ORIENTED_EDGE ( 'NONE', *, *, #5531, .F. ) ;
#4853 = CARTESIAN_POINT ( 'NONE',  ( 11.44999999999999574, 0.5000000000000000000, 12.09999999999999076 ) ) ;
#4854 = VERTEX_POINT ( 'NONE', #3634 ) ;
#4855 = CARTESIAN_POINT ( 'NONE',  ( -8.349999999999999645, 13.50000000000000178, -0.5000000000000059952 ) ) ;
#4856 = LINE ( 'NONE', #6726, #1715 ) ;
#4857 = CARTESIAN_POINT ( 'NONE',  ( 16.54999999999999716, 7.500000000000004441, -7.400000000000008349 ) ) ;
#4858 = DIRECTION ( 'NONE',  ( 4.066575051493318340E-32, -1.000000000000000000, -1.172110456741085828E-16 ) ) ;
#4859 = DIRECTION ( 'NONE',  ( 0.000000000000000000, 1.000000000000000000, 0.000000000000000000 ) ) ;
#4860 = VERTEX_POINT ( 'NONE', #3690 ) ;
#4861 = ORIENTED_EDGE ( 'NONE', *, *, #4514, .F. ) ;
#4862 = DIRECTION ( 'NONE',  ( 8.031127203596330602E-17, -4.818676322157799347E-16, -1.000000000000000000 ) ) ;
#4863 = EDGE_LOOP ( 'NONE', ( #3291, #10227, #2088, #1346 ) ) ;
#4864 = DIRECTION ( 'NONE',  ( -4.066575051493318340E-32, -1.000000000000000000, 1.172110456741085828E-16 ) ) ;
#4865 = ORIENTED_EDGE ( 'NONE', *, *, #9965, .F. ) ;
#4866 = DIRECTION ( 'NONE',  ( -8.031127203596330602E-17, 4.818676322157799347E-16, 1.000000000000000000 ) ) ;
#4867 = FILL_AREA_STYLE_COLOUR ( '', #9315 ) ;
#4868 = CARTESIAN_POINT ( 'NONE',  ( 19.55000000000000071, 11.40000000000000391, 0.4999999999999923395 ) ) ;
#4869 = DIRECTION ( 'NONE',  ( -0.000000000000000000, 1.000000000000000000, -3.043374519257556029E-16 ) ) ;
#4870 = DIRECTION ( 'NONE',  ( 0.000000000000000000, 0.000000000000000000, 1.000000000000000000 ) ) ;
#4871 = VECTOR ( 'NONE', #12, 1000.000000000000000 ) ;
#4872 = VECTOR ( 'NONE', #2069, 1000.000000000000000 ) ;
#4873 = AXIS2_PLACEMENT_3D ( 'NONE', #134, #1988, #2698 ) ;
#4874 = LINE ( 'NONE', #3914, #6586 ) ;
#4875 = ORIENTED_EDGE ( 'NONE', *, *, #2940, .F. ) ;
#4876 = CARTESIAN_POINT ( 'NONE',  ( -8.950000000000009948, 9.399999999999998579, 7.399999999999996803 ) ) ;
#4877 = CIRCLE ( 'NONE', #10262, 0.2000000000000005107 ) ;
#4878 = CARTESIAN_POINT ( 'NONE',  ( -17.39999999999999503, 7.300000000000003375, 3.300000000000002043 ) ) ;
#4879 = EDGE_CURVE ( 'NONE', #11201, #7820, #7360, .T. ) ;
#4880 = ORIENTED_EDGE ( 'NONE', *, *, #8134, .F. ) ;
#4881 = VECTOR ( 'NONE', #7673, 1000.000000000000000 ) ;
#4882 = AXIS2_PLACEMENT_3D ( 'NONE', #9547, #1331, #4975 ) ;
#4883 = VECTOR ( 'NONE', #5902, 1000.000000000000000 ) ;
#4884 = DIRECTION ( 'NONE',  ( 4.066575051493318340E-32, -1.000000000000000000, -1.172110456741085828E-16 ) ) ;
#4885 = CARTESIAN_POINT ( 'NONE',  ( -7.999999999999998224, 0.5000000000000004441, 7.399999999999995914 ) ) ;
#4886 = EDGE_CURVE ( 'NONE', #11306, #10505, #10129, .T. ) ;
#4887 = AXIS2_PLACEMENT_3D ( 'NONE', #5383, #9843, #5511 ) ;
#4888 = PLANE ( 'NONE',  #10423 ) ;
#4889 = AXIS2_PLACEMENT_3D ( 'NONE', #10867, #783, #2643 ) ;
#4890 = VECTOR ( 'NONE', #354, 1000.000000000000227 ) ;
#4891 = EDGE_CURVE ( 'NONE', #5014, #2484, #242, .T. ) ;
#4892 = VERTEX_POINT ( 'NONE', #3107 ) ;
#4893 = PRESENTATION_LAYER_ASSIGNMENT (  '', '', ( #5471 ) ) ;
#4894 = VECTOR ( 'NONE', #5369, 1000.000000000000000 ) ;
#4895 = ORIENTED_EDGE ( 'NONE', *, *, #8353, .F. ) ;
#4896 = EDGE_CURVE ( 'NONE', #2841, #1168, #8504, .T. ) ;
#4897 = CARTESIAN_POINT ( 'NONE',  ( 17.40000000000000213, 2.500000000000002220, 5.599999999999996092 ) ) ;
#4898 = CARTESIAN_POINT ( 'NONE',  ( 24.15000000000001279, 8.099999999999999645, 10.09999999999999076 ) ) ;
#4899 = DIRECTION ( 'NONE',  ( 0.000000000000000000, 1.000000000000000000, -2.449293598294701484E-16 ) ) ;
#4900 = EDGE_LOOP ( 'NONE', ( #5674, #1095, #6776, #3437, #7477, #2241, #9542, #1830 ) ) ;
#4901 = CARTESIAN_POINT ( 'NONE',  ( 4.699999999999999289, 7.600000000000003197, -3.300000000000006484 ) ) ;
#4902 = FACE_OUTER_BOUND ( 'NONE', #325, .T. ) ;
#4903 = DIRECTION ( 'NONE',  ( -1.000000000000000000, -1.967058844685892123E-32, -8.031127203596330602E-17 ) ) ;
#4904 = CARTESIAN_POINT ( 'NONE',  ( -4.349999999999999645, 13.50000000000000178, -0.4999999999999921174 ) ) ;
#4905 = AXIS2_PLACEMENT_3D ( 'NONE', #11382, #6932, #2270 ) ;
#4906 = VERTEX_POINT ( 'NONE', #5805 ) ;
#4907 = EDGE_CURVE ( 'NONE', #4922, #4321, #3744, .T. ) ;
#4908 = LINE ( 'NONE', #8580, #11258 ) ;
#4909 = ORIENTED_EDGE ( 'NONE', *, *, #3681, .T. ) ;
#4910 = ORIENTED_EDGE ( 'NONE', *, *, #9457, .T. ) ;
#4911 = CARTESIAN_POINT ( 'NONE',  ( 16.54999999999999716, 5.900000000000003020, -3.000000000000011102 ) ) ;
#4912 = VERTEX_POINT ( 'NONE', #9468 ) ;
#4913 = DIRECTION ( 'NONE',  ( -0.000000000000000000, -1.000000000000000000, 1.285763445415553567E-15 ) ) ;
#4914 = VERTEX_POINT ( 'NONE', #8566 ) ;
#4915 = MANIFOLD_SOLID_BREP ( 'Boss-Extrude8', #1871 ) ;
#4916 = FACE_OUTER_BOUND ( 'NONE', #5552, .T. ) ;
#4917 = FACE_OUTER_BOUND ( 'NONE', #8305, .T. ) ;
#4918 = DIRECTION ( 'NONE',  ( -1.000000000000000000, 0.000000000000000000, -8.031127203596330602E-17 ) ) ;
#4919 = CARTESIAN_POINT ( 'NONE',  ( 26.65000000000000924, 22.60000000000000142, 12.09999999999999254 ) ) ;
#4920 = ORIENTED_EDGE ( 'NONE', *, *, #4438, .T. ) ;
#4921 = VECTOR ( 'NONE', #10318, 1000.000000000000000 ) ;
#4922 = VERTEX_POINT ( 'NONE', #4833 ) ;
#4923 = VECTOR ( 'NONE', #1470, 1000.000000000000000 ) ;
#4924 = PLANE ( 'NONE',  #4387 ) ;
#4925 = ORIENTED_EDGE ( 'NONE', *, *, #9054, .F. ) ;
#4926 = DIRECTION ( 'NONE',  ( 1.000000000000000000, -0.000000000000000000, 8.031127203596331834E-17 ) ) ;
#4927 = VERTEX_POINT ( 'NONE', #1195 ) ;
#4928 = DIRECTION ( 'NONE',  ( 0.000000000000000000, -0.000000000000000000, -1.000000000000000000 ) ) ;
#4929 = DIRECTION ( 'NONE',  ( 0.000000000000000000, 0.000000000000000000, -1.000000000000000000 ) ) ;
#4930 = EDGE_CURVE ( 'NONE', #4712, #10080, #11208, .T. ) ;
#4931 = DIRECTION ( 'NONE',  ( 0.000000000000000000, -1.000000000000000000, 0.000000000000000000 ) ) ;
#4932 = DIRECTION ( 'NONE',  ( -1.020425574104004246E-16, -1.172110456741085828E-16, -1.000000000000000000 ) ) ;
#4933 = CARTESIAN_POINT ( 'NONE',  ( -11.45000000000000462, 19.60000000000000142, 9.099999999999997868 ) ) ;
#4934 = MANIFOLD_SOLID_BREP ( 'CirPattern3[1]', #10750 ) ;
#4935 = LINE ( 'NONE', #3034, #7348 ) ;
#4936 = EDGE_LOOP ( 'NONE', ( #3901, #5804, #3432, #1296 ) ) ;
#4937 = UNCERTAINTY_MEASURE_WITH_UNIT (LENGTH_MEASURE( 1.000000000000000082E-05 ), #10571, 'distance_accuracy_value', 'NONE');
#4938 = ADVANCED_FACE ( 'NONE', ( #2099 ), #299, .T. ) ;
#4939 = DIRECTION ( 'NONE',  ( -8.031127203596331834E-17, 0.000000000000000000, 1.000000000000000000 ) ) ;
#4940 = VERTEX_POINT ( 'NONE', #2158 ) ;
#4941 = CARTESIAN_POINT ( 'NONE',  ( 10.60000000000000142, 24.33502884254439991, -4.250000000000008882 ) ) ;
#4942 = ORIENTED_EDGE ( 'NONE', *, *, #8638, .F. ) ;
#4943 = SURFACE_STYLE_USAGE ( .BOTH. , #5858 ) ;
#4944 = FACE_OUTER_BOUND ( 'NONE', #626, .T. ) ;
#4945 = EDGE_CURVE ( 'NONE', #143, #10225, #3189, .T. ) ;
#4946 = CARTESIAN_POINT ( 'NONE',  ( -18.54999999999999716, 12.45031130731456059, 2.000000000000000000 ) ) ;
#4947 = B_SPLINE_CURVE_WITH_KNOTS ( 'NONE', 3,
 ( #10560, #485, #2340, #9651, #5084, #251 ),
 .UNSPECIFIED., .F., .F.,
 ( 4, 2, 4 ),
 ( 0.006592611942914234496, 0.007438203231751716778, 0.008283794520589199059 ),
 .UNSPECIFIED. ) ;
#4948 = EDGE_CURVE ( 'NONE', #9892, #33, #6884, .T. ) ;
#4949 = MANIFOLD_SOLID_BREP ( 'CirPattern3[4]', #9211 ) ;
#4950 = ORIENTED_EDGE ( 'NONE', *, *, #6947, .F. ) ;
#4951 =( NAMED_UNIT ( * ) PLANE_ANGLE_UNIT ( ) SI_UNIT ( $, .RADIAN. ) );
#4952 = PLANE ( 'NONE',  #995 ) ;
#4953 = DIRECTION ( 'NONE',  ( 8.031127203596330602E-17, 0.000000000000000000, -1.000000000000000000 ) ) ;
#4954 = LINE ( 'NONE', #302, #8326 ) ;
#4955 = VERTEX_POINT ( 'NONE', #477 ) ;
#4956 = EDGE_CURVE ( 'NONE', #9045, #1498, #6040, .T. ) ;
#4957 = CARTESIAN_POINT ( 'NONE',  ( 8.950000000000006395, 9.399999999999991473, -7.400000000000008349 ) ) ;
#4958 = CARTESIAN_POINT ( 'NONE',  ( 19.05000000000000071, 12.30000000000000071, -7.619650039223833312E-15 ) ) ;
#4959 = PLANE ( 'NONE',  #10285 ) ;
#4960 = AXIS2_PLACEMENT_3D ( 'NONE', #6099, #8969, #4400 ) ;
#4961 = DIRECTION ( 'NONE',  ( -0.000000000000000000, -1.000000000000000000, -0.000000000000000000 ) ) ;
#4962 = VECTOR ( 'NONE', #4736, 1000.000000000000000 ) ;
#4963 = EDGE_CURVE ( 'NONE', #1806, #8639, #4112, .T. ) ;
#4964 = EDGE_CURVE ( 'NONE', #6162, #10390, #2278, .T. ) ;
#4965 = AXIS2_PLACEMENT_3D ( 'NONE', #807, #3607, #5298 ) ;
#4966 = ORIENTED_EDGE ( 'NONE', *, *, #4161, .F. ) ;
#4967 = ORIENTED_EDGE ( 'NONE', *, *, #3932, .T. ) ;
#4968 = CARTESIAN_POINT ( 'NONE',  ( -10.59999999999999787, 24.33502884254439991, 4.250000000000000888 ) ) ;
#4969 = ORIENTED_EDGE ( 'NONE', *, *, #4094, .F. ) ;
#4970 = EDGE_CURVE ( 'NONE', #10442, #7485, #6101, .T. ) ;
#4971 = EDGE_CURVE ( 'NONE', #7991, #6758, #9706, .T. ) ;
#4972 = VECTOR ( 'NONE', #3774, 1000.000000000000000 ) ;
#4973 = ORIENTED_EDGE ( 'NONE', *, *, #535, .T. ) ;
#4974 = AXIS2_PLACEMENT_3D ( 'NONE', #5037, #499, #4136 ) ;
#4975 = DIRECTION ( 'NONE',  ( 0.000000000000000000, 0.000000000000000000, -1.000000000000000000 ) ) ;
#4976 = EDGE_LOOP ( 'NONE', ( #4666, #3023, #9472, #1553, #11413, #10998, #8444, #3492, #8515, #5019, #10619 ) ) ;
#4977 = CARTESIAN_POINT ( 'NONE',  ( -4.349999999999999645, 12.45031130731456059, -0.4999999999999921174 ) ) ;
#4978 = ORIENTED_EDGE ( 'NONE', *, *, #7540, .F. ) ;
#4979 = MANIFOLD_SOLID_BREP ( 'Chamfer2', #5000 ) ;
#4980 = DIRECTION ( 'NONE',  ( 0.000000000000000000, 0.000000000000000000, -1.000000000000000000 ) ) ;
#4981 = CARTESIAN_POINT ( 'NONE',  ( 0.000000000000000000, 12.50000000000000000, 0.000000000000000000 ) ) ;
#4982 = DIRECTION ( 'NONE',  ( 8.031127203596330602E-17, -4.818676322157799347E-16, -1.000000000000000000 ) ) ;
#4983 = DIRECTION ( 'NONE',  ( -0.000000000000000000, -1.172110456741085828E-16, -1.000000000000000000 ) ) ;
#4984 = ADVANCED_FACE ( 'NONE', ( #2445 ), #9761, .F. ) ;
#4985 = DIRECTION ( 'NONE',  ( -1.000000000000000000, 0.000000000000000000, 1.224646799147353207E-16 ) ) ;
#4986 = VECTOR ( 'NONE', #10197, 1000.000000000000227 ) ;
#4987 = ORIENTED_EDGE ( 'NONE', *, *, #9863, .T. ) ;
#4988 = ORIENTED_EDGE ( 'NONE', *, *, #7188, .T. ) ;
#4989 = LINE ( 'NONE', #7753, #9578 ) ;
#4990 = ORIENTED_EDGE ( 'NONE', *, *, #2061, .F. ) ;
#4991 = PLANE ( 'NONE',  #3455 ) ;
#4992 = UNCERTAINTY_MEASURE_WITH_UNIT (LENGTH_MEASURE( 1.000000000000000082E-05 ), #10317, 'distance_accuracy_value', 'NONE');
#4993 = VERTEX_POINT ( 'NONE', #11622 ) ;
#4994 = LINE ( 'NONE', #7704, #7778 ) ;
#4995 = CARTESIAN_POINT ( 'NONE',  ( -16.54999999999999361, 7.500000000000004441, 7.400000000000000355 ) ) ;
#4996 = AXIS2_PLACEMENT_3D ( 'NONE', #1306, #5969, #8608 ) ;
#4997 = CARTESIAN_POINT ( 'NONE',  ( -8.849999999999996092, 7.600000000000003197, 5.400000000000001243 ) ) ;
#4998 = DIRECTION ( 'NONE',  ( 0.000000000000000000, 0.000000000000000000, -1.000000000000000000 ) ) ;
#4999 = DIRECTION ( 'NONE',  ( -4.066575051493318340E-32, -1.000000000000000000, 1.172110456741085828E-16 ) ) ;
#5000 = CLOSED_SHELL ( 'NONE', ( #9814, #3780, #7987, #1688, #10030, #6875, #7404, #11854, #2403, #3066, #8307, #5988, #9188, #11042, #8974, #9456, #4296, #2182, #1408, #11242, #8564 ) ) ;
#5001 = CARTESIAN_POINT ( 'NONE',  ( 8.950000000000013500, 9.399999999999995026, 7.399999999999991473 ) ) ;
#5002 = ORIENTED_EDGE ( 'NONE', *, *, #3483, .F. ) ;
#5003 = AXIS2_PLACEMENT_3D ( 'NONE', #3595, #7142, #9969 ) ;
#5004 = DIRECTION ( 'NONE',  ( 0.000000000000000000, -1.000000000000000000, 0.000000000000000000 ) ) ;
#5005 = ORIENTED_EDGE ( 'NONE', *, *, #7461, .F. ) ;
#5006 = DIRECTION ( 'NONE',  ( 0.000000000000000000, 0.000000000000000000, 1.000000000000000000 ) ) ;
#5007 = ORIENTED_EDGE ( 'NONE', *, *, #7600, .F. ) ;
#5008 = VECTOR ( 'NONE', #8767, 1000.000000000000000 ) ;
#5009 = VECTOR ( 'NONE', #11505, 1000.000000000000000 ) ;
#5010 = CARTESIAN_POINT ( 'NONE',  ( -7.799999999999998046, -3.999999999999999112, 5.599999999999996980 ) ) ;
#5011 = DIRECTION ( 'NONE',  ( -0.000000000000000000, 0.000000000000000000, -1.000000000000000000 ) ) ;
#5012 = DIRECTION ( 'NONE',  ( 0.000000000000000000, 0.000000000000000000, 1.000000000000000000 ) ) ;
#5013 = CARTESIAN_POINT ( 'NONE',  ( 20.70000000000000284, -3.450504516109082598, 7.399999999999987921 ) ) ;
#5014 = VERTEX_POINT ( 'NONE', #10723 ) ;
#5015 = DIRECTION ( 'NONE',  ( 0.000000000000000000, -1.000000000000000000, 0.000000000000000000 ) ) ;
#5016 = CARTESIAN_POINT ( 'NONE',  ( 18.55000000000000071, 12.77543280243899382, -3.373929230633670784 ) ) ;
#5017 = LINE ( 'NONE', #479, #2130 ) ;
#5018 = DIRECTION ( 'NONE',  ( 0.000000000000000000, -1.000000000000000000, 0.000000000000000000 ) ) ;
#5019 = ORIENTED_EDGE ( 'NONE', *, *, #2313, .T. ) ;
#5020 = LINE ( 'NONE', #7795, #5344 ) ;
#5021 = DIRECTION ( 'NONE',  ( 0.000000000000000000, -1.000000000000000000, 0.000000000000000000 ) ) ;
#5022 = PLANE ( 'NONE',  #703 ) ;
#5023 = CARTESIAN_POINT ( 'NONE',  ( 21.55000000000000071, 9.400000000000002132, -2.000000000000009770 ) ) ;
#5024 = VERTEX_POINT ( 'NONE', #1605 ) ;
#5025 = VECTOR ( 'NONE', #11838, 1000.000000000000000 ) ;
#5026 = EDGE_CURVE ( 'NONE', #1707, #6322, #99, .T. ) ;
#5027 = LINE ( 'NONE', #3951, #8176 ) ;
#5028 = ORIENTED_EDGE ( 'NONE', *, *, #3865, .F. ) ;
#5029 = ORIENTED_EDGE ( 'NONE', *, *, #5117, .F. ) ;
#5030 = EDGE_CURVE ( 'NONE', #9898, #2185, #8154, .T. ) ;
#5031 = CARTESIAN_POINT ( 'NONE',  ( 24.15000000000000568, 22.60000000000000142, -7.400000000000006573 ) ) ;
#5032 = ORIENTED_EDGE ( 'NONE', *, *, #6872, .F. ) ;
#5033 = CARTESIAN_POINT ( 'NONE',  ( -17.04999999999999361, 13.50000000000000178, -0.4999999999999930611 ) ) ;
#5034 = ORIENTED_EDGE ( 'NONE', *, *, #580, .T. ) ;
#5035 = EDGE_CURVE ( 'NONE', #11604, #1736, #10783, .T. ) ;
#5036 = MANIFOLD_SOLID_BREP ( 'LPattern3[3]', #9539 ) ;
#5037 = CARTESIAN_POINT ( 'NONE',  ( -19.04999999999999716, -3.358379542590069988, 0.000000000000000000 ) ) ;
#5038 = CARTESIAN_POINT ( 'NONE',  ( 16.54999999999998650, 3.499999999999998668, -7.400000000000010125 ) ) ;
#5039 = DIRECTION ( 'NONE',  ( 0.000000000000000000, 0.000000000000000000, -1.000000000000000000 ) ) ;
#5040 = VECTOR ( 'NONE', #8976, 1000.000000000000000 ) ;
#5041 = FACE_OUTER_BOUND ( 'NONE', #3535, .T. ) ;
#5042 = CARTESIAN_POINT ( 'NONE',  ( -6.349999999999997868, 3.650000000000002132, -1.749999999999999334 ) ) ;
#5043 = EDGE_CURVE ( 'NONE', #3927, #7062, #3730, .T. ) ;
#5044 = EDGE_CURVE ( 'NONE', #656, #2978, #7578, .T. ) ;
#5045 = EDGE_LOOP ( 'NONE', ( #2115, #2447, #8753, #7016, #6753 ) ) ;
#5046 = ORIENTED_EDGE ( 'NONE', *, *, #6382, .F. ) ;
#5047 = ADVANCED_FACE ( 'NONE', ( #767 ), #3794, .T. ) ;
#5049 = LINE ( 'NONE', #1460, #5008 ) ;
#5048 = CIRCLE ( 'NONE', #10997, 2.000000000000000000 ) ;
#5050 = ORIENTED_EDGE ( 'NONE', *, *, #11519, .F. ) ;
#5051 = CARTESIAN_POINT ( 'NONE',  ( 6.850000000000002309, 13.50000000000000178, -2.000000000000008882 ) ) ;
#5052 = ORIENTED_EDGE ( 'NONE', *, *, #11600, .F. ) ;
#5053 = DIRECTION ( 'NONE',  ( 1.000000000000000000, 0.000000000000000000, -0.000000000000000000 ) ) ;
#5054 = CARTESIAN_POINT ( 'NONE',  ( -16.54999999999999361, 9.400000000000002132, 2.000000000000002220 ) ) ;
#5055 = ADVANCED_FACE ( 'NONE', ( #10107 ), #1892, .F. ) ;
#5056 = DIRECTION ( 'NONE',  ( 0.000000000000000000, -0.000000000000000000, 1.000000000000000000 ) ) ;
#5057 = CARTESIAN_POINT ( 'NONE',  ( -8.350000000000003197, 13.50000000000000178, 0.4999999999999940603 ) ) ;
#5058 = LINE ( 'NONE', #9450, #7949 ) ;
#5059 = VECTOR ( 'NONE', #5469, 1000.000000000000000 ) ;
#5060 = LINE ( 'NONE', #6978, #655 ) ;
#5061 = ORIENTED_EDGE ( 'NONE', *, *, #6181, .T. ) ;
#5062 = EDGE_CURVE ( 'NONE', #11606, #7303, #3550, .T. ) ;
#5063 = DIRECTION ( 'NONE',  ( 0.000000000000000000, -4.130293990420964459E-16, -1.000000000000000000 ) ) ;
#5064 = EDGE_LOOP ( 'NONE', ( #11119, #11351, #9714, #3555 ) ) ;
#5065 = CARTESIAN_POINT ( 'NONE',  ( -18.54999999999999361, 13.38143262567230884, -2.793993820596747391 ) ) ;
#5066 = VECTOR ( 'NONE', #8873, 1000.000000000000000 ) ;
#5067 = AXIS2_PLACEMENT_3D ( 'NONE', #1692, #5332, #8993 ) ;
#5068 = CARTESIAN_POINT ( 'NONE',  ( 5.850000000000001421, 13.31091610573900752, 2.919473532808996907 ) ) ;
#5069 = DIRECTION ( 'NONE',  ( 1.000000000000000000, 0.000000000000000000, -0.000000000000000000 ) ) ;
#5070 = DIRECTION ( 'NONE',  ( 8.031127203596330602E-17, 0.000000000000000000, -1.000000000000000000 ) ) ;
#5071 = VECTOR ( 'NONE', #541, 1000.000000000000000 ) ;
#5072 = TOROIDAL_SURFACE ( 'NONE', #5656, 2.299999999999999822, 1.199999999999999956 ) ;
#5073 = CARTESIAN_POINT ( 'NONE',  ( -1.250000000000004663, 22.60000000000000142, -7.400000000000003908 ) ) ;
#5074 = ORIENTED_EDGE ( 'NONE', *, *, #10555, .F. ) ;
#5075 = CARTESIAN_POINT ( 'NONE',  ( -4.699999999999995737, 9.400000000000002132, 5.499999999999997335 ) ) ;
#5076 = DIRECTION ( 'NONE',  ( -1.927470528863119739E-15, 0.000000000000000000, 1.000000000000000000 ) ) ;
#5077 = CARTESIAN_POINT ( 'NONE',  ( -4.699999999999995737, 7.600000000000003197, 3.299999999999998490 ) ) ;
#5078 = ORIENTED_EDGE ( 'NONE', *, *, #6587, .F. ) ;
#5079 = EDGE_CURVE ( 'NONE', #7484, #3266, #11253, .T. ) ;
#5080 = LINE ( 'NONE', #7898, #6883 ) ;
#5081 = CARTESIAN_POINT ( 'NONE',  ( -3.849999999999999201, 9.400000000000002132, -2.000000000000000888 ) ) ;
#5082 = CARTESIAN_POINT ( 'NONE',  ( -16.54999999999999361, 7.300000000000003375, 3.300000000000002487 ) ) ;
#5083 = AXIS2_PLACEMENT_3D ( 'NONE', #10397, #2179, #7811 ) ;
#5084 = CARTESIAN_POINT ( 'NONE',  ( 5.850000000000001421, 12.77814680476041609, -3.399635396878505134 ) ) ;
#5085 = VECTOR ( 'NONE', #6045, 1000.000000000000000 ) ;
#5086 = AXIS2_PLACEMENT_3D ( 'NONE', #5765, #4731, #6667 ) ;
#5087 = ORIENTED_EDGE ( 'NONE', *, *, #2819, .F. ) ;
#5088 = EDGE_CURVE ( 'NONE', #9892, #374, #6502, .T. ) ;
#5089 = CARTESIAN_POINT ( 'NONE',  ( 19.05000000000000071, 12.30000000000000071, -7.619650039223833312E-15 ) ) ;
#5090 = VECTOR ( 'NONE', #7020, 1000.000000000000000 ) ;
#5091 = ORIENTED_EDGE ( 'NONE', *, *, #8552, .F. ) ;
#5092 = VECTOR ( 'NONE', #1814, 1000.000000000000000 ) ;
#5093 = ORIENTED_EDGE ( 'NONE', *, *, #10188, .T. ) ;
#5094 = CARTESIAN_POINT ( 'NONE',  ( -11.45000000000000462, 0.5000000000000000000, 12.09999999999999787 ) ) ;
#5095 = ORIENTED_EDGE ( 'NONE', *, *, #11001, .F. ) ;
#5096 = CARTESIAN_POINT ( 'NONE',  ( 13.94999999999999751, 0.5000000000000000000, 10.09999999999999254 ) ) ;
#5097 = VERTEX_POINT ( 'NONE', #5730 ) ;
#5098 = MANIFOLD_SOLID_BREP ( 'Cut-Extrude6', #2823 ) ;
#5099 = DIRECTION ( 'NONE',  ( 0.000000000000000000, 1.000000000000000000, 3.043374519257556029E-16 ) ) ;
#5100 = DIRECTION ( 'NONE',  ( 0.000000000000000000, -1.000000000000000000, -1.040834085586083468E-15 ) ) ;
#5101 = CARTESIAN_POINT ( 'NONE',  ( 4.699999999999999289, -3.450504516109081710, -5.600000000000004974 ) ) ;
#5102 = VECTOR ( 'NONE', #7240, 1000.000000000000000 ) ;
#5103 = DIRECTION ( 'NONE',  ( -0.8191520442889935749, -0.5735764363510434949, -2.860054076310225049E-15 ) ) ;
#5104 = ORIENTED_EDGE ( 'NONE', *, *, #7937, .T. ) ;
#5105 = EDGE_CURVE ( 'NONE', #4927, #9219, #4751, .T. ) ;
#5106 = CARTESIAN_POINT ( 'NONE',  ( -7.999999999999996447, 7.500000000000002665, 5.499999999999997335 ) ) ;
#5107 = ORIENTED_EDGE ( 'NONE', *, *, #2476, .F. ) ;
#5108 = FACE_OUTER_BOUND ( 'NONE', #2201, .T. ) ;
#5109 = VECTOR ( 'NONE', #5203, 1000.000000000000000 ) ;
#5110 = ORIENTED_EDGE ( 'NONE', *, *, #6192, .F. ) ;
#5111 = DIRECTION ( 'NONE',  ( -8.031127203596330602E-17, 2.449293598294701484E-16, 1.000000000000000000 ) ) ;
#5112 = CARTESIAN_POINT ( 'NONE',  ( -7.999999999999996447, 7.400000000000003020, 5.600000000000000533 ) ) ;
#5113 = EDGE_CURVE ( 'NONE', #9048, #10420, #4809, .T. ) ;
#5114 = CARTESIAN_POINT ( 'NONE',  ( -5.849999999999997868, 11.40000000000000391, 0.5000000000000009992 ) ) ;
#5115 = DIRECTION ( 'NONE',  ( 0.000000000000000000, 0.000000000000000000, 1.000000000000000000 ) ) ;
#5116 = DIRECTION ( 'NONE',  ( 3.491481338843133355E-15, 0.000000000000000000, -1.000000000000000000 ) ) ;
#5117 = EDGE_CURVE ( 'NONE', #10346, #9077, #2229, .T. ) ;
#5118 = MANIFOLD_SOLID_BREP ( 'CirPattern3[2]', #10178 ) ;
#5119 = CARTESIAN_POINT ( 'NONE',  ( 16.55000000000000071, 2.499999999999998668, 7.399999999999993250 ) ) ;
#5120 = ORIENTED_EDGE ( 'NONE', *, *, #6764, .T. ) ;
#5121 = ADVANCED_FACE ( 'NONE', ( #5784 ), #2192, .T. ) ;
#5122 = ORIENTED_EDGE ( 'NONE', *, *, #4726, .T. ) ;
#5123 = EDGE_CURVE ( 'NONE', #6525, #6722, #3974, .T. ) ;
#5124 = CARTESIAN_POINT ( 'NONE',  ( 18.55000000000000071, 13.47570616345778483, 2.528555156343998078 ) ) ;
#5125 = ORIENTED_EDGE ( 'NONE', *, *, #7238, .T. ) ;
#5126 = LINE ( 'NONE', #6204, #2674 ) ;
#5127 = ADVANCED_FACE ( 'NONE', ( #8600 ), #1468, .T. ) ;
#5128 = CARTESIAN_POINT ( 'NONE',  ( -4.899999999999995026, -3.999999999999999112, 5.799999999999996270 ) ) ;
#5129 = DIRECTION ( 'NONE',  ( 0.000000000000000000, -1.000000000000000000, -0.000000000000000000 ) ) ;
#5130 = EDGE_CURVE ( 'NONE', #6111, #11720, #397, .T. ) ;
#5131 = DIRECTION ( 'NONE',  ( -0.000000000000000000, -1.000000000000000000, -0.000000000000000000 ) ) ;
#5132 = DIRECTION ( 'NONE',  ( 0.000000000000000000, 1.000000000000000000, 0.000000000000000000 ) ) ;
#5133 = ORIENTED_EDGE ( 'NONE', *, *, #371, .T. ) ;
#5134 =( NAMED_UNIT ( * ) PLANE_ANGLE_UNIT ( ) SI_UNIT ( $, .RADIAN. ) );
#5135 = CARTESIAN_POINT ( 'NONE',  ( 19.05000000000000071, 13.50000000000000178, 2.299999999999992273 ) ) ;
#5136 = ORIENTED_EDGE ( 'NONE', *, *, #8196, .F. ) ;
#5137 = CARTESIAN_POINT ( 'NONE',  ( 8.000000000000003553, 9.400000000000003908, 5.499999999999991118 ) ) ;
#5138 = PLANE ( 'NONE',  #10458 ) ;
#5139 = DIRECTION ( 'NONE',  ( -1.000000000000000000, 0.000000000000000000, 0.000000000000000000 ) ) ;
#5140 = LINE ( 'NONE', #4353, #8493 ) ;
#5141 = ORIENTED_EDGE ( 'NONE', *, *, #1677, .T. ) ;
#5142 = EDGE_CURVE ( 'NONE', #9162, #10923, #7953, .T. ) ;
#5143 = DIRECTION ( 'NONE',  ( -0.000000000000000000, -1.000000000000000000, -0.000000000000000000 ) ) ;
#5144 = EDGE_LOOP ( 'NONE', ( #6551, #7502, #6717, #1780 ) ) ;
#5145 = ORIENTED_EDGE ( 'NONE', *, *, #3747, .T. ) ;
#5146 = VERTEX_POINT ( 'NONE', #5054 ) ;
#5147 = DIRECTION ( 'NONE',  ( 1.000000000000000000, -0.000000000000000000, 8.031127203596330602E-17 ) ) ;
#5148 = ORIENTED_EDGE ( 'NONE', *, *, #6941, .T. ) ;
#5149 = DIRECTION ( 'NONE',  ( 0.000000000000000000, -1.000000000000000000, 0.000000000000000000 ) ) ;
#5150 = ORIENTED_EDGE ( 'NONE', *, *, #407, .F. ) ;
#5151 = VECTOR ( 'NONE', #10412, 1000.000000000000000 ) ;
#5152 = LINE ( 'NONE', #8812, #7082 ) ;
#5153 = DIRECTION ( 'NONE',  ( 0.000000000000000000, 1.000000000000000000, 0.000000000000000000 ) ) ;
#5154 = DIRECTION ( 'NONE',  ( 0.000000000000000000, -1.000000000000000000, 0.000000000000000000 ) ) ;
#5155 = DIRECTION ( 'NONE',  ( -1.000000000000000000, 0.000000000000000000, -8.031127203596331834E-17 ) ) ;
#5156 = VECTOR ( 'NONE', #9764, 1000.000000000000000 ) ;
#5157 = EDGE_CURVE ( 'NONE', #4102, #10251, #11424, .T. ) ;
#5158 = ORIENTED_EDGE ( 'NONE', *, *, #4886, .T. ) ;
#5159 = CIRCLE ( 'NONE', #6319, 1.750000000000000444 ) ;
#5160 = AXIS2_PLACEMENT_3D ( 'NONE', #3422, #742, #7088 ) ;
#5161 = DIRECTION ( 'NONE',  ( 0.000000000000000000, -1.283079494065685941E-16, -1.000000000000000000 ) ) ;
#5162 = ORIENTED_EDGE ( 'NONE', *, *, #4729, .T. ) ;
#5163 = DIRECTION ( 'NONE',  ( 8.031127203596330602E-17, 0.000000000000000000, -1.000000000000000000 ) ) ;
#5164 = ORIENTED_EDGE ( 'NONE', *, *, #2143, .T. ) ;
#5165 = DIRECTION ( 'NONE',  ( 4.066575051493318340E-32, -1.000000000000000000, -1.172110456741085828E-16 ) ) ;
#5166 = EDGE_CURVE ( 'NONE', #5722, #10007, #4150, .T. ) ;
#5167 = DIRECTION ( 'NONE',  ( 0.000000000000000000, 0.000000000000000000, -1.000000000000000000 ) ) ;
#5168 = CARTESIAN_POINT ( 'NONE',  ( 19.55000000000000071, 12.50000000000000000, 3.447142787940701059 ) ) ;
#5169 = FACE_OUTER_BOUND ( 'NONE', #5251, .T. ) ;
#5170 = FACE_OUTER_BOUND ( 'NONE', #10633, .T. ) ;
#5171 = VECTOR ( 'NONE', #8853, 1000.000000000000000 ) ;
#5172 = PLANE ( 'NONE',  #9071 ) ;
#5173 = EDGE_LOOP ( 'NONE', ( #843, #10594, #9091, #3007 ) ) ;
#5174 = EDGE_LOOP ( 'NONE', ( #7631, #11628, #161, #1751 ) ) ;
#5175 = CARTESIAN_POINT ( 'NONE',  ( 16.54999999999999716, 9.400000000000002132, -2.000000000000010214 ) ) ;
#5176 = CARTESIAN_POINT ( 'NONE',  ( 6.350000000000001421, -3.358379542590069988, -8.639603194080566470E-15 ) ) ;
#5177 = EDGE_CURVE ( 'NONE', #3983, #720, #1310, .T. ) ;
#5178 = VERTEX_POINT ( 'NONE', #10525 ) ;
#5179 = CARTESIAN_POINT ( 'NONE',  ( -23.29999999999999361, 9.400000000000002132, -4.749999999999997335 ) ) ;
#5180 = EDGE_CURVE ( 'NONE', #5753, #9734, #628, .T. ) ;
#5181 = DIRECTION ( 'NONE',  ( 0.000000000000000000, -1.000000000000000000, -2.282530889443167022E-16 ) ) ;
#5182 = EDGE_CURVE ( 'NONE', #2470, #7806, #6994, .T. ) ;
#5183 = DIRECTION ( 'NONE',  ( 0.000000000000000000, 0.000000000000000000, -1.000000000000000000 ) ) ;
#5184 = CARTESIAN_POINT ( 'NONE',  ( 10.60000000000000142, 10.90000000000000036, -4.250000000000007105 ) ) ;
#5185 = AXIS2_PLACEMENT_3D ( 'NONE', #10020, #7925, #2531 ) ;
#5186 = CARTESIAN_POINT ( 'NONE',  ( 24.15000000000001279, 19.60000000000000142, 12.09999999999999432 ) ) ;
#5187 = ADVANCED_FACE ( 'NONE', ( #7032 ), #11540, .F. ) ;
#5188 = EDGE_CURVE ( 'NONE', #2248, #1806, #1407, .T. ) ;
#5189 = AXIS2_PLACEMENT_3D ( 'NONE', #11828, #3473, #6968 ) ;
#5190 = DIRECTION ( 'NONE',  ( 0.000000000000000000, -4.565061778886335030E-16, -1.000000000000000000 ) ) ;
#5191 = CIRCLE ( 'NONE', #7701, 3.000000000000000000 ) ;
#5192 = ORIENTED_EDGE ( 'NONE', *, *, #8851, .T. ) ;
#5193 = DIRECTION ( 'NONE',  ( 0.000000000000000000, 0.000000000000000000, -1.000000000000000000 ) ) ;
#5194 = AXIS2_PLACEMENT_3D ( 'NONE', #5358, #8121, #41 ) ;
#5195 = CARTESIAN_POINT ( 'NONE',  ( 13.94999999999999396, 9.399999999999989697, 7.399999999999987921 ) ) ;
#5196 = VERTEX_POINT ( 'NONE', #1577 ) ;
#5197 = LINE ( 'NONE', #6104, #8994 ) ;
#5198 = CIRCLE ( 'NONE', #9809, 0.2999999999999999334 ) ;
#5199 = DIRECTION ( 'NONE',  ( 0.000000000000000000, 0.000000000000000000, 1.000000000000000000 ) ) ;
#5200 = CARTESIAN_POINT ( 'NONE',  ( -47.67189334955345004, 2.500000000000002220, 7.400000000000005684 ) ) ;
#5201 = DIRECTION ( 'NONE',  ( 0.000000000000000000, 1.172110456741085828E-16, 1.000000000000000000 ) ) ;
#5202 = ORIENTED_EDGE ( 'NONE', *, *, #3321, .T. ) ;
#5203 = DIRECTION ( 'NONE',  ( 0.000000000000000000, -1.000000000000000000, 0.000000000000000000 ) ) ;
#5204 = ORIENTED_EDGE ( 'NONE', *, *, #9274, .T. ) ;
#5205 = EDGE_CURVE ( 'NONE', #8233, #11709, #2317, .T. ) ;
#5206 = VERTEX_POINT ( 'NONE', #7706 ) ;
#5207 = CARTESIAN_POINT ( 'NONE',  ( -10.59999999999999787, 10.90000000000000036, 4.750000000000000000 ) ) ;
#5208 = VERTEX_POINT ( 'NONE', #6797 ) ;
#5209 = FACE_OUTER_BOUND ( 'NONE', #10295, .T. ) ;
#5210 = VERTEX_POINT ( 'NONE', #1351 ) ;
#5211 = FACE_OUTER_BOUND ( 'NONE', #9244, .T. ) ;
#5212 = DIRECTION ( 'NONE',  ( 2.282859610154041239E-32, -1.000000000000000000, 1.283079494065685941E-16 ) ) ;
#5213 = CARTESIAN_POINT ( 'NONE',  ( 17.39999999999999858, 7.500000000000004441, -7.400000000000008349 ) ) ;
#5214 = CARTESIAN_POINT ( 'NONE',  ( 3.849999999999999201, 2.499999999999998668, -7.400000000000010125 ) ) ;
#5215 = CARTESIAN_POINT ( 'NONE',  ( -19.04999999999999716, 10.90000000000000036, 3.000000000000000000 ) ) ;
#5216 = VECTOR ( 'NONE', #11168, 1000.000000000000000 ) ;
#5217 = EDGE_LOOP ( 'NONE', ( #835, #4801, #10429, #9858, #7989, #2993, #8653, #6826, #2621, #5046, #5397 ) ) ;
#5218 = CARTESIAN_POINT ( 'NONE',  ( -10.59999999999999787, 24.33502884254439991, 4.750000000000001776 ) ) ;
#5219 = ORIENTED_EDGE ( 'NONE', *, *, #10047, .F. ) ;
#5220 = LINE ( 'NONE', #8162, #6924 ) ;
#5221 = ORIENTED_EDGE ( 'NONE', *, *, #524, .T. ) ;
#5222 = CIRCLE ( 'NONE', #1405, 0.2999999999999999334 ) ;
#5223 = CARTESIAN_POINT ( 'NONE',  ( -24.15000000000000568, 0.000000000000000000, -8.600000000000003197 ) ) ;
#5224 = DIRECTION ( 'NONE',  ( -0.000000000000000000, -1.000000000000000000, -0.000000000000000000 ) ) ;
#5225 = VERTEX_POINT ( 'NONE', #11596 ) ;
#5226 = DIRECTION ( 'NONE',  ( -0.000000000000000000, -1.000000000000000000, -0.000000000000000000 ) ) ;
#5227 = DIRECTION ( 'NONE',  ( 0.000000000000000000, 1.172110456741085828E-16, 1.000000000000000000 ) ) ;
#5228 = PLANE ( 'NONE',  #5267 ) ;
#5229 = CARTESIAN_POINT ( 'NONE',  ( 17.05000000000000071, 13.50000000000000178, -0.5000000000000146549 ) ) ;
#5230 = ORIENTED_EDGE ( 'NONE', *, *, #7679, .F. ) ;
#5231 = VECTOR ( 'NONE', #10312, 1000.000000000000000 ) ;
#5232 = ORIENTED_EDGE ( 'NONE', *, *, #6918, .T. ) ;
#5233 = DIRECTION ( 'NONE',  ( 8.031127203596330602E-17, 4.818676322157799347E-16, -1.000000000000000000 ) ) ;
#5234 = LINE ( 'NONE', #6269, #10386 ) ;
#5235 = ADVANCED_FACE ( 'NONE', ( #3313 ), #10467, .F. ) ;
#5236 = VERTEX_POINT ( 'NONE', #4995 ) ;
#5237 = CARTESIAN_POINT ( 'NONE',  ( 20.70000000000000284, 7.600000000000003197, 5.399999999999992362 ) ) ;
#5238 = DIRECTION ( 'NONE',  ( 0.000000000000000000, 1.000000000000000000, -1.283079494065685941E-16 ) ) ;
#5239 = AXIS2_PLACEMENT_3D ( 'NONE', #11010, #11851, #993 ) ;
#5240 = CARTESIAN_POINT ( 'NONE',  ( 13.94999999999999396, 0.5000000000000000000, 10.09999999999999787 ) ) ;
#5241 = DIRECTION ( 'NONE',  ( 0.000000000000000000, 0.000000000000000000, 1.000000000000000000 ) ) ;
#5242 = CYLINDRICAL_SURFACE ( 'NONE', #1454, 0.5000000000000004441 ) ;
#5243 = LINE ( 'NONE', #10665, #8113 ) ;
#5244 = ADVANCED_FACE ( 'NONE', ( #516 ), #7823, .F. ) ;
#5245 = EDGE_CURVE ( 'NONE', #11176, #5339, #10701, .T. ) ;
#5246 = CARTESIAN_POINT ( 'NONE',  ( 4.899999999999997691, -3.999999999999999112, -5.600000000000004974 ) ) ;
#5247 = PRESENTATION_LAYER_ASSIGNMENT (  '', '', ( #6049 ) ) ;
#5248 = ORIENTED_EDGE ( 'NONE', *, *, #1705, .T. ) ;
#5249 = DIRECTION ( 'NONE',  ( -1.000000000000000000, 0.000000000000000000, -8.031127203596331834E-17 ) ) ;
#5250 = CARTESIAN_POINT ( 'NONE',  ( 12.69999999999999929, 9.399999999999998579, -5.498154062130877853E-15 ) ) ;
#5251 = EDGE_LOOP ( 'NONE', ( #11091, #11195, #1193, #6295, #5501, #3746 ) ) ;
#5252 = EDGE_CURVE ( 'NONE', #3806, #5740, #11711, .T. ) ;
#5253 = CARTESIAN_POINT ( 'NONE',  ( -6.850000000000003197, 12.77383717497638393, 3.374835443307697247 ) ) ;
#5254 = CARTESIAN_POINT ( 'NONE',  ( 13.94999999999999396, 8.099999999999999645, 7.399999999999987921 ) ) ;
#5255 = CARTESIAN_POINT ( 'NONE',  ( 5.850000000000001421, 13.50000000000000178, -2.000000000000008882 ) ) ;
#5256 = EDGE_CURVE ( 'NONE', #9955, #3035, #6190, .T. ) ;
#5257 = VECTOR ( 'NONE', #3049, 1000.000000000000000 ) ;
#5258 = VECTOR ( 'NONE', #10077, 1000.000000000000000 ) ;
#5259 = EDGE_LOOP ( 'NONE', ( #116, #10142, #765, #9557, #6901 ) ) ;
#5260 = EDGE_CURVE ( 'NONE', #8397, #3408, #1700, .T. ) ;
#5261 = EDGE_CURVE ( 'NONE', #2009, #9708, #4767, .T. ) ;
#5262 = CARTESIAN_POINT ( 'NONE',  ( -21.55000000000000071, 5.900000000000002132, -2.999999999999998224 ) ) ;
#5263 = ORIENTED_EDGE ( 'NONE', *, *, #801, .T. ) ;
#5264 = AXIS2_PLACEMENT_3D ( 'NONE', #8429, #2019, #7287 ) ;
#5265 = VERTEX_POINT ( 'NONE', #2653 ) ;
#5266 = DIRECTION ( 'NONE',  ( 0.3236155771181862817, 0.8891264907159871500, -0.3236155771181863372 ) ) ;
#5267 = AXIS2_PLACEMENT_3D ( 'NONE', #6976, #6263, #11599 ) ;
#5268 = EDGE_LOOP ( 'NONE', ( #7666, #9345, #2310, #8474, #5977, #4544 ) ) ;
#5269 = DIRECTION ( 'NONE',  ( 0.000000000000000000, -1.000000000000000000, 0.000000000000000000 ) ) ;
#5270 = ORIENTED_EDGE ( 'NONE', *, *, #1478, .F. ) ;
#5271 = VECTOR ( 'NONE', #6221, 1000.000000000000000 ) ;
#5272 = CARTESIAN_POINT ( 'NONE',  ( -18.54999999999999716, 0.000000000000000000, 4.015563601798165301E-17 ) ) ;
#5273 = CARTESIAN_POINT ( 'NONE',  ( -19.04999999999999716, 0.000000000000000000, 0.5000000000000000000 ) ) ;
#5274 = CARTESIAN_POINT ( 'NONE',  ( -21.54999999999999716, 5.900000000000003020, 2.000000000000002665 ) ) ;
#5275 = AXIS2_PLACEMENT_3D ( 'NONE', #6916, #5111, #7087 ) ;
#5276 = CYLINDRICAL_SURFACE ( 'NONE', #2424, 1.899999999999999689 ) ;
#5277 = EDGE_CURVE ( 'NONE', #10270, #4229, #8875, .T. ) ;
#5278 = VECTOR ( 'NONE', #4074, 1000.000000000000000 ) ;
#5279 = ORIENTED_EDGE ( 'NONE', *, *, #712, .T. ) ;
#5280 = VECTOR ( 'NONE', #6555, 1000.000000000000000 ) ;
#5281 = CIRCLE ( 'NONE', #698, 1.199999999999999956 ) ;
#5282 = VECTOR ( 'NONE', #5266, 1000.000000000000227 ) ;
#5283 = CARTESIAN_POINT ( 'NONE',  ( 10.60000000000000142, 9.400000000000002132, 4.749999999999991118 ) ) ;
#5284 = ORIENTED_EDGE ( 'NONE', *, *, #4389, .F. ) ;
#5285 = CARTESIAN_POINT ( 'NONE',  ( -19.04999999999999716, 24.33502884254439991, -2.000000000000000888 ) ) ;
#5286 = EDGE_LOOP ( 'NONE', ( #5406, #2184, #4875, #10904 ) ) ;
#5287 = CARTESIAN_POINT ( 'NONE',  ( 6.350000000000001421, 11.40000000000000213, -3.500000000000010214 ) ) ;
#5288 = CARTESIAN_POINT ( 'NONE',  ( 18.55000000000000071, 12.45031130731456059, 1.999999999999992228 ) ) ;
#5289 = ORIENTED_EDGE ( 'NONE', *, *, #2485, .T. ) ;
#5290 = AXIS2_PLACEMENT_3D ( 'NONE', #10489, #5798, #9637 ) ;
#5291 = CARTESIAN_POINT ( 'NONE',  ( -8.000000000000000000, 5.900000000000003020, -2.000000000000001776 ) ) ;
#5292 = DIRECTION ( 'NONE',  ( -1.000000000000000000, -1.967058844685892123E-32, -8.031127203596330602E-17 ) ) ;
#5293 = DIRECTION ( 'NONE',  ( -4.066575051493318340E-32, -1.000000000000000000, 1.172110456741085828E-16 ) ) ;
#5294 = LINE ( 'NONE', #9979, #4095 ) ;
#5295 = ORIENTED_EDGE ( 'NONE', *, *, #7105, .T. ) ;
#5296 = ORIENTED_EDGE ( 'NONE', *, *, #3628, .T. ) ;
#5297 = CIRCLE ( 'NONE', #9908, 3.500000000000001332 ) ;
#5298 = DIRECTION ( 'NONE',  ( 0.000000000000000000, -4.565061778886335030E-16, -1.000000000000000000 ) ) ;
#5299 = EDGE_CURVE ( 'NONE', #5728, #6266, #8047, .T. ) ;
#5300 = DIRECTION ( 'NONE',  ( 0.000000000000000000, 1.000000000000000000, 0.000000000000000000 ) ) ;
#5301 = ORIENTED_EDGE ( 'NONE', *, *, #6658, .F. ) ;
#5302 = FACE_OUTER_BOUND ( 'NONE', #6438, .T. ) ;
#5303 = LINE ( 'NONE', #4506, #10385 ) ;
#5304 = CARTESIAN_POINT ( 'NONE',  ( -19.54999999999999361, 13.02062290888696161, 3.231558149175542738 ) ) ;
#5305 =( LENGTH_UNIT ( ) NAMED_UNIT ( * ) SI_UNIT ( .MILLI., .METRE. ) );
#5306 = DIRECTION ( 'NONE',  ( 0.000000000000000000, 0.000000000000000000, 1.000000000000000000 ) ) ;
#5307 = CARTESIAN_POINT ( 'NONE',  ( 4.699999999999999289, -4.000000000000000000, -7.200000000000005507 ) ) ;
#5308 = EDGE_CURVE ( 'NONE', #4490, #10735, #11833, .T. ) ;
#5309 = DIRECTION ( 'NONE',  ( -4.066575051493318340E-32, -1.000000000000000000, 1.172110456741085828E-16 ) ) ;
#5310 = ORIENTED_EDGE ( 'NONE', *, *, #11705, .F. ) ;
#5311 = DIRECTION ( 'NONE',  ( 0.000000000000000000, 0.000000000000000000, -1.000000000000000000 ) ) ;
#5312 = DIRECTION ( 'NONE',  ( -1.000000000000000000, 0.000000000000000000, -8.031127203596331834E-17 ) ) ;
#5313 = ORIENTED_EDGE ( 'NONE', *, *, #5389, .T. ) ;
#5314 = LINE ( 'NONE', #7056, #5085 ) ;
#5315 = FACE_OUTER_BOUND ( 'NONE', #7383, .T. ) ;
#5316 = PLANE ( 'NONE',  #8678 ) ;
#5317 = ADVANCED_FACE ( 'NONE', ( #10985 ), #4375, .F. ) ;
#5318 = ORIENTED_EDGE ( 'NONE', *, *, #1966, .T. ) ;
#5319 = CARTESIAN_POINT ( 'NONE',  ( -13.94999999999999574, 8.099999999999999645, 7.400000000000000355 ) ) ;
#5320 = VERTEX_POINT ( 'NONE', #7993 ) ;
#5321 = ORIENTED_EDGE ( 'NONE', *, *, #292, .T. ) ;
#5322 = EDGE_CURVE ( 'NONE', #2808, #7933, #8951, .T. ) ;
#5323 =( LENGTH_UNIT ( ) NAMED_UNIT ( * ) SI_UNIT ( .MILLI., .METRE. ) );
#5324 = ORIENTED_EDGE ( 'NONE', *, *, #4581, .F. ) ;
#5325 = CARTESIAN_POINT ( 'NONE',  ( -3.849999999999999201, 7.400000000000004796, -5.600000000000004086 ) ) ;
#5326 = VERTEX_POINT ( 'NONE', #9126 ) ;
#5327 = CARTESIAN_POINT ( 'NONE',  ( 20.70000000000000284, -3.450504516109081710, 5.499999999999983125 ) ) ;
#5328 = ADVANCED_FACE ( 'NONE', ( #3653 ), #680, .F. ) ;
#5329 = CARTESIAN_POINT ( 'NONE',  ( -3.849999999999999201, 7.600000000000004974, -5.400000000000003908 ) ) ;
#5330 = CARTESIAN_POINT ( 'NONE',  ( -17.39999999999999858, 22.60000000000000142, -7.399999999999995914 ) ) ;
#5331 = ADVANCED_FACE ( 'NONE', ( #4323 ), #11653, .F. ) ;
#5332 = DIRECTION ( 'NONE',  ( -0.000000000000000000, -1.000000000000000000, -0.000000000000000000 ) ) ;
#5333 = ORIENTED_EDGE ( 'NONE', *, *, #10481, .T. ) ;
#5334 = ADVANCED_FACE ( 'NONE', ( #2594, #10754 ), #7147, .T. ) ;
#5335 = EDGE_CURVE ( 'NONE', #141, #239, #4433, .T. ) ;
#5336 = CARTESIAN_POINT ( 'NONE',  ( -19.54999999999999716, 0.000000000000000000, -4.015563601798165301E-17 ) ) ;
#5337 = EDGE_LOOP ( 'NONE', ( #68, #6313, #10256, #297, #60, #3548 ) ) ;
#5338 = CARTESIAN_POINT ( 'NONE',  ( 3.849999999999999201, 5.900000000000002132, -2.000000000000007105 ) ) ;
#5339 = VERTEX_POINT ( 'NONE', #7211 ) ;
#5340 = CARTESIAN_POINT ( 'NONE',  ( 19.55000000000000071, 0.000000000000000000, -7.579494403205850673E-15 ) ) ;
#5341 = DIRECTION ( 'NONE',  ( 1.000000000000000000, -4.066575051493318340E-32, 0.000000000000000000 ) ) ;
#5342 = ORIENTED_EDGE ( 'NONE', *, *, #10401, .F. ) ;
#5343 = EDGE_CURVE ( 'NONE', #7235, #6162, #6312, .T. ) ;
#5344 = VECTOR ( 'NONE', #1261, 1000.000000000000000 ) ;
#5345 = DIRECTION ( 'NONE',  ( 8.031127203596330602E-17, 0.000000000000000000, -1.000000000000000000 ) ) ;
#5346 = DIRECTION ( 'NONE',  ( 0.000000000000000000, 0.000000000000000000, -1.000000000000000000 ) ) ;
#5347 = CARTESIAN_POINT ( 'NONE',  ( -4.899999999999995026, -4.000000000000000000, 7.199999999999998401 ) ) ;
#5348 = VECTOR ( 'NONE', #2976, 1000.000000000000000 ) ;
#5349 = DIRECTION ( 'NONE',  ( 0.000000000000000000, -1.283079494065685694E-16, -1.000000000000000000 ) ) ;
#5350 = AXIS2_PLACEMENT_3D ( 'NONE', #10642, #8661, #7761 ) ;
#5351 = VERTEX_POINT ( 'NONE', #3014 ) ;
#5352 = ORIENTED_EDGE ( 'NONE', *, *, #11731, .F. ) ;
#5353 = VECTOR ( 'NONE', #3025, 1000.000000000000000 ) ;
#5354 = LINE ( 'NONE', #9861, #394 ) ;
#5355 = LINE ( 'NONE', #1588, #4426 ) ;
#5356 = ORIENTED_EDGE ( 'NONE', *, *, #6977, .T. ) ;
#5357 = PLANE ( 'NONE',  #10912 ) ;
#5358 = CARTESIAN_POINT ( 'NONE',  ( 19.05000000000000071, 11.40000000000000213, -7.619650039223833312E-15 ) ) ;
#5359 = LINE ( 'NONE', #1372, #6418 ) ;
#5360 = CARTESIAN_POINT ( 'NONE',  ( -21.04999999999999716, 12.45031130731456059, 0.4999999999999930611 ) ) ;
#5361 = DIRECTION ( 'NONE',  ( 0.000000000000000000, 0.000000000000000000, -1.000000000000000000 ) ) ;
#5362 = VERTEX_POINT ( 'NONE', #4792 ) ;
#5363 = VECTOR ( 'NONE', #5788, 1000.000000000000000 ) ;
#5364 = LINE ( 'NONE', #3394, #2303 ) ;
#5365 = ORIENTED_EDGE ( 'NONE', *, *, #1990, .F. ) ;
#5366 = CYLINDRICAL_SURFACE ( 'NONE', #3268, 1.899999999999999689 ) ;
#5367 = VERTEX_POINT ( 'NONE', #6612 ) ;
#5368 = CARTESIAN_POINT ( 'NONE',  ( 4.699999999999999289, -3.450504516109081710, -5.500000000000000000 ) ) ;
#5369 = DIRECTION ( 'NONE',  ( 0.000000000000000000, 0.000000000000000000, -1.000000000000000000 ) ) ;
#5370 = CARTESIAN_POINT ( 'NONE',  ( 18.55000000000000071, 13.50000000000000178, 0.4999999999999905631 ) ) ;
#5371 = ORIENTED_EDGE ( 'NONE', *, *, #7840, .T. ) ;
#5372 = VECTOR ( 'NONE', #7085, 1000.000000000000000 ) ;
#5373 = PLANE ( 'NONE',  #1384 ) ;
#5374 = ORIENTED_EDGE ( 'NONE', *, *, #7165, .F. ) ;
#5375 = EDGE_LOOP ( 'NONE', ( #1544, #6677, #7045, #3801 ) ) ;
#5376 = CYLINDRICAL_SURFACE ( 'NONE', #321, 0.4999999999999995559 ) ;
#5377 = ORIENTED_EDGE ( 'NONE', *, *, #11285, .F. ) ;
#5378 = DIRECTION ( 'NONE',  ( 1.000000000000000000, 0.000000000000000000, 8.031127203596330602E-17 ) ) ;
#5379 = CARTESIAN_POINT ( 'NONE',  ( -6.349999999999997868, 13.50000000000000000, 1.019953154856734144E-15 ) ) ;
#5380 = ORIENTED_EDGE ( 'NONE', *, *, #3428, .F. ) ;
#5381 = CARTESIAN_POINT ( 'NONE',  ( -5.849999999999996980, 13.03878455832425054, 3.248868441461826961 ) ) ;
#5382 = CARTESIAN_POINT ( 'NONE',  ( 6.350000000000001421, 13.50000000000000000, -8.639603194080566470E-15 ) ) ;
#5383 = CARTESIAN_POINT ( 'NONE',  ( -24.15000000000000568, 22.60000000000000142, 12.09999999999999964 ) ) ;
#5384 =( NAMED_UNIT ( * ) PLANE_ANGLE_UNIT ( ) SI_UNIT ( $, .RADIAN. ) );
#5385 = EDGE_CURVE ( 'NONE', #7606, #374, #10278, .T. ) ;
#5386 = AXIS2_PLACEMENT_3D ( 'NONE', #10885, #4555, #10711 ) ;
#5387 = ORIENTED_EDGE ( 'NONE', *, *, #654, .F. ) ;
#5388 = ORIENTED_EDGE ( 'NONE', *, *, #3855, .F. ) ;
#5389 = EDGE_CURVE ( 'NONE', #8777, #9361, #1877, .T. ) ;
#5390 = LINE ( 'NONE', #7923, #1378 ) ;
#5391 = ORIENTED_EDGE ( 'NONE', *, *, #9965, .T. ) ;
#5392 = EDGE_CURVE ( 'NONE', #11306, #10402, #5767, .T. ) ;
#5393 = DIRECTION ( 'NONE',  ( 0.000000000000000000, 0.000000000000000000, 1.000000000000000000 ) ) ;
#5394 = EDGE_LOOP ( 'NONE', ( #10712, #8706, #9771, #7282 ) ) ;
#5395 = LINE ( 'NONE', #4608, #3174 ) ;
#5396 = CARTESIAN_POINT ( 'NONE',  ( -11.09999999999999787, 24.33502884254439991, 4.250000000000000888 ) ) ;
#5397 = ORIENTED_EDGE ( 'NONE', *, *, #7304, .F. ) ;
#5398 = CARTESIAN_POINT ( 'NONE',  ( -13.95000000000000462, 44.34419462753220387, 12.09999999999999964 ) ) ;
#5399 = DIRECTION ( 'NONE',  ( 0.000000000000000000, 0.000000000000000000, 1.000000000000000000 ) ) ;
#5400 = DIRECTION ( 'NONE',  ( -8.031127203596330602E-17, -2.449293598294701484E-16, 1.000000000000000000 ) ) ;
#5401 = EDGE_CURVE ( 'NONE', #8287, #8886, #2122, .T. ) ;
#5402 = EDGE_CURVE ( 'NONE', #3334, #4927, #9370, .T. ) ;
#5403 = DIRECTION ( 'NONE',  ( 0.000000000000000000, 1.000000000000000000, 0.000000000000000000 ) ) ;
#5404 = EDGE_CURVE ( 'NONE', #4145, #9467, #11234, .T. ) ;
#5405 = ORIENTED_EDGE ( 'NONE', *, *, #7026, .T. ) ;
#5406 = ORIENTED_EDGE ( 'NONE', *, *, #11285, .T. ) ;
#5408 = DIRECTION ( 'NONE',  ( -1.000000000000000000, -1.967058844685892123E-32, -8.031127203596330602E-17 ) ) ;
#5407 = AXIS2_PLACEMENT_3D ( 'NONE', #10288, #6619, #5593 ) ;
#5409 = DIRECTION ( 'NONE',  ( -7.546790969812433263E-17, 0.3420201433256707113, 0.9396926207859076507 ) ) ;
#5410 = ADVANCED_FACE ( 'NONE', ( #7630 ), #10334, .F. ) ;
#5411 = ORIENTED_EDGE ( 'NONE', *, *, #4624, .F. ) ;
#5412 = DIRECTION ( 'NONE',  ( -3.212450881438531748E-16, 0.000000000000000000, -1.000000000000000000 ) ) ;
#5413 = CARTESIAN_POINT ( 'NONE',  ( 17.39999999999999858, 2.500000000000002220, 7.399999999999995914 ) ) ;
#5414 = LINE ( 'NONE', #1714, #685 ) ;
#5415 = DIRECTION ( 'NONE',  ( 0.000000000000000000, 1.000000000000000000, -0.000000000000000000 ) ) ;
#5416 = FACE_OUTER_BOUND ( 'NONE', #3454, .T. ) ;
#5417 = VECTOR ( 'NONE', #9038, 1000.000000000000000 ) ;
#5418 = VECTOR ( 'NONE', #11215, 1000.000000000000000 ) ;
#5419 = CARTESIAN_POINT ( 'NONE',  ( -1.250000000000004663, 0.5000000000000000000, 12.09999999999999609 ) ) ;
#5420 = ORIENTED_EDGE ( 'NONE', *, *, #10970, .F. ) ;
#5421 = ADVANCED_FACE ( 'NONE', ( #5521 ), #7503, .T. ) ;
#5422 = ORIENTED_EDGE ( 'NONE', *, *, #10922, .F. ) ;
#5423 = VECTOR ( 'NONE', #7711, 1000.000000000000000 ) ;
#5424 = CARTESIAN_POINT ( 'NONE',  ( -21.04999999999999716, 12.45031130731456059, 0.4999999999999930611 ) ) ;
#5425 = ORIENTED_EDGE ( 'NONE', *, *, #365, .T. ) ;
#5426 = DIRECTION ( 'NONE',  ( 1.000000000000000000, -1.967058844685892396E-32, 8.031127203596331834E-17 ) ) ;
#5427 = VERTEX_POINT ( 'NONE', #3957 ) ;
#5428 = CARTESIAN_POINT ( 'NONE',  ( -3.849999999999995648, 7.600000000000003197, 5.400000000000001243 ) ) ;
#5429 = DIRECTION ( 'NONE',  ( 0.000000000000000000, 0.000000000000000000, 1.000000000000000000 ) ) ;
#5430 = DIRECTION ( 'NONE',  ( 0.000000000000000000, -4.565061778886335030E-16, 1.000000000000000000 ) ) ;
#5431 = VERTEX_POINT ( 'NONE', #2000 ) ;
#5432 = CARTESIAN_POINT ( 'NONE',  ( -21.54999999999999716, 9.400000000000002132, 2.000000000000001776 ) ) ;
#5433 = ORIENTED_EDGE ( 'NONE', *, *, #5916, .T. ) ;
#5434 = EDGE_CURVE ( 'NONE', #3096, #7794, #10213, .T. ) ;
#5435 = VERTEX_POINT ( 'NONE', #8522 ) ;
#5436 = CARTESIAN_POINT ( 'NONE',  ( 4.350000000000003197, 12.45031130731456059, 0.4999999999999844014 ) ) ;
#5437 = EDGE_LOOP ( 'NONE', ( #11334, #9371, #7445, #11751, #8768, #1778 ) ) ;
#5438 = FACE_OUTER_BOUND ( 'NONE', #6108, .T. ) ;
#5439 = CARTESIAN_POINT ( 'NONE',  ( 3.850000000000002753, 2.500000000000000000, 5.599999999999994316 ) ) ;
#5440 = ORIENTED_EDGE ( 'NONE', *, *, #9451, .T. ) ;
#5441 = AXIS2_PLACEMENT_3D ( 'NONE', #5272, #10011, #10971 ) ;
#5442 = CARTESIAN_POINT ( 'NONE',  ( -2.100000000000000977, 24.33502884254439991, -4.749999999999998224 ) ) ;
#5443 = DIRECTION ( 'NONE',  ( 0.000000000000000000, 0.000000000000000000, 1.000000000000000000 ) ) ;
#5444 = DIRECTION ( 'NONE',  ( -4.066575051493318340E-32, 1.000000000000000000, 1.172110456741085828E-16 ) ) ;
#5445 = CIRCLE ( 'NONE', #294, 1.899999999999999689 ) ;
#5446 = VECTOR ( 'NONE', #1379, 1000.000000000000000 ) ;
#5447 = CARTESIAN_POINT ( 'NONE',  ( 8.000000000000003553, 5.900000000000003020, 1.999999999999994005 ) ) ;
#5448 = EDGE_CURVE ( 'NONE', #2929, #2841, #324, .T. ) ;
#5449 = EDGE_LOOP ( 'NONE', ( #5738, #5295, #3365, #10740 ) ) ;
#5450 = CARTESIAN_POINT ( 'NONE',  ( 7.800000000000001599, -3.999999999999999112, -5.600000000000004974 ) ) ;
#5451 = VECTOR ( 'NONE', #2044, 1000.000000000000000 ) ;
#5452 = ORIENTED_EDGE ( 'NONE', *, *, #10835, .T. ) ;
#5453 = VECTOR ( 'NONE', #7961, 1000.000000000000000 ) ;
#5454 = CARTESIAN_POINT ( 'NONE',  ( 8.849999999999999645, 5.900000000000002132, -3.000000000000006661 ) ) ;
#5455 = EDGE_LOOP ( 'NONE', ( #1132, #6368, #8401, #1080 ) ) ;
#5456 = AXIS2_PLACEMENT_3D ( 'NONE', #8398, #11401, #8463 ) ;
#5457 = LINE ( 'NONE', #2887, #9876 ) ;
#5458 = CARTESIAN_POINT ( 'NONE',  ( -6.850000000000002309, 12.50000000000000000, -3.447142787940707720 ) ) ;
#5459 = ORIENTED_EDGE ( 'NONE', *, *, #4838, .F. ) ;
#5460 = VECTOR ( 'NONE', #3204, 1000.000000000000000 ) ;
#5461 = FACE_OUTER_BOUND ( 'NONE', #1362, .T. ) ;
#5462 = PLANE ( 'NONE',  #11488 ) ;
#5463 = DIRECTION ( 'NONE',  ( 0.000000000000000000, 1.000000000000000000, 0.000000000000000000 ) ) ;
#5464 = PLANE ( 'NONE',  #4060 ) ;
#5465 = EDGE_CURVE ( 'NONE', #9077, #10346, #3253, .T. ) ;
#5466 = AXIS2_PLACEMENT_3D ( 'NONE', #8815, #11474, #7690 ) ;
#5467 = VECTOR ( 'NONE', #1284, 1000.000000000000000 ) ;
#5468 = EDGE_CURVE ( 'NONE', #7459, #5024, #2889, .T. ) ;
#5469 = DIRECTION ( 'NONE',  ( 1.000000000000000000, -0.000000000000000000, -1.779203565104417621E-16 ) ) ;
#5470 = ORIENTED_EDGE ( 'NONE', *, *, #11631, .T. ) ;
#5471 = STYLED_ITEM ( 'NONE', ( #5505 ), #4829 ) ;
#5472 = COLOUR_RGB ( '',0.7921568627450980005, 0.8196078431372548767, 0.9333333333333333481 ) ;
#5473 = EDGE_LOOP ( 'NONE', ( #7681, #8131, #1618, #6844 ) ) ;
#5474 = FACE_OUTER_BOUND ( 'NONE', #7572, .T. ) ;
#5475 = ORIENTED_EDGE ( 'NONE', *, *, #9744, .T. ) ;
#5476 = EDGE_LOOP ( 'NONE', ( #10370, #10464, #10016, #10534, #11775, #9175, #10193, #11646, #10130 ) ) ;
#5477 = ADVANCED_FACE ( 'NONE', ( #1156 ), #7444, .F. ) ;
#5478 = AXIS2_PLACEMENT_3D ( 'NONE', #8325, #11096, #9359 ) ;
#5479 = DIRECTION ( 'NONE',  ( 0.000000000000000000, 0.000000000000000000, -1.000000000000000000 ) ) ;
#5480 = ORIENTED_EDGE ( 'NONE', *, *, #3567, .F. ) ;
#5481 = LINE ( 'NONE', #11004, #2114 ) ;
#5482 = ADVANCED_FACE ( 'NONE', ( #84 ), #2829, .F. ) ;
#5483 = FACE_OUTER_BOUND ( 'NONE', #4333, .T. ) ;
#5484 = CYLINDRICAL_SURFACE ( 'NONE', #6226, 0.3000000000000003775 ) ;
#5485 =( NAMED_UNIT ( * ) SI_UNIT ( $, .STERADIAN. ) SOLID_ANGLE_UNIT ( ) );
#5486 = EDGE_CURVE ( 'NONE', #3514, #8838, #10148, .T. ) ;
#5487 = VECTOR ( 'NONE', #3400, 1000.000000000000000 ) ;
#5488 = CARTESIAN_POINT ( 'NONE',  ( -16.54999999999999716, 5.900000000000002132, -1.999999999999997780 ) ) ;
#5489 = EDGE_CURVE ( 'NONE', #5427, #2, #4733, .T. ) ;
#5490 = ORIENTED_EDGE ( 'NONE', *, *, #8933, .F. ) ;
#5491 = ADVANCED_FACE ( 'NONE', ( #3835 ), #2950, .F. ) ;
#5492 = CARTESIAN_POINT ( 'NONE',  ( -1.249999999999996003, 9.399999999999996803, -7.400000000000003908 ) ) ;
#5493 = ORIENTED_EDGE ( 'NONE', *, *, #517, .F. ) ;
#5494 = EDGE_LOOP ( 'NONE', ( #11094, #75, #8257, #5270 ) ) ;
#5495 = EDGE_CURVE ( 'NONE', #633, #2248, #6061, .T. ) ;
#5496 = CARTESIAN_POINT ( 'NONE',  ( -20.50000000000000000, -3.999999999999999112, -5.799999999999995381 ) ) ;
#5497 = DIRECTION ( 'NONE',  ( 0.000000000000000000, -1.000000000000000000, 0.000000000000000000 ) ) ;
#5498 = DIRECTION ( 'NONE',  ( 0.000000000000000000, 1.000000000000000000, 0.000000000000000000 ) ) ;
#5499 = CLOSED_SHELL ( 'NONE', ( #489, #10185, #11193, #4636, #4984, #6732, #8258, #3195, #3036, #6007, #7636, #2626, #4207 ) ) ;
#5500 = AXIS2_PLACEMENT_3D ( 'NONE', #1177, #6569, #3795 ) ;
#5501 = ORIENTED_EDGE ( 'NONE', *, *, #5620, .T. ) ;
#5502 = PLANE ( 'NONE',  #6078 ) ;
#5503 = ORIENTED_EDGE ( 'NONE', *, *, #9209, .F. ) ;
#5504 = VERTEX_POINT ( 'NONE', #9722 ) ;
#5505 = PRESENTATION_STYLE_ASSIGNMENT (( #7427 ) ) ;
#5506 = ORIENTED_EDGE ( 'NONE', *, *, #5142, .F. ) ;
#5507 = DIRECTION ( 'NONE',  ( 0.000000000000000000, 1.172110456741085828E-16, 1.000000000000000000 ) ) ;
#5508 = DIRECTION ( 'NONE',  ( 0.000000000000000000, -0.000000000000000000, 1.000000000000000000 ) ) ;
#5509 = ORIENTED_EDGE ( 'NONE', *, *, #4770, .T. ) ;
#5510 = LINE ( 'NONE', #9168, #4496 ) ;
#5511 = DIRECTION ( 'NONE',  ( 0.000000000000000000, 0.000000000000000000, 1.000000000000000000 ) ) ;
#5512 = FACE_OUTER_BOUND ( 'NONE', #7277, .T. ) ;
#5513 = EDGE_CURVE ( 'NONE', #11549, #374, #6845, .T. ) ;
#5514 = ORIENTED_EDGE ( 'NONE', *, *, #2072, .F. ) ;
#5515 = CARTESIAN_POINT ( 'NONE',  ( -8.849999999999996092, 5.900000000000002132, 1.999999999999998668 ) ) ;
#5516 = VERTEX_POINT ( 'NONE', #8759 ) ;
#5517 = CARTESIAN_POINT ( 'NONE',  ( -7.999999999999991118, 0.5000000000000000000, -7.709882115452469489E-15 ) ) ;
#5518 = ORIENTED_EDGE ( 'NONE', *, *, #1676, .T. ) ;
#5519 = CARTESIAN_POINT ( 'NONE',  ( 4.699999999999999289, 5.900000000000002132, -3.000000000000006661 ) ) ;
#5520 = VERTEX_POINT ( 'NONE', #11350 ) ;
#5521 = FACE_OUTER_BOUND ( 'NONE', #11123, .T. ) ;
#5522 = ORIENTED_EDGE ( 'NONE', *, *, #11439, .F. ) ;
#5523 = PLANE ( 'NONE',  #1474 ) ;
#5524 = LINE ( 'NONE', #8171, #9381 ) ;
#5525 = DIRECTION ( 'NONE',  ( 0.000000000000000000, 0.000000000000000000, -1.000000000000000000 ) ) ;
#5526 = FACE_OUTER_BOUND ( 'NONE', #10277, .T. ) ;
#5527 = LINE ( 'NONE', #7274, #3503 ) ;
#5528 = VERTEX_POINT ( 'NONE', #5885 ) ;
#5529 = EDGE_LOOP ( 'NONE', ( #4434, #9127, #774, #8986 ) ) ;
#5530 = LINE ( 'NONE', #10291, #2866 ) ;
#5531 = EDGE_CURVE ( 'NONE', #6360, #9431, #8810, .T. ) ;
#5532 = ORIENTED_EDGE ( 'NONE', *, *, #11017, .F. ) ;
#5533 = DIRECTION ( 'NONE',  ( 0.000000000000000000, 0.000000000000000000, -1.000000000000000000 ) ) ;
#5534 = VERTEX_POINT ( 'NONE', #10446 ) ;
#5535 = PLANE ( 'NONE',  #7273 ) ;
#5536 = CARTESIAN_POINT ( 'NONE',  ( 16.44999999999998508, 9.399999999999989697, 7.399999999999987921 ) ) ;
#5537 = DIRECTION ( 'NONE',  ( -1.000000000000000000, 0.000000000000000000, -8.031127203596330602E-17 ) ) ;
#5538 = CARTESIAN_POINT ( 'NONE',  ( -18.54999999999999716, 0.000000000000000000, -0.4999999999999982792 ) ) ;
#5539 = VECTOR ( 'NONE', #9811, 1000.000000000000000 ) ;
#5540 = VECTOR ( 'NONE', #4753, 1000.000000000000000 ) ;
#5541 = FACE_OUTER_BOUND ( 'NONE', #3410, .T. ) ;
#5542 = ORIENTED_EDGE ( 'NONE', *, *, #3841, .F. ) ;
#5543 = EDGE_CURVE ( 'NONE', #8639, #633, #11578, .T. ) ;
#5544 = AXIS2_PLACEMENT_3D ( 'NONE', #1228, #11423, #10407 ) ;
#5545 = EDGE_CURVE ( 'NONE', #5636, #11694, #3352, .T. ) ;
#5546 = VECTOR ( 'NONE', #2708, 1000.000000000000000 ) ;
#5547 = STYLED_ITEM ( 'NONE', ( #7018 ), #979 ) ;
#5548 = EDGE_CURVE ( 'NONE', #8270, #7592, #4068, .T. ) ;
#5549 = LINE ( 'NONE', #4702, #3812 ) ;
#5550 = EDGE_CURVE ( 'NONE', #9780, #9219, #611, .T. ) ;
#5551 = EDGE_CURVE ( 'NONE', #3596, #565, #9396, .T. ) ;
#5552 = EDGE_LOOP ( 'NONE', ( #10566, #11046, #3691, #3238, #11207, #6467, #1063, #11358, #9153, #8500, #2602 ) ) ;
#5553 = VERTEX_POINT ( 'NONE', #10393 ) ;
#5554 = PLANE ( 'NONE',  #1837 ) ;
#5555 = LINE ( 'NONE', #6522, #6446 ) ;
#5556 = EDGE_CURVE ( 'NONE', #11364, #10207, #6783, .T. ) ;
#5557 = EDGE_CURVE ( 'NONE', #1590, #10581, #10625, .T. ) ;
#5558 = FACE_OUTER_BOUND ( 'NONE', #1461, .T. ) ;
#5559 = VECTOR ( 'NONE', #780, 1000.000000000000000 ) ;
#5560 = ORIENTED_EDGE ( 'NONE', *, *, #7831, .F. ) ;
#5561 = CARTESIAN_POINT ( 'NONE',  ( -19.04999999999999716, 11.40000000000000213, 0.000000000000000000 ) ) ;
#5562 = VERTEX_POINT ( 'NONE', #8642 ) ;
#5563 = VECTOR ( 'NONE', #9819, 1000.000000000000000 ) ;
#5564 = ORIENTED_EDGE ( 'NONE', *, *, #11362, .T. ) ;
#5565 = CARTESIAN_POINT ( 'NONE',  ( -24.15000000000000568, 19.60000000000000142, 9.099999999999999645 ) ) ;
#5566 = ORIENTED_EDGE ( 'NONE', *, *, #5105, .T. ) ;
#5567 = CARTESIAN_POINT ( 'NONE',  ( -4.699999999999995737, 7.400000000000003020, 5.400000000000001243 ) ) ;
#5568 = LINE ( 'NONE', #128, #674 ) ;
#5569 = ORIENTED_EDGE ( 'NONE', *, *, #8592, .T. ) ;
#5570 = CARTESIAN_POINT ( 'NONE',  ( -3.849999999999995648, 7.600000000000002309, 3.299999999999998934 ) ) ;
#5571 = CARTESIAN_POINT ( 'NONE',  ( -4.699999999999995737, 9.400000000000002132, 1.999999999999998668 ) ) ;
#5572 = FACE_OUTER_BOUND ( 'NONE', #5437, .T. ) ;
#5573 = CLOSED_SHELL ( 'NONE', ( #591, #10804, #4085, #2921, #2454, #8329, #3076, #8351, #7602, #2630, #10561, #7892, #4938, #6401, #3996, #9334, #8411, #8840, #1985, #2550, #3898, #1072, #10978, #1541, #6520, #1204, #9300, #8343, #10545, #2347, #901, #11450, #9604 ) ) ;
#5574 = DIRECTION ( 'NONE',  ( 1.000000000000000000, 0.000000000000000000, 8.031127203596331834E-17 ) ) ;
#5575 = VECTOR ( 'NONE', #4864, 1000.000000000000000 ) ;
#5576 = ORIENTED_EDGE ( 'NONE', *, *, #5035, .T. ) ;
#5577 = EDGE_CURVE ( 'NONE', #2, #9148, #8585, .T. ) ;
#5578 = PLANE ( 'NONE',  #43 ) ;
#5579 = VERTEX_POINT ( 'NONE', #1446 ) ;
#5580 = VECTOR ( 'NONE', #11159, 1000.000000000000000 ) ;
#5581 = FACE_OUTER_BOUND ( 'NONE', #11283, .T. ) ;
#5582 = ORIENTED_EDGE ( 'NONE', *, *, #11568, .T. ) ;
#5583 = DIRECTION ( 'NONE',  ( 1.000000000000000000, -0.000000000000000000, -1.779203565104417621E-16 ) ) ;
#5584 = ORIENTED_EDGE ( 'NONE', *, *, #4570, .F. ) ;
#5585 = DIRECTION ( 'NONE',  ( 0.3236155771181863927, 0.8891264907159871500, 0.3236155771181863372 ) ) ;
#5586 = ORIENTED_EDGE ( 'NONE', *, *, #5261, .T. ) ;
#5587 = AXIS2_PLACEMENT_3D ( 'NONE', #4227, #2944, #475 ) ;
#5588 = DIRECTION ( 'NONE',  ( 0.000000000000000000, 0.000000000000000000, 1.000000000000000000 ) ) ;
#5589 = CARTESIAN_POINT ( 'NONE',  ( 6.350000000000001421, 10.90000000000000036, -8.639603194080566470E-15 ) ) ;
#5590 = CARTESIAN_POINT ( 'NONE',  ( 11.45000000000000284, 9.399999999999991473, -7.400000000000008349 ) ) ;
#5591 = CARTESIAN_POINT ( 'NONE',  ( 17.39999999999999858, 7.600000000000004974, -5.400000000000012790 ) ) ;
#5592 = VECTOR ( 'NONE', #6346, 1000.000000000000114 ) ;
#5593 = DIRECTION ( 'NONE',  ( 0.000000000000000000, 0.000000000000000000, -1.000000000000000000 ) ) ;
#5594 = ORIENTED_EDGE ( 'NONE', *, *, #6441, .T. ) ;
#5595 = ORIENTED_EDGE ( 'NONE', *, *, #670, .T. ) ;
#5596 = CARTESIAN_POINT ( 'NONE',  ( -17.39999999999999858, -3.450504516109082154, -7.399999999999995914 ) ) ;
#5597 = ORIENTED_EDGE ( 'NONE', *, *, #6953, .T. ) ;
#5598 = CARTESIAN_POINT ( 'NONE',  ( -6.349999999999997868, 11.40000000000000213, 3.000000000000000888 ) ) ;
#5599 = ORIENTED_EDGE ( 'NONE', *, *, #2779, .T. ) ;
#5600 = CARTESIAN_POINT ( 'NONE',  ( -3.849999999999995648, 9.400000000000002132, 1.999999999999999112 ) ) ;
#5601 = DIRECTION ( 'NONE',  ( 0.000000000000000000, 0.000000000000000000, -1.000000000000000000 ) ) ;
#5602 = DIRECTION ( 'NONE',  ( 3.571792610879097845E-15, -0.000000000000000000, -1.000000000000000000 ) ) ;
#5603 = CARTESIAN_POINT ( 'NONE',  ( -8.350000000000003197, 12.45031130731456059, 0.4999999999999940603 ) ) ;
#5604 = LINE ( 'NONE', #9269, #1235 ) ;
#5605 = EDGE_LOOP ( 'NONE', ( #3250, #6191, #7541, #3521 ) ) ;
#5606 = AXIS2_PLACEMENT_3D ( 'NONE', #1218, #4676, #8528 ) ;
#5607 = EDGE_CURVE ( 'NONE', #3826, #2799, #7742, .T. ) ;
#5608 = CARTESIAN_POINT ( 'NONE',  ( 2.100000000000004530, 24.33502884254439991, -4.250000000000007994 ) ) ;
#5609 = ORIENTED_EDGE ( 'NONE', *, *, #6415, .F. ) ;
#5610 = AXIS2_PLACEMENT_3D ( 'NONE', #4709, #9098, #3684 ) ;
#5611 = ORIENTED_EDGE ( 'NONE', *, *, #11781, .F. ) ;
#5612 = DIRECTION ( 'NONE',  ( 0.000000000000000000, 1.000000000000000000, 0.000000000000000000 ) ) ;
#5613 = CYLINDRICAL_SURFACE ( 'NONE', #6260, 0.3000000000000003775 ) ;
#5614 = DIRECTION ( 'NONE',  ( 2.344220913482171656E-16, 1.172110456741085828E-16, 1.000000000000000000 ) ) ;
#5615 = EDGE_CURVE ( 'NONE', #6611, #9443, #8699, .T. ) ;
#5616 = EDGE_CURVE ( 'NONE', #10616, #3958, #4011, .T. ) ;
#5617 = VERTEX_POINT ( 'NONE', #6958 ) ;
#5618 = CIRCLE ( 'NONE', #470, 1.999999999999999112 ) ;
#5619 = ORIENTED_EDGE ( 'NONE', *, *, #7179, .F. ) ;
#5620 = EDGE_CURVE ( 'NONE', #10581, #108, #3187, .T. ) ;
#5621 = ORIENTED_EDGE ( 'NONE', *, *, #10842, .F. ) ;
#5622 = DIRECTION ( 'NONE',  ( 0.000000000000000000, -1.000000000000000000, 0.000000000000000000 ) ) ;
#5623 = ORIENTED_EDGE ( 'NONE', *, *, #6415, .T. ) ;
#5624 = FACE_OUTER_BOUND ( 'NONE', #10033, .T. ) ;
#5625 = CARTESIAN_POINT ( 'NONE',  ( -26.65000000000000213, 22.60000000000000142, 12.09999999999999964 ) ) ;
#5626 = ORIENTED_EDGE ( 'NONE', *, *, #7258, .F. ) ;
#5627 = EDGE_CURVE ( 'NONE', #4602, #8274, #2293, .T. ) ;
#5628 = DIRECTION ( 'NONE',  ( -1.000000000000000000, 0.000000000000000000, -8.031127203596330602E-17 ) ) ;
#5629 = ORIENTED_EDGE ( 'NONE', *, *, #371, .F. ) ;
#5630 = CARTESIAN_POINT ( 'NONE',  ( -20.69999999999999929, 9.400000000000002132, -5.499999999999996447 ) ) ;
#5631 = VECTOR ( 'NONE', #2261, 1000.000000000000000 ) ;
#5632 = CARTESIAN_POINT ( 'NONE',  ( -16.44999999999998508, 8.099999999999999645, 7.399999999999999467 ) ) ;
#5633 = CARTESIAN_POINT ( 'NONE',  ( -20.69999999999999929, -4.000000000000000000, -7.399999999999995914 ) ) ;
#5634 = EDGE_CURVE ( 'NONE', #2397, #10568, #11469, .T. ) ;
#5635 = EDGE_CURVE ( 'NONE', #3125, #3954, #1923, .T. ) ;
#5636 = VERTEX_POINT ( 'NONE', #8147 ) ;
#5637 = LINE ( 'NONE', #1091, #9619 ) ;
#5638 = ORIENTED_EDGE ( 'NONE', *, *, #6602, .F. ) ;
#5639 = DIRECTION ( 'NONE',  ( -1.606225440719265627E-16, 0.000000000000000000, -1.000000000000000000 ) ) ;
#5640 = LINE ( 'NONE', #8219, #4423 ) ;
#5641 = ORIENTED_EDGE ( 'NONE', *, *, #1522, .F. ) ;
#5642 = LINE ( 'NONE', #4667, #7951 ) ;
#5643 = AXIS2_PLACEMENT_3D ( 'NONE', #5379, #3693, #10070 ) ;
#5644 = ORIENTED_EDGE ( 'NONE', *, *, #8721, .T. ) ;
#5645 = DIRECTION ( 'NONE',  ( 0.000000000000000000, -2.449293598294701484E-16, -1.000000000000000000 ) ) ;
#5646 = EDGE_LOOP ( 'NONE', ( #2888, #8208, #333, #7564 ) ) ;
#5647 = VECTOR ( 'NONE', #4536, 1000.000000000000000 ) ;
#5648 = DIRECTION ( 'NONE',  ( 0.000000000000000000, -1.000000000000000000, 0.000000000000000000 ) ) ;
#5649 = LINE ( 'NONE', #5770, #6508 ) ;
#5650 = LINE ( 'NONE', #3602, #5862 ) ;
#5651 = CARTESIAN_POINT ( 'NONE',  ( 13.94999999999999041, 22.60000000000000142, -7.400000000000007461 ) ) ;
#5652 = ADVANCED_FACE ( 'NONE', ( #9046 ), #3519, .T. ) ;
#5653 = DIRECTION ( 'NONE',  ( 0.000000000000000000, 0.000000000000000000, -1.000000000000000000 ) ) ;
#5654 = ORIENTED_EDGE ( 'NONE', *, *, #11797, .T. ) ;
#5655 = AXIS2_PLACEMENT_3D ( 'NONE', #1354, #6749, #6921 ) ;
#5656 = AXIS2_PLACEMENT_3D ( 'NONE', #1435, #4961, #8632 ) ;
#5657 = ORIENTED_EDGE ( 'NONE', *, *, #10474, .T. ) ;
#5658 = CARTESIAN_POINT ( 'NONE',  ( -14.79999999999999716, 9.400000000000002132, 4.750000000000000000 ) ) ;
#5659 = ORIENTED_EDGE ( 'NONE', *, *, #3870, .F. ) ;
#5660 = DIRECTION ( 'NONE',  ( 0.000000000000000000, 1.000000000000000000, 0.000000000000000000 ) ) ;
#5661 = ORIENTED_EDGE ( 'NONE', *, *, #8681, .F. ) ;
#5662 = CARTESIAN_POINT ( 'NONE',  ( -11.45000000000000817, 9.399999999999998579, -7.400000000000002132 ) ) ;
#5663 = DIRECTION ( 'NONE',  ( 0.000000000000000000, 1.000000000000000000, 0.000000000000000000 ) ) ;
#5664 = LINE ( 'NONE', #2015, #9224 ) ;
#5665 = CARTESIAN_POINT ( 'NONE',  ( -10.59999999999999787, 9.400000000000002132, 4.249999999999999112 ) ) ;
#5666 = LINE ( 'NONE', #166, #11787 ) ;
#5667 = VECTOR ( 'NONE', #8033, 1000.000000000000000 ) ;
#5668 = VECTOR ( 'NONE', #884, 1000.000000000000000 ) ;
#5669 = DIRECTION ( 'NONE',  ( 0.000000000000000000, 1.000000000000000000, 0.000000000000000000 ) ) ;
#5670 = SURFACE_SIDE_STYLE ('',( #3498 ) ) ;
#5671 = VECTOR ( 'NONE', #10332, 1000.000000000000000 ) ;
#5672 = VECTOR ( 'NONE', #11185, 1000.000000000000000 ) ;
#5673 = CARTESIAN_POINT ( 'NONE',  ( -21.55000000000000071, 2.499999999999998668, -7.400000000000001243 ) ) ;
#5674 = ORIENTED_EDGE ( 'NONE', *, *, #1249, .T. ) ;
#5675 = EDGE_CURVE ( 'NONE', #11651, #6525, #1686, .T. ) ;
#5676 = AXIS2_PLACEMENT_3D ( 'NONE', #784, #10075, #4478 ) ;
#5677 = VECTOR ( 'NONE', #5154, 1000.000000000000000 ) ;
#5678 = VECTOR ( 'NONE', #27, 1000.000000000000000 ) ;
#5679 = DIRECTION ( 'NONE',  ( 1.000000000000000000, -0.000000000000000000, 3.491481338843133355E-15 ) ) ;
#5680 = ORIENTED_EDGE ( 'NONE', *, *, #5489, .F. ) ;
#5681 = ORIENTED_EDGE ( 'NONE', *, *, #1832, .F. ) ;
#5682 = VECTOR ( 'NONE', #2210, 1000.000000000000000 ) ;
#5683 = EDGE_CURVE ( 'NONE', #3005, #1042, #4473, .T. ) ;
#5684 = DIRECTION ( 'NONE',  ( 1.000000000000000000, -0.000000000000000000, -1.779203565104417621E-16 ) ) ;
#5685 = CARTESIAN_POINT ( 'NONE',  ( 4.699999999999999289, 7.600000000000002309, -3.300000000000006484 ) ) ;
#5686 = DIRECTION ( 'NONE',  ( 1.000000000000000000, -3.732783957143768629E-32, -4.688441826964344298E-16 ) ) ;
#5687 = ORIENTED_EDGE ( 'NONE', *, *, #8360, .F. ) ;
#5688 = EDGE_LOOP ( 'NONE', ( #1438, #5522, #10394, #6060, #11137, #6496, #1170, #10433, #257, #9312, #550 ) ) ;
#5689 = EDGE_CURVE ( 'NONE', #11144, #5562, #6174, .T. ) ;
#5690 = VERTEX_POINT ( 'NONE', #10797 ) ;
#5691 =( NAMED_UNIT ( * ) SI_UNIT ( $, .STERADIAN. ) SOLID_ANGLE_UNIT ( ) );
#5692 = ORIENTED_EDGE ( 'NONE', *, *, #654, .T. ) ;
#5693 = LINE ( 'NONE', #2745, #1163 ) ;
#5694 = DIRECTION ( 'NONE',  ( 0.000000000000000000, 1.000000000000000000, 0.000000000000000000 ) ) ;
#5695 = ORIENTED_EDGE ( 'NONE', *, *, #7467, .F. ) ;
#5696 = FILL_AREA_STYLE_COLOUR ( '', #8899 ) ;
#5697 = DIRECTION ( 'NONE',  ( -0.000000000000000000, -1.000000000000000000, 1.285763445415553567E-15 ) ) ;
#5698 = UNCERTAINTY_MEASURE_WITH_UNIT (LENGTH_MEASURE( 1.000000000000000082E-05 ), #1123, 'distance_accuracy_value', 'NONE');
#5699 = DIRECTION ( 'NONE',  ( -1.000000000000000000, 0.000000000000000000, 0.000000000000000000 ) ) ;
#5700 = CARTESIAN_POINT ( 'NONE',  ( -19.04999999999999716, 3.650000000000002132, 0.000000000000000000 ) ) ;
#5701 = ORIENTED_EDGE ( 'NONE', *, *, #7594, .F. ) ;
#5702 = EDGE_CURVE ( 'NONE', #3353, #6290, #4306, .T. ) ;
#5703 = DIRECTION ( 'NONE',  ( 0.000000000000000000, 0.000000000000000000, -1.000000000000000000 ) ) ;
#5704 = VERTEX_POINT ( 'NONE', #11754 ) ;
#5705 = CARTESIAN_POINT ( 'NONE',  ( 3.849999999999999201, 7.600000000000003197, -5.400000000000009237 ) ) ;
#5706 = LINE ( 'NONE', #5517, #6552 ) ;
#5707 = ORIENTED_EDGE ( 'NONE', *, *, #4094, .T. ) ;
#5708 = ADVANCED_FACE ( 'NONE', ( #9836 ), #8088, .T. ) ;
#5709 = LINE ( 'NONE', #3185, #509 ) ;
#5710 = VERTEX_POINT ( 'NONE', #725 ) ;
#5711 = CARTESIAN_POINT ( 'NONE',  ( 8.000000000000000000, -4.000000000000000000, -7.400000000000004796 ) ) ;
#5712 = EDGE_LOOP ( 'NONE', ( #5792, #8375, #5050, #8981 ) ) ;
#5713 = EDGE_CURVE ( 'NONE', #259, #4914, #8028, .T. ) ;
#5714 = EDGE_CURVE ( 'NONE', #9763, #4955, #3444, .T. ) ;
#5715 = CARTESIAN_POINT ( 'NONE',  ( 3.749999999999989342, 2.500000000000002220, 7.399999999999995914 ) ) ;
#5716 = FACE_OUTER_BOUND ( 'NONE', #2815, .T. ) ;
#5717 = DIRECTION ( 'NONE',  ( -1.000000000000000000, 5.473822126268816683E-48, -8.031127203596331834E-17 ) ) ;
#5718 = DIRECTION ( 'NONE',  ( -1.000000000000000000, 0.000000000000000000, -8.031127203596330602E-17 ) ) ;
#5719 = ADVANCED_FACE ( 'NONE', ( #6237 ), #4360, .F. ) ;
#5720 = PLANE ( 'NONE',  #2364 ) ;
#5721 = EDGE_CURVE ( 'NONE', #2574, #4775, #11695, .T. ) ;
#5722 = VERTEX_POINT ( 'NONE', #9779 ) ;
#5723 = EDGE_LOOP ( 'NONE', ( #10477, #5822, #6708, #8058, #5230, #9199 ) ) ;
#5724 = DIRECTION ( 'NONE',  ( 1.000000000000000000, 0.000000000000000000, -6.938893903907232322E-16 ) ) ;
#5725 = ORIENTED_EDGE ( 'NONE', *, *, #9772, .T. ) ;
#5726 = EDGE_CURVE ( 'NONE', #5753, #3832, #11635, .T. ) ;
#5727 = DIRECTION ( 'NONE',  ( 1.000000000000000000, -0.000000000000000000, -1.779203565104417621E-16 ) ) ;
#5728 = VERTEX_POINT ( 'NONE', #8206 ) ;
#5729 = FACE_OUTER_BOUND ( 'NONE', #2376, .T. ) ;
#5730 = CARTESIAN_POINT ( 'NONE',  ( 21.55000000000000426, 5.900000000000002132, 2.999999999999990674 ) ) ;
#5731 = CARTESIAN_POINT ( 'NONE',  ( -14.79999999999999716, 10.90000000000000036, -4.749999999999999112 ) ) ;
#5732 = CARTESIAN_POINT ( 'NONE',  ( 11.44999999999999574, 9.399999999999995026, 7.399999999999991473 ) ) ;
#5733 = CARTESIAN_POINT ( 'NONE',  ( 6.350000000000001421, 12.50000000000000000, -8.639603194080566470E-15 ) ) ;
#5734 = LINE ( 'NONE', #2972, #5631 ) ;
#5735 = ORIENTED_EDGE ( 'NONE', *, *, #7289, .T. ) ;
#5736 = EDGE_CURVE ( 'NONE', #2453, #1922, #7131, .T. ) ;
#5737 = CARTESIAN_POINT ( 'NONE',  ( -6.349999999999997868, 3.900000000000002576, 2.000000000000000888 ) ) ;
#5738 = ORIENTED_EDGE ( 'NONE', *, *, #7060, .T. ) ;
#5739 = VECTOR ( 'NONE', #5426, 1000.000000000000000 ) ;
#5740 = VERTEX_POINT ( 'NONE', #5325 ) ;
#5741 = AXIS2_PLACEMENT_3D ( 'NONE', #424, #1432, #11391 ) ;
#5742 = CARTESIAN_POINT ( 'NONE',  ( 10.60000000000000142, 24.33502884254439991, -4.750000000000009770 ) ) ;
#5743 = CARTESIAN_POINT ( 'NONE',  ( -17.39999999999999503, 7.400000000000004796, 5.600000000000004974 ) ) ;
#5744 = DIRECTION ( 'NONE',  ( 0.000000000000000000, -1.000000000000000000, -1.040834085586083468E-15 ) ) ;
#5745 = VECTOR ( 'NONE', #6567, 1000.000000000000000 ) ;
#5746 = AXIS2_PLACEMENT_3D ( 'NONE', #4610, #9181, #970 ) ;
#5747 = ORIENTED_EDGE ( 'NONE', *, *, #2662, .F. ) ;
#5748 = VERTEX_POINT ( 'NONE', #2460 ) ;
#5749 = DIRECTION ( 'NONE',  ( -1.000000000000000000, 0.000000000000000000, 0.000000000000000000 ) ) ;
#5750 = DIRECTION ( 'NONE',  ( 1.000000000000000000, 0.000000000000000000, -1.224646799147353207E-16 ) ) ;
#5751 = FACE_OUTER_BOUND ( 'NONE', #8291, .T. ) ;
#5752 = LINE ( 'NONE', #10255, #5451 ) ;
#5753 = VERTEX_POINT ( 'NONE', #6115 ) ;
#5754 = AXIS2_PLACEMENT_3D ( 'NONE', #1197, #7488, #4835 ) ;
#5755 = CARTESIAN_POINT ( 'NONE',  ( 21.55000000000000426, 7.400000000000003020, 5.399999999999992362 ) ) ;
#5756 = ORIENTED_EDGE ( 'NONE', *, *, #9321, .T. ) ;
#5757 = DIRECTION ( 'NONE',  ( 0.000000000000000000, 0.000000000000000000, 1.000000000000000000 ) ) ;
#5758 = DIRECTION ( 'NONE',  ( -0.000000000000000000, 1.000000000000000000, 0.000000000000000000 ) ) ;
#5759 = DIRECTION ( 'NONE',  ( 0.000000000000000000, -1.000000000000000000, 0.000000000000000000 ) ) ;
#5760 = ORIENTED_EDGE ( 'NONE', *, *, #8692, .T. ) ;
#5761 = CARTESIAN_POINT ( 'NONE',  ( 19.05000000000000071, 11.40000000000000213, -3.500000000000009326 ) ) ;
#5762 = EDGE_LOOP ( 'NONE', ( #7696, #6238 ) ) ;
#5763 = DIRECTION ( 'NONE',  ( 1.000000000000000000, 0.000000000000000000, -0.000000000000000000 ) ) ;
#5764 = ORIENTED_EDGE ( 'NONE', *, *, #2193, .F. ) ;
#5765 = CARTESIAN_POINT ( 'NONE',  ( -4.699999999999995737, 7.400000000000003020, 5.600000000000000533 ) ) ;
#5766 = VERTEX_POINT ( 'NONE', #10913 ) ;
#5767 = LINE ( 'NONE', #11166, #1534 ) ;
#5768 = EDGE_LOOP ( 'NONE', ( #8174, #9719, #6543, #7276, #2822 ) ) ;
#5769 = CARTESIAN_POINT ( 'NONE',  ( 6.350000000000001421, 10.90000000000000036, 2.999999999999991562 ) ) ;
#5770 = CARTESIAN_POINT ( 'NONE',  ( -6.349999999999997868, 3.900000000000002576, -1.999999999999999112 ) ) ;
#5771 = DIRECTION ( 'NONE',  ( 0.000000000000000000, -4.130293990420964459E-16, 1.000000000000000000 ) ) ;
#5772 = DIRECTION ( 'NONE',  ( -1.000000000000000000, 0.000000000000000000, 1.224646799147353207E-16 ) ) ;
#5773 = DIRECTION ( 'NONE',  ( 0.000000000000000000, 0.000000000000000000, -1.000000000000000000 ) ) ;
#5774 = VERTEX_POINT ( 'NONE', #9953 ) ;
#5775 = ADVANCED_FACE ( 'NONE', ( #5438 ), #8870, .F. ) ;
#5776 = VERTEX_POINT ( 'NONE', #6351 ) ;
#5777 = VECTOR ( 'NONE', #10268, 1000.000000000000000 ) ;
#5778 = CARTESIAN_POINT ( 'NONE',  ( 20.69999999999999574, 2.500000000000002220, 7.400000000000005684 ) ) ;
#5779 = ORIENTED_EDGE ( 'NONE', *, *, #3592, .F. ) ;
#5780 = DIRECTION ( 'NONE',  ( -0.000000000000000000, -1.000000000000000000, -0.000000000000000000 ) ) ;
#5781 = EDGE_LOOP ( 'NONE', ( #9686, #4202, #3028, #2402 ) ) ;
#5782 = LINE ( 'NONE', #9562, #4569 ) ;
#5783 = TOROIDAL_SURFACE ( 'NONE', #5194, 3.000000000000000000, 0.5000000000000011102 ) ;
#5784 = FACE_OUTER_BOUND ( 'NONE', #2773, .T. ) ;
#5785 = ADVANCED_FACE ( 'NONE', ( #5209 ), #10008, .T. ) ;
#5786 = DIRECTION ( 'NONE',  ( -0.000000000000000000, 0.000000000000000000, -1.000000000000000000 ) ) ;
#5787 = CIRCLE ( 'NONE', #997, 3.500000000000001332 ) ;
#5788 = DIRECTION ( 'NONE',  ( -1.000000000000000000, -0.000000000000000000, 6.938893903907233308E-16 ) ) ;
#5789 = LINE ( 'NONE', #8603, #9683 ) ;
#5790 = EDGE_CURVE ( 'NONE', #4749, #5851, #1981, .T. ) ;
#5791 = CARTESIAN_POINT ( 'NONE',  ( 8.000000000000003553, -3.999999999999998224, 7.399999999999994138 ) ) ;
#5792 = ORIENTED_EDGE ( 'NONE', *, *, #3344, .T. ) ;
#5793 = EDGE_CURVE ( 'NONE', #6653, #5435, #5693, .T. ) ;
#5794 = DIRECTION ( 'NONE',  ( 0.000000000000000000, 0.000000000000000000, 1.000000000000000000 ) ) ;
#5795 = LINE ( 'NONE', #7717, #1909 ) ;
#5796 = ORIENTED_EDGE ( 'NONE', *, *, #431, .T. ) ;
#5797 = CARTESIAN_POINT ( 'NONE',  ( -19.04999999999999716, 12.30000000000000249, 2.299999999999999822 ) ) ;
#5798 = DIRECTION ( 'NONE',  ( 0.000000000000000000, -1.000000000000000000, 0.000000000000000000 ) ) ;
#5799 = EDGE_CURVE ( 'NONE', #6722, #11526, #9164, .T. ) ;
#5800 = DIRECTION ( 'NONE',  ( 0.000000000000000000, -1.000000000000000000, 0.000000000000000000 ) ) ;
#5801 = VECTOR ( 'NONE', #9249, 1000.000000000000000 ) ;
#5802 = ORIENTED_EDGE ( 'NONE', *, *, #3078, .F. ) ;
#5803 = CIRCLE ( 'NONE', #641, 0.2999999999999999334 ) ;
#5804 = ORIENTED_EDGE ( 'NONE', *, *, #2116, .T. ) ;
#5805 = CARTESIAN_POINT ( 'NONE',  ( -16.54999999999999716, 7.600000000000002309, -3.299999999999997602 ) ) ;
#5806 = CARTESIAN_POINT ( 'NONE',  ( 18.54999999999999716, 13.50000000000000178, -2.244994432064372436 ) ) ;
#5807 = LINE ( 'NONE', #10498, #7483 ) ;
#5808 = CARTESIAN_POINT ( 'NONE',  ( 11.44999999999999574, 22.60000000000000142, 12.09999999999999076 ) ) ;
#5809 = VERTEX_POINT ( 'NONE', #10319 ) ;
#5810 = DIRECTION ( 'NONE',  ( 0.000000000000000000, -4.565061778886335030E-16, 1.000000000000000000 ) ) ;
#5811 = DIRECTION ( 'NONE',  ( -1.000000000000000000, -1.967058844685892396E-32, -8.031127203596331834E-17 ) ) ;
#5812 = DIRECTION ( 'NONE',  ( 2.282859610154040965E-32, -1.000000000000000000, 1.283079494065685694E-16 ) ) ;
#5813 = CARTESIAN_POINT ( 'NONE',  ( 3.749999999999989342, 2.499999999999998668, -7.400000000000003908 ) ) ;
#5814 = AXIS2_PLACEMENT_3D ( 'NONE', #6646, #11383, #6819 ) ;
#5815 = ORIENTED_EDGE ( 'NONE', *, *, #3483, .T. ) ;
#5816 = EDGE_CURVE ( 'NONE', #2386, #10766, #747, .T. ) ;
#5817 = DIRECTION ( 'NONE',  ( -0.000000000000000000, -0.000000000000000000, -1.000000000000000000 ) ) ;
#5818 = ORIENTED_EDGE ( 'NONE', *, *, #935, .F. ) ;
#5819 = ORIENTED_EDGE ( 'NONE', *, *, #562, .F. ) ;
#5820 = VECTOR ( 'NONE', #2910, 1000.000000000000000 ) ;
#5821 = DIRECTION ( 'NONE',  ( -1.000000000000000000, 0.000000000000000000, -8.031127203596330602E-17 ) ) ;
#5822 = ORIENTED_EDGE ( 'NONE', *, *, #4219, .F. ) ;
#5823 = CARTESIAN_POINT ( 'NONE',  ( 17.39999999999999858, 5.900000000000003020, -3.000000000000010658 ) ) ;
#5824 = ORIENTED_EDGE ( 'NONE', *, *, #2480, .T. ) ;
#5825 = LINE ( 'NONE', #327, #2730 ) ;
#5826 = CARTESIAN_POINT ( 'NONE',  ( -17.39999999999999503, -3.999999999999998224, 7.400000000000003020 ) ) ;
#5827 = DIRECTION ( 'NONE',  ( 0.000000000000000000, 1.000000000000000000, 0.000000000000000000 ) ) ;
#5828 = CARTESIAN_POINT ( 'NONE',  ( -6.349999999999997868, -3.358379542590069988, 1.019953154856734144E-15 ) ) ;
#5829 = EDGE_CURVE ( 'NONE', #8807, #7818, #183, .T. ) ;
#5830 = DIRECTION ( 'NONE',  ( 1.000000000000000000, -0.000000000000000000, -1.606225440719265627E-16 ) ) ;
#5831 = ORIENTED_EDGE ( 'NONE', *, *, #1579, .F. ) ;
#5832 = ORIENTED_EDGE ( 'NONE', *, *, #10634, .T. ) ;
#5833 = DIRECTION ( 'NONE',  ( 2.282859610154041239E-32, -1.000000000000000000, 1.283079494065685941E-16 ) ) ;
#5834 = ORIENTED_EDGE ( 'NONE', *, *, #5343, .T. ) ;
#5835 = AXIS2_PLACEMENT_3D ( 'NONE', #815, #3497, #759 ) ;
#5836 = DIRECTION ( 'NONE',  ( -4.066575051493318340E-32, -1.000000000000000000, 1.172110456741085828E-16 ) ) ;
#5837 = VERTEX_POINT ( 'NONE', #6532 ) ;
#5838 = CARTESIAN_POINT ( 'NONE',  ( 19.55000000000000071, 13.31091610573900752, -2.919473532809013339 ) ) ;
#5839 = ADVANCED_FACE ( 'NONE', ( #5751 ), #11033, .F. ) ;
#5840 = CARTESIAN_POINT ( 'NONE',  ( -4.350000000000003197, 12.45031130731456059, 0.5000000000000078826 ) ) ;
#5841 = CYLINDRICAL_SURFACE ( 'NONE', #906, 0.2000000000000005107 ) ;
#5842 = CARTESIAN_POINT ( 'NONE',  ( -14.79999999999999716, 24.33502884254439991, 4.749999999999998224 ) ) ;
#5843 = LINE ( 'NONE', #5963, #3350 ) ;
#5844 = COLOUR_RGB ( '',0.2509803921568627416, 0.2509803921568627416, 0.2509803921568627416 ) ;
#5845 = VECTOR ( 'NONE', #1798, 1000.000000000000000 ) ;
#5846 = VECTOR ( 'NONE', #6713, 1000.000000000000000 ) ;
#5847 = DIRECTION ( 'NONE',  ( 0.000000000000000000, -1.000000000000000000, 0.000000000000000000 ) ) ;
#5848 = EDGE_LOOP ( 'NONE', ( #11712, #5623, #7443, #706 ) ) ;
#5849 = DIRECTION ( 'NONE',  ( -0.000000000000000000, 0.000000000000000000, 1.000000000000000000 ) ) ;
#5850 = EDGE_CURVE ( 'NONE', #6111, #8791, #2101, .T. ) ;
#5851 = VERTEX_POINT ( 'NONE', #3818 ) ;
#5852 = AXIS2_PLACEMENT_3D ( 'NONE', #9337, #11074, #3854 ) ;
#5853 = CARTESIAN_POINT ( 'NONE',  ( -18.54999999999999361, 12.50000000000000000, -3.447142787940708608 ) ) ;
#5854 = ORIENTED_EDGE ( 'NONE', *, *, #5951, .F. ) ;
#5855 = VECTOR ( 'NONE', #10673, 1000.000000000000000 ) ;
#5856 = VECTOR ( 'NONE', #9720, 1000.000000000000000 ) ;
#5857 = EDGE_CURVE ( 'NONE', #4442, #7815, #4717, .T. ) ;
#5858 = SURFACE_SIDE_STYLE ('',( #10488 ) ) ;
#5859 = DIRECTION ( 'NONE',  ( 4.688441826964343312E-16, 1.172110456741085828E-16, 1.000000000000000000 ) ) ;
#5860 = AXIS2_PLACEMENT_3D ( 'NONE', #8153, #1746, #6179 ) ;
#5861 = CARTESIAN_POINT ( 'NONE',  ( 8.849999999999999645, 7.500000000000002665, -7.400000000000004796 ) ) ;
#5862 = VECTOR ( 'NONE', #8281, 1000.000000000000000 ) ;
#5863 = ADVANCED_FACE ( 'NONE', ( #6407 ), #4773, .F. ) ;
#5864 = EDGE_CURVE ( 'NONE', #4131, #1884, #1862, .T. ) ;
#5865 = AXIS2_PLACEMENT_3D ( 'NONE', #11499, #3389, #9752 ) ;
#5866 = CIRCLE ( 'NONE', #3184, 2.999999999999999112 ) ;
#5867 = PRESENTATION_LAYER_ASSIGNMENT (  '', '', ( #4319 ) ) ;
#5868 = EDGE_CURVE ( 'NONE', #8203, #1806, #953, .T. ) ;
#5869 = ORIENTED_EDGE ( 'NONE', *, *, #6376, .F. ) ;
#5870 = LINE ( 'NONE', #8622, #2441 ) ;
#5871 = CARTESIAN_POINT ( 'NONE',  ( 4.699999999999999289, 2.500000000000002220, -5.599999999999996092 ) ) ;
#5872 = CARTESIAN_POINT ( 'NONE',  ( 19.55000000000000071, 13.50000000000000178, 2.244994432064355117 ) ) ;
#5873 = ORIENTED_EDGE ( 'NONE', *, *, #528, .F. ) ;
#5874 = PLANE ( 'NONE',  #7268 ) ;
#5875 = CARTESIAN_POINT ( 'NONE',  ( -17.39999999999999503, 7.500000000000004441, 7.400000000000000355 ) ) ;
#5876 = FACE_OUTER_BOUND ( 'NONE', #10734, .T. ) ;
#5877 = FACE_OUTER_BOUND ( 'NONE', #11400, .T. ) ;
#5878 = AXIS2_PLACEMENT_3D ( 'NONE', #7061, #9830, #11520 ) ;
#5879 = ORIENTED_EDGE ( 'NONE', *, *, #7169, .F. ) ;
#5880 = CYLINDRICAL_SURFACE ( 'NONE', #2806, 2.000000000000000000 ) ;
#5881 = ORIENTED_EDGE ( 'NONE', *, *, #5448, .T. ) ;
#5882 = ORIENTED_EDGE ( 'NONE', *, *, #3443, .F. ) ;
#5883 = CYLINDRICAL_SURFACE ( 'NONE', #4882, 0.3000000000000003775 ) ;
#5884 = EDGE_LOOP ( 'NONE', ( #4539, #4710, #1305, #9240 ) ) ;
#5885 = CARTESIAN_POINT ( 'NONE',  ( -3.849999999999995648, 9.400000000000002132, 1.999999999999999112 ) ) ;
#5886 = ORIENTED_EDGE ( 'NONE', *, *, #7679, .T. ) ;
#5887 = LINE ( 'NONE', #9551, #9448 ) ;
#5888 = CARTESIAN_POINT ( 'NONE',  ( -4.699999999999995737, 7.400000000000003020, 5.600000000000000533 ) ) ;
#5889 = CARTESIAN_POINT ( 'NONE',  ( -20.69999999999999929, -3.999999999999999112, -5.599999999999996092 ) ) ;
#5890 = LINE ( 'NONE', #8647, #4501 ) ;
#5891 = EDGE_CURVE ( 'NONE', #9810, #8380, #3692, .T. ) ;
#5892 = LINE ( 'NONE', #167, #3161 ) ;
#5893 = VERTEX_POINT ( 'NONE', #1013 ) ;
#5894 = VECTOR ( 'NONE', #3988, 1000.000000000000000 ) ;
#5895 = ORIENTED_EDGE ( 'NONE', *, *, #10426, .T. ) ;
#5896 = VECTOR ( 'NONE', #7584, 1000.000000000000000 ) ;
#5897 = DIRECTION ( 'NONE',  ( -8.031127203596330602E-17, 0.000000000000000000, 1.000000000000000000 ) ) ;
#5898 = ORIENTED_EDGE ( 'NONE', *, *, #2493, .T. ) ;
#5899 = DIRECTION ( 'NONE',  ( -1.000000000000000000, 0.000000000000000000, -0.000000000000000000 ) ) ;
#5900 = ORIENTED_EDGE ( 'NONE', *, *, #2348, .F. ) ;
#5901 = CARTESIAN_POINT ( 'NONE',  ( 19.55000000000000071, 12.77419949981266711, -3.374625525598788478 ) ) ;
#5902 = DIRECTION ( 'NONE',  ( 0.000000000000000000, -4.130293990420964459E-16, 1.000000000000000000 ) ) ;
#5903 = DIRECTION ( 'NONE',  ( 0.000000000000000000, 1.000000000000000000, 0.000000000000000000 ) ) ;
#5904 = CARTESIAN_POINT ( 'NONE',  ( -8.950000000000009948, 9.399999999999996803, -7.400000000000003020 ) ) ;
#5905 = FACE_OUTER_BOUND ( 'NONE', #3120, .T. ) ;
#5906 = DIRECTION ( 'NONE',  ( 0.000000000000000000, 1.000000000000000000, -1.172110456741085828E-16 ) ) ;
#5907 = ORIENTED_EDGE ( 'NONE', *, *, #1340, .T. ) ;
#5908 = ADVANCED_FACE ( 'NONE', ( #5624 ), #6593, .F. ) ;
#5909 = FACE_OUTER_BOUND ( 'NONE', #9314, .T. ) ;
#5910 = ORIENTED_EDGE ( 'NONE', *, *, #4739, .T. ) ;
#5911 = LINE ( 'NONE', #9574, #3251 ) ;
#5912 = ORIENTED_EDGE ( 'NONE', *, *, #11435, .T. ) ;
#5913 = CARTESIAN_POINT ( 'NONE',  ( -8.849999999999999645, 2.500000000000000000, -5.600000000000002309 ) ) ;
#5914 = CARTESIAN_POINT ( 'NONE',  ( 16.54999999999999716, 7.600000000000004974, -5.400000000000012790 ) ) ;
#5915 = EDGE_CURVE ( 'NONE', #2649, #2292, #9776, .T. ) ;
#5916 = EDGE_CURVE ( 'NONE', #4259, #11397, #10254, .T. ) ;
#5917 = EDGE_CURVE ( 'NONE', #6955, #5837, #6829, .T. ) ;
#5918 = AXIS2_PLACEMENT_3D ( 'NONE', #9490, #7447, #2892 ) ;
#5919 = LINE ( 'NONE', #3279, #11723 ) ;
#5920 = ORIENTED_EDGE ( 'NONE', *, *, #3021, .F. ) ;
#5921 = CARTESIAN_POINT ( 'NONE',  ( 8.000000000000003553, 7.600000000000003197, 3.299999999999993605 ) ) ;
#5922 = CARTESIAN_POINT ( 'NONE',  ( 18.55000000000000071, 13.38118413515584848, -2.794543685082621298 ) ) ;
#5923 = DIRECTION ( 'NONE',  ( 0.000000000000000000, -1.000000000000000000, 0.000000000000000000 ) ) ;
#5924 = LINE ( 'NONE', #8507, #2583 ) ;
#5925 = EDGE_LOOP ( 'NONE', ( #11792, #51, #3181, #2396 ) ) ;
#5926 = EDGE_CURVE ( 'NONE', #2812, #2679, #10431, .T. ) ;
#5927 = EDGE_CURVE ( 'NONE', #5431, #6344, #9645, .T. ) ;
#5928 = FACE_OUTER_BOUND ( 'NONE', #8959, .T. ) ;
#5929 = LINE ( 'NONE', #4840, #4485 ) ;
#5930 = DIRECTION ( 'NONE',  ( 0.000000000000000000, 0.000000000000000000, 1.000000000000000000 ) ) ;
#5931 = VECTOR ( 'NONE', #2796, 1000.000000000000000 ) ;
#5932 = DIRECTION ( 'NONE',  ( -0.000000000000000000, -1.000000000000000000, -0.000000000000000000 ) ) ;
#5933 = AXIS2_PLACEMENT_3D ( 'NONE', #3378, #7035, #10645 ) ;
#5934 = EDGE_CURVE ( 'NONE', #1808, #9344, #11509, .T. ) ;
#5935 = AXIS2_PLACEMENT_3D ( 'NONE', #7100, #9924, #9805 ) ;
#5936 = ORIENTED_EDGE ( 'NONE', *, *, #3810, .T. ) ;
#5937 = ADVANCED_FACE ( 'NONE', ( #8745 ), #9470, .F. ) ;
#5938 = DIRECTION ( 'NONE',  ( 1.000000000000000000, 0.000000000000000000, 8.031127203596330602E-17 ) ) ;
#5939 = ORIENTED_EDGE ( 'NONE', *, *, #3575, .T. ) ;
#5940 = AXIS2_PLACEMENT_3D ( 'NONE', #3478, #5341, #25 ) ;
#5941 = ORIENTED_EDGE ( 'NONE', *, *, #10266, .F. ) ;
#5942 = FACE_OUTER_BOUND ( 'NONE', #6185, .T. ) ;
#5943 = VERTEX_POINT ( 'NONE', #5871 ) ;
#5944 = CARTESIAN_POINT ( 'NONE',  ( -4.699999999999995737, -4.000000000000000000, 7.399999999999996803 ) ) ;
#5945 = VERTEX_POINT ( 'NONE', #2385 ) ;
#5946 = DIRECTION ( 'NONE',  ( 1.000000000000000000, -0.000000000000000000, -1.779203565104417621E-16 ) ) ;
#5947 = LINE ( 'NONE', #1508, #7369 ) ;
#5948 = CARTESIAN_POINT ( 'NONE',  ( 8.350000000000006750, 13.50000000000000178, -0.5000000000000017764 ) ) ;
#5949 = PLANE ( 'NONE',  #7593 ) ;
#5950 = DIRECTION ( 'NONE',  ( -1.000000000000000000, 0.000000000000000000, 3.212450881438532241E-16 ) ) ;
#5951 = EDGE_CURVE ( 'NONE', #6116, #2294, #7846, .T. ) ;
#5952 = AXIS2_PLACEMENT_3D ( 'NONE', #7726, #10375, #2333 ) ;
#5953 = ORIENTED_EDGE ( 'NONE', *, *, #7906, .F. ) ;
#5954 = VERTEX_POINT ( 'NONE', #6938 ) ;
#5955 = DIRECTION ( 'NONE',  ( 4.688441826964343312E-16, 1.172110456741085828E-16, 1.000000000000000000 ) ) ;
#5956 = EDGE_LOOP ( 'NONE', ( #11477, #1502, #9690, #7553, #7376, #8605, #3229, #4789 ) ) ;
#5957 = CARTESIAN_POINT ( 'NONE',  ( 4.699999999999999289, 7.500000000000002665, -5.500000000000005329 ) ) ;
#5958 = VERTEX_POINT ( 'NONE', #3227 ) ;
#5959 = CARTESIAN_POINT ( 'NONE',  ( -47.67189334955344293, 8.099999999999999645, 10.10000000000000497 ) ) ;
#5960 = CARTESIAN_POINT ( 'NONE',  ( -5.849999999999997868, 13.38062289430519414, -2.796102558134458516 ) ) ;
#5961 = FACE_OUTER_BOUND ( 'NONE', #1950, .T. ) ;
#5962 = CARTESIAN_POINT ( 'NONE',  ( 19.05000000000000071, 12.50000000000000000, -7.619650039223833312E-15 ) ) ;
#5963 = CARTESIAN_POINT ( 'NONE',  ( 6.350000000000001421, -3.358379542590069988, 3.499999999999992006 ) ) ;
#5964 = CARTESIAN_POINT ( 'NONE',  ( 24.15000000000000568, 0.5000000000000000000, 12.09999999999999964 ) ) ;
#5965 = ORIENTED_EDGE ( 'NONE', *, *, #10205, .F. ) ;
#5966 = AXIS2_PLACEMENT_3D ( 'NONE', #7263, #10751, #9058 ) ;
#5967 = FACE_OUTER_BOUND ( 'NONE', #9561, .T. ) ;
#5968 = ORIENTED_EDGE ( 'NONE', *, *, #10601, .F. ) ;
#5969 = DIRECTION ( 'NONE',  ( 1.000000000000000000, -0.000000000000000000, 8.031127203596330602E-17 ) ) ;
#5970 = AXIS2_PLACEMENT_3D ( 'NONE', #2118, #9177, #4606 ) ;
#5971 = DIRECTION ( 'NONE',  ( 0.000000000000000000, 1.000000000000000000, 0.000000000000000000 ) ) ;
#5972 = CARTESIAN_POINT ( 'NONE',  ( -18.54999999999999716, 12.45031130731456059, -2.000000000000000000 ) ) ;
#5973 = CARTESIAN_POINT ( 'NONE',  ( -19.04999999999999716, 11.40000000000000213, 0.000000000000000000 ) ) ;
#5974 = EDGE_CURVE ( 'NONE', #11245, #9048, #593, .T. ) ;
#5975 = VECTOR ( 'NONE', #5794, 1000.000000000000000 ) ;
#5976 = CYLINDRICAL_SURFACE ( 'NONE', #8254, 2.999999999999999112 ) ;
#5977 = ORIENTED_EDGE ( 'NONE', *, *, #9308, .T. ) ;
#5978 = SURFACE_STYLE_FILL_AREA ( #8852 ) ;
#5979 = LINE ( 'NONE', #9469, #5894 ) ;
#5980 = DIRECTION ( 'NONE',  ( 0.000000000000000000, 0.000000000000000000, -1.000000000000000000 ) ) ;
#5981 = DIRECTION ( 'NONE',  ( 0.000000000000000000, 0.000000000000000000, 1.000000000000000000 ) ) ;
#5982 = VERTEX_POINT ( 'NONE', #4898 ) ;
#5983 = PLANE ( 'NONE',  #191 ) ;
#5984 = CARTESIAN_POINT ( 'NONE',  ( 19.05000000000000071, 12.30000000000000249, -7.619650039223833312E-15 ) ) ;
#5985 = DIRECTION ( 'NONE',  ( 0.000000000000000000, -1.283079494065685694E-16, -1.000000000000000000 ) ) ;
#5986 = EDGE_CURVE ( 'NONE', #239, #2679, #301, .T. ) ;
#5987 = CARTESIAN_POINT ( 'NONE',  ( 8.850000000000003197, 5.900000000000003020, 1.999999999999994449 ) ) ;
#5988 = ADVANCED_FACE ( 'NONE', ( #8568 ), #362, .T. ) ;
#5989 = ORIENTED_EDGE ( 'NONE', *, *, #6053, .T. ) ;
#5990 = AXIS2_PLACEMENT_3D ( 'NONE', #10399, #8352, #3781 ) ;
#5991 = EDGE_CURVE ( 'NONE', #7712, #11739, #4052, .T. ) ;
#5992 = DIRECTION ( 'NONE',  ( 8.031127203596330602E-17, 4.818676322157799347E-16, -1.000000000000000000 ) ) ;
#5993 = ORIENTED_EDGE ( 'NONE', *, *, #7436, .T. ) ;
#5994 = ADVANCED_FACE ( 'NONE', ( #3109 ), #3048, .F. ) ;
#5995 = ORIENTED_EDGE ( 'NONE', *, *, #10494, .T. ) ;
#5996 = DIRECTION ( 'NONE',  ( 0.000000000000000000, 1.000000000000000000, -2.449293598294701484E-16 ) ) ;
#5997 = ORIENTED_EDGE ( 'NONE', *, *, #8631, .F. ) ;
#5998 = DIRECTION ( 'NONE',  ( -4.066575051493318340E-32, -1.000000000000000000, 1.172110456741085828E-16 ) ) ;
#5999 = ORIENTED_EDGE ( 'NONE', *, *, #9709, .T. ) ;
#6000 = CARTESIAN_POINT ( 'NONE',  ( 17.40000000000000213, 7.500000000000002665, 5.499999999999988454 ) ) ;
#6001 = CARTESIAN_POINT ( 'NONE',  ( -18.54999999999999716, 0.000000000000000000, 4.015563601798165301E-17 ) ) ;
#6002 = DIRECTION ( 'NONE',  ( 0.000000000000000000, -1.000000000000000000, -3.097720492815726673E-16 ) ) ;
#6003 = CIRCLE ( 'NONE', #3135, 2.299999999999999822 ) ;
#6004 = LINE ( 'NONE', #7747, #3739 ) ;
#6005 = EDGE_CURVE ( 'NONE', #3651, #9178, #4399, .T. ) ;
#6006 = DIRECTION ( 'NONE',  ( 0.000000000000000000, 0.000000000000000000, 1.000000000000000000 ) ) ;
#6007 = ADVANCED_FACE ( 'NONE', ( #9707 ), #421, .F. ) ;
#6008 = ORIENTED_EDGE ( 'NONE', *, *, #1966, .F. ) ;
#6010 = LINE ( 'NONE', #4022, #8252 ) ;
#6009 = VECTOR ( 'NONE', #6573, 1000.000000000000114 ) ;
#6011 = ORIENTED_EDGE ( 'NONE', *, *, #9958, .T. ) ;
#6012 = DIRECTION ( 'NONE',  ( 0.000000000000000000, 0.000000000000000000, -1.000000000000000000 ) ) ;
#6013 = ORIENTED_EDGE ( 'NONE', *, *, #7554, .T. ) ;
#6014 = CARTESIAN_POINT ( 'NONE',  ( -19.04999999999999716, 10.90000000000000036, 0.000000000000000000 ) ) ;
#6015 = CARTESIAN_POINT ( 'NONE',  ( 0.000000000000000000, 0.000000000000000000, 0.000000000000000000 ) ) ;
#6016 = EDGE_CURVE ( 'NONE', #9039, #7361, #11388, .T. ) ;
#6017 = LINE ( 'NONE', #4090, #8001 ) ;
#6018 = LINE ( 'NONE', #1471, #9943 ) ;
#6019 = DIRECTION ( 'NONE',  ( -0.000000000000000000, 0.000000000000000000, 1.000000000000000000 ) ) ;
#6020 = CARTESIAN_POINT ( 'NONE',  ( 20.69999999999999929, 22.60000000000000142, 5.599999999999996092 ) ) ;
#6021 = VERTEX_POINT ( 'NONE', #8683 ) ;
#6022 = ORIENTED_EDGE ( 'NONE', *, *, #9408, .F. ) ;
#6023 = CARTESIAN_POINT ( 'NONE',  ( -8.849999999999996092, 7.600000000000003197, 5.400000000000001243 ) ) ;
#6024 = ORIENTED_EDGE ( 'NONE', *, *, #10824, .F. ) ;
#6025 = FACE_OUTER_BOUND ( 'NONE', #10518, .T. ) ;
#6026 = AXIS2_PLACEMENT_3D ( 'NONE', #10450, #557, #1450 ) ;
#6027 = CARTESIAN_POINT ( 'NONE',  ( 21.55000000000000071, 7.300000000000003375, -3.300000000000010036 ) ) ;
#6028 = CIRCLE ( 'NONE', #858, 0.2999999999999999334 ) ;
#6029 = DIRECTION ( 'NONE',  ( 1.000000000000000000, 0.000000000000000000, -1.224646799147353207E-16 ) ) ;
#6030 = DIRECTION ( 'NONE',  ( 0.000000000000000000, 1.000000000000000000, -2.861084389389397439E-16 ) ) ;
#6031 = EDGE_CURVE ( 'NONE', #7459, #11192, #5807, .T. ) ;
#6032 = CARTESIAN_POINT ( 'NONE',  ( 6.850000000000004974, 12.50000000000000000, -3.447142787940717490 ) ) ;
#6033 = ORIENTED_EDGE ( 'NONE', *, *, #8845, .F. ) ;
#6034 = VECTOR ( 'NONE', #7879, 1000.000000000000000 ) ;
#6035 = AXIS2_PLACEMENT_3D ( 'NONE', #8194, #10053, #6397 ) ;
#6036 = CARTESIAN_POINT ( 'NONE',  ( 1.249999999999994005, 0.5000000000000000000, 10.09999999999999432 ) ) ;
#6037 = EDGE_LOOP ( 'NONE', ( #9059, #4302, #10588, #5087 ) ) ;
#6038 = EDGE_CURVE ( 'NONE', #2066, #3346, #5017, .T. ) ;
#6039 = ADVANCED_FACE ( 'NONE', ( #6886 ), #10551, .F. ) ;
#6040 = LINE ( 'NONE', #5075, #6823 ) ;
#6041 = DIRECTION ( 'NONE',  ( 0.000000000000000000, 0.000000000000000000, -1.000000000000000000 ) ) ;
#6042 = EDGE_LOOP ( 'NONE', ( #7543, #10966, #11558, #3703 ) ) ;
#6043 = AXIS2_PLACEMENT_3D ( 'NONE', #4222, #11670, #2439 ) ;
#6044 = CARTESIAN_POINT ( 'NONE',  ( -4.699999999999995737, 7.500000000000002665, 5.499999999999997335 ) ) ;
#6045 = DIRECTION ( 'NONE',  ( -0.000000000000000000, -1.000000000000000000, 1.040834085586083468E-15 ) ) ;
#6046 = CARTESIAN_POINT ( 'NONE',  ( 4.699999999999999289, 5.900000000000002132, -2.000000000000006661 ) ) ;
#6047 = AXIS2_PLACEMENT_3D ( 'NONE', #7389, #2833, #5717 ) ;
#6048 = CARTESIAN_POINT ( 'NONE',  ( -18.54999999999999361, 13.01963939045205088, 3.232109405386087264 ) ) ;
#6049 = STYLED_ITEM ( 'NONE', ( #1838 ), #8926 ) ;
#6050 = AXIS2_PLACEMENT_3D ( 'NONE', #7129, #7861, #6956 ) ;
#6051 = VECTOR ( 'NONE', #163, 1000.000000000000000 ) ;
#6052 = ORIENTED_EDGE ( 'NONE', *, *, #4177, .T. ) ;
#6053 = EDGE_CURVE ( 'NONE', #4097, #11390, #7177, .T. ) ;
#6054 = VECTOR ( 'NONE', #265, 1000.000000000000000 ) ;
#6055 = DIRECTION ( 'NONE',  ( -4.066575051493318340E-32, -1.000000000000000000, 1.172110456741085828E-16 ) ) ;
#6056 = ORIENTED_EDGE ( 'NONE', *, *, #10121, .T. ) ;
#6057 = EDGE_LOOP ( 'NONE', ( #1810, #2013, #4069, #4240 ) ) ;
#6058 = ORIENTED_EDGE ( 'NONE', *, *, #6139, .T. ) ;
#6059 = DIRECTION ( 'NONE',  ( 0.000000000000000000, 0.000000000000000000, -1.000000000000000000 ) ) ;
#6060 = ORIENTED_EDGE ( 'NONE', *, *, #8109, .F. ) ;
#6061 = LINE ( 'NONE', #2352, #2117 ) ;
#6062 = ORIENTED_EDGE ( 'NONE', *, *, #11501, .T. ) ;
#6063 = DIRECTION ( 'NONE',  ( 2.282859610154041239E-32, -1.000000000000000000, 0.000000000000000000 ) ) ;
#6064 = DIRECTION ( 'NONE',  ( 0.000000000000000000, -4.565061778886335030E-16, -1.000000000000000000 ) ) ;
#6065 = LINE ( 'NONE', #7979, #6820 ) ;
#6066 = DIRECTION ( 'NONE',  ( 0.000000000000000000, -1.000000000000000000, 0.000000000000000000 ) ) ;
#6067 = VECTOR ( 'NONE', #7296, 1000.000000000000000 ) ;
#6068 = SURFACE_STYLE_USAGE ( .BOTH. , #9844 ) ;
#6069 = EDGE_CURVE ( 'NONE', #10568, #9980, #11623, .T. ) ;
#6070 = ORIENTED_EDGE ( 'NONE', *, *, #10669, .F. ) ;
#6071 = EDGE_CURVE ( 'NONE', #9427, #10782, #7093, .T. ) ;
#6072 = DIRECTION ( 'NONE',  ( -2.040851148208008491E-16, 1.172110456741085828E-16, -1.000000000000000000 ) ) ;
#6073 = ORIENTED_EDGE ( 'NONE', *, *, #4170, .T. ) ;
#6074 = ORIENTED_EDGE ( 'NONE', *, *, #10174, .T. ) ;
#6075 = EDGE_CURVE ( 'NONE', #7089, #9617, #7956, .T. ) ;
#6076 = EDGE_CURVE ( 'NONE', #5722, #2011, #11802, .T. ) ;
#6077 = DIRECTION ( 'NONE',  ( 0.000000000000000000, 1.000000000000000000, 0.000000000000000000 ) ) ;
#6078 = AXIS2_PLACEMENT_3D ( 'NONE', #9105, #2867, #9159 ) ;
#6079 = ORIENTED_EDGE ( 'NONE', *, *, #8727, .T. ) ;
#6080 = DIRECTION ( 'NONE',  ( 0.000000000000000000, -1.000000000000000000, 0.000000000000000000 ) ) ;
#6081 = CARTESIAN_POINT ( 'NONE',  ( -5.849999999999997868, 12.77419949981266711, -3.374625525598779596 ) ) ;
#6082 = CARTESIAN_POINT ( 'NONE',  ( -8.950000000000013500, 8.099999999999999645, 7.399999999999997691 ) ) ;
#6083 = CARTESIAN_POINT ( 'NONE',  ( 21.65000000000000924, 9.399999999999989697, 7.399999999999987033 ) ) ;
#6084 = CARTESIAN_POINT ( 'NONE',  ( -18.54999999999999716, 13.50000000000000178, -0.4999999999999982792 ) ) ;
#6085 = EDGE_CURVE ( 'NONE', #4321, #268, #1732, .T. ) ;
#6086 = EDGE_CURVE ( 'NONE', #2251, #2871, #8806, .T. ) ;
#6087 = FACE_OUTER_BOUND ( 'NONE', #10650, .T. ) ;
#6088 = EDGE_LOOP ( 'NONE', ( #8443, #8770, #8332, #7153 ) ) ;
#6089 = EDGE_CURVE ( 'NONE', #4368, #1009, #7053, .T. ) ;
#6090 = ORIENTED_EDGE ( 'NONE', *, *, #4292, .T. ) ;
#6091 = CARTESIAN_POINT ( 'NONE',  ( 18.54999999999999716, 13.50000000000000178, 2.385853457097432795 ) ) ;
#6092 = ORIENTED_EDGE ( 'NONE', *, *, #2998, .F. ) ;
#6093 = LINE ( 'NONE', #5237, #5539 ) ;
#6094 = CARTESIAN_POINT ( 'NONE',  ( -19.04999999999999716, 13.50000000000000178, -2.299999999999999822 ) ) ;
#6095 = CARTESIAN_POINT ( 'NONE',  ( -19.54999999999999716, 11.40000000000000391, -0.5000000000000000000 ) ) ;
#6096 = DIRECTION ( 'NONE',  ( 0.000000000000000000, 1.000000000000000000, 0.000000000000000000 ) ) ;
#6097 = LINE ( 'NONE', #4169, #829 ) ;
#6098 = ADVANCED_FACE ( 'NONE', ( #1782 ), #597, .F. ) ;
#6099 = CARTESIAN_POINT ( 'NONE',  ( 6.350000000000001421, 12.50000000000000000, -8.639603194080566470E-15 ) ) ;
#6100 = ORIENTED_EDGE ( 'NONE', *, *, #3004, .T. ) ;
#6101 = LINE ( 'NONE', #6159, #1281 ) ;
#6102 = CARTESIAN_POINT ( 'NONE',  ( 19.05000000000000071, 3.900000000000002576, -2.000000000000007994 ) ) ;
#6103 = ORIENTED_EDGE ( 'NONE', *, *, #10786, .T. ) ;
#6104 = CARTESIAN_POINT ( 'NONE',  ( -3.849999999999999201, 7.300000000000003375, -3.000000000000001776 ) ) ;
#6105 = CARTESIAN_POINT ( 'NONE',  ( 11.44999999999999574, 8.099999999999999645, 10.10000000000000497 ) ) ;
#6106 = LINE ( 'NONE', #8136, #5487 ) ;
#6107 = DIRECTION ( 'NONE',  ( -1.257045997084642858E-16, 0.000000000000000000, -1.000000000000000000 ) ) ;
#6108 = EDGE_LOOP ( 'NONE', ( #3457, #3529, #6486, #6469 ) ) ;
#6109 = DIRECTION ( 'NONE',  ( -4.606465321320705249E-17, -0.8191520442889935749, 0.5735764363510434949 ) ) ;
#6110 = ORIENTED_EDGE ( 'NONE', *, *, #4654, .F. ) ;
#6111 = VERTEX_POINT ( 'NONE', #7895 ) ;
#6112 = DIRECTION ( 'NONE',  ( -1.000000000000000000, -1.967058844685892396E-32, -8.031127203596331834E-17 ) ) ;
#6113 = VERTEX_POINT ( 'NONE', #11560 ) ;
#6114 = AXIS2_PLACEMENT_3D ( 'NONE', #2676, #6335, #1779 ) ;
#6115 = CARTESIAN_POINT ( 'NONE',  ( 8.350000000000003197, 12.45031130731456059, 0.4999999999999982792 ) ) ;
#6116 = VERTEX_POINT ( 'NONE', #4402 ) ;
#6117 = VECTOR ( 'NONE', #3206, 1000.000000000000000 ) ;
#6118 =( NAMED_UNIT ( * ) PLANE_ANGLE_UNIT ( ) SI_UNIT ( $, .RADIAN. ) );
#6119 = DIRECTION ( 'NONE',  ( 3.491481338843133355E-15, 0.000000000000000000, -1.000000000000000000 ) ) ;
#6120 = DIRECTION ( 'NONE',  ( 4.688441826964343312E-16, 1.172110456741085828E-16, 1.000000000000000000 ) ) ;
#6121 = CARTESIAN_POINT ( 'NONE',  ( -2.100000000000000977, 10.90000000000000036, -4.750000000000000000 ) ) ;
#6122 = CARTESIAN_POINT ( 'NONE',  ( -23.79999999999999361, 9.400000000000002132, -4.249999999999997335 ) ) ;
#6123 = AXIS2_PLACEMENT_3D ( 'NONE', #2898, #7336, #93 ) ;
#6124 = ORIENTED_EDGE ( 'NONE', *, *, #11516, .T. ) ;
#6125 = VECTOR ( 'NONE', #3908, 1000.000000000000000 ) ;
#6126 = VECTOR ( 'NONE', #4913, 1000.000000000000000 ) ;
#6127 = VECTOR ( 'NONE', #10687, 1000.000000000000000 ) ;
#6128 = FACE_OUTER_BOUND ( 'NONE', #2132, .T. ) ;
#6129 = EDGE_LOOP ( 'NONE', ( #3638, #6100, #10882, #2828 ) ) ;
#6130 = CARTESIAN_POINT ( 'NONE',  ( -4.350000000000003197, 13.50000000000000178, 0.5000000000000078826 ) ) ;
#6131 = ORIENTED_EDGE ( 'NONE', *, *, #606, .T. ) ;
#6132 = CARTESIAN_POINT ( 'NONE',  ( -19.54999999999999716, 12.50000000000000000, 2.000000000000000444 ) ) ;
#6133 = CARTESIAN_POINT ( 'NONE',  ( -5.849999999999997868, 13.12884441861953633, -3.139756845749392067 ) ) ;
#6134 = EDGE_LOOP ( 'NONE', ( #455, #9014, #11636, #92 ) ) ;
#6135 = DIRECTION ( 'NONE',  ( 0.000000000000000000, 0.000000000000000000, 1.000000000000000000 ) ) ;
#6136 = DIRECTION ( 'NONE',  ( 0.000000000000000000, -1.000000000000000000, -2.282530889443167022E-16 ) ) ;
#6137 = DIRECTION ( 'NONE',  ( 0.000000000000000000, 0.000000000000000000, 1.000000000000000000 ) ) ;
#6138 = AXIS2_PLACEMENT_3D ( 'NONE', #10784, #2564, #2678 ) ;
#6139 = EDGE_CURVE ( 'NONE', #3132, #8582, #647, .T. ) ;
#6140 = CARTESIAN_POINT ( 'NONE',  ( -11.09999999999999787, 10.90000000000000036, -4.249999999999998224 ) ) ;
#6141 = ORIENTED_EDGE ( 'NONE', *, *, #8037, .F. ) ;
#6142 = EDGE_LOOP ( 'NONE', ( #4609, #10699, #2996, #2001 ) ) ;
#6143 = DIRECTION ( 'NONE',  ( 1.000000000000000000, 0.000000000000000000, -0.000000000000000000 ) ) ;
#6144 = VECTOR ( 'NONE', #2856, 1000.000000000000000 ) ;
#6145 = EDGE_CURVE ( 'NONE', #2808, #11067, #3570, .T. ) ;
#6146 = DIRECTION ( 'NONE',  ( -0.000000000000000000, -1.000000000000000000, -0.000000000000000000 ) ) ;
#6147 = ORIENTED_EDGE ( 'NONE', *, *, #5205, .T. ) ;
#6148 = CARTESIAN_POINT ( 'NONE',  ( -20.50101862066827962, -3.997201362714914996, -7.201018620668275361 ) ) ;
#6149 = ADVANCED_FACE ( 'NONE', ( #1669 ), #2505, .T. ) ;
#6150 = DIRECTION ( 'NONE',  ( 0.000000000000000000, -1.000000000000000000, -0.000000000000000000 ) ) ;
#6151 = FACE_OUTER_BOUND ( 'NONE', #7086, .T. ) ;
#6152 = AXIS2_PLACEMENT_3D ( 'NONE', #1152, #10273, #11047 ) ;
#6153 = FACE_OUTER_BOUND ( 'NONE', #8017, .T. ) ;
#6154 = ADVANCED_FACE ( 'NONE', ( #3332 ), #4284, .T. ) ;
#6155 = VECTOR ( 'NONE', #3370, 1000.000000000000000 ) ;
#6156 = FACE_OUTER_BOUND ( 'NONE', #9407, .T. ) ;
#6157 = VECTOR ( 'NONE', #9123, 1000.000000000000000 ) ;
#6158 = ORIENTED_EDGE ( 'NONE', *, *, #5713, .T. ) ;
#6159 = CARTESIAN_POINT ( 'NONE',  ( -6.849999999999998757, 13.50000000000000178, 2.000000000000000888 ) ) ;
#6160 = AXIS2_PLACEMENT_3D ( 'NONE', #7408, #11732, #10945 ) ;
#6161 = DIRECTION ( 'NONE',  ( 2.282859610154041239E-32, -1.000000000000000000, 1.283079494065685941E-16 ) ) ;
#6162 = VERTEX_POINT ( 'NONE', #2446 ) ;
#6163 = EDGE_CURVE ( 'NONE', #7699, #11300, #9822, .T. ) ;
#6164 = AXIS2_PLACEMENT_3D ( 'NONE', #4216, #6981, #10654 ) ;
#6165 = FACE_OUTER_BOUND ( 'NONE', #109, .T. ) ;
#6166 = CARTESIAN_POINT ( 'NONE',  ( -20.69999999999999929, 2.499999999999998668, -7.399999999999995914 ) ) ;
#6167 = DIRECTION ( 'NONE',  ( -1.000000000000000000, 0.000000000000000000, -8.031127203596330602E-17 ) ) ;
#6168 = ORIENTED_EDGE ( 'NONE', *, *, #10492, .F. ) ;
#6169 = CARTESIAN_POINT ( 'NONE',  ( 8.849999999999999645, 2.499999999999998668, -5.600000000000006750 ) ) ;
#6170 = ORIENTED_EDGE ( 'NONE', *, *, #785, .T. ) ;
#6171 = ORIENTED_EDGE ( 'NONE', *, *, #11439, .T. ) ;
#6172 = LINE ( 'NONE', #1619, #132 ) ;
#6173 = ORIENTED_EDGE ( 'NONE', *, *, #289, .F. ) ;
#6174 = LINE ( 'NONE', #10683, #4393 ) ;
#6175 = VERTEX_POINT ( 'NONE', #6102 ) ;
#6176 = FACE_OUTER_BOUND ( 'NONE', #3310, .T. ) ;
#6177 = CARTESIAN_POINT ( 'NONE',  ( -20.69999999999999929, 7.600000000000003197, -3.299999999999997602 ) ) ;
#6178 = CARTESIAN_POINT ( 'NONE',  ( 21.55000000000000426, 7.600000000000003197, 5.399999999999992362 ) ) ;
#6179 = DIRECTION ( 'NONE',  ( 0.8191520442889935749, 0.5735764363510434949, 0.000000000000000000 ) ) ;
#6180 = DIRECTION ( 'NONE',  ( 0.000000000000000000, 0.000000000000000000, 1.000000000000000000 ) ) ;
#6181 = EDGE_CURVE ( 'NONE', #1172, #2649, #9762, .T. ) ;
#6182 = AXIS2_PLACEMENT_3D ( 'NONE', #4794, #3017, #10338 ) ;
#6183 = ORIENTED_EDGE ( 'NONE', *, *, #9668, .T. ) ;
#6184 = LINE ( 'NONE', #3530, #9218 ) ;
#6185 = EDGE_LOOP ( 'NONE', ( #738, #10747, #8462, #6056 ) ) ;
#6186 = DIRECTION ( 'NONE',  ( 1.000000000000000000, -1.967058844685892396E-32, 8.031127203596331834E-17 ) ) ;
#6187 = ORIENTED_EDGE ( 'NONE', *, *, #8188, .F. ) ;
#6188 = AXIS2_PLACEMENT_3D ( 'NONE', #7449, #9492, #1285 ) ;
#6189 = CARTESIAN_POINT ( 'NONE',  ( -19.04999999999999716, 12.30000000000000071, -3.500000000000000000 ) ) ;
#6190 = LINE ( 'NONE', #10930, #11117 ) ;
#6191 = ORIENTED_EDGE ( 'NONE', *, *, #692, .T. ) ;
#6192 = EDGE_CURVE ( 'NONE', #1707, #2780, #3507, .T. ) ;
#6193 = DIRECTION ( 'NONE',  ( 0.000000000000000000, 1.000000000000000000, 2.282530889443167022E-16 ) ) ;
#6194 = DIRECTION ( 'NONE',  ( 0.000000000000000000, 1.000000000000000000, 0.000000000000000000 ) ) ;
#6195 = CYLINDRICAL_SURFACE ( 'NONE', #8145, 0.5000000000000004441 ) ;
#6196 = DIRECTION ( 'NONE',  ( 4.606465321320705249E-17, -0.8191520442889935749, -0.5735764363510434949 ) ) ;
#6197 = ORIENTED_EDGE ( 'NONE', *, *, #11645, .F. ) ;
#6198 = AXIS2_PLACEMENT_3D ( 'NONE', #1003, #1067, #5430 ) ;
#6199 = EDGE_LOOP ( 'NONE', ( #8513, #2384, #11691, #5480 ) ) ;
#6200 = CARTESIAN_POINT ( 'NONE',  ( 24.15000000000001279, 8.099999999999999645, 10.09999999999999254 ) ) ;
#6201 = ADVANCED_FACE ( 'NONE', ( #8076 ), #5366, .T. ) ;
#6202 = PLANE ( 'NONE',  #5386 ) ;
#6203 = EDGE_LOOP ( 'NONE', ( #8027, #7759, #923, #6518, #4895, #7428 ) ) ;
#6204 = CARTESIAN_POINT ( 'NONE',  ( -1.249999999999996003, 9.399999999999998579, 7.399999999999995914 ) ) ;
#6205 = EDGE_CURVE ( 'NONE', #8082, #5528, #11310, .T. ) ;
#6206 = LINE ( 'NONE', #1196, #4044 ) ;
#6207 = VECTOR ( 'NONE', #4755, 1000.000000000000000 ) ;
#6208 = DIRECTION ( 'NONE',  ( 0.000000000000000000, 1.000000000000000000, 0.000000000000000000 ) ) ;
#6209 = CARTESIAN_POINT ( 'NONE',  ( 5.850000000000000533, 13.02062290888696161, 3.231558149175534300 ) ) ;
#6210 = CARTESIAN_POINT ( 'NONE',  ( -20.69999999999999929, 7.500000000000002665, -5.499999999999996447 ) ) ;
#6211 = EDGE_CURVE ( 'NONE', #4391, #10616, #3032, .T. ) ;
#6212 = EDGE_CURVE ( 'NONE', #11489, #6365, #6687, .T. ) ;
#6213 = VECTOR ( 'NONE', #3190, 1000.000000000000227 ) ;
#6214 = PLANE ( 'NONE',  #388 ) ;
#6215 = VECTOR ( 'NONE', #7344, 1000.000000000000000 ) ;
#6216 = EDGE_CURVE ( 'NONE', #795, #9134, #1231, .T. ) ;
#6217 = EDGE_CURVE ( 'NONE', #4955, #9898, #7521, .T. ) ;
#6218 = ORIENTED_EDGE ( 'NONE', *, *, #5916, .F. ) ;
#6219 = DIRECTION ( 'NONE',  ( 0.000000000000000000, -1.000000000000000000, 0.000000000000000000 ) ) ;
#6220 = ORIENTED_EDGE ( 'NONE', *, *, #10337, .F. ) ;
#6221 = DIRECTION ( 'NONE',  ( -3.571792610879097845E-15, 0.000000000000000000, 1.000000000000000000 ) ) ;
#6222 = LINE ( 'NONE', #3624, #6067 ) ;
#6223 = EDGE_CURVE ( 'NONE', #6266, #10204, #6334, .T. ) ;
#6224 = EDGE_CURVE ( 'NONE', #7084, #10402, #344, .T. ) ;
#6225 = DIRECTION ( 'NONE',  ( -0.000000000000000000, -0.000000000000000000, 1.000000000000000000 ) ) ;
#6226 = AXIS2_PLACEMENT_3D ( 'NONE', #9393, #10043, #6631 ) ;
#6227 = PRESENTATION_LAYER_ASSIGNMENT (  '', '', ( #1253 ) ) ;
#6228 = ORIENTED_EDGE ( 'NONE', *, *, #10439, .F. ) ;
#6229 = EDGE_CURVE ( 'NONE', #4604, #7484, #8413, .T. ) ;
#6230 = DIRECTION ( 'NONE',  ( 0.000000000000000000, -1.000000000000000000, 0.000000000000000000 ) ) ;
#6231 = ORIENTED_EDGE ( 'NONE', *, *, #7766, .F. ) ;
#6232 = CIRCLE ( 'NONE', #8142, 1.899999999999999689 ) ;
#6233 = ORIENTED_EDGE ( 'NONE', *, *, #1832, .T. ) ;
#6234 = DIRECTION ( 'NONE',  ( 2.282859610154041239E-32, -1.000000000000000000, 1.283079494065685941E-16 ) ) ;
#6235 = VECTOR ( 'NONE', #6571, 1000.000000000000000 ) ;
#6236 = ORIENTED_EDGE ( 'NONE', *, *, #2320, .F. ) ;
#6237 = FACE_OUTER_BOUND ( 'NONE', #8802, .T. ) ;
#6238 = ORIENTED_EDGE ( 'NONE', *, *, #11656, .F. ) ;
#6239 = AXIS2_PLACEMENT_3D ( 'NONE', #8629, #8510, #3943 ) ;
#6240 = DIRECTION ( 'NONE',  ( -1.000000000000000000, 0.000000000000000000, 0.000000000000000000 ) ) ;
#6241 = FACE_OUTER_BOUND ( 'NONE', #1222, .T. ) ;
#6242 = CARTESIAN_POINT ( 'NONE',  ( 6.850000000000002309, 0.000000000000000000, 0.4999999999999930611 ) ) ;
#6243 = VECTOR ( 'NONE', #9735, 1000.000000000000000 ) ;
#6244 = DIRECTION ( 'NONE',  ( 0.000000000000000000, 0.000000000000000000, -1.000000000000000000 ) ) ;
#6245 = AXIS2_PLACEMENT_3D ( 'NONE', #2331, #4231, #7955 ) ;
#6246 = DIRECTION ( 'NONE',  ( -0.000000000000000000, -1.000000000000000000, -0.000000000000000000 ) ) ;
#6247 = AXIS2_PLACEMENT_3D ( 'NONE', #4657, #9294, #2818 ) ;
#6248 = ORIENTED_EDGE ( 'NONE', *, *, #7822, .T. ) ;
#6249 = VECTOR ( 'NONE', #11294, 1000.000000000000000 ) ;
#6250 = AXIS2_PLACEMENT_3D ( 'NONE', #1580, #519, #9738 ) ;
#6251 = VECTOR ( 'NONE', #3046, 1000.000000000000000 ) ;
#6252 = CARTESIAN_POINT ( 'NONE',  ( -17.39999999999999858, 0.5000000000000004441, -5.599999999999996092 ) ) ;
#6253 = ORIENTED_EDGE ( 'NONE', *, *, #854, .F. ) ;
#6254 = VECTOR ( 'NONE', #1428, 1000.000000000000000 ) ;
#6255 = LINE ( 'NONE', #5285, #1188 ) ;
#6256 = ORIENTED_EDGE ( 'NONE', *, *, #3146, .F. ) ;
#6257 = DIRECTION ( 'NONE',  ( 0.000000000000000000, 0.000000000000000000, 1.000000000000000000 ) ) ;
#6258 = CARTESIAN_POINT ( 'NONE',  ( 6.350000000000001421, 10.90000000000000036, -2.000000000000008882 ) ) ;
#6259 = ORIENTED_EDGE ( 'NONE', *, *, #2202, .T. ) ;
#6260 = AXIS2_PLACEMENT_3D ( 'NONE', #4578, #3809, #7481 ) ;
#6261 = DIRECTION ( 'NONE',  ( -1.779203565104417621E-16, 2.282530889443167022E-16, -1.000000000000000000 ) ) ;
#6262 = CARTESIAN_POINT ( 'NONE',  ( -21.65000000000000924, 2.500000000000002220, 7.400000000000001243 ) ) ;
#6263 = DIRECTION ( 'NONE',  ( 1.000000000000000000, 0.000000000000000000, -0.000000000000000000 ) ) ;
#6264 = LINE ( 'NONE', #3484, #8696 ) ;
#6265 = ORIENTED_EDGE ( 'NONE', *, *, #5123, .T. ) ;
#6266 = VERTEX_POINT ( 'NONE', #8545 ) ;
#6267 = VECTOR ( 'NONE', #10061, 1000.000000000000000 ) ;
#6268 = CARTESIAN_POINT ( 'NONE',  ( 24.15000000000000568, 0.5000000000000000000, -8.600000000000003197 ) ) ;
#6269 = CARTESIAN_POINT ( 'NONE',  ( 6.350000000000001421, 3.900000000000002576, -2.000000000000008882 ) ) ;
#6270 = ORIENTED_EDGE ( 'NONE', *, *, #11182, .F. ) ;
#6271 = FACE_OUTER_BOUND ( 'NONE', #7117, .T. ) ;
#6272 = DIRECTION ( 'NONE',  ( 3.491481338843133355E-15, 0.000000000000000000, -1.000000000000000000 ) ) ;
#6273 = CARTESIAN_POINT ( 'NONE',  ( -19.54999999999999716, 13.12884441861953633, 3.139756845749393399 ) ) ;
#6274 = CARTESIAN_POINT ( 'NONE',  ( 24.15000000000000568, 0.000000000000000000, -8.600000000000003197 ) ) ;
#6275 = LINE ( 'NONE', #8011, #10089 ) ;
#6276 = DIRECTION ( 'NONE',  ( 1.000000000000000000, -0.000000000000000000, -1.779203565104417621E-16 ) ) ;
#6277 = LINE ( 'NONE', #8848, #11673 ) ;
#6278 = ORIENTED_EDGE ( 'NONE', *, *, #5607, .T. ) ;
#6279 = FILL_AREA_STYLE ('',( #2623 ) ) ;
#6280 = DIRECTION ( 'NONE',  ( -6.938893903907233308E-16, 0.000000000000000000, -1.000000000000000000 ) ) ;
#6281 = ORIENTED_EDGE ( 'NONE', *, *, #7665, .F. ) ;
#6282 = EDGE_CURVE ( 'NONE', #11720, #8202, #11187, .T. ) ;
#6283 = CARTESIAN_POINT ( 'NONE',  ( 21.55000000000000071, 9.400000000000002132, -2.000000000000009770 ) ) ;
#6284 = CARTESIAN_POINT ( 'NONE',  ( 11.10000000000000142, 10.90000000000000036, -4.250000000000007105 ) ) ;
#6285 = CARTESIAN_POINT ( 'NONE',  ( 0.000000000000000000, 12.50000000000000000, 0.000000000000000000 ) ) ;
#6286 = EDGE_CURVE ( 'NONE', #10782, #6702, #1299, .T. ) ;
#6287 = EDGE_CURVE ( 'NONE', #10058, #4637, #1121, .T. ) ;
#6288 = EDGE_LOOP ( 'NONE', ( #5764, #1153, #6765, #6253 ) ) ;
#6289 = DIRECTION ( 'NONE',  ( -1.000000000000000000, 0.000000000000000000, -8.031127203596330602E-17 ) ) ;
#6290 = VERTEX_POINT ( 'NONE', #8368 ) ;
#6291 = EDGE_CURVE ( 'NONE', #11341, #4460, #10470, .T. ) ;
#6292 = ADVANCED_FACE ( 'NONE', ( #399 ), #2195, .F. ) ;
#6293 = EDGE_LOOP ( 'NONE', ( #6770, #2457, #7948, #4800 ) ) ;
#6294 = CARTESIAN_POINT ( 'NONE',  ( -7.999999999999996447, -4.000000000000000000, 7.399999999999996803 ) ) ;
#6295 = ORIENTED_EDGE ( 'NONE', *, *, #5557, .T. ) ;
#6296 = DIRECTION ( 'NONE',  ( -1.000000000000000000, -6.699696681973820339E-33, 1.257045997084642858E-16 ) ) ;
#6297 = DIRECTION ( 'NONE',  ( -0.000000000000000000, 1.000000000000000000, -3.043374519257556029E-16 ) ) ;
#6298 = ORIENTED_EDGE ( 'NONE', *, *, #7527, .F. ) ;
#6299 = EDGE_CURVE ( 'NONE', #3258, #2576, #2968, .T. ) ;
#6300 = FACE_OUTER_BOUND ( 'NONE', #2461, .T. ) ;
#6301 = CARTESIAN_POINT ( 'NONE',  ( 19.05000000000000071, 10.90000000000000036, -7.619650039223833312E-15 ) ) ;
#6302 = CARTESIAN_POINT ( 'NONE',  ( 21.55000000000000426, 5.900000000000002132, 2.999999999999990674 ) ) ;
#6303 = FILL_AREA_STYLE_COLOUR ( '', #4680 ) ;
#6304 = ADVANCED_FACE ( 'NONE', ( #6630 ), #165, .F. ) ;
#6305 = VERTEX_POINT ( 'NONE', #11128 ) ;
#6306 = DIRECTION ( 'NONE',  ( -1.000000000000000000, 0.000000000000000000, -0.000000000000000000 ) ) ;
#6307 = ORIENTED_EDGE ( 'NONE', *, *, #11584, .F. ) ;
#6308 = VECTOR ( 'NONE', #3960, 1000.000000000000000 ) ;
#6309 = FACE_OUTER_BOUND ( 'NONE', #5375, .T. ) ;
#6310 = ORIENTED_EDGE ( 'NONE', *, *, #1784, .T. ) ;
#6311 = PLANE ( 'NONE',  #7381 ) ;
#6312 = LINE ( 'NONE', #10876, #6700 ) ;
#6313 = ORIENTED_EDGE ( 'NONE', *, *, #7171, .F. ) ;
#6314 = AXIS2_PLACEMENT_3D ( 'NONE', #6771, #3230, #9593 ) ;
#6315 = FACE_OUTER_BOUND ( 'NONE', #4299, .T. ) ;
#6316 = LINE ( 'NONE', #2656, #9176 ) ;
#6317 = LINE ( 'NONE', #9920, #8532 ) ;
#6318 = EDGE_CURVE ( 'NONE', #11300, #2897, #10299, .T. ) ;
#6319 = AXIS2_PLACEMENT_3D ( 'NONE', #3669, #4558, #8364 ) ;
#6320 = PLANE ( 'NONE',  #2008 ) ;
#6321 = VERTEX_POINT ( 'NONE', #5732 ) ;
#6322 = VERTEX_POINT ( 'NONE', #1178 ) ;
#6323 = CARTESIAN_POINT ( 'NONE',  ( -2.100000000000000977, 24.33502884254439991, 4.750000000000000000 ) ) ;
#6324 = DIRECTION ( 'NONE',  ( 1.000000000000000000, 0.000000000000000000, 3.571792610879097845E-15 ) ) ;
#6325 = ORIENTED_EDGE ( 'NONE', *, *, #4549, .F. ) ;
#6326 = LINE ( 'NONE', #9139, #8229 ) ;
#6327 = AXIS2_PLACEMENT_3D ( 'NONE', #2577, #8937, #4530 ) ;
#6328 = CARTESIAN_POINT ( 'NONE',  ( -19.55000000000000071, 12.64004603719379638, 3.423222966674349443 ) ) ;
#6329 = LINE ( 'NONE', #1896, #11009 ) ;
#6330 = DIRECTION ( 'NONE',  ( 0.000000000000000000, -1.000000000000000000, 0.000000000000000000 ) ) ;
#6331 = DIRECTION ( 'NONE',  ( -1.779203565104417621E-16, 2.282530889443167022E-16, -1.000000000000000000 ) ) ;
#6332 = ORIENTED_EDGE ( 'NONE', *, *, #6832, .T. ) ;
#6333 = EDGE_CURVE ( 'NONE', #2349, #8807, #6570, .T. ) ;
#6334 = CIRCLE ( 'NONE', #219, 0.5000000000000004441 ) ;
#6335 = DIRECTION ( 'NONE',  ( 4.066575051493318340E-32, 1.000000000000000000, -1.172110456741085828E-16 ) ) ;
#6336 = EDGE_LOOP ( 'NONE', ( #10622, #1046, #10813, #2631, #7252, #2026, #10847, #18, #4681 ) ) ;
#6337 = CARTESIAN_POINT ( 'NONE',  ( -1.600000000000000755, 24.33502884254439991, 4.250000000000000000 ) ) ;
#6338 = ORIENTED_EDGE ( 'NONE', *, *, #4079, .F. ) ;
#6339 = ADVANCED_FACE ( 'NONE', ( #7585 ), #4327, .F. ) ;
#6340 = DIRECTION ( 'NONE',  ( 0.000000000000000000, 1.000000000000000000, 0.000000000000000000 ) ) ;
#6341 = CARTESIAN_POINT ( 'NONE',  ( -4.699999999999995737, -3.999999999999999112, 5.799999999999996270 ) ) ;
#6342 = LINE ( 'NONE', #11086, #1029 ) ;
#6343 = VECTOR ( 'NONE', #9440, 1000.000000000000000 ) ;
#6344 = VERTEX_POINT ( 'NONE', #6083 ) ;
#6345 = AXIS2_PLACEMENT_3D ( 'NONE', #6607, #7558, #6664 ) ;
#6346 = DIRECTION ( 'NONE',  ( -0.000000000000000000, 0.5735764363510434949, 0.8191520442889935749 ) ) ;
#6347 = ORIENTED_EDGE ( 'NONE', *, *, #3578, .F. ) ;
#6348 = VERTEX_POINT ( 'NONE', #4265 ) ;
#6349 = LINE ( 'NONE', #5436, #4316 ) ;
#6350 = ORIENTED_EDGE ( 'NONE', *, *, #9715, .T. ) ;
#6351 = CARTESIAN_POINT ( 'NONE',  ( 19.55000000000000071, 12.45031130731456059, 1.999999999999992228 ) ) ;
#6352 = DIRECTION ( 'NONE',  ( 0.000000000000000000, -4.565061778886335030E-16, -1.000000000000000000 ) ) ;
#6353 = ORIENTED_EDGE ( 'NONE', *, *, #8932, .T. ) ;
#6354 = EDGE_CURVE ( 'NONE', #4005, #8915, #9739, .T. ) ;
#6355 = SURFACE_STYLE_USAGE ( .BOTH. , #8990 ) ;
#6356 = FACE_OUTER_BOUND ( 'NONE', #9356, .T. ) ;
#6357 = DIRECTION ( 'NONE',  ( 0.000000000000000000, 0.000000000000000000, -1.000000000000000000 ) ) ;
#6358 = CARTESIAN_POINT ( 'NONE',  ( -6.850000000000002309, 12.50000000000000000, -3.500000000000004885 ) ) ;
#6359 = EDGE_CURVE ( 'NONE', #11175, #8503, #11301, .T. ) ;
#6360 = VERTEX_POINT ( 'NONE', #9566 ) ;
#6361 = EDGE_CURVE ( 'NONE', #4442, #8685, #9629, .T. ) ;
#6362 = CARTESIAN_POINT ( 'NONE',  ( 21.55000000000000426, 7.300000000000002487, 2.999999999999991118 ) ) ;
#6363 = ORIENTED_EDGE ( 'NONE', *, *, #9938, .F. ) ;
#6364 = CYLINDRICAL_SURFACE ( 'NONE', #11713, 1.899999999999999689 ) ;
#6365 = VERTEX_POINT ( 'NONE', #8889 ) ;
#6366 = CARTESIAN_POINT ( 'NONE',  ( -8.000000000000000000, 7.300000000000003375, -3.000000000000001776 ) ) ;
#6367 = CARTESIAN_POINT ( 'NONE',  ( 24.14999999999999858, 9.399999999999987921, -7.400000000000012790 ) ) ;
#6368 = ORIENTED_EDGE ( 'NONE', *, *, #4508, .F. ) ;
#6369 = EDGE_CURVE ( 'NONE', #1135, #3334, #6862, .T. ) ;
#6370 = LINE ( 'NONE', #10990, #8740 ) ;
#6371 = CARTESIAN_POINT ( 'NONE',  ( 6.350000000000001421, 3.900000000000002576, -8.639603194080566470E-15 ) ) ;
#6372 = DIRECTION ( 'NONE',  ( -1.000000000000000000, 0.000000000000000000, -8.031127203596330602E-17 ) ) ;
#6373 = DIRECTION ( 'NONE',  ( 1.000000000000000000, -0.000000000000000000, -1.779203565104417621E-16 ) ) ;
#6374 = AXIS2_PLACEMENT_3D ( 'NONE', #9781, #10449, #4070 ) ;
#6375 = CARTESIAN_POINT ( 'NONE',  ( 4.899999999999997691, -3.999999999999999112, -5.800000000000004263 ) ) ;
#6376 = EDGE_CURVE ( 'NONE', #2791, #2804, #1144, .T. ) ;
#6377 = ORIENTED_EDGE ( 'NONE', *, *, #11496, .T. ) ;
#6378 = ORIENTED_EDGE ( 'NONE', *, *, #4197, .F. ) ;
#6380 = DIRECTION ( 'NONE',  ( 0.000000000000000000, 0.000000000000000000, -1.000000000000000000 ) ) ;
#6379 = VECTOR ( 'NONE', #975, 1000.000000000000000 ) ;
#6381 = ORIENTED_EDGE ( 'NONE', *, *, #5401, .T. ) ;
#6382 = EDGE_CURVE ( 'NONE', #638, #10926, #1353, .T. ) ;
#6383 = DIRECTION ( 'NONE',  ( 0.000000000000000000, 0.000000000000000000, -1.000000000000000000 ) ) ;
#6384 = EDGE_LOOP ( 'NONE', ( #2732, #10307, #7337, #4037 ) ) ;
#6385 = FACE_OUTER_BOUND ( 'NONE', #2307, .T. ) ;
#6386 = CARTESIAN_POINT ( 'NONE',  ( 19.55000000000000071, 12.45031130731456059, 1.999999999999992228 ) ) ;
#6387 = DIRECTION ( 'NONE',  ( 0.000000000000000000, 0.000000000000000000, 1.000000000000000000 ) ) ;
#6388 = FILL_AREA_STYLE ('',( #9697 ) ) ;
#6389 = VECTOR ( 'NONE', #5614, 1000.000000000000000 ) ;
#6390 = CYLINDRICAL_SURFACE ( 'NONE', #9652, 0.2000000000000005107 ) ;
#6391 = ORIENTED_EDGE ( 'NONE', *, *, #9301, .F. ) ;
#6392 = VECTOR ( 'NONE', #4697, 1000.000000000000000 ) ;
#6393 = CARTESIAN_POINT ( 'NONE',  ( -7.999999999999996447, 2.499999999999998668, 5.499999999999997335 ) ) ;
#6394 = ORIENTED_EDGE ( 'NONE', *, *, #9598, .F. ) ;
#6395 = ORIENTED_EDGE ( 'NONE', *, *, #2156, .T. ) ;
#6396 = ADVANCED_FACE ( 'NONE', ( #5169 ), #7997, .F. ) ;
#6397 = DIRECTION ( 'NONE',  ( 0.000000000000000000, 0.000000000000000000, -1.000000000000000000 ) ) ;
#6398 = LINE ( 'NONE', #1907, #8553 ) ;
#6399 = LINE ( 'NONE', #9278, #8299 ) ;
#6400 = ORIENTED_EDGE ( 'NONE', *, *, #7843, .F. ) ;
#6401 = ADVANCED_FACE ( 'NONE', ( #9798, #2315 ), #4153, .F. ) ;
#6402 = CARTESIAN_POINT ( 'NONE',  ( -6.349999999999997868, 12.50000000000000000, 1.019953154856734144E-15 ) ) ;
#6403 = EDGE_LOOP ( 'NONE', ( #1916, #4469, #2430, #2517, #7041, #6236 ) ) ;
#6404 = EDGE_LOOP ( 'NONE', ( #9917, #9160, #7913, #6197 ) ) ;
#6405 = PLANE ( 'NONE',  #8355 ) ;
#6406 = DIRECTION ( 'NONE',  ( 1.000000000000000000, -0.000000000000000000, -1.779203565104417621E-16 ) ) ;
#6407 = FACE_OUTER_BOUND ( 'NONE', #11098, .T. ) ;
#6408 = LINE ( 'NONE', #11820, #11203 ) ;
#6409 = VERTEX_POINT ( 'NONE', #7091 ) ;
#6410 = LINE ( 'NONE', #2816, #1250 ) ;
#6411 = CARTESIAN_POINT ( 'NONE',  ( -8.849999999999996092, 2.499999999999998668, 5.599999999999998757 ) ) ;
#6412 = CARTESIAN_POINT ( 'NONE',  ( -19.04999999999999716, 11.40000000000000213, 0.000000000000000000 ) ) ;
#6413 = VECTOR ( 'NONE', #665, 1000.000000000000000 ) ;
#6414 = LINE ( 'NONE', #8454, #9674 ) ;
#6415 = EDGE_CURVE ( 'NONE', #1128, #5636, #7878, .T. ) ;
#6416 = EDGE_LOOP ( 'NONE', ( #10507, #2899, #11762, #1813 ) ) ;
#6417 = DIRECTION ( 'NONE',  ( 0.000000000000000000, 0.000000000000000000, -1.000000000000000000 ) ) ;
#6418 = VECTOR ( 'NONE', #3283, 1000.000000000000000 ) ;
#6419 = ORIENTED_EDGE ( 'NONE', *, *, #5556, .T. ) ;
#6420 = AXIS2_PLACEMENT_3D ( 'NONE', #8324, #14, #6537 ) ;
#6421 = CARTESIAN_POINT ( 'NONE',  ( 8.950000000000006395, 2.500000000000002220, 7.399999999999995026 ) ) ;
#6422 = ORIENTED_EDGE ( 'NONE', *, *, #357, .F. ) ;
#6423 = VECTOR ( 'NONE', #6112, 1000.000000000000000 ) ;
#6424 = DIRECTION ( 'NONE',  ( 0.000000000000000000, -0.000000000000000000, 1.000000000000000000 ) ) ;
#6425 = ORIENTED_EDGE ( 'NONE', *, *, #1944, .F. ) ;
#6426 = CARTESIAN_POINT ( 'NONE',  ( -6.850000000000001421, 13.38118413515584848, -2.794543685082612416 ) ) ;
#6427 = ORIENTED_EDGE ( 'NONE', *, *, #9750, .T. ) ;
#6428 = PRESENTATION_LAYER_ASSIGNMENT (  '', '', ( #9696 ) ) ;
#6429 = CARTESIAN_POINT ( 'NONE',  ( -19.04999999999999716, 9.400000000000002132, 1.999999999999999112 ) ) ;
#6430 = CARTESIAN_POINT ( 'NONE',  ( 3.849999999999999201, 7.300000000000002487, -3.300000000000006928 ) ) ;
#6431 = CARTESIAN_POINT ( 'NONE',  ( 3.850000000000002753, 7.300000000000003375, 2.999999999999993783 ) ) ;
#6432 = DIRECTION ( 'NONE',  ( 1.000000000000000000, 0.000000000000000000, -2.040851148208008491E-16 ) ) ;
#6433 = VECTOR ( 'NONE', #3840, 1000.000000000000000 ) ;
#6434 = EDGE_CURVE ( 'NONE', #4403, #3005, #7262, .T. ) ;
#6435 = VECTOR ( 'NONE', #7271, 1000.000000000000000 ) ;
#6436 = CARTESIAN_POINT ( 'NONE',  ( -5.849999999999997868, 12.50000000000000000, -3.500000000000004885 ) ) ;
#6437 = CIRCLE ( 'NONE', #7395, 2.299999999999999822 ) ;
#6438 = EDGE_LOOP ( 'NONE', ( #5148, #2007, #5420, #10822, #8133 ) ) ;
#6439 = ADVANCED_FACE ( 'NONE', ( #11598 ), #10527, .T. ) ;
#6440 = VECTOR ( 'NONE', #11817, 1000.000000000000000 ) ;
#6441 = EDGE_CURVE ( 'NONE', #3950, #9122, #2109, .T. ) ;
#6442 = ADVANCED_FACE ( 'NONE', ( #7825 ), #11485, .F. ) ;
#6443 = ORIENTED_EDGE ( 'NONE', *, *, #5713, .F. ) ;
#6444 = LINE ( 'NONE', #2010, #5353 ) ;
#6445 = EDGE_LOOP ( 'NONE', ( #7638, #6170, #7264, #4990 ) ) ;
#6446 = VECTOR ( 'NONE', #7419, 1000.000000000000000 ) ;
#6447 = CARTESIAN_POINT ( 'NONE',  ( 17.40000000000000213, 0.5000000000000004441, 5.599999999999996092 ) ) ;
#6448 = ORIENTED_EDGE ( 'NONE', *, *, #1254, .T. ) ;
#6449 = LINE ( 'NONE', #97, #3618 ) ;
#6450 = EDGE_CURVE ( 'NONE', #3116, #6266, #6018, .T. ) ;
#6451 = EDGE_CURVE ( 'NONE', #7991, #6305, #8789, .T. ) ;
#6452 = PLANE ( 'NONE',  #6745 ) ;
#6453 = CARTESIAN_POINT ( 'NONE',  ( -11.45000000000000462, 9.399999999999996803, -7.400000000000003020 ) ) ;
#6454 = DIRECTION ( 'NONE',  ( -4.066575051493318340E-32, 1.000000000000000000, 1.172110456741085828E-16 ) ) ;
#6455 = LINE ( 'NONE', #3737, #3147 ) ;
#6456 = VECTOR ( 'NONE', #5817, 1000.000000000000000 ) ;
#6457 = ORIENTED_EDGE ( 'NONE', *, *, #2485, .F. ) ;
#6458 = DIRECTION ( 'NONE',  ( 1.000000000000000000, 0.000000000000000000, 3.491481338843133355E-15 ) ) ;
#6459 = ORIENTED_EDGE ( 'NONE', *, *, #76, .T. ) ;
#6460 = ORIENTED_EDGE ( 'NONE', *, *, #7425, .F. ) ;
#6461 = FACE_OUTER_BOUND ( 'NONE', #8217, .T. ) ;
#6462 = LINE ( 'NONE', #2093, #4706 ) ;
#6463 = ADVANCED_FACE ( 'NONE', ( #6975 ), #1703, .F. ) ;
#6464 = DIRECTION ( 'NONE',  ( -1.000000000000000000, -4.066575051493318340E-32, 0.000000000000000000 ) ) ;
#6465 = AXIS2_PLACEMENT_3D ( 'NONE', #6705, #8567, #10430 ) ;
#6466 = AXIS2_PLACEMENT_3D ( 'NONE', #7824, #5903, #5056 ) ;
#6467 = ORIENTED_EDGE ( 'NONE', *, *, #5634, .T. ) ;
#6468 = DIRECTION ( 'NONE',  ( 0.000000000000000000, 0.000000000000000000, 1.000000000000000000 ) ) ;
#6469 = ORIENTED_EDGE ( 'NONE', *, *, #8499, .T. ) ;
#6470 = EDGE_LOOP ( 'NONE', ( #3816, #5411, #10794, #10210 ) ) ;
#6471 = FILL_AREA_STYLE ('',( #2689 ) ) ;
#6472 = VERTEX_POINT ( 'NONE', #7215 ) ;
#6473 = DIRECTION ( 'NONE',  ( -0.000000000000000000, -6.579587588715665943E-16, 1.000000000000000000 ) ) ;
#6474 = CARTESIAN_POINT ( 'NONE',  ( -1.600000000000000755, 9.400000000000002132, -4.250000000000000000 ) ) ;
#6475 = ORIENTED_EDGE ( 'NONE', *, *, #2267, .T. ) ;
#6476 =( NAMED_UNIT ( * ) PLANE_ANGLE_UNIT ( ) SI_UNIT ( $, .RADIAN. ) );
#6477 = DIRECTION ( 'NONE',  ( 8.031127203596330602E-17, 2.449293598294701484E-16, -1.000000000000000000 ) ) ;
#6478 = PLANE ( 'NONE',  #5478 ) ;
#6479 = PLANE ( 'NONE',  #4873 ) ;
#6480 = ORIENTED_EDGE ( 'NONE', *, *, #2855, .T. ) ;
#6481 = LINE ( 'NONE', #6362, #5580 ) ;
#6482 = ORIENTED_EDGE ( 'NONE', *, *, #4156, .T. ) ;
#6483 = PLANE ( 'NONE',  #6345 ) ;
#6484 = ORIENTED_EDGE ( 'NONE', *, *, #7170, .F. ) ;
#6485 = CARTESIAN_POINT ( 'NONE',  ( 11.44999999999999574, 9.399999999999993250, -7.400000000000008349 ) ) ;
#6486 = ORIENTED_EDGE ( 'NONE', *, *, #9746, .T. ) ;
#6487 = DIRECTION ( 'NONE',  ( 2.282859610154041239E-32, -1.000000000000000000, 1.283079494065685941E-16 ) ) ;
#6488 = ORIENTED_EDGE ( 'NONE', *, *, #9663, .T. ) ;
#6489 = DIRECTION ( 'NONE',  ( 0.000000000000000000, 0.000000000000000000, 1.000000000000000000 ) ) ;
#6490 = CARTESIAN_POINT ( 'NONE',  ( -47.67189334955345004, 2.500000000000000444, -5.599999999999995204 ) ) ;
#6491 = LINE ( 'NONE', #6431, #7963 ) ;
#6492 = CARTESIAN_POINT ( 'NONE',  ( 21.55000000000000426, 7.300000000000002487, 3.299999999999990496 ) ) ;
#6493 = EDGE_CURVE ( 'NONE', #9498, #5553, #746, .T. ) ;
#6494 = DIRECTION ( 'NONE',  ( 0.000000000000000000, 0.000000000000000000, 1.000000000000000000 ) ) ;
#6495 = ORIENTED_EDGE ( 'NONE', *, *, #11862, .T. ) ;
#6496 = ORIENTED_EDGE ( 'NONE', *, *, #10409, .F. ) ;
#6497 = CARTESIAN_POINT ( 'NONE',  ( 6.350000000000001421, 13.50000000000000178, -2.300000000000008704 ) ) ;
#6498 = ORIENTED_EDGE ( 'NONE', *, *, #8561, .T. ) ;
#6499 = CARTESIAN_POINT ( 'NONE',  ( -21.54999999999999716, 5.900000000000003020, 3.000000000000002665 ) ) ;
#6500 = ORIENTED_EDGE ( 'NONE', *, *, #5402, .T. ) ;
#6501 = CARTESIAN_POINT ( 'NONE',  ( -16.44999999999998508, 9.400000000000002132, 7.400000000000000355 ) ) ;
#6502 = LINE ( 'NONE', #2082, #10841 ) ;
#6503 = DIRECTION ( 'NONE',  ( -1.000000000000000000, -0.000000000000000000, 3.558407130208835242E-16 ) ) ;
#6504 = DIRECTION ( 'NONE',  ( 0.000000000000000000, -0.5735764363510434949, 0.8191520442889935749 ) ) ;
#6505 = DIRECTION ( 'NONE',  ( -0.000000000000000000, -1.000000000000000000, -0.000000000000000000 ) ) ;
#6506 = VECTOR ( 'NONE', #11194, 1000.000000000000000 ) ;
#6507 = EDGE_CURVE ( 'NONE', #10084, #10805, #6316, .T. ) ;
#6508 = VECTOR ( 'NONE', #2178, 1000.000000000000000 ) ;
#6509 = LINE ( 'NONE', #10044, #7588 ) ;
#6510 = CARTESIAN_POINT ( 'NONE',  ( 8.350000000000003197, 13.50000000000000178, 0.4999999999999982792 ) ) ;
#6511 = CIRCLE ( 'NONE', #8612, 2.000000000000000000 ) ;
#6512 = ORIENTED_EDGE ( 'NONE', *, *, #9376, .T. ) ;
#6513 = ADVANCED_FACE ( 'NONE', ( #3657 ), #1910, .T. ) ;
#6514 = VECTOR ( 'NONE', #380, 1000.000000000000000 ) ;
#6515 = EDGE_CURVE ( 'NONE', #8323, #4446, #4760, .T. ) ;
#6516 = DIRECTION ( 'NONE',  ( -3.491481338843133355E-15, 0.000000000000000000, 1.000000000000000000 ) ) ;
#6517 = ORIENTED_EDGE ( 'NONE', *, *, #160, .T. ) ;
#6518 = ORIENTED_EDGE ( 'NONE', *, *, #8998, .F. ) ;
#6519 = ADVANCED_FACE ( 'NONE', ( #10091 ), #4436, .T. ) ;
#6520 = ADVANCED_FACE ( 'NONE', ( #7328 ), #4380, .T. ) ;
#6521 = DIRECTION ( 'NONE',  ( 0.000000000000000000, 0.000000000000000000, -1.000000000000000000 ) ) ;
#6522 = CARTESIAN_POINT ( 'NONE',  ( 8.850000000000003197, 5.900000000000003020, 2.999999999999994227 ) ) ;
#6523 = CARTESIAN_POINT ( 'NONE',  ( 1.249999999999994227, 9.399999999999991473, -7.400000000000007461 ) ) ;
#6524 = VECTOR ( 'NONE', #6473, 1000.000000000000000 ) ;
#6525 = VERTEX_POINT ( 'NONE', #2713 ) ;
#6526 = CARTESIAN_POINT ( 'NONE',  ( 8.950000000000006395, 2.499999999999998668, -7.400000000000004796 ) ) ;
#6527 = VERTEX_POINT ( 'NONE', #6262 ) ;
#6528 = ADVANCED_FACE ( 'NONE', ( #9065, #10027 ), #10991, .T. ) ;
#6529 = AXIS2_PLACEMENT_3D ( 'NONE', #5608, #8304, #10118 ) ;
#6530 = EDGE_LOOP ( 'NONE', ( #8656, #9535 ) ) ;
#6531 = ORIENTED_EDGE ( 'NONE', *, *, #6977, .F. ) ;
#6532 = CARTESIAN_POINT ( 'NONE',  ( 5.850000000000001421, 12.50000000000000000, 3.447142787940700170 ) ) ;
#6534 = DIRECTION ( 'NONE',  ( 0.000000000000000000, 0.000000000000000000, 1.000000000000000000 ) ) ;
#6533 = B_SPLINE_CURVE_WITH_KNOTS ( 'NONE', 3,
 ( #3945, #7618, #11278, #3054, #10382, #8800, #6048, #8020, #10729, #2509 ),
 .UNSPECIFIED., .F., .F.,
 ( 4, 2, 2, 2, 4 ),
 ( 0.001559271179728315224, 0.001980931126849242926, 0.002402591073970171062, 0.002824251021091098764, 0.003245910968212026466 ),
 .UNSPECIFIED. ) ;
#6535 = ORIENTED_EDGE ( 'NONE', *, *, #5299, .F. ) ;
#6536 = DIRECTION ( 'NONE',  ( -4.606465321320705249E-17, -0.8191520442889935749, 0.5735764363510434949 ) ) ;
#6537 = DIRECTION ( 'NONE',  ( 1.606225440719265627E-16, 0.000000000000000000, 1.000000000000000000 ) ) ;
#6538 = PLANE ( 'NONE',  #4699 ) ;
#6539 = CARTESIAN_POINT ( 'NONE',  ( -24.15000000000000568, 22.60000000000000142, -7.400000000000000355 ) ) ;
#6540 = AXIS2_PLACEMENT_3D ( 'NONE', #1226, #7458, #3904 ) ;
#6541 = ORIENTED_EDGE ( 'NONE', *, *, #6788, .F. ) ;
#6542 = CARTESIAN_POINT ( 'NONE',  ( -8.849999999999999645, 7.500000000000004441, -5.500000000000000000 ) ) ;
#6543 = ORIENTED_EDGE ( 'NONE', *, *, #9209, .T. ) ;
#6544 = CARTESIAN_POINT ( 'NONE',  ( -13.95000000000000462, 0.5000000000000000000, 10.09999999999999787 ) ) ;
#6545 = VECTOR ( 'NONE', #4317, 1000.000000000000000 ) ;
#6546 = CARTESIAN_POINT ( 'NONE',  ( 16.55000000000000071, 5.900000000000002132, 1.999999999999990008 ) ) ;
#6547 = ORIENTED_EDGE ( 'NONE', *, *, #8440, .F. ) ;
#6548 = LINE ( 'NONE', #6366, #8733 ) ;
#6549 = ORIENTED_EDGE ( 'NONE', *, *, #5934, .F. ) ;
#6550 = DIRECTION ( 'NONE',  ( 0.000000000000000000, 1.000000000000000000, -2.449293598294701484E-16 ) ) ;
#6551 = ORIENTED_EDGE ( 'NONE', *, *, #1984, .T. ) ;
#6552 = VECTOR ( 'NONE', #80, 1000.000000000000000 ) ;
#6553 = LINE ( 'NONE', #3894, #5216 ) ;
#6554 = CARTESIAN_POINT ( 'NONE',  ( -1.250000000000004663, 19.60000000000000853, 12.09999999999999609 ) ) ;
#6555 = DIRECTION ( 'NONE',  ( 1.000000000000000000, -0.000000000000000000, -1.779203565104417621E-16 ) ) ;
#6556 = CARTESIAN_POINT ( 'NONE',  ( 18.55000000000000071, 0.000000000000000000, 0.4999999999999905631 ) ) ;
#6557 = EDGE_CURVE ( 'NONE', #1199, #7441, #3055, .T. ) ;
#6558 = VECTOR ( 'NONE', #2489, 1000.000000000000000 ) ;
#6559 = CARTESIAN_POINT ( 'NONE',  ( -6.349999999999997868, 11.40000000000000213, -3.500000000000000444 ) ) ;
#6560 = ORIENTED_EDGE ( 'NONE', *, *, #365, .F. ) ;
#6561 = EDGE_LOOP ( 'NONE', ( #5619, #4623, #10086, #6457, #5695, #2853, #1724, #708 ) ) ;
#6562 = LINE ( 'NONE', #8358, #766 ) ;
#6563 = EDGE_LOOP ( 'NONE', ( #6013, #5470, #3956, #4847 ) ) ;
#6564 = DIRECTION ( 'NONE',  ( 0.000000000000000000, 0.000000000000000000, -1.000000000000000000 ) ) ;
#6565 = EDGE_CURVE ( 'NONE', #4446, #10133, #5524, .T. ) ;
#6566 = VERTEX_POINT ( 'NONE', #11715 ) ;
#6567 = DIRECTION ( 'NONE',  ( 1.000000000000000000, 0.000000000000000000, 0.000000000000000000 ) ) ;
#6568 = CARTESIAN_POINT ( 'NONE',  ( 16.55000000000000071, 7.500000000000002665, 5.499999999999988454 ) ) ;
#6569 = DIRECTION ( 'NONE',  ( 2.282859610154040965E-32, -1.000000000000000000, 1.283079494065685694E-16 ) ) ;
#6570 = LINE ( 'NONE', #9392, #8977 ) ;
#6571 = DIRECTION ( 'NONE',  ( -0.000000000000000000, -1.172110456741085828E-16, -1.000000000000000000 ) ) ;
#6572 = FACE_OUTER_BOUND ( 'NONE', #1504, .T. ) ;
#6573 = DIRECTION ( 'NONE',  ( 0.000000000000000000, -0.5735764363510434949, 0.8191520442889935749 ) ) ;
#6574 = EDGE_LOOP ( 'NONE', ( #1585, #4431, #8234, #6782, #5609, #4574, #2514, #1513 ) ) ;
#6575 = CIRCLE ( 'NONE', #1021, 1.199999999999999956 ) ;
#6576 = ADVANCED_FACE ( 'NONE', ( #1815 ), #973, .T. ) ;
#6577 = LINE ( 'NONE', #106, #5931 ) ;
#6578 = ORIENTED_EDGE ( 'NONE', *, *, #11205, .F. ) ;
#6579 = VECTOR ( 'NONE', #4279, 1000.000000000000000 ) ;
#6580 = ORIENTED_EDGE ( 'NONE', *, *, #447, .F. ) ;
#6581 = LINE ( 'NONE', #2028, #7575 ) ;
#6582 = CARTESIAN_POINT ( 'NONE',  ( 21.65000000000000213, 2.499999999999998668, -7.400000000000006573 ) ) ;
#6583 = DIRECTION ( 'NONE',  ( 0.000000000000000000, 0.000000000000000000, 1.000000000000000000 ) ) ;
#6584 = ADVANCED_FACE ( 'NONE', ( #28 ), #5462, .F. ) ;
#6585 = VERTEX_POINT ( 'NONE', #2597 ) ;
#6586 = VECTOR ( 'NONE', #6805, 1000.000000000000000 ) ;
#6587 = EDGE_CURVE ( 'NONE', #11534, #7684, #8107, .T. ) ;
#6588 = EDGE_CURVE ( 'NONE', #4145, #7699, #11836, .T. ) ;
#6589 = ORIENTED_EDGE ( 'NONE', *, *, #1090, .F. ) ;
#6590 = B_SPLINE_CURVE_WITH_KNOTS ( 'NONE', 3,
 ( #10889, #6328, #1659, #5304, #6273, #757, #4395, #8183, #10829, #1894 ),
 .UNSPECIFIED., .F., .F.,
 ( 4, 2, 2, 2, 4 ),
 ( 0.004373497768337910284, 0.004796577203204229270, 0.005219656638070547389, 0.005642736072936866375, 0.006065815507803185361 ),
 .UNSPECIFIED. ) ;
#6591 = FILL_AREA_STYLE_COLOUR ( '', #5472 ) ;
#6592 = CARTESIAN_POINT ( 'NONE',  ( 18.55000000000000071, 12.45031130731456059, -2.000000000000007994 ) ) ;
#6593 = PLANE ( 'NONE',  #3627 ) ;
#6594 = CARTESIAN_POINT ( 'NONE',  ( -6.349999999999997868, 3.650000000000002132, 1.019953154856734144E-15 ) ) ;
#6595 = EDGE_LOOP ( 'NONE', ( #7728, #1062, #8668, #7143, #8983 ) ) ;
#6596 = EDGE_CURVE ( 'NONE', #9879, #3532, #10760, .T. ) ;
#6597 = EDGE_CURVE ( 'NONE', #143, #7624, #10339, .T. ) ;
#6598 = CARTESIAN_POINT ( 'NONE',  ( 20.70000000000000284, -4.000000000000000000, 7.199999999999989519 ) ) ;
#6599 = AXIS2_PLACEMENT_3D ( 'NONE', #8230, #5403, #3662 ) ;
#6600 = CARTESIAN_POINT ( 'NONE',  ( 8.849999999999999645, 2.499999999999998668, -7.400000000000010125 ) ) ;
#6601 = LINE ( 'NONE', #7316, #1823 ) ;
#6602 = EDGE_CURVE ( 'NONE', #9063, #2902, #5649, .T. ) ;
#6603 = ORIENTED_EDGE ( 'NONE', *, *, #4093, .T. ) ;
#6604 = DIRECTION ( 'NONE',  ( 4.606465321320705249E-17, -0.8191520442889935749, -0.5735764363510434949 ) ) ;
#6605 = ORIENTED_EDGE ( 'NONE', *, *, #5402, .F. ) ;
#6606 = DIRECTION ( 'NONE',  ( -0.8191520442889935749, -0.5735764363510434949, 0.000000000000000000 ) ) ;
#6607 = CARTESIAN_POINT ( 'NONE',  ( 17.39999999999999858, 9.400000000000003908, -5.500000000000007105 ) ) ;
#6608 = ORIENTED_EDGE ( 'NONE', *, *, #6896, .F. ) ;
#6609 = CARTESIAN_POINT ( 'NONE',  ( -8.849999999999996092, 2.499999999999998668, 5.599999999999998757 ) ) ;
#6610 = VECTOR ( 'NONE', #11698, 1000.000000000000000 ) ;
#6611 = VERTEX_POINT ( 'NONE', #9433 ) ;
#6612 = CARTESIAN_POINT ( 'NONE',  ( 3.850000000000002753, 7.500000000000004441, 7.399999999999991473 ) ) ;
#6613 = ORIENTED_EDGE ( 'NONE', *, *, #6016, .F. ) ;
#6614 = LINE ( 'NONE', #3713, #11368 ) ;
#6615 = CARTESIAN_POINT ( 'NONE',  ( 6.850000000000005862, 13.31021001459093434, -2.920117908218173852 ) ) ;
#6616 = FACE_OUTER_BOUND ( 'NONE', #3617, .T. ) ;
#6617 = DIRECTION ( 'NONE',  ( -1.000000000000000000, 0.000000000000000000, 6.938893903907233308E-16 ) ) ;
#6618 = ADVANCED_FACE ( 'NONE', ( #3777 ), #11112, .F. ) ;
#6619 = DIRECTION ( 'NONE',  ( -0.000000000000000000, -1.000000000000000000, -0.000000000000000000 ) ) ;
#6620 = ORIENTED_EDGE ( 'NONE', *, *, #1523, .T. ) ;
#6621 = VECTOR ( 'NONE', #3732, 1000.000000000000000 ) ;
#6622 = VERTEX_POINT ( 'NONE', #263 ) ;
#6623 = DIRECTION ( 'NONE',  ( 1.000000000000000000, -0.000000000000000000, -1.020425574104004492E-16 ) ) ;
#6624 = ORIENTED_EDGE ( 'NONE', *, *, #5726, .T. ) ;
#6625 = DIRECTION ( 'NONE',  ( 0.000000000000000000, 0.000000000000000000, 1.000000000000000000 ) ) ;
#6626 = ORIENTED_EDGE ( 'NONE', *, *, #7060, .F. ) ;
#6627 = CARTESIAN_POINT ( 'NONE',  ( 19.55000000000000071, 12.64004603719379638, -3.423222966674357437 ) ) ;
#6628 = STYLED_ITEM ( 'NONE', ( #4564 ), #58 ) ;
#6629 = DIRECTION ( 'NONE',  ( 0.000000000000000000, 1.000000000000000000, -5.940809209628540522E-17 ) ) ;
#6630 = FACE_OUTER_BOUND ( 'NONE', #7971, .T. ) ;
#6631 = DIRECTION ( 'NONE',  ( 0.000000000000000000, 0.000000000000000000, -1.000000000000000000 ) ) ;
#6632 = VECTOR ( 'NONE', #11773, 1000.000000000000114 ) ;
#6633 = VECTOR ( 'NONE', #7122, 1000.000000000000000 ) ;
#6634 = VECTOR ( 'NONE', #679, 1000.000000000000000 ) ;
#6635 = VECTOR ( 'NONE', #4262, 1000.000000000000000 ) ;
#6636 = FACE_OUTER_BOUND ( 'NONE', #4771, .T. ) ;
#6637 = ORIENTED_EDGE ( 'NONE', *, *, #2094, .T. ) ;
#6638 = CONICAL_SURFACE ( 'NONE', #518, 2.000000000000000000, 0.7853981633974471688 ) ;
#6639 = AXIS2_PLACEMENT_3D ( 'NONE', #10090, #6261, #6193 ) ;
#6640 = CARTESIAN_POINT ( 'NONE',  ( -6.349999999999997868, 10.90000000000000036, 1.195769723367896636E-15 ) ) ;
#6641 = ORIENTED_EDGE ( 'NONE', *, *, #4570, .T. ) ;
#6642 = ORIENTED_EDGE ( 'NONE', *, *, #1944, .T. ) ;
#6643 = AXIS2_PLACEMENT_3D ( 'NONE', #4289, #1551, #5429 ) ;
#6644 = CARTESIAN_POINT ( 'NONE',  ( -7.799999999999998046, -3.999999999999999112, 5.799999999999996270 ) ) ;
#6645 = CARTESIAN_POINT ( 'NONE',  ( -20.69999999999999929, -3.450504516109081710, -5.599999999999996092 ) ) ;
#6646 = CARTESIAN_POINT ( 'NONE',  ( -11.09999999999999787, 24.33502884254439991, -4.249999999999996447 ) ) ;
#6647 = ORIENTED_EDGE ( 'NONE', *, *, #151, .F. ) ;
#6648 = VECTOR ( 'NONE', #5143, 1000.000000000000000 ) ;
#6649 = ORIENTED_EDGE ( 'NONE', *, *, #7162, .T. ) ;
#6650 = ORIENTED_EDGE ( 'NONE', *, *, #3860, .F. ) ;
#6651 = CARTESIAN_POINT ( 'NONE',  ( 6.850000000000005862, 12.77543280243899382, 3.373929230633653464 ) ) ;
#6652 = DIRECTION ( 'NONE',  ( 1.000000000000000000, -3.732783957143768629E-32, -4.688441826964344298E-16 ) ) ;
#6653 = VERTEX_POINT ( 'NONE', #8403 ) ;
#6654 = CARTESIAN_POINT ( 'NONE',  ( -19.04999999999999716, 13.50000000000000000, 0.000000000000000000 ) ) ;
#6655 = LINE ( 'NONE', #2105, #3354 ) ;
#6656 = UNCERTAINTY_MEASURE_WITH_UNIT (LENGTH_MEASURE( 1.000000000000000082E-05 ), #11072, 'distance_accuracy_value', 'NONE');
#6657 = DIRECTION ( 'NONE',  ( 0.000000000000000000, 1.000000000000000000, -1.283079494065685941E-16 ) ) ;
#6658 = EDGE_CURVE ( 'NONE', #5943, #2486, #8588, .T. ) ;
#6659 = CARTESIAN_POINT ( 'NONE',  ( -8.950000000000009948, 9.399999999999998579, -7.400000000000002132 ) ) ;
#6660 = ORIENTED_EDGE ( 'NONE', *, *, #7554, .F. ) ;
#6661 = EDGE_CURVE ( 'NONE', #4906, #3844, #9757, .T. ) ;
#6662 = FACE_OUTER_BOUND ( 'NONE', #9087, .T. ) ;
#6663 = EDGE_LOOP ( 'NONE', ( #7401, #8867, #7620, #530 ) ) ;
#6664 = DIRECTION ( 'NONE',  ( 0.000000000000000000, 2.449293598294701484E-16, -1.000000000000000000 ) ) ;
#6665 = ADVANCED_FACE ( 'NONE', ( #2125 ), #1215, .F. ) ;
#6666 = VERTEX_POINT ( 'NONE', #9250 ) ;
#6667 = DIRECTION ( 'NONE',  ( 0.000000000000000000, 1.000000000000000000, 3.043374519257555536E-16 ) ) ;
#6668 = ORIENTED_EDGE ( 'NONE', *, *, #298, .T. ) ;
#6669 = DIRECTION ( 'NONE',  ( -8.031127203596330602E-17, 0.000000000000000000, 1.000000000000000000 ) ) ;
#6670 = VERTEX_POINT ( 'NONE', #1035 ) ;
#6671 = CARTESIAN_POINT ( 'NONE',  ( -6.349999999999997868, 12.30000000000000071, 1.019953154856734144E-15 ) ) ;
#6672 = CARTESIAN_POINT ( 'NONE',  ( -16.44999999999999218, 9.400000000000002132, -7.399999999999999467 ) ) ;
#6673 = LINE ( 'NONE', #11239, #8730 ) ;
#6674 = DIRECTION ( 'NONE',  ( 0.000000000000000000, 0.000000000000000000, 1.000000000000000000 ) ) ;
#6675 = ADVANCED_FACE ( 'NONE', ( #10216 ), #10152, .F. ) ;
#6676 = LINE ( 'NONE', #11174, #8289 ) ;
#6677 = ORIENTED_EDGE ( 'NONE', *, *, #9614, .T. ) ;
#6678 = ORIENTED_EDGE ( 'NONE', *, *, #10265, .F. ) ;
#6679 = FACE_OUTER_BOUND ( 'NONE', #3134, .T. ) ;
#6680 = ORIENTED_EDGE ( 'NONE', *, *, #3058, .T. ) ;
#6681 = DIRECTION ( 'NONE',  ( -1.000000000000000000, 0.000000000000000000, -8.031127203596331834E-17 ) ) ;
#6682 = EDGE_LOOP ( 'NONE', ( #5122, #2687, #1653, #7656 ) ) ;
#6683 = DIRECTION ( 'NONE',  ( 8.031127203596330602E-17, -2.449293598294701484E-16, -1.000000000000000000 ) ) ;
#6684 = PRESENTATION_STYLE_ASSIGNMENT (( #4687 ) ) ;
#6685 = EDGE_CURVE ( 'NONE', #11857, #890, #190, .T. ) ;
#6686 = PLANE ( 'NONE',  #5500 ) ;
#6687 = LINE ( 'NONE', #2016, #4784 ) ;
#6688 = LINE ( 'NONE', #400, #8138 ) ;
#6689 = LINE ( 'NONE', #1236, #6207 ) ;
#6690 = ORIENTED_EDGE ( 'NONE', *, *, #4781, .T. ) ;
#6691 = CARTESIAN_POINT ( 'NONE',  ( -24.15000000000000568, 22.60000000000000142, -7.400000000000000355 ) ) ;
#6692 = ORIENTED_EDGE ( 'NONE', *, *, #9150, .F. ) ;
#6693 = VECTOR ( 'NONE', #1519, 1000.000000000000000 ) ;
#6694 = VECTOR ( 'NONE', #11178, 1000.000000000000000 ) ;
#6695 = FACE_OUTER_BOUND ( 'NONE', #6203, .T. ) ;
#6696 = FACE_OUTER_BOUND ( 'NONE', #2660, .T. ) ;
#6697 = EDGE_CURVE ( 'NONE', #9705, #6348, #4856, .T. ) ;
#6698 = LINE ( 'NONE', #5914, #644 ) ;
#6699 = VECTOR ( 'NONE', #4808, 1000.000000000000000 ) ;
#6700 = VECTOR ( 'NONE', #9062, 1000.000000000000000 ) ;
#6701 = ORIENTED_EDGE ( 'NONE', *, *, #6751, .F. ) ;
#6702 = VERTEX_POINT ( 'NONE', #6554 ) ;
#6703 = EDGE_CURVE ( 'NONE', #902, #4142, #7507, .T. ) ;
#6704 = DIRECTION ( 'NONE',  ( -0.000000000000000000, -0.000000000000000000, 1.000000000000000000 ) ) ;
#6705 = CARTESIAN_POINT ( 'NONE',  ( 4.350000000000003197, 13.50000000000000178, 0.4999999999999844014 ) ) ;
#6706 = DIRECTION ( 'NONE',  ( -0.000000000000000000, -1.000000000000000000, -0.000000000000000000 ) ) ;
#6707 = CARTESIAN_POINT ( 'NONE',  ( -17.39999999999999503, 7.600000000000004974, 5.400000000000004796 ) ) ;
#6708 = ORIENTED_EDGE ( 'NONE', *, *, #5548, .F. ) ;
#6709 = VECTOR ( 'NONE', #10670, 1000.000000000000000 ) ;
#6710 = CARTESIAN_POINT ( 'NONE',  ( -19.04999999999999716, -3.358379542590069988, 0.000000000000000000 ) ) ;
#6711 = LINE ( 'NONE', #9475, #1457 ) ;
#6712 = DIRECTION ( 'NONE',  ( 8.031127203596330602E-17, -4.818676322157799347E-16, -1.000000000000000000 ) ) ;
#6713 = DIRECTION ( 'NONE',  ( 0.000000000000000000, 0.000000000000000000, -1.000000000000000000 ) ) ;
#6714 = ORIENTED_EDGE ( 'NONE', *, *, #2855, .F. ) ;
#6715 = ADVANCED_FACE ( 'NONE', ( #4916 ), #3895, .T. ) ;
#6716 = DIRECTION ( 'NONE',  ( 0.000000000000000000, 0.000000000000000000, -1.000000000000000000 ) ) ;
#6717 = ORIENTED_EDGE ( 'NONE', *, *, #3932, .F. ) ;
#6718 = EDGE_CURVE ( 'NONE', #2249, #5225, #383, .T. ) ;
#6719 = CARTESIAN_POINT ( 'NONE',  ( -5.849999999999997868, 13.50000000000000178, 0.5000000000000027756 ) ) ;
#6720 = ORIENTED_EDGE ( 'NONE', *, *, #4465, .T. ) ;
#6721 = LINE ( 'NONE', #1210, #3358 ) ;
#6722 = VERTEX_POINT ( 'NONE', #2953 ) ;
#6723 = DIRECTION ( 'NONE',  ( 1.301856267149574032E-16, -0.000000000000000000, 1.000000000000000000 ) ) ;
#6724 = ORIENTED_EDGE ( 'NONE', *, *, #2143, .F. ) ;
#6725 = CARTESIAN_POINT ( 'NONE',  ( -3.749999999999985789, 9.399999999999998579, 7.399999999999995914 ) ) ;
#6726 = CARTESIAN_POINT ( 'NONE',  ( 2.100000000000004530, 24.33502884254439991, 4.749999999999990230 ) ) ;
#6727 = PLANE ( 'NONE',  #4314 ) ;
#6728 = DIRECTION ( 'NONE',  ( 0.000000000000000000, -1.000000000000000000, 0.000000000000000000 ) ) ;
#6729 = VECTOR ( 'NONE', #2650, 1000.000000000000000 ) ;
#6730 = EDGE_CURVE ( 'NONE', #4637, #3417, #3018, .T. ) ;
#6731 = CARTESIAN_POINT ( 'NONE',  ( -21.04999999999999361, 13.50000000000000178, -0.5000000000000069944 ) ) ;
#6732 = ADVANCED_FACE ( 'NONE', ( #5716 ), #1159, .F. ) ;
#6733 = ORIENTED_EDGE ( 'NONE', *, *, #11858, .T. ) ;
#6734 = ORIENTED_EDGE ( 'NONE', *, *, #407, .T. ) ;
#6735 = CIRCLE ( 'NONE', #4226, 1.899999999999999689 ) ;
#6736 = DIRECTION ( 'NONE',  ( 2.282859610154041239E-32, -1.000000000000000000, 1.283079494065685941E-16 ) ) ;
#6737 = EDGE_LOOP ( 'NONE', ( #10652, #8700, #7577, #7426, #6353, #5895, #6350, #243 ) ) ;
#6738 = EDGE_CURVE ( 'NONE', #8832, #1707, #9782, .T. ) ;
#6739 = VECTOR ( 'NONE', #4665, 1000.000000000000000 ) ;
#6740 = ADVANCED_FACE ( 'NONE', ( #9725 ), #4071, .F. ) ;
#6741 = CARTESIAN_POINT ( 'NONE',  ( -16.54999999999999716, 7.300000000000002487, -2.999999999999998224 ) ) ;
#6742 = EDGE_CURVE ( 'NONE', #9662, #2111, #500, .T. ) ;
#6743 = ORIENTED_EDGE ( 'NONE', *, *, #3906, .F. ) ;
#6744 = DIRECTION ( 'NONE',  ( 1.000000000000000000, -0.000000000000000000, 3.491481338843133355E-15 ) ) ;
#6745 = AXIS2_PLACEMENT_3D ( 'NONE', #9081, #2614, #11073 ) ;
#6746 = LINE ( 'NONE', #3852, #5896 ) ;
#6747 = AXIS2_PLACEMENT_3D ( 'NONE', #8728, #6928, #9747 ) ;
#6748 = CARTESIAN_POINT ( 'NONE',  ( -3.849999999999995648, 2.499999999999998668, 5.599999999999998757 ) ) ;
#6749 = DIRECTION ( 'NONE',  ( 0.000000000000000000, -1.000000000000000000, 0.000000000000000000 ) ) ;
#6750 = EDGE_CURVE ( 'NONE', #1808, #11419, #3127, .T. ) ;
#6751 = EDGE_CURVE ( 'NONE', #5516, #6855, #4679, .T. ) ;
#6752 = CARTESIAN_POINT ( 'NONE',  ( -2.100000000000000977, 10.90000000000000036, 4.749999999999998224 ) ) ;
#6753 = ORIENTED_EDGE ( 'NONE', *, *, #4079, .T. ) ;
#6754 = ADVANCED_FACE ( 'NONE', ( #10514 ), #10628, .F. ) ;
#6755 = FACE_OUTER_BOUND ( 'NONE', #664, .T. ) ;
#6756 = VERTEX_POINT ( 'NONE', #4192 ) ;
#6757 = CARTESIAN_POINT ( 'NONE',  ( 6.350000000000001421, 10.90000000000000036, -2.000000000000008882 ) ) ;
#6758 = VERTEX_POINT ( 'NONE', #2297 ) ;
#6759 = CARTESIAN_POINT ( 'NONE',  ( 3.749999999999989342, 9.399999999999993250, -7.400000000000003908 ) ) ;
#6760 = CARTESIAN_POINT ( 'NONE',  ( -8.849999999999999645, 5.900000000000003020, -2.000000000000002220 ) ) ;
#6761 = CARTESIAN_POINT ( 'NONE',  ( -24.15000000000000568, 0.000000000000000000, 12.09999999999999964 ) ) ;
#6762 = VECTOR ( 'NONE', #8049, 1000.000000000000000 ) ;
#6763 = AXIS2_PLACEMENT_3D ( 'NONE', #1108, #4740, #8408 ) ;
#6764 = EDGE_CURVE ( 'NONE', #10626, #7040, #11353, .T. ) ;
#6765 = ORIENTED_EDGE ( 'NONE', *, *, #2512, .T. ) ;
#6766 = SURFACE_STYLE_USAGE ( .BOTH. , #2040 ) ;
#6767 = FACE_OUTER_BOUND ( 'NONE', #2490, .T. ) ;
#6768 = DIRECTION ( 'NONE',  ( 1.000000000000000000, -0.000000000000000000, 8.031127203596330602E-17 ) ) ;
#6769 = PLANE ( 'NONE',  #3913 ) ;
#6770 = ORIENTED_EDGE ( 'NONE', *, *, #7293, .F. ) ;
#6771 = CARTESIAN_POINT ( 'NONE',  ( -6.349999999999997868, 12.30000000000000249, -2.299999999999998934 ) ) ;
#6772 = LINE ( 'NONE', #6598, #9874 ) ;
#6773 = DIRECTION ( 'NONE',  ( 0.000000000000000000, 0.000000000000000000, -1.000000000000000000 ) ) ;
#6774 = DIRECTION ( 'NONE',  ( -4.066575051493318340E-32, 1.000000000000000000, 1.172110456741085828E-16 ) ) ;
#6775 = VECTOR ( 'NONE', #7124, 1000.000000000000000 ) ;
#6776 = ORIENTED_EDGE ( 'NONE', *, *, #8053, .T. ) ;
#6777 = DIRECTION ( 'NONE',  ( 0.000000000000000000, 0.000000000000000000, 1.000000000000000000 ) ) ;
#6778 = EDGE_LOOP ( 'NONE', ( #3308, #648, #10939, #8938 ) ) ;
#6779 = EDGE_LOOP ( 'NONE', ( #8758, #10037, #3609, #11468 ) ) ;
#6780 = VECTOR ( 'NONE', #11544, 1000.000000000000000 ) ;
#6781 = DIRECTION ( 'NONE',  ( -1.000000000000000000, -0.000000000000000000, -0.000000000000000000 ) ) ;
#6782 = ORIENTED_EDGE ( 'NONE', *, *, #10697, .T. ) ;
#6783 = LINE ( 'NONE', #4188, #6126 ) ;
#6784 = EDGE_LOOP ( 'NONE', ( #10810, #2164, #1932, #2264 ) ) ;
#6785 = CARTESIAN_POINT ( 'NONE',  ( 19.55000000000000071, 12.50000000000000000, 3.447142787940701059 ) ) ;
#6786 = CARTESIAN_POINT ( 'NONE',  ( -21.55000000000000071, 7.400000000000003020, -5.600000000000000533 ) ) ;
#6787 = FACE_BOUND ( 'NONE', #3149, .T. ) ;
#6788 = EDGE_CURVE ( 'NONE', #7139, #596, #9172, .T. ) ;
#6789 = DIRECTION ( 'NONE',  ( 3.212450881438532241E-16, 0.000000000000000000, 1.000000000000000000 ) ) ;
#6790 = VERTEX_POINT ( 'NONE', #8645 ) ;
#6791 = VERTEX_POINT ( 'NONE', #5038 ) ;
#6792 = DIRECTION ( 'NONE',  ( 0.8191520442889935749, -0.5735764363510434949, 2.860054076310225049E-15 ) ) ;
#6793 = VERTEX_POINT ( 'NONE', #11529 ) ;
#6794 = CARTESIAN_POINT ( 'NONE',  ( 4.350000000000003197, 13.50000000000000178, 0.4999999999999844014 ) ) ;
#6795 = ORIENTED_EDGE ( 'NONE', *, *, #10634, .F. ) ;
#6796 = DIRECTION ( 'NONE',  ( 0.3236155771181862817, 0.8891264907159871500, -0.3236155771181863372 ) ) ;
#6797 = CARTESIAN_POINT ( 'NONE',  ( -21.54999999999998650, 3.499999999999998668, 7.400000000000002132 ) ) ;
#6798 = ADVANCED_FACE ( 'NONE', ( #8762 ), #6907, .T. ) ;
#6799 = CARTESIAN_POINT ( 'NONE',  ( 19.05000000000000071, 3.650000000000002132, 1.749999999999992895 ) ) ;
#6800 = CARTESIAN_POINT ( 'NONE',  ( -8.000000000000000000, 9.400000000000002132, -2.000000000000000888 ) ) ;
#6801 = CARTESIAN_POINT ( 'NONE',  ( 4.699999999999999289, 7.400000000000003020, -5.600000000000008527 ) ) ;
#6802 = EDGE_CURVE ( 'NONE', #136, #9042, #2244, .T. ) ;
#6803 = VECTOR ( 'NONE', #2931, 1000.000000000000000 ) ;
#6804 = EDGE_CURVE ( 'NONE', #1399, #2897, #1336, .T. ) ;
#6805 = DIRECTION ( 'NONE',  ( 1.000000000000000000, 0.000000000000000000, -6.938893903907233308E-16 ) ) ;
#6806 = ORIENTED_EDGE ( 'NONE', *, *, #6587, .T. ) ;
#6807 = ADVANCED_FACE ( 'NONE', ( #2406 ), #9552, .T. ) ;
#6808 = EDGE_CURVE ( 'NONE', #8357, #47, #11408, .T. ) ;
#6809 = CARTESIAN_POINT ( 'NONE',  ( -6.849999999999998757, 11.40000000000000391, 0.5000000000000008882 ) ) ;
#6810 = ORIENTED_EDGE ( 'NONE', *, *, #11085, .F. ) ;
#6811 = CIRCLE ( 'NONE', #2785, 0.5000000000000004441 ) ;
#6812 = CARTESIAN_POINT ( 'NONE',  ( -18.54999999999999716, 13.31021001459093434, -2.920117908218164970 ) ) ;
#6813 = EDGE_LOOP ( 'NONE', ( #4852, #5995, #4429, #4255 ) ) ;
#6814 = VECTOR ( 'NONE', #11625, 1000.000000000000000 ) ;
#6815 = MECHANICAL_DESIGN_GEOMETRIC_PRESENTATION_REPRESENTATION (  '', ( #118 ), #7386 ) ;
#6816 =( LENGTH_UNIT ( ) NAMED_UNIT ( * ) SI_UNIT ( .MILLI., .METRE. ) );
#6817 = LINE ( 'NONE', #6760, #4140 ) ;
#6818 = CIRCLE ( 'NONE', #5466, 1.750000000000000444 ) ;
#6819 = DIRECTION ( 'NONE',  ( 4.066575051493318340E-32, -1.000000000000000000, -0.000000000000000000 ) ) ;
#6820 = VECTOR ( 'NONE', #11699, 1000.000000000000000 ) ;
#6821 = AXIS2_PLACEMENT_3D ( 'NONE', #3735, #5415, #8124 ) ;
#6822 = VECTOR ( 'NONE', #6234, 1000.000000000000000 ) ;
#6823 = VECTOR ( 'NONE', #5249, 1000.000000000000000 ) ;
#6824 = LINE ( 'NONE', #9305, #7116 ) ;
#6825 = VECTOR ( 'NONE', #1609, 1000.000000000000227 ) ;
#6826 = ORIENTED_EDGE ( 'NONE', *, *, #1824, .F. ) ;
#6827 = CARTESIAN_POINT ( 'NONE',  ( -7.632436733194338352, -4.460376291878594301, 7.032436733194338707 ) ) ;
#6828 = DIRECTION ( 'NONE',  ( 0.000000000000000000, -1.000000000000000000, 0.000000000000000000 ) ) ;
#6829 = LINE ( 'NONE', #1429, #11126 ) ;
#6830 = DIRECTION ( 'NONE',  ( -4.688441826964344298E-16, 0.000000000000000000, -1.000000000000000000 ) ) ;
#6831 = ORIENTED_EDGE ( 'NONE', *, *, #10592, .F. ) ;
#6832 = EDGE_CURVE ( 'NONE', #8807, #5326, #5947, .T. ) ;
#6833 = DIRECTION ( 'NONE',  ( 0.000000000000000000, 1.000000000000000000, 0.000000000000000000 ) ) ;
#6834 = LINE ( 'NONE', #10379, #508 ) ;
#6835 = DIRECTION ( 'NONE',  ( -1.257045997084642858E-16, 0.000000000000000000, -1.000000000000000000 ) ) ;
#6836 = CARTESIAN_POINT ( 'NONE',  ( -2.100000000000000977, 9.400000000000002132, 4.249999999999998224 ) ) ;
#6837 = AXIS2_PLACEMENT_3D ( 'NONE', #5450, #9121, #1385 ) ;
#6838 = EDGE_LOOP ( 'NONE', ( #3038, #1441, #4761, #7789 ) ) ;
#6839 = APPLICATION_CONTEXT ( 'automotive_design' ) ;
#6840 = DIRECTION ( 'NONE',  ( 0.000000000000000000, -1.000000000000000000, 0.000000000000000000 ) ) ;
#6841 = VERTEX_POINT ( 'NONE', #8813 ) ;
#6842 = VERTEX_POINT ( 'NONE', #443 ) ;
#6843 = DIRECTION ( 'NONE',  ( 0.000000000000000000, 0.000000000000000000, 1.000000000000000000 ) ) ;
#6844 = ORIENTED_EDGE ( 'NONE', *, *, #580, .F. ) ;
#6845 = LINE ( 'NONE', #5944, #3619 ) ;
#6846 = ORIENTED_EDGE ( 'NONE', *, *, #10902, .T. ) ;
#6847 = CARTESIAN_POINT ( 'NONE',  ( -47.67189334955344293, 8.099999999999999645, 10.10000000000000497 ) ) ;
#6848 = DIRECTION ( 'NONE',  ( 0.000000000000000000, 0.5735764363510434949, -0.8191520442889935749 ) ) ;
#6849 = CARTESIAN_POINT ( 'NONE',  ( -2.100000000000000977, 9.400000000000002132, -4.750000000000000000 ) ) ;
#6850 = LINE ( 'NONE', #9554, #883 ) ;
#6851 = LINE ( 'NONE', #2358, #3342 ) ;
#6852 = VERTEX_POINT ( 'NONE', #615 ) ;
#6853 = EDGE_LOOP ( 'NONE', ( #11044, #6173, #2858, #8048 ) ) ;
#6854 = LINE ( 'NONE', #11302, #4605 ) ;
#6855 = VERTEX_POINT ( 'NONE', #11581 ) ;
#6856 = DIRECTION ( 'NONE',  ( -0.000000000000000000, 0.000000000000000000, 1.000000000000000000 ) ) ;
#6857 = VERTEX_POINT ( 'NONE', #7019 ) ;
#6858 = CARTESIAN_POINT ( 'NONE',  ( 5.850000000000001421, 12.45031130731456059, 1.999999999999991340 ) ) ;
#6859 = CARTESIAN_POINT ( 'NONE',  ( -5.849999999999998757, 13.31091610573900752, -2.919473532809004457 ) ) ;
#6860 = EDGE_CURVE ( 'NONE', #3346, #4940, #4364, .T. ) ;
#6861 = DIRECTION ( 'NONE',  ( 0.000000000000000000, 0.000000000000000000, -1.000000000000000000 ) ) ;
#6862 = LINE ( 'NONE', #5057, #3243 ) ;
#6863 = PLANE ( 'NONE',  #1836 ) ;
#6864 = B_SPLINE_CURVE_WITH_KNOTS ( 'NONE', 3,
 ( #11441, #7885, #9633, #3152, #1530, #9572, #1359, #5124, #6091, #11548 ),
 .UNSPECIFIED., .F., .F.,
 ( 4, 2, 2, 2, 4 ),
 ( 0.006963999130295259188, 0.007386377688198002452, 0.007808756246100745715, 0.008231134804003489847, 0.008653513361906232243 ),
 .UNSPECIFIED. ) ;
#6865 = CARTESIAN_POINT ( 'NONE',  ( 26.65000000000000568, 0.5000000000000000000, -8.600000000000003197 ) ) ;
#6866 = EDGE_LOOP ( 'NONE', ( #6743, #10082, #3197, #6647 ) ) ;
#6867 = DIRECTION ( 'NONE',  ( -0.000000000000000000, -1.000000000000000000, -0.000000000000000000 ) ) ;
#6868 = ORIENTED_EDGE ( 'NONE', *, *, #10481, .F. ) ;
#6869 = LINE ( 'NONE', #6691, #11703 ) ;
#6870 = ADVANCED_FACE ( 'NONE', ( #2522 ), #10800, .F. ) ;
#6871 = ORIENTED_EDGE ( 'NONE', *, *, #6808, .F. ) ;
#6872 = EDGE_CURVE ( 'NONE', #11089, #7139, #3465, .T. ) ;
#6873 = CARTESIAN_POINT ( 'NONE',  ( 3.849999999999999201, 7.500000000000002665, -7.400000000000004796 ) ) ;
#6874 = CARTESIAN_POINT ( 'NONE',  ( 6.314393452555591234E-15, 19.60000000000000142, 9.100000000000012079 ) ) ;
#6875 = ADVANCED_FACE ( 'NONE', ( #6241 ), #10742, .F. ) ;
#6876 = DIRECTION ( 'NONE',  ( -1.000000000000000000, -0.000000000000000000, -8.031127203596330602E-17 ) ) ;
#6877 = EDGE_CURVE ( 'NONE', #3132, #2111, #2580, .T. ) ;
#6878 = AXIS2_PLACEMENT_3D ( 'NONE', #5589, #10396, #11055 ) ;
#6879 = CARTESIAN_POINT ( 'NONE',  ( 6.314393452555582557E-15, 19.60000000000000142, 9.099999999999999645 ) ) ;
#6880 = ADVANCED_FACE ( 'NONE', ( #9904 ), #8032, .F. ) ;
#6881 = ORIENTED_EDGE ( 'NONE', *, *, #5816, .T. ) ;
#6882 = EDGE_CURVE ( 'NONE', #2484, #5367, #7172, .T. ) ;
#6883 = VECTOR ( 'NONE', #3992, 1000.000000000000000 ) ;
#6884 = LINE ( 'NONE', #6827, #9891 ) ;
#6885 = CARTESIAN_POINT ( 'NONE',  ( 21.55000000000000426, 5.900000000000002132, 1.999999999999990452 ) ) ;
#6886 = FACE_OUTER_BOUND ( 'NONE', #10982, .T. ) ;
#6887 = CARTESIAN_POINT ( 'NONE',  ( -8.849999999999999645, 7.400000000000004796, -5.400000000000003908 ) ) ;
#6888 = ORIENTED_EDGE ( 'NONE', *, *, #3223, .T. ) ;
#6889 = LINE ( 'NONE', #9536, #1719 ) ;
#6890 = LINE ( 'NONE', #600, #1266 ) ;
#6891 = CARTESIAN_POINT ( 'NONE',  ( -19.04999999999999716, 9.400000000000002132, -1.999999999999999112 ) ) ;
#6892 = AXIS2_PLACEMENT_3D ( 'NONE', #4941, #9518, #3918 ) ;
#6893 = CARTESIAN_POINT ( 'NONE',  ( 19.55000000000000071, 11.40000000000000391, 0.4999999999999923395 ) ) ;
#6894 = VECTOR ( 'NONE', #1949, 1000.000000000000000 ) ;
#6895 = ORIENTED_EDGE ( 'NONE', *, *, #4581, .T. ) ;
#6896 = EDGE_CURVE ( 'NONE', #11397, #1280, #7363, .T. ) ;
#6897 = EDGE_LOOP ( 'NONE', ( #6363, #5832, #8112, #6701, #4641, #9349, #11676, #11280, #2541, #11121, #9936 ) ) ;
#6898 = CARTESIAN_POINT ( 'NONE',  ( 19.05000000000000071, 3.650000000000002132, -7.619650039223833312E-15 ) ) ;
#6899 = VERTEX_POINT ( 'NONE', #954 ) ;
#6900 = VECTOR ( 'NONE', #823, 1000.000000000000000 ) ;
#6901 = ORIENTED_EDGE ( 'NONE', *, *, #3485, .T. ) ;
#6902 = CARTESIAN_POINT ( 'NONE',  ( -6.849999999999998757, 12.45031130731456059, 2.000000000000000888 ) ) ;
#6903 = ORIENTED_EDGE ( 'NONE', *, *, #314, .T. ) ;
#6904 = DIRECTION ( 'NONE',  ( -0.000000000000000000, -1.000000000000000000, 6.484268945210251886E-17 ) ) ;
#6905 = EDGE_LOOP ( 'NONE', ( #10679, #1954, #777, #10484 ) ) ;
#6906 = LINE ( 'NONE', #7744, #1205 ) ;
#6907 = PLANE ( 'NONE',  #6026 ) ;
#6908 = CARTESIAN_POINT ( 'NONE',  ( -10.59999999999999787, 9.400000000000002132, -4.249999999999998224 ) ) ;
#6909 = CARTESIAN_POINT ( 'NONE',  ( -24.15000000000000568, 0.5000000000000004441, 10.09999999999999964 ) ) ;
#6910 = CARTESIAN_POINT ( 'NONE',  ( -3.849999999999995648, 9.400000000000002132, 5.499999999999997335 ) ) ;
#6911 = EDGE_LOOP ( 'NONE', ( #9804, #6422, #9002, #7800, #6541, #5032 ) ) ;
#6912 = CARTESIAN_POINT ( 'NONE',  ( 7.820945408350709727, -3.942452963515175490, -5.779054591649297024 ) ) ;
#6913 = ORIENTED_EDGE ( 'NONE', *, *, #7538, .T. ) ;
#6914 = CYLINDRICAL_SURFACE ( 'NONE', #2511, 1.999999999999999112 ) ;
#6915 = ORIENTED_EDGE ( 'NONE', *, *, #8321, .T. ) ;
#6916 = CARTESIAN_POINT ( 'NONE',  ( -17.39999999999999503, 9.400000000000002132, 2.000000000000001776 ) ) ;
#6917 = DIRECTION ( 'NONE',  ( 0.000000000000000000, 0.000000000000000000, -1.000000000000000000 ) ) ;
#6918 = EDGE_CURVE ( 'NONE', #5945, #4185, #837, .T. ) ;
#6919 = CARTESIAN_POINT ( 'NONE',  ( 6.350000000000001421, 11.40000000000000213, -8.639603194080566470E-15 ) ) ;
#6920 = CARTESIAN_POINT ( 'NONE',  ( -17.04999999999999716, 13.50000000000000178, 0.5000000000000069944 ) ) ;
#6921 = DIRECTION ( 'NONE',  ( 0.000000000000000000, 0.000000000000000000, 1.000000000000000000 ) ) ;
#6922 = CARTESIAN_POINT ( 'NONE',  ( -19.04999999999999716, 3.900000000000002576, -2.000000000000000000 ) ) ;
#6923 = EDGE_LOOP ( 'NONE', ( #9196, #6642, #8947, #11052 ) ) ;
#6924 = VECTOR ( 'NONE', #3372, 1000.000000000000000 ) ;
#6925 = ORIENTED_EDGE ( 'NONE', *, *, #10854, .T. ) ;
#6926 = ADVANCED_FACE ( 'NONE', ( #8148 ), #1014, .F. ) ;
#6927 = EDGE_CURVE ( 'NONE', #9717, #3820, #3520, .T. ) ;
#6928 = DIRECTION ( 'NONE',  ( -0.5735764363510434949, -0.8191520442889935749, -2.048696077133022160E-15 ) ) ;
#6929 = EDGE_LOOP ( 'NONE', ( #5120, #2236, #4307, #5503, #7872, #5440 ) ) ;
#6930 = CYLINDRICAL_SURFACE ( 'NONE', #6892, 0.5000000000000004441 ) ;
#6931 = DIRECTION ( 'NONE',  ( 0.000000000000000000, 0.000000000000000000, -1.000000000000000000 ) ) ;
#6932 = DIRECTION ( 'NONE',  ( -4.066575051493318340E-32, 1.000000000000000000, 1.172110456741085828E-16 ) ) ;
#6933 = EDGE_CURVE ( 'NONE', #6585, #9454, #6408, .T. ) ;
#6934 = DIRECTION ( 'NONE',  ( 4.066575051493318340E-32, 1.000000000000000000, -1.172110456741085828E-16 ) ) ;
#6935 = AXIS2_PLACEMENT_3D ( 'NONE', #10533, #4939, #8836 ) ;
#6936 = CARTESIAN_POINT ( 'NONE',  ( -8.849999999999999645, 9.400000000000003908, -5.499999999999999112 ) ) ;
#6937 = VERTEX_POINT ( 'NONE', #3760 ) ;
#6938 = CARTESIAN_POINT ( 'NONE',  ( 4.699999999999999289, 0.5000000000000004441, -7.399999999999995914 ) ) ;
#6939 = LINE ( 'NONE', #10946, #9497 ) ;
#6940 = EDGE_LOOP ( 'NONE', ( #7187, #61 ) ) ;
#6941 = EDGE_CURVE ( 'NONE', #881, #9361, #1982, .T. ) ;
#6942 = LINE ( 'NONE', #10610, #8792 ) ;
#6943 = CARTESIAN_POINT ( 'NONE',  ( -13.95000000000000462, 44.34419462753220387, 12.09999999999999964 ) ) ;
#6944 = DIRECTION ( 'NONE',  ( 1.000000000000000000, 0.000000000000000000, -6.938893903907232322E-16 ) ) ;
#6945 = CARTESIAN_POINT ( 'NONE',  ( 38.09999999999999432, 9.399999999999987921, -1.413775725621144669E-14 ) ) ;
#6946 = EDGE_CURVE ( 'NONE', #8586, #1172, #3585, .T. ) ;
#6947 = EDGE_CURVE ( 'NONE', #10007, #4849, #857, .T. ) ;
#6948 = VERTEX_POINT ( 'NONE', #2640 ) ;
#6949 = CIRCLE ( 'NONE', #9252, 0.5000000000000000000 ) ;
#6950 = DIRECTION ( 'NONE',  ( -8.031127203596330602E-17, -5.940809209628540522E-17, 1.000000000000000000 ) ) ;
#6951 = EDGE_LOOP ( 'NONE', ( #10445, #3080, #9585, #233, #8238, #2570 ) ) ;
#6952 = EDGE_CURVE ( 'NONE', #8685, #10270, #10248, .T. ) ;
#6953 = EDGE_CURVE ( 'NONE', #7832, #6365, #8089, .T. ) ;
#6954 = EDGE_LOOP ( 'NONE', ( #9653, #11118, #3188, #4356, #1708, #10128, #1561, #10388 ) ) ;
#6955 = VERTEX_POINT ( 'NONE', #9047 ) ;
#6956 = DIRECTION ( 'NONE',  ( -0.000000000000000000, 0.000000000000000000, -1.000000000000000000 ) ) ;
#6957 = EDGE_LOOP ( 'NONE', ( #1157, #2951, #6475, #2155 ) ) ;
#6958 = CARTESIAN_POINT ( 'NONE',  ( 21.55000000000000071, 7.500000000000004441, -7.400000000000008349 ) ) ;
#6959 = EDGE_LOOP ( 'NONE', ( #10021, #811, #6998, #10461, #2722, #9948, #2456, #10422, #5365, #4524, #3915 ) ) ;
#6960 = CARTESIAN_POINT ( 'NONE',  ( -21.54999999999999716, 7.500000000000004441, 5.500000000000000888 ) ) ;
#6961 = DIRECTION ( 'NONE',  ( 0.000000000000000000, -1.000000000000000000, 0.000000000000000000 ) ) ;
#6962 = AXIS2_PLACEMENT_3D ( 'NONE', #6945, #8861, #5201 ) ;
#6963 = DIRECTION ( 'NONE',  ( 0.000000000000000000, 1.000000000000000000, 0.000000000000000000 ) ) ;
#6964 = EDGE_CURVE ( 'NONE', #11298, #3320, #7941, .T. ) ;
#6965 = LINE ( 'NONE', #11586, #8711 ) ;
#6966 = ORIENTED_EDGE ( 'NONE', *, *, #4815, .F. ) ;
#6968 = DIRECTION ( 'NONE',  ( 0.000000000000000000, 0.000000000000000000, 1.000000000000000000 ) ) ;
#6967 = VECTOR ( 'NONE', #525, 1000.000000000000000 ) ;
#6969 = VERTEX_POINT ( 'NONE', #10914 ) ;
#6970 = DIRECTION ( 'NONE',  ( 8.031127203596330602E-17, 0.000000000000000000, -1.000000000000000000 ) ) ;
#6971 = ORIENTED_EDGE ( 'NONE', *, *, #1953, .T. ) ;
#6972 = CARTESIAN_POINT ( 'NONE',  ( -6.349999999999997868, 24.33502884254439991, 2.770503502664334434E-15 ) ) ;
#6973 = DIRECTION ( 'NONE',  ( 1.000000000000000000, 0.000000000000000000, 0.000000000000000000 ) ) ;
#6974 = DIRECTION ( 'NONE',  ( 0.000000000000000000, -1.000000000000000000, 0.000000000000000000 ) ) ;
#6975 = FACE_OUTER_BOUND ( 'NONE', #11577, .T. ) ;
#6976 = CARTESIAN_POINT ( 'NONE',  ( 6.850000000000002309, 0.000000000000000000, -8.599447558062585408E-15 ) ) ;
#6977 = EDGE_CURVE ( 'NONE', #3583, #3125, #8901, .T. ) ;
#6978 = CARTESIAN_POINT ( 'NONE',  ( 6.850000000000002309, 12.50000000000000000, -2.000000000000008882 ) ) ;
#6979 = ORIENTED_EDGE ( 'NONE', *, *, #9728, .F. ) ;
#6980 = ORIENTED_EDGE ( 'NONE', *, *, #3726, .F. ) ;
#6981 = DIRECTION ( 'NONE',  ( -1.000000000000000000, 0.000000000000000000, 0.000000000000000000 ) ) ;
#6982 = ORIENTED_EDGE ( 'NONE', *, *, #6223, .T. ) ;
#6983 = CARTESIAN_POINT ( 'NONE',  ( -16.44999999999998863, 2.499999999999998668, -7.400000000000001243 ) ) ;
#6984 = AXIS2_PLACEMENT_3D ( 'NONE', #6001, #9664, #1564 ) ;
#6985 = LINE ( 'NONE', #8009, #4831 ) ;
#6986 = VECTOR ( 'NONE', #2108, 1000.000000000000000 ) ;
#6987 = CARTESIAN_POINT ( 'NONE',  ( 5.850000000000001421, 12.64004603719379638, 3.423222966674341006 ) ) ;
#6988 =( LENGTH_UNIT ( ) NAMED_UNIT ( * ) SI_UNIT ( .MILLI., .METRE. ) );
#6989 = CARTESIAN_POINT ( 'NONE',  ( 21.55000000000000426, 2.499999999999998668, 5.599999999999990763 ) ) ;
#6990 = VECTOR ( 'NONE', #7648, 1000.000000000000000 ) ;
#6991 = VECTOR ( 'NONE', #10611, 1000.000000000000000 ) ;
#6992 = VECTOR ( 'NONE', #5821, 1000.000000000000000 ) ;
#6993 = CARTESIAN_POINT ( 'NONE',  ( 17.40000000000000213, 22.60000000000000142, 5.599999999999996092 ) ) ;
#6994 = CIRCLE ( 'NONE', #11025, 1.899999999999999689 ) ;
#6995 = ORIENTED_EDGE ( 'NONE', *, *, #1728, .F. ) ;
#6996 =( NAMED_UNIT ( * ) SI_UNIT ( $, .STERADIAN. ) SOLID_ANGLE_UNIT ( ) );
#6997 = DIRECTION ( 'NONE',  ( -8.031127203596330602E-17, 0.000000000000000000, 1.000000000000000000 ) ) ;
#6998 = ORIENTED_EDGE ( 'NONE', *, *, #4824, .F. ) ;
#6999 = VECTOR ( 'NONE', #11461, 1000.000000000000000 ) ;
#7000 = LINE ( 'NONE', #10672, #4769 ) ;
#7001 = CARTESIAN_POINT ( 'NONE',  ( -6.850000000000002309, 13.38143262567230884, 2.793993820596747835 ) ) ;
#7002 = DIRECTION ( 'NONE',  ( 1.000000000000000000, -0.000000000000000000, 8.031127203596331834E-17 ) ) ;
#7003 = VECTOR ( 'NONE', #8814, 1000.000000000000000 ) ;
#7004 = DIRECTION ( 'NONE',  ( 0.000000000000000000, -0.000000000000000000, 1.000000000000000000 ) ) ;
#7005 = VECTOR ( 'NONE', #10715, 1000.000000000000000 ) ;
#7006 = MECHANICAL_DESIGN_GEOMETRIC_PRESENTATION_REPRESENTATION (  '', ( #5471 ), #1276 ) ;
#7007 = MECHANICAL_DESIGN_GEOMETRIC_PRESENTATION_REPRESENTATION (  '', ( #4319 ), #11615 ) ;
#7008 = ORIENTED_EDGE ( 'NONE', *, *, #2146, .T. ) ;
#7009 = AXIS2_PLACEMENT_3D ( 'NONE', #7660, #414, #4168 ) ;
#7010 = DIRECTION ( 'NONE',  ( 0.000000000000000000, 0.000000000000000000, 1.000000000000000000 ) ) ;
#7011 = ORIENTED_EDGE ( 'NONE', *, *, #3645, .F. ) ;
#7012 = ORIENTED_EDGE ( 'NONE', *, *, #3941, .T. ) ;
#7013 = DIRECTION ( 'NONE',  ( -4.066575051493318340E-32, -1.000000000000000000, 1.172110456741085828E-16 ) ) ;
#7014 = ORIENTED_EDGE ( 'NONE', *, *, #5634, .F. ) ;
#7015 = CARTESIAN_POINT ( 'NONE',  ( -4.699999999999995737, 2.500000000000002220, 7.400000000000005684 ) ) ;
#7016 = ORIENTED_EDGE ( 'NONE', *, *, #3021, .T. ) ;
#7017 = EDGE_CURVE ( 'NONE', #720, #11397, #8207, .T. ) ;
#7018 = PRESENTATION_STYLE_ASSIGNMENT (( #4013 ) ) ;
#7019 = CARTESIAN_POINT ( 'NONE',  ( -6.349999999999997868, 9.400000000000002132, -1.999999999999998224 ) ) ;
#7020 = DIRECTION ( 'NONE',  ( 0.000000000000000000, 1.000000000000000000, -5.310377987684098923E-16 ) ) ;
#7021 = CYLINDRICAL_SURFACE ( 'NONE', #7782, 0.3000000000000003775 ) ;
#7022 = CIRCLE ( 'NONE', #1088, 2.000000000000000000 ) ;
#7023 = CARTESIAN_POINT ( 'NONE',  ( 20.69999999999999929, 2.500000000000002220, 5.599999999999996092 ) ) ;
#7024 = EDGE_CURVE ( 'NONE', #5351, #11606, #2814, .T. ) ;
#7025 = ORIENTED_EDGE ( 'NONE', *, *, #8457, .T. ) ;
#7026 = EDGE_CURVE ( 'NONE', #10725, #10096, #8, .T. ) ;
#7027 = DIRECTION ( 'NONE',  ( 2.282859610154041239E-32, -1.000000000000000000, 1.283079494065685941E-16 ) ) ;
#7028 = VERTEX_POINT ( 'NONE', #10132 ) ;
#7029 = FACE_OUTER_BOUND ( 'NONE', #6779, .T. ) ;
#7030 = VERTEX_POINT ( 'NONE', #4593 ) ;
#7031 = PLANE ( 'NONE',  #5275 ) ;
#7032 = FACE_OUTER_BOUND ( 'NONE', #2148, .T. ) ;
#7033 = EDGE_CURVE ( 'NONE', #9617, #8838, #8263, .T. ) ;
#7034 = FACE_OUTER_BOUND ( 'NONE', #8570, .T. ) ;
#7035 = DIRECTION ( 'NONE',  ( 4.066575051493318340E-32, 1.000000000000000000, -1.172110456741085828E-16 ) ) ;
#7036 = DIRECTION ( 'NONE',  ( -1.000000000000000000, 1.967058844685892123E-32, -8.031127203596330602E-17 ) ) ;
#7037 = AXIS2_PLACEMENT_3D ( 'NONE', #10068, #65, #9229 ) ;
#7038 = DIRECTION ( 'NONE',  ( 1.000000000000000000, 0.000000000000000000, -0.000000000000000000 ) ) ;
#7039 = VECTOR ( 'NONE', #4326, 1000.000000000000000 ) ;
#7040 = VERTEX_POINT ( 'NONE', #1921 ) ;
#7041 = ORIENTED_EDGE ( 'NONE', *, *, #4170, .F. ) ;
#7042 = LINE ( 'NONE', #7400, #4000 ) ;
#7043 = EDGE_CURVE ( 'NONE', #5362, #10207, #5568, .T. ) ;
#7044 = CARTESIAN_POINT ( 'NONE',  ( 8.950000000000013500, 9.399999999999995026, 7.399999999999991473 ) ) ;
#7045 = ORIENTED_EDGE ( 'NONE', *, *, #8156, .F. ) ;
#7046 = CARTESIAN_POINT ( 'NONE',  ( 8.000000000000000000, 0.5000000000000000000, 0.000000000000000000 ) ) ;
#7047 = LINE ( 'NONE', #11551, #6379 ) ;
#7048 = CARTESIAN_POINT ( 'NONE',  ( 19.55000000000000071, 12.50000000000000000, -3.500000000000013323 ) ) ;
#7049 = CARTESIAN_POINT ( 'NONE',  ( 21.55000000000000071, 5.900000000000003020, -2.000000000000010658 ) ) ;
#7050 = DIRECTION ( 'NONE',  ( 1.000000000000000000, 5.473822126268816683E-48, 8.031127203596331834E-17 ) ) ;
#7051 = CARTESIAN_POINT ( 'NONE',  ( 19.05000000000000071, 12.30000000000000071, -3.500000000000007994 ) ) ;
#7052 = ORIENTED_EDGE ( 'NONE', *, *, #3574, .F. ) ;
#7053 = LINE ( 'NONE', #2624, #5171 ) ;
#7054 = EDGE_LOOP ( 'NONE', ( #1133, #7246, #412, #5219, #6460, #3405, #2977, #6881 ) ) ;
#7055 = EDGE_CURVE ( 'NONE', #4940, #9225, #2281, .T. ) ;
#7056 = CARTESIAN_POINT ( 'NONE',  ( -8.849999999999996092, 7.500000000000002665, 7.399999999999996803 ) ) ;
#7057 = CYLINDRICAL_SURFACE ( 'NONE', #6643, 3.500000000000000444 ) ;
#7058 = CARTESIAN_POINT ( 'NONE',  ( -21.55000000000000071, 2.499999999999998668, -7.400000000000001243 ) ) ;
#7059 = ORIENTED_EDGE ( 'NONE', *, *, #3574, .T. ) ;
#7060 = EDGE_CURVE ( 'NONE', #4849, #7441, #3110, .T. ) ;
#7061 = CARTESIAN_POINT ( 'NONE',  ( 6.350000000000001421, 11.40000000000000213, -8.639603194080566470E-15 ) ) ;
#7062 = VERTEX_POINT ( 'NONE', #4774 ) ;
#7063 = ORIENTED_EDGE ( 'NONE', *, *, #11361, .T. ) ;
#7064 = DIRECTION ( 'NONE',  ( -4.066575051493318340E-32, -1.000000000000000000, 1.172110456741085828E-16 ) ) ;
#7065 = ORIENTED_EDGE ( 'NONE', *, *, #11200, .T. ) ;
#7066 = VECTOR ( 'NONE', #9459, 1000.000000000000000 ) ;
#7067 = CARTESIAN_POINT ( 'NONE',  ( -2.100000000000000977, 24.33502884254439991, -4.249999999999998224 ) ) ;
#7068 = ORIENTED_EDGE ( 'NONE', *, *, #11647, .T. ) ;
#7069 = AXIS2_PLACEMENT_3D ( 'NONE', #7764, #11427, #5227 ) ;
#7070 = CARTESIAN_POINT ( 'NONE',  ( 6.350000000000004974, 0.000000000000000000, -0.5000000000000086597 ) ) ;
#7071 = CARTESIAN_POINT ( 'NONE',  ( -24.15000000000000568, 9.400000000000002132, -7.399999999999998579 ) ) ;
#7072 = LINE ( 'NONE', #10689, #7190 ) ;
#7073 = LINE ( 'NONE', #7199, #9883 ) ;
#7074 = ORIENTED_EDGE ( 'NONE', *, *, #962, .F. ) ;
#7075 = SURFACE_STYLE_FILL_AREA ( #9785 ) ;
#7076 = VECTOR ( 'NONE', #10520, 1000.000000000000000 ) ;
#7077 = ADVANCED_FACE ( 'NONE', ( #184 ), #9414, .F. ) ;
#7078 = ORIENTED_EDGE ( 'NONE', *, *, #9832, .F. ) ;
#7079 = VECTOR ( 'NONE', #10773, 1000.000000000000000 ) ;
#7080 = VECTOR ( 'NONE', #439, 1000.000000000000000 ) ;
#7081 = EDGE_CURVE ( 'NONE', #7712, #11690, #5924, .T. ) ;
#7082 = VECTOR ( 'NONE', #614, 1000.000000000000000 ) ;
#7083 = DIRECTION ( 'NONE',  ( 0.000000000000000000, 0.000000000000000000, -1.000000000000000000 ) ) ;
#7084 = VERTEX_POINT ( 'NONE', #422 ) ;
#7085 = DIRECTION ( 'NONE',  ( 0.000000000000000000, -1.000000000000000000, -3.097720492815726673E-16 ) ) ;
#7086 = EDGE_LOOP ( 'NONE', ( #6903, #11778, #1373, #9502 ) ) ;
#7087 = DIRECTION ( 'NONE',  ( 1.000000000000000000, 1.967058844685892123E-32, 8.031127203596330602E-17 ) ) ;
#7088 = DIRECTION ( 'NONE',  ( 1.606225440719265627E-16, 0.000000000000000000, 1.000000000000000000 ) ) ;
#7089 = VERTEX_POINT ( 'NONE', #9355 ) ;
#7090 = FACE_OUTER_BOUND ( 'NONE', #978, .T. ) ;
#7091 = CARTESIAN_POINT ( 'NONE',  ( 3.850000000000002753, 5.900000000000003020, 1.999999999999994005 ) ) ;
#7092 = CARTESIAN_POINT ( 'NONE',  ( 17.04999999999999716, 12.45031130731456059, 0.4999999999999854006 ) ) ;
#7093 = CIRCLE ( 'NONE', #6138, 3.000000000000000888 ) ;
#7094 = EDGE_CURVE ( 'NONE', #8357, #8376, #10376, .T. ) ;
#7095 = DIRECTION ( 'NONE',  ( 0.000000000000000000, 1.000000000000000000, 5.940809209628540522E-17 ) ) ;
#7096 = ORIENTED_EDGE ( 'NONE', *, *, #3039, .T. ) ;
#7097 = ADVANCED_FACE ( 'NONE', ( #3990 ), #6769, .T. ) ;
#7098 = ADVANCED_FACE ( 'NONE', ( #4053 ), #7669, .F. ) ;
#7099 = ORIENTED_EDGE ( 'NONE', *, *, #9016, .F. ) ;
#7100 = CARTESIAN_POINT ( 'NONE',  ( -47.67189334955345004, 2.500000000000002220, 7.400000000000005684 ) ) ;
#7101 = AXIS2_PLACEMENT_3D ( 'NONE', #9020, #1532, #8007 ) ;
#7102 = LINE ( 'NONE', #10770, #11139 ) ;
#7103 = EDGE_LOOP ( 'NONE', ( #195, #4285, #10856, #3849, #10640, #1194, #11415, #1796 ) ) ;
#7104 = CARTESIAN_POINT ( 'NONE',  ( 13.94999999999999751, 8.099999999999999645, 10.09999999999999609 ) ) ;
#7105 = EDGE_CURVE ( 'NONE', #7441, #9973, #11333, .T. ) ;
#7106 = EDGE_CURVE ( 'NONE', #5579, #2276, #3938, .T. ) ;
#7107 = PLANE ( 'NONE',  #351 ) ;
#7108 = CLOSED_SHELL ( 'NONE', ( #11281, #9233, #11325, #7687, #11853, #4166, #9530, #9986, #4162, #376, #10746, #10643, #11214, #11276, #1464, #6618, #8864, #11277, #2922, #8022, #5719, #8495, #11058, #9080, #6463, #5187, #11202, #6926, #10761, #5410, #3946, #11736, #1674, #657, #11115, #10718, #4007, #3509, #722, #4425, #934, #5785, #1915, #7098, #9754, #10309, #3500, #2928, #10414, #2051, #7735, #865, #882, #5121, #11688, #1975, #10095, #11213, #6339, #6149, #179, #4527, #3044, #3717, #4002, #6439, #37, #9730, #1398, #1899, #9364, #9446, #8922, #2916, #10485, #1805, #5331, #6098, #2646, #8269, #10774, #9473, #3376 ) ) ;
#7109 = CARTESIAN_POINT ( 'NONE',  ( 20.70000000000000284, 2.499999999999998668, 5.499999999999988454 ) ) ;
#7110 = DIRECTION ( 'NONE',  ( 0.000000000000000000, 0.000000000000000000, -1.000000000000000000 ) ) ;
#7111 = EDGE_CURVE ( 'NONE', #4185, #3631, #2161, .T. ) ;
#7112 = VECTOR ( 'NONE', #6077, 1000.000000000000000 ) ;
#7113 = CARTESIAN_POINT ( 'NONE',  ( 3.469446951953614189E-15, 12.50000000000000000, -7.619650039223833312E-15 ) ) ;
#7114 = VECTOR ( 'NONE', #2648, 1000.000000000000000 ) ;
#7115 = DIRECTION ( 'NONE',  ( 0.000000000000000000, -1.000000000000000000, 0.000000000000000000 ) ) ;
#7116 = VECTOR ( 'NONE', #1093, 1000.000000000000000 ) ;
#7117 = EDGE_LOOP ( 'NONE', ( #7372, #1227, #6480, #10696 ) ) ;
#7118 = SURFACE_STYLE_FILL_AREA ( #6279 ) ;
#7119 = CARTESIAN_POINT ( 'NONE',  ( -3.849999999999995648, 2.499999999999998668, 7.400000000000002132 ) ) ;
#7120 = ORIENTED_EDGE ( 'NONE', *, *, #9598, .T. ) ;
#7121 = CONICAL_SURFACE ( 'NONE', #9227, 2.000000000000000000, 0.7853981633974471688 ) ;
#7122 = DIRECTION ( 'NONE',  ( -0.000000000000000000, -1.172110456741085828E-16, -1.000000000000000000 ) ) ;
#7123 = LINE ( 'NONE', #10788, #7402 ) ;
#7124 = DIRECTION ( 'NONE',  ( -0.000000000000000000, -0.000000000000000000, -1.000000000000000000 ) ) ;
#7125 = ORIENTED_EDGE ( 'NONE', *, *, #3632, .T. ) ;
#7126 = CARTESIAN_POINT ( 'NONE',  ( -19.04999999999999716, 10.90000000000000036, -1.999999999999999112 ) ) ;
#7127 = ORIENTED_EDGE ( 'NONE', *, *, #2336, .T. ) ;
#7128 = ORIENTED_EDGE ( 'NONE', *, *, #9154, .T. ) ;
#7129 = CARTESIAN_POINT ( 'NONE',  ( -19.54999999999999716, 0.000000000000000000, -4.015563601798165301E-17 ) ) ;
#7130 = ORIENTED_EDGE ( 'NONE', *, *, #4093, .F. ) ;
#7131 = LINE ( 'NONE', #3409, #3827 ) ;
#7132 = ORIENTED_EDGE ( 'NONE', *, *, #10177, .F. ) ;
#7133 = CARTESIAN_POINT ( 'NONE',  ( -5.849999999999997868, 13.50000000000000178, 2.244994432064363554 ) ) ;
#7134 = CARTESIAN_POINT ( 'NONE',  ( 4.350000000000006750, 12.45031130731456059, -0.5000000000000156541 ) ) ;
#7135 = FACE_OUTER_BOUND ( 'NONE', #7939, .T. ) ;
#7136 = EDGE_LOOP ( 'NONE', ( #8175, #10119, #1302, #8508 ) ) ;
#7137 = PLANE ( 'NONE',  #2214 ) ;
#7138 = AXIS2_PLACEMENT_3D ( 'NONE', #2005, #10283, #6617 ) ;
#7139 = VERTEX_POINT ( 'NONE', #5872 ) ;
#7140 = CARTESIAN_POINT ( 'NONE',  ( -1.250000000000004663, 19.60000000000000142, 9.099999999999997868 ) ) ;
#7141 = VERTEX_POINT ( 'NONE', #3875 ) ;
#7142 = DIRECTION ( 'NONE',  ( 0.000000000000000000, -1.000000000000000000, 0.000000000000000000 ) ) ;
#7143 = ORIENTED_EDGE ( 'NONE', *, *, #6738, .T. ) ;
#7144 = AXIS2_PLACEMENT_3D ( 'NONE', #8787, #704, #10542 ) ;
#7145 = PLANE ( 'NONE',  #2788 ) ;
#7146 = EDGE_CURVE ( 'NONE', #4442, #3858, #4718, .T. ) ;
#7147 = PLANE ( 'NONE',  #11 ) ;
#7148 = ORIENTED_EDGE ( 'NONE', *, *, #7752, .T. ) ;
#7149 = DIRECTION ( 'NONE',  ( 0.000000000000000000, 1.000000000000000000, 2.449293598294701484E-16 ) ) ;
#7150 = DIRECTION ( 'NONE',  ( 0.000000000000000000, 1.000000000000000000, 0.000000000000000000 ) ) ;
#7151 = DIRECTION ( 'NONE',  ( -1.000000000000000000, 4.066575051493318340E-32, 0.000000000000000000 ) ) ;
#7152 = CARTESIAN_POINT ( 'NONE',  ( -23.29999999999999361, 10.90000000000000036, -4.249999999999997335 ) ) ;
#7153 = ORIENTED_EDGE ( 'NONE', *, *, #548, .F. ) ;
#7154 = CIRCLE ( 'NONE', #10806, 1.199999999999999956 ) ;
#7155 = ORIENTED_EDGE ( 'NONE', *, *, #6333, .F. ) ;
#7156 = DIRECTION ( 'NONE',  ( 0.000000000000000000, 2.449293598294701484E-16, -1.000000000000000000 ) ) ;
#7157 = DIRECTION ( 'NONE',  ( 0.000000000000000000, -1.000000000000000000, 0.000000000000000000 ) ) ;
#7158 = EDGE_CURVE ( 'NONE', #6899, #11604, #4954, .T. ) ;
#7159 = ORIENTED_EDGE ( 'NONE', *, *, #6069, .F. ) ;
#7160 = DIRECTION ( 'NONE',  ( 0.000000000000000000, -0.000000000000000000, 1.000000000000000000 ) ) ;
#7161 = DIRECTION ( 'NONE',  ( 0.000000000000000000, -0.5735764363510434949, -0.8191520442889935749 ) ) ;
#7162 = EDGE_CURVE ( 'NONE', #1498, #9467, #5445, .T. ) ;
#7163 = CIRCLE ( 'NONE', #474, 2.000000000000000000 ) ;
#7164 = DIRECTION ( 'NONE',  ( 0.000000000000000000, 0.000000000000000000, 1.000000000000000000 ) ) ;
#7165 = EDGE_CURVE ( 'NONE', #5748, #6852, #11389, .T. ) ;
#7166 = CARTESIAN_POINT ( 'NONE',  ( 10.60000000000000142, 10.90000000000000036, -4.750000000000007994 ) ) ;
#7167 = CARTESIAN_POINT ( 'NONE',  ( -6.849999999999998757, 12.50000000000000000, 2.000000000000000888 ) ) ;
#7168 = CARTESIAN_POINT ( 'NONE',  ( -21.54999999999999716, 7.600000000000003197, 3.300000000000002043 ) ) ;
#7169 = EDGE_CURVE ( 'NONE', #9063, #1073, #8520, .T. ) ;
#7170 = EDGE_CURVE ( 'NONE', #10133, #3137, #5752, .T. ) ;
#7171 = EDGE_CURVE ( 'NONE', #4772, #3532, #1198, .T. ) ;
#7172 = CIRCLE ( 'NONE', #2774, 1.899999999999999689 ) ;
#7173 = CARTESIAN_POINT ( 'NONE',  ( 6.850000000000004974, 13.50000000000000178, -2.244994432064371548 ) ) ;
#7174 = VECTOR ( 'NONE', #4780, 1000.000000000000000 ) ;
#7175 = ORIENTED_EDGE ( 'NONE', *, *, #9297, .F. ) ;
#7176 = CARTESIAN_POINT ( 'NONE',  ( -14.79999999999999716, 24.33502884254439991, 4.249999999999997335 ) ) ;
#7177 = LINE ( 'NONE', #5195, #2321 ) ;
#7178 = ORIENTED_EDGE ( 'NONE', *, *, #996, .T. ) ;
#7179 = EDGE_CURVE ( 'NONE', #1884, #9344, #6811, .T. ) ;
#7180 = PLANE ( 'NONE',  #2985 ) ;
#7181 = DIRECTION ( 'NONE',  ( 4.688441826964343312E-16, 1.172110456741085828E-16, 1.000000000000000000 ) ) ;
#7182 = DIRECTION ( 'NONE',  ( 2.282859610154041239E-32, -1.000000000000000000, 1.283079494065685941E-16 ) ) ;
#7183 = TOROIDAL_SURFACE ( 'NONE', #8723, 2.299999999999999822, 1.199999999999999956 ) ;
#7184 = CIRCLE ( 'NONE', #3533, 3.500000000000000000 ) ;
#7185 = ORIENTED_EDGE ( 'NONE', *, *, #6376, .T. ) ;
#7186 = CARTESIAN_POINT ( 'NONE',  ( -8.950000000000009948, 9.399999999999996803, -7.400000000000003020 ) ) ;
#7187 = ORIENTED_EDGE ( 'NONE', *, *, #7169, .T. ) ;
#7188 = EDGE_CURVE ( 'NONE', #3858, #4927, #7793, .T. ) ;
#7189 = ORIENTED_EDGE ( 'NONE', *, *, #2809, .F. ) ;
#7190 = VECTOR ( 'NONE', #7867, 1000.000000000000000 ) ;
#7191 = ORIENTED_EDGE ( 'NONE', *, *, #6318, .T. ) ;
#7192 = CARTESIAN_POINT ( 'NONE',  ( -47.67189334955345004, 8.099999999999999645, 7.400000000000004796 ) ) ;
#7193 = CARTESIAN_POINT ( 'NONE',  ( -3.849999999999995648, 7.600000000000003197, 5.400000000000001243 ) ) ;
#7194 = ORIENTED_EDGE ( 'NONE', *, *, #7981, .T. ) ;
#7195 = VECTOR ( 'NONE', #2860, 1000.000000000000114 ) ;
#7196 = FACE_OUTER_BOUND ( 'NONE', #1934, .T. ) ;
#7197 = CARTESIAN_POINT ( 'NONE',  ( -11.45000000000000462, 8.100000000000003197, 12.09999999999999787 ) ) ;
#7198 = VECTOR ( 'NONE', #8950, 1000.000000000000000 ) ;
#7199 = CARTESIAN_POINT ( 'NONE',  ( 16.55000000000000071, 2.499999999999998668, 5.599999999999990763 ) ) ;
#7200 = PRESENTATION_LAYER_ASSIGNMENT (  '', '', ( #3175 ) ) ;
#7201 = CARTESIAN_POINT ( 'NONE',  ( -5.849999999999997868, 12.45031130731456059, 2.000000000000000888 ) ) ;
#7202 = AXIS2_PLACEMENT_3D ( 'NONE', #10202, #10323, #2936 ) ;
#7203 = ORIENTED_EDGE ( 'NONE', *, *, #8196, .T. ) ;
#7204 = VECTOR ( 'NONE', #10135, 1000.000000000000000 ) ;
#7205 = AXIS2_PLACEMENT_3D ( 'NONE', #9797, #1409, #10702 ) ;
#7206 = CARTESIAN_POINT ( 'NONE',  ( -23.79999999999999361, 9.400000000000002132, 4.250000000000000888 ) ) ;
#7207 = ORIENTED_EDGE ( 'NONE', *, *, #7253, .F. ) ;
#7208 = DIRECTION ( 'NONE',  ( 0.000000000000000000, 4.565061778886335030E-16, -1.000000000000000000 ) ) ;
#7209 = ORIENTED_EDGE ( 'NONE', *, *, #3681, .F. ) ;
#7210 = PLANE ( 'NONE',  #2228 ) ;
#7211 = CARTESIAN_POINT ( 'NONE',  ( 18.54999999999999716, 11.40000000000000391, 0.4999999999999888423 ) ) ;
#7212 = ORIENTED_EDGE ( 'NONE', *, *, #790, .F. ) ;
#7213 = CIRCLE ( 'NONE', #3947, 0.5000000000000000000 ) ;
#7214 = CARTESIAN_POINT ( 'NONE',  ( 8.849999999999999645, 9.400000000000002132, -2.000000000000006661 ) ) ;
#7215 = CARTESIAN_POINT ( 'NONE',  ( -6.349999999999997868, 10.90000000000000036, 2.000000000000000444 ) ) ;
#7216 = FACE_OUTER_BOUND ( 'NONE', #3011, .T. ) ;
#7217 = ADVANCED_FACE ( 'NONE', ( #8965 ), #1430, .F. ) ;
#7218 = FACE_OUTER_BOUND ( 'NONE', #122, .T. ) ;
#7219 = ORIENTED_EDGE ( 'NONE', *, *, #3151, .T. ) ;
#7220 = EDGE_LOOP ( 'NONE', ( #2684, #7359, #336, #8118, #1477 ) ) ;
#7221 = AXIS2_PLACEMENT_3D ( 'NONE', #1271, #2170, #6716 ) ;
#7222 = LINE ( 'NONE', #6200, #10353 ) ;
#7223 = CARTESIAN_POINT ( 'NONE',  ( 20.70000000000000284, -3.450504516109078157, 5.599999999999988987 ) ) ;
#7224 = EDGE_CURVE ( 'NONE', #4940, #7926, #4175, .T. ) ;
#7225 = ORIENTED_EDGE ( 'NONE', *, *, #1191, .T. ) ;
#7226 = CARTESIAN_POINT ( 'NONE',  ( 19.55000000000000071, 0.000000000000000000, 0.4999999999999940603 ) ) ;
#7227 = DIRECTION ( 'NONE',  ( 0.000000000000000000, 0.5735764363510434949, -0.8191520442889935749 ) ) ;
#7228 = CARTESIAN_POINT ( 'NONE',  ( 16.55000000000000071, 7.500000000000002665, 7.399999999999987921 ) ) ;
#7229 = FACE_OUTER_BOUND ( 'NONE', #896, .T. ) ;
#7230 = FACE_OUTER_BOUND ( 'NONE', #6129, .T. ) ;
#7231 = CARTESIAN_POINT ( 'NONE',  ( 6.350000000000001421, 12.30000000000000249, -2.300000000000008704 ) ) ;
#7232 = ORIENTED_EDGE ( 'NONE', *, *, #8727, .F. ) ;
#7233 = EDGE_CURVE ( 'NONE', #2045, #2248, #2615, .T. ) ;
#7234 = DIRECTION ( 'NONE',  ( -0.000000000000000000, -0.5735764363510434949, 0.8191520442889935749 ) ) ;
#7235 = VERTEX_POINT ( 'NONE', #3612 ) ;
#7236 = CARTESIAN_POINT ( 'NONE',  ( 24.14999999999999858, 9.399999999999989697, 7.399999999999987033 ) ) ;
#7237 = ORIENTED_EDGE ( 'NONE', *, *, #4219, .T. ) ;
#7238 = EDGE_CURVE ( 'NONE', #4591, #9833, #5359, .T. ) ;
#7239 = PLANE ( 'NONE',  #3547 ) ;
#7240 = DIRECTION ( 'NONE',  ( 0.000000000000000000, 1.000000000000000000, -5.310377987684098923E-16 ) ) ;
#7241 = CARTESIAN_POINT ( 'NONE',  ( 26.65000000000000568, 3.499999999999998668, 7.400000000000005684 ) ) ;
#7242 = ADVANCED_FACE ( 'NONE', ( #11456 ), #867, .F. ) ;
#7243 = ORIENTED_EDGE ( 'NONE', *, *, #6718, .T. ) ;
#7244 = ADVANCED_FACE ( 'NONE', ( #11733 ), #480, .F. ) ;
#7245 = CARTESIAN_POINT ( 'NONE',  ( 19.05000000000000071, 3.900000000000002576, -7.619650039223833312E-15 ) ) ;
#7246 = ORIENTED_EDGE ( 'NONE', *, *, #2072, .T. ) ;
#7247 = VERTEX_POINT ( 'NONE', #11510 ) ;
#7248 = CARTESIAN_POINT ( 'NONE',  ( 16.55000000000000071, 2.499999999999998668, 7.399999999999993250 ) ) ;
#7249 = ORIENTED_EDGE ( 'NONE', *, *, #9741, .T. ) ;
#7250 = CARTESIAN_POINT ( 'NONE',  ( 21.55000000000000426, 2.499999999999998668, 5.599999999999990763 ) ) ;
#7251 = DIRECTION ( 'NONE',  ( 0.000000000000000000, 0.000000000000000000, -1.000000000000000000 ) ) ;
#7252 = ORIENTED_EDGE ( 'NONE', *, *, #5702, .T. ) ;
#7253 = EDGE_CURVE ( 'NONE', #7351, #9162, #11786, .T. ) ;
#7254 = DIRECTION ( 'NONE',  ( 1.000000000000000000, 0.000000000000000000, 3.491481338843133355E-15 ) ) ;
#7255 = CARTESIAN_POINT ( 'NONE',  ( -16.54999999999999716, 9.400000000000002132, -5.499999999999996447 ) ) ;
#7256 = LINE ( 'NONE', #5330, #7959 ) ;
#7257 = CARTESIAN_POINT ( 'NONE',  ( 13.94999999999999751, 8.099999999999999645, 10.09999999999999432 ) ) ;
#7258 = EDGE_CURVE ( 'NONE', #9705, #4131, #6939, .T. ) ;
#7259 = VERTEX_POINT ( 'NONE', #9930 ) ;
#7260 = DIRECTION ( 'NONE',  ( 0.000000000000000000, 1.000000000000000000, 0.000000000000000000 ) ) ;
#7261 = ORIENTED_EDGE ( 'NONE', *, *, #4084, .F. ) ;
#7262 = CIRCLE ( 'NONE', #11674, 0.5000000000000004441 ) ;
#7263 = CARTESIAN_POINT ( 'NONE',  ( 12.69999999999999929, 9.399999999999998579, -5.498154062130877853E-15 ) ) ;
#7264 = ORIENTED_EDGE ( 'NONE', *, *, #1598, .F. ) ;
#7265 = DIRECTION ( 'NONE',  ( 0.000000000000000000, 0.000000000000000000, 1.000000000000000000 ) ) ;
#7266 = CARTESIAN_POINT ( 'NONE',  ( -6.850000000000002309, 13.01963939045205088, -3.232109405386086376 ) ) ;
#7267 = ORIENTED_EDGE ( 'NONE', *, *, #3151, .F. ) ;
#7268 = AXIS2_PLACEMENT_3D ( 'NONE', #2163, #10501, #7672 ) ;
#7269 = DIRECTION ( 'NONE',  ( -0.000000000000000000, -0.000000000000000000, 1.000000000000000000 ) ) ;
#7270 = CARTESIAN_POINT ( 'NONE',  ( -3.849999999999995648, 7.500000000000002665, 7.399999999999996803 ) ) ;
#7271 = DIRECTION ( 'NONE',  ( -1.606225440719265627E-16, 0.000000000000000000, -1.000000000000000000 ) ) ;
#7272 = CARTESIAN_POINT ( 'NONE',  ( -47.67189334955345004, 2.500000000000002220, 7.400000000000005684 ) ) ;
#7273 = AXIS2_PLACEMENT_3D ( 'NONE', #9200, #8419, #3850 ) ;
#7274 = CARTESIAN_POINT ( 'NONE',  ( -21.54999999999999716, 7.300000000000003375, 3.000000000000002665 ) ) ;
#7275 = AXIS2_PLACEMENT_3D ( 'NONE', #11289, #8277, #11051 ) ;
#7276 = ORIENTED_EDGE ( 'NONE', *, *, #3675, .T. ) ;
#7277 = EDGE_LOOP ( 'NONE', ( #7682, #11654, #5564, #10590 ) ) ;
#7278 = FACE_OUTER_BOUND ( 'NONE', #9325, .T. ) ;
#7279 = VERTEX_POINT ( 'NONE', #9589 ) ;
#7280 = EDGE_CURVE ( 'NONE', #3806, #9120, #4877, .T. ) ;
#7281 = LINE ( 'NONE', #3667, #49 ) ;
#7282 = ORIENTED_EDGE ( 'NONE', *, *, #7771, .T. ) ;
#7283 = DIRECTION ( 'NONE',  ( 1.000000000000000000, -0.000000000000000000, 8.031127203596330602E-17 ) ) ;
#7284 = CARTESIAN_POINT ( 'NONE',  ( 4.699999999999999289, 9.400000000000002132, -2.000000000000006661 ) ) ;
#7285 = CARTESIAN_POINT ( 'NONE',  ( -24.15000000000000568, 8.099999999999999645, 12.09999999999999964 ) ) ;
#7286 = DIRECTION ( 'NONE',  ( 0.000000000000000000, -0.5735764363510434949, -0.8191520442889935749 ) ) ;
#7287 = DIRECTION ( 'NONE',  ( 1.000000000000000000, 0.000000000000000000, 0.000000000000000000 ) ) ;
#7288 = DIRECTION ( 'NONE',  ( 0.000000000000000000, 1.000000000000000000, 0.000000000000000000 ) ) ;
#7289 = EDGE_CURVE ( 'NONE', #1168, #7247, #2667, .T. ) ;
#7290 = ORIENTED_EDGE ( 'NONE', *, *, #2697, .F. ) ;
#7291 = DIRECTION ( 'NONE',  ( -8.659560562354922997E-17, 0.7071067811865483499, 0.7071067811865466846 ) ) ;
#7292 = EDGE_LOOP ( 'NONE', ( #7976, #8565, #5692, #2096 ) ) ;
#7293 = EDGE_CURVE ( 'NONE', #5958, #5690, #4451, .T. ) ;
#7294 = ORIENTED_EDGE ( 'NONE', *, *, #3712, .F. ) ;
#7295 = LINE ( 'NONE', #1851, #869 ) ;
#7296 = DIRECTION ( 'NONE',  ( 0.000000000000000000, -1.000000000000000000, 0.000000000000000000 ) ) ;
#7297 = DIRECTION ( 'NONE',  ( 4.066575051493318340E-32, 1.000000000000000000, -1.172110456741085828E-16 ) ) ;
#7298 = CIRCLE ( 'NONE', #8071, 3.000000000000000000 ) ;
#7299 = EDGE_LOOP ( 'NONE', ( #10127, #11442, #11452, #8594, #6171, #7431, #8193, #507 ) ) ;
#7300 = DIRECTION ( 'NONE',  ( 0.000000000000000000, 0.000000000000000000, 1.000000000000000000 ) ) ;
#7301 = VECTOR ( 'NONE', #221, 1000.000000000000000 ) ;
#7302 = ORIENTED_EDGE ( 'NONE', *, *, #11569, .T. ) ;
#7303 = VERTEX_POINT ( 'NONE', #7228 ) ;
#7304 = EDGE_CURVE ( 'NONE', #9225, #638, #9867, .T. ) ;
#7305 = AXIS2_PLACEMENT_3D ( 'NONE', #1769, #4445, #38 ) ;
#7306 = CARTESIAN_POINT ( 'NONE',  ( -23.29999999999999361, 10.90000000000000036, 4.250000000000000888 ) ) ;
#7307 = CARTESIAN_POINT ( 'NONE',  ( -47.67189334955345004, 2.500000000000002220, 7.400000000000005684 ) ) ;
#7308 = DIRECTION ( 'NONE',  ( 0.000000000000000000, -1.000000000000000000, -0.000000000000000000 ) ) ;
#7309 = CARTESIAN_POINT ( 'NONE',  ( 16.55000000000000071, 9.400000000000002132, 1.999999999999990008 ) ) ;
#7310 = ORIENTED_EDGE ( 'NONE', *, *, #5335, .F. ) ;
#7311 = DIRECTION ( 'NONE',  ( 0.000000000000000000, 0.000000000000000000, 1.000000000000000000 ) ) ;
#7312 = DIRECTION ( 'NONE',  ( -1.000000000000000000, 1.967058844685892123E-32, -8.031127203596330602E-17 ) ) ;
#7313 = DIRECTION ( 'NONE',  ( 1.000000000000000000, -0.000000000000000000, 8.031127203596331834E-17 ) ) ;
#7314 = EDGE_CURVE ( 'NONE', #1278, #2651, #5414, .T. ) ;
#7315 = EDGE_CURVE ( 'NONE', #6666, #4912, #6590, .T. ) ;
#7316 = CARTESIAN_POINT ( 'NONE',  ( -19.04999999999999716, -3.358379542590069988, 2.000000000000000000 ) ) ;
#7317 = VERTEX_POINT ( 'NONE', #4754 ) ;
#7318 = EDGE_CURVE ( 'NONE', #2076, #9732, #101, .T. ) ;
#7319 = EDGE_CURVE ( 'NONE', #7926, #2066, #11129, .T. ) ;
#7320 = DIRECTION ( 'NONE',  ( -0.000000000000000000, -0.5735764363510434949, 0.8191520442889935749 ) ) ;
#7321 = ORIENTED_EDGE ( 'NONE', *, *, #10174, .F. ) ;
#7322 = FACE_OUTER_BOUND ( 'NONE', #9881, .T. ) ;
#7323 = EDGE_LOOP ( 'NONE', ( #9657, #1687, #2536, #4537 ) ) ;
#7324 = CARTESIAN_POINT ( 'NONE',  ( 16.55000000000000071, 5.900000000000002132, 2.999999999999990230 ) ) ;
#7325 = CARTESIAN_POINT ( 'NONE',  ( -8.000000000000000000, 7.400000000000004796, -5.600000000000004086 ) ) ;
#7326 = ORIENTED_EDGE ( 'NONE', *, *, #5864, .F. ) ;
#7327 = LINE ( 'NONE', #9008, #2046 ) ;
#7328 = FACE_OUTER_BOUND ( 'NONE', #3782, .T. ) ;
#7329 = CARTESIAN_POINT ( 'NONE',  ( -20.69999999999999929, -3.450504516109078157, -5.599999999999996092 ) ) ;
#7330 = CARTESIAN_POINT ( 'NONE',  ( -6.849999999999998757, 13.50000000000000178, -0.5000000000000007772 ) ) ;
#7331 = CIRCLE ( 'NONE', #9824, 0.2999999999999994893 ) ;
#7332 = LINE ( 'NONE', #6436, #1423 ) ;
#7333 = ORIENTED_EDGE ( 'NONE', *, *, #4329, .F. ) ;
#7334 = ORIENTED_EDGE ( 'NONE', *, *, #5551, .T. ) ;
#7336 = DIRECTION ( 'NONE',  ( 3.491481338843133355E-15, 0.000000000000000000, -1.000000000000000000 ) ) ;
#7335 = VECTOR ( 'NONE', #3020, 1000.000000000000000 ) ;
#7337 = ORIENTED_EDGE ( 'NONE', *, *, #2701, .T. ) ;
#7338 = PLANE ( 'NONE',  #2329 ) ;
#7339 = VERTEX_POINT ( 'NONE', #1959 ) ;
#7340 = CARTESIAN_POINT ( 'NONE',  ( -6.349999999999997868, 11.40000000000000213, 1.019953154856734144E-15 ) ) ;
#7341 = EDGE_CURVE ( 'NONE', #10604, #10420, #2907, .T. ) ;
#7342 = DIRECTION ( 'NONE',  ( -1.000000000000000000, -5.473822126268816683E-48, -8.031127203596331834E-17 ) ) ;
#7343 = DIRECTION ( 'NONE',  ( 0.000000000000000000, 1.000000000000000000, 0.000000000000000000 ) ) ;
#7344 = DIRECTION ( 'NONE',  ( 1.000000000000000000, -1.967058844685892396E-32, 8.031127203596331834E-17 ) ) ;
#7345 = VECTOR ( 'NONE', #5744, 1000.000000000000000 ) ;
#7346 = FACE_OUTER_BOUND ( 'NONE', #5781, .T. ) ;
#7347 = VERTEX_POINT ( 'NONE', #7586 ) ;
#7348 = VECTOR ( 'NONE', #5847, 1000.000000000000000 ) ;
#7349 = CYLINDRICAL_SURFACE ( 'NONE', #6529, 0.4999999999999995559 ) ;
#7350 = ORIENTED_EDGE ( 'NONE', *, *, #5030, .F. ) ;
#7351 = VERTEX_POINT ( 'NONE', #223 ) ;
#7352 = CARTESIAN_POINT ( 'NONE',  ( -18.54999999999999716, 12.45031130731456059, -2.000000000000000000 ) ) ;
#7353 = CARTESIAN_POINT ( 'NONE',  ( -6.349999999999997868, 10.90000000000000213, 1.019953154856734144E-15 ) ) ;
#7354 = CARTESIAN_POINT ( 'NONE',  ( -19.04999999999999716, 9.400000000000002132, 0.000000000000000000 ) ) ;
#7355 = ORIENTED_EDGE ( 'NONE', *, *, #3220, .F. ) ;
#7356 = VECTOR ( 'NONE', #870, 1000.000000000000000 ) ;
#7357 = FACE_OUTER_BOUND ( 'NONE', #9838, .T. ) ;
#7358 = ORIENTED_EDGE ( 'NONE', *, *, #7531, .T. ) ;
#7359 = ORIENTED_EDGE ( 'NONE', *, *, #6359, .T. ) ;
#7360 = LINE ( 'NONE', #11030, #2237 ) ;
#7361 = VERTEX_POINT ( 'NONE', #11256 ) ;
#7362 = DIRECTION ( 'NONE',  ( 1.000000000000000000, -0.000000000000000000, 8.031127203596331834E-17 ) ) ;
#7363 = LINE ( 'NONE', #9111, #5845 ) ;
#7364 = ORIENTED_EDGE ( 'NONE', *, *, #9085, .F. ) ;
#7365 = PRESENTATION_LAYER_ASSIGNMENT (  '', '', ( #2771 ) ) ;
#7366 = PRESENTATION_STYLE_ASSIGNMENT (( #10134 ) ) ;
#7367 = LINE ( 'NONE', #2695, #7204 ) ;
#7368 = LINE ( 'NONE', #10136, #11028 ) ;
#7369 = VECTOR ( 'NONE', #5153, 1000.000000000000000 ) ;
#7370 = AXIS2_PLACEMENT_3D ( 'NONE', #4141, #7813, #6180 ) ;
#7371 = LINE ( 'NONE', #2052, #487 ) ;
#7372 = ORIENTED_EDGE ( 'NONE', *, *, #9072, .F. ) ;
#7373 = AXIS2_PLACEMENT_3D ( 'NONE', #9991, #8844, #816 ) ;
#7374 = CARTESIAN_POINT ( 'NONE',  ( 13.94999999999999396, 22.60000000000000142, 12.09999999999998899 ) ) ;
#7375 = VECTOR ( 'NONE', #5018, 1000.000000000000000 ) ;
#7376 = ORIENTED_EDGE ( 'NONE', *, *, #5986, .F. ) ;
#7377 = EDGE_CURVE ( 'NONE', #2111, #1645, #5666, .T. ) ;
#7378 = CIRCLE ( 'NONE', #3920, 2.299999999999999822 ) ;
#7379 = CARTESIAN_POINT ( 'NONE',  ( -23.29999999999999361, 10.90000000000000036, 4.750000000000000888 ) ) ;
#7380 = ORIENTED_EDGE ( 'NONE', *, *, #5545, .F. ) ;
#7381 = AXIS2_PLACEMENT_3D ( 'NONE', #11049, #8164, #4488 ) ;
#7382 = CARTESIAN_POINT ( 'NONE',  ( -19.04999999999999716, 3.900000000000002576, 2.000000000000000000 ) ) ;
#7383 = EDGE_LOOP ( 'NONE', ( #6846, #3294, #527, #3351 ) ) ;
#7384 = DIRECTION ( 'NONE',  ( 1.000000000000000000, 0.000000000000000000, -1.301856267149574032E-16 ) ) ;
#7385 = ORIENTED_EDGE ( 'NONE', *, *, #1321, .T. ) ;
#7386 =( GEOMETRIC_REPRESENTATION_CONTEXT ( 3 ) GLOBAL_UNCERTAINTY_ASSIGNED_CONTEXT ( ( #1140 ) ) GLOBAL_UNIT_ASSIGNED_CONTEXT ( ( #10229, #1119, #3909 ) ) REPRESENTATION_CONTEXT ( 'NONE', 'WORKASPACE' ) );
#7387 = CARTESIAN_POINT ( 'NONE',  ( -17.04999999999999716, 13.50000000000000178, 0.5000000000000069944 ) ) ;
#7388 = DIRECTION ( 'NONE',  ( -1.000000000000000000, -1.967058844685892396E-32, -8.031127203596331834E-17 ) ) ;
#7389 = CARTESIAN_POINT ( 'NONE',  ( -4.699999999999995737, -4.000000000000000000, 7.199999999999998401 ) ) ;
#7390 = CARTESIAN_POINT ( 'NONE',  ( -21.55000000000000071, 7.300000000000002487, -3.299999999999998046 ) ) ;
#7391 = ADVANCED_FACE ( 'NONE', ( #3912 ), #4813, .F. ) ;
#7392 = CIRCLE ( 'NONE', #2990, 0.5000000000000004441 ) ;
#7393 = VECTOR ( 'NONE', #1036, 1000.000000000000000 ) ;
#7394 = DIRECTION ( 'NONE',  ( 0.000000000000000000, -1.000000000000000000, 0.000000000000000000 ) ) ;
#7395 = AXIS2_PLACEMENT_3D ( 'NONE', #174, #11322, #11141 ) ;
#7396 = ADVANCED_FACE ( 'NONE', ( #2784 ), #2086, .F. ) ;
#7397 = ORIENTED_EDGE ( 'NONE', *, *, #7081, .T. ) ;
#7398 = VECTOR ( 'NONE', #3296, 1000.000000000000000 ) ;
#7399 = VERTEX_POINT ( 'NONE', #11188 ) ;
#7400 = CARTESIAN_POINT ( 'NONE',  ( -16.54999999999999716, 7.600000000000003197, -5.400000000000000355 ) ) ;
#7401 = ORIENTED_EDGE ( 'NONE', *, *, #11815, .F. ) ;
#7402 = VECTOR ( 'NONE', #771, 1000.000000000000000 ) ;
#7403 = CARTESIAN_POINT ( 'NONE',  ( 21.65000000000000213, 2.500000000000002220, 7.399999999999993250 ) ) ;
#7404 = ADVANCED_FACE ( 'NONE', ( #9203 ), #5484, .F. ) ;
#7405 = VERTEX_POINT ( 'NONE', #4691 ) ;
#7406 = CARTESIAN_POINT ( 'NONE',  ( -21.55000000000000071, 7.600000000000003197, -5.400000000000000355 ) ) ;
#7407 = SURFACE_STYLE_USAGE ( .BOTH. , #341 ) ;
#7408 = CARTESIAN_POINT ( 'NONE',  ( -17.39999999999999503, 5.900000000000003020, 2.000000000000002665 ) ) ;
#7409 = CARTESIAN_POINT ( 'NONE',  ( 2.100000000000004530, 9.400000000000002132, -4.250000000000006217 ) ) ;
#7410 = CARTESIAN_POINT ( 'NONE',  ( 20.70000000000000284, -3.450504516109081710, 5.499999999999983125 ) ) ;
#7411 = CARTESIAN_POINT ( 'NONE',  ( 1.249999999999989564, 9.399999999999991473, -7.400000000000007461 ) ) ;
#7412 = AXIS2_PLACEMENT_3D ( 'NONE', #11464, #9480, #5938 ) ;
#7413 = VERTEX_POINT ( 'NONE', #5603 ) ;
#7414 = EDGE_CURVE ( 'NONE', #6758, #10189, #7573, .T. ) ;
#7415 = LINE ( 'NONE', #3620, #10173 ) ;
#7416 = ORIENTED_EDGE ( 'NONE', *, *, #10265, .T. ) ;
#7417 = VERTEX_POINT ( 'NONE', #4560 ) ;
#7418 = CARTESIAN_POINT ( 'NONE',  ( -1.250000000000004663, 22.60000000000000142, 9.099999999999997868 ) ) ;
#7419 = DIRECTION ( 'NONE',  ( 0.000000000000000000, -2.449293598294701484E-16, -1.000000000000000000 ) ) ;
#7420 = CARTESIAN_POINT ( 'NONE',  ( 18.55000000000000071, 11.40000000000000391, 0.4999999999999922284 ) ) ;
#7421 = CLOSED_SHELL ( 'NONE', ( #10331, #3905, #7077, #3802, #2131, #348, #4286, #649, #6201, #6675, #9149, #4155, #592 ) ) ;
#7422 = ORIENTED_EDGE ( 'NONE', *, *, #1682, .F. ) ;
#7423 = DIRECTION ( 'NONE',  ( 0.000000000000000000, -0.000000000000000000, 1.000000000000000000 ) ) ;
#7424 = ORIENTED_EDGE ( 'NONE', *, *, #11865, .F. ) ;
#7425 = EDGE_CURVE ( 'NONE', #9879, #7500, #1059, .T. ) ;
#7426 = ORIENTED_EDGE ( 'NONE', *, *, #11815, .T. ) ;
#7427 = SURFACE_STYLE_USAGE ( .BOTH. , #1684 ) ;
#7428 = ORIENTED_EDGE ( 'NONE', *, *, #9451, .F. ) ;
#7429 = CARTESIAN_POINT ( 'NONE',  ( 6.850000000000004974, 12.63935149243593337, 3.423341594711327929 ) ) ;
#7430 = DIRECTION ( 'NONE',  ( 1.000000000000000000, -1.967058844685892123E-32, 8.031127203596330602E-17 ) ) ;
#7431 = ORIENTED_EDGE ( 'NONE', *, *, #1180, .F. ) ;
#7432 = DIRECTION ( 'NONE',  ( 0.000000000000000000, 0.000000000000000000, -1.000000000000000000 ) ) ;
#7433 = CARTESIAN_POINT ( 'NONE',  ( 20.70000000000000284, -4.000000000000000000, 7.399999999999987921 ) ) ;
#7434 = DIRECTION ( 'NONE',  ( -0.000000000000000000, -1.000000000000000000, 0.000000000000000000 ) ) ;
#7435 = CARTESIAN_POINT ( 'NONE',  ( 18.54999999999999716, 13.50000000000000178, 2.244994432064355117 ) ) ;
#7436 = EDGE_CURVE ( 'NONE', #11246, #11341, #2588, .T. ) ;
#7437 = ORIENTED_EDGE ( 'NONE', *, *, #1973, .T. ) ;
#7438 = FACE_OUTER_BOUND ( 'NONE', #2382, .T. ) ;
#7439 = ORIENTED_EDGE ( 'NONE', *, *, #9070, .F. ) ;
#7440 = DIRECTION ( 'NONE',  ( 1.000000000000000000, -0.000000000000000000, -1.779203565104417621E-16 ) ) ;
#7441 = VERTEX_POINT ( 'NONE', #926 ) ;
#7442 = CARTESIAN_POINT ( 'NONE',  ( 3.849999999999999201, 7.300000000000002487, -3.000000000000007550 ) ) ;
#7443 = ORIENTED_EDGE ( 'NONE', *, *, #5545, .T. ) ;
#7444 = PLANE ( 'NONE',  #8231 ) ;
#7445 = ORIENTED_EDGE ( 'NONE', *, *, #875, .F. ) ;
#7446 = LINE ( 'NONE', #2177, #8284 ) ;
#7447 = DIRECTION ( 'NONE',  ( 8.031127203596331834E-17, 3.097720492815726673E-16, -1.000000000000000000 ) ) ;
#7448 = LINE ( 'NONE', #9251, #5280 ) ;
#7449 = CARTESIAN_POINT ( 'NONE',  ( 4.350000000000003197, 12.45031130731456059, 0.4999999999999844014 ) ) ;
#7450 = EDGE_CURVE ( 'NONE', #9403, #4008, #8241, .T. ) ;
#7451 = PLANE ( 'NONE',  #7720 ) ;
#7452 = EDGE_CURVE ( 'NONE', #3183, #5351, #8297, .T. ) ;
#7453 = EDGE_LOOP ( 'NONE', ( #8531, #999, #3234, #2857, #8315 ) ) ;
#7454 = VERTEX_POINT ( 'NONE', #7464 ) ;
#7455 = AXIS2_PLACEMENT_3D ( 'NONE', #5826, #9373, #10281 ) ;
#7456 = FACE_OUTER_BOUND ( 'NONE', #5884, .T. ) ;
#7457 = ORIENTED_EDGE ( 'NONE', *, *, #7233, .F. ) ;
#7458 = DIRECTION ( 'NONE',  ( 0.000000000000000000, 1.000000000000000000, 0.000000000000000000 ) ) ;
#7459 = VERTEX_POINT ( 'NONE', #11006 ) ;
#7460 = CARTESIAN_POINT ( 'NONE',  ( 13.94999999999999396, 9.399999999999989697, 7.399999999999987921 ) ) ;
#7461 = EDGE_CURVE ( 'NONE', #7712, #6566, #10109, .T. ) ;
#7462 = FACE_OUTER_BOUND ( 'NONE', #6037, .T. ) ;
#7463 = CARTESIAN_POINT ( 'NONE',  ( -3.849999999999999201, 7.400000000000004796, -5.400000000000003908 ) ) ;
#7464 = CARTESIAN_POINT ( 'NONE',  ( 5.850000000000001421, 13.50000000000000178, -2.244994432064371548 ) ) ;
#7465 = VECTOR ( 'NONE', #3124, 1000.000000000000000 ) ;
#7466 = DIRECTION ( 'NONE',  ( 1.000000000000000000, 0.000000000000000000, 8.031127203596330602E-17 ) ) ;
#7467 = EDGE_CURVE ( 'NONE', #1042, #10290, #10830, .T. ) ;
#7468 = EDGE_CURVE ( 'NONE', #1280, #9780, #10169, .T. ) ;
#7469 = DIRECTION ( 'NONE',  ( 3.571792610879097845E-15, -0.000000000000000000, -1.000000000000000000 ) ) ;
#7470 = VECTOR ( 'NONE', #8290, 1000.000000000000000 ) ;
#7471 = ORIENTED_EDGE ( 'NONE', *, *, #8410, .F. ) ;
#7472 = ORIENTED_EDGE ( 'NONE', *, *, #9669, .T. ) ;
#7473 = EDGE_CURVE ( 'NONE', #7399, #8936, #5058, .T. ) ;
#7474 = EDGE_CURVE ( 'NONE', #4010, #4460, #5789, .T. ) ;
#7475 = AXIS2_PLACEMENT_3D ( 'NONE', #3598, #10024, #2762 ) ;
#7476 = CARTESIAN_POINT ( 'NONE',  ( -21.04999999999999361, 12.45031130731456059, -0.5000000000000069944 ) ) ;
#7477 = ORIENTED_EDGE ( 'NONE', *, *, #4930, .T. ) ;
#7478 = ORIENTED_EDGE ( 'NONE', *, *, #1455, .F. ) ;
#7479 = EDGE_CURVE ( 'NONE', #10519, #2323, #1444, .T. ) ;
#7480 = DIRECTION ( 'NONE',  ( -0.8191520442889935749, -0.5735764363510434949, -2.860054076310225049E-15 ) ) ;
#7481 = DIRECTION ( 'NONE',  ( 0.000000000000000000, 0.000000000000000000, -1.000000000000000000 ) ) ;
#7482 = DIRECTION ( 'NONE',  ( -8.031127203596330602E-17, 4.818676322157799347E-16, 1.000000000000000000 ) ) ;
#7483 = VECTOR ( 'NONE', #2280, 1000.000000000000000 ) ;
#7484 = VERTEX_POINT ( 'NONE', #11428 ) ;
#7485 = VERTEX_POINT ( 'NONE', #4210 ) ;
#7486 = CARTESIAN_POINT ( 'NONE',  ( -10.59999999999999787, 10.90000000000000036, -4.249999999999998224 ) ) ;
#7487 = FACE_OUTER_BOUND ( 'NONE', #6445, .T. ) ;
#7488 = DIRECTION ( 'NONE',  ( 8.031127203596331834E-17, 0.000000000000000000, -1.000000000000000000 ) ) ;
#7489 = DIRECTION ( 'NONE',  ( 1.000000000000000000, -0.000000000000000000, 8.031127203596330602E-17 ) ) ;
#7490 = ORIENTED_EDGE ( 'NONE', *, *, #9452, .F. ) ;
#7491 = LINE ( 'NONE', #8509, #1820 ) ;
#7492 = CARTESIAN_POINT ( 'NONE',  ( -21.65000000000000924, 2.499999999999998668, -7.400000000000000355 ) ) ;
#7493 = DIRECTION ( 'NONE',  ( 0.000000000000000000, 0.000000000000000000, 1.000000000000000000 ) ) ;
#7494 = CARTESIAN_POINT ( 'NONE',  ( 26.65000000000000568, 0.5000000000000000000, -8.600000000000003197 ) ) ;
#7495 = ORIENTED_EDGE ( 'NONE', *, *, #8283, .F. ) ;
#7496 = CARTESIAN_POINT ( 'NONE',  ( -4.699999999999995737, 7.600000000000003197, 5.400000000000001243 ) ) ;
#7497 = ORIENTED_EDGE ( 'NONE', *, *, #8529, .T. ) ;
#7498 = DIRECTION ( 'NONE',  ( 2.344220913482171656E-16, 1.172110456741085828E-16, 1.000000000000000000 ) ) ;
#7499 = DIRECTION ( 'NONE',  ( -1.000000000000000000, 0.000000000000000000, -3.571792610879097845E-15 ) ) ;
#7500 = VERTEX_POINT ( 'NONE', #1300 ) ;
#7501 = LINE ( 'NONE', #258, #8535 ) ;
#7502 = ORIENTED_EDGE ( 'NONE', *, *, #5974, .T. ) ;
#7503 = PLANE ( 'NONE',  #7275 ) ;
#7504 = ORIENTED_EDGE ( 'NONE', *, *, #1107, .F. ) ;
#7505 = VECTOR ( 'NONE', #7440, 1000.000000000000000 ) ;
#7506 = CARTESIAN_POINT ( 'NONE',  ( 20.70000000000000284, 9.400000000000002132, 5.499999999999988454 ) ) ;
#7507 = LINE ( 'NONE', #6672, #6308 ) ;
#7508 = DIRECTION ( 'NONE',  ( 3.869940249620702052E-32, 1.000000000000000000, -4.818676322157799347E-16 ) ) ;
#7509 = FACE_OUTER_BOUND ( 'NONE', #3214, .T. ) ;
#7510 = VECTOR ( 'NONE', #3491, 1000.000000000000000 ) ;
#7511 = DIRECTION ( 'NONE',  ( 0.000000000000000000, 0.000000000000000000, 1.000000000000000000 ) ) ;
#7512 = ORIENTED_EDGE ( 'NONE', *, *, #912, .F. ) ;
#7513 = ORIENTED_EDGE ( 'NONE', *, *, #10976, .F. ) ;
#7514 = PLANE ( 'NONE',  #6123 ) ;
#7515 = ORIENTED_EDGE ( 'NONE', *, *, #9571, .F. ) ;
#7516 = CARTESIAN_POINT ( 'NONE',  ( -16.54999999999998295, 3.499999999999998668, 7.400000000000002132 ) ) ;
#7517 = ORIENTED_EDGE ( 'NONE', *, *, #230, .F. ) ;
#7518 = LINE ( 'NONE', #1772, #8617 ) ;
#7519 = PRESENTATION_STYLE_ASSIGNMENT (( #7407 ) ) ;
#7520 = CARTESIAN_POINT ( 'NONE',  ( 5.850000000000001421, 12.45031130731456059, -2.000000000000008882 ) ) ;
#7521 = LINE ( 'NONE', #8483, #5363 ) ;
#7522 = DIRECTION ( 'NONE',  ( -0.000000000000000000, 0.000000000000000000, 1.000000000000000000 ) ) ;
#7523 = LINE ( 'NONE', #4034, #4275 ) ;
#7524 = VERTEX_POINT ( 'NONE', #4032 ) ;
#7525 = AXIS2_PLACEMENT_3D ( 'NONE', #8286, #4439, #3604 ) ;
#7526 = ADVANCED_FACE ( 'NONE', ( #4154 ), #7183, .T. ) ;
#7527 = EDGE_CURVE ( 'NONE', #6305, #2249, #6688, .T. ) ;
#7528 = EDGE_CURVE ( 'NONE', #11696, #821, #3090, .T. ) ;
#7529 = CARTESIAN_POINT ( 'NONE',  ( 11.44999999999999574, 22.60000000000000142, 9.099999999999992539 ) ) ;
#7530 = EDGE_CURVE ( 'NONE', #1128, #11526, #10358, .T. ) ;
#7531 = EDGE_CURVE ( 'NONE', #8838, #7967, #8908, .T. ) ;
#7532 = ORIENTED_EDGE ( 'NONE', *, *, #6291, .F. ) ;
#7533 = AXIS2_PLACEMENT_3D ( 'NONE', #4408, #2629, #3512 ) ;
#7534 = ORIENTED_EDGE ( 'NONE', *, *, #5675, .T. ) ;
#7535 = FACE_OUTER_BOUND ( 'NONE', #6905, .T. ) ;
#7536 = CARTESIAN_POINT ( 'NONE',  ( 17.04999999999999716, 13.50000000000000178, 0.4999999999999854006 ) ) ;
#7537 = EDGE_CURVE ( 'NONE', #11153, #11032, #11486, .T. ) ;
#7538 = EDGE_CURVE ( 'NONE', #7994, #6791, #521, .T. ) ;
#7539 = CARTESIAN_POINT ( 'NONE',  ( -18.54999999999999716, 11.40000000000000391, -0.4999999999999998890 ) ) ;
#7540 = EDGE_CURVE ( 'NONE', #4854, #10058, #2399, .T. ) ;
#7541 = ORIENTED_EDGE ( 'NONE', *, *, #2433, .F. ) ;
#7542 = AXIS2_PLACEMENT_3D ( 'NONE', #8000, #8776, #7932 ) ;
#7543 = ORIENTED_EDGE ( 'NONE', *, *, #2710, .F. ) ;
#7544 = ADVANCED_FACE ( 'NONE', ( #3033 ), #8546, .F. ) ;
#7545 = CARTESIAN_POINT ( 'NONE',  ( 19.55000000000000071, 13.50000000000000178, 1.999999999999992228 ) ) ;
#7546 = DIRECTION ( 'NONE',  ( -1.000000000000000000, 0.000000000000000000, -3.491481338843133355E-15 ) ) ;
#7547 = DIRECTION ( 'NONE',  ( 2.282859610154041239E-32, -1.000000000000000000, 1.283079494065685941E-16 ) ) ;
#7548 = ORIENTED_EDGE ( 'NONE', *, *, #5689, .F. ) ;
#7549 = CARTESIAN_POINT ( 'NONE',  ( -4.350000000000003197, 13.50000000000000178, 0.5000000000000078826 ) ) ;
#7550 = DIRECTION ( 'NONE',  ( -1.000000000000000000, 5.473822126268816683E-48, -8.031127203596331834E-17 ) ) ;
#7551 = CARTESIAN_POINT ( 'NONE',  ( 16.54999999999999716, 7.600000000000004974, -5.400000000000012790 ) ) ;
#7552 = CARTESIAN_POINT ( 'NONE',  ( 8.849999999999999645, 5.900000000000002132, -2.000000000000006661 ) ) ;
#7553 = ORIENTED_EDGE ( 'NONE', *, *, #3792, .F. ) ;
#7554 = EDGE_CURVE ( 'NONE', #1110, #11846, #11370, .T. ) ;
#7555 = CARTESIAN_POINT ( 'NONE',  ( 21.54999999999999005, 3.499999999999998668, -5.600000000000012079 ) ) ;
#7556 = ORIENTED_EDGE ( 'NONE', *, *, #8712, .F. ) ;
#7557 = FACE_OUTER_BOUND ( 'NONE', #4900, .T. ) ;
#7558 = DIRECTION ( 'NONE',  ( 0.000000000000000000, -1.000000000000000000, -2.449293598294701484E-16 ) ) ;
#7559 = EDGE_LOOP ( 'NONE', ( #1974, #1007, #2190, #8223, #2319, #9963, #7321, #1012, #10897, #285, #7424 ) ) ;
#7560 = DIRECTION ( 'NONE',  ( 0.8191520442889935749, 0.5735764363510434949, 0.000000000000000000 ) ) ;
#7561 = VECTOR ( 'NONE', #10968, 1000.000000000000000 ) ;
#7562 = EDGE_LOOP ( 'NONE', ( #1783, #8015, #8161, #8756, #10980, #6495, #7643, #3423, #7219, #11422, #2699 ) ) ;
#7563 = CARTESIAN_POINT ( 'NONE',  ( -4.898981379331715402, -3.997201362714914996, 7.201018620668276249 ) ) ;
#7564 = ORIENTED_EDGE ( 'NONE', *, *, #8156, .T. ) ;
#7565 = AXIS2_PLACEMENT_3D ( 'NONE', #5700, #11097, #2879 ) ;
#7566 = FACE_OUTER_BOUND ( 'NONE', #4976, .T. ) ;
#7567 = CARTESIAN_POINT ( 'NONE',  ( 6.850000000000004974, 13.50000000000000178, -2.244994432064371548 ) ) ;
#7568 = DIRECTION ( 'NONE',  ( 0.000000000000000000, 1.000000000000000000, 0.000000000000000000 ) ) ;
#7569 = CARTESIAN_POINT ( 'NONE',  ( 6.850000000000004974, 12.50000000000000000, 3.447142787940699726 ) ) ;
#7570 = B_SPLINE_CURVE_WITH_KNOTS ( 'NONE', 3,
 ( #5806, #1592, #3226, #5922, #11331, #9532, #361, #5016, #300, #8008 ),
 .UNSPECIFIED., .F., .F.,
 ( 4, 2, 2, 2, 4 ),
 ( 0.001559271179728315224, 0.001980931126849242926, 0.002402591073970171062, 0.002824251021091098764, 0.003245910968212026466 ),
 .UNSPECIFIED. ) ;
#7571 = DIRECTION ( 'NONE',  ( 8.031127203596330602E-17, 0.000000000000000000, -1.000000000000000000 ) ) ;
#7572 = EDGE_LOOP ( 'NONE', ( #4376, #8945, #8978, #5433 ) ) ;
#7573 = CIRCLE ( 'NONE', #114, 0.2999999999999994893 ) ;
#7574 = ORIENTED_EDGE ( 'NONE', *, *, #8925, .T. ) ;
#7575 = VECTOR ( 'NONE', #5684, 1000.000000000000000 ) ;
#7576 = DIRECTION ( 'NONE',  ( 0.000000000000000000, -4.130293990420964459E-16, 1.000000000000000000 ) ) ;
#7577 = ORIENTED_EDGE ( 'NONE', *, *, #6750, .T. ) ;
#7578 = CIRCLE ( 'NONE', #312, 3.000000000000000000 ) ;
#7579 = CYLINDRICAL_SURFACE ( 'NONE', #10575, 2.000000000000000000 ) ;
#7580 = ORIENTED_EDGE ( 'NONE', *, *, #2609, .F. ) ;
#7581 = CARTESIAN_POINT ( 'NONE',  ( 19.55000000000000071, 13.02062290888696161, -3.231558149175551176 ) ) ;
#7582 = ADVANCED_FACE ( 'NONE', ( #2142 ), #6863, .F. ) ;
#7583 =( GEOMETRIC_REPRESENTATION_CONTEXT ( 3 ) GLOBAL_UNCERTAINTY_ASSIGNED_CONTEXT ( ( #5698 ) ) GLOBAL_UNIT_ASSIGNED_CONTEXT ( ( #1123, #10170, #11189 ) ) REPRESENTATION_CONTEXT ( 'NONE', 'WORKASPACE' ) );
#7584 = DIRECTION ( 'NONE',  ( 0.000000000000000000, 1.283079494065685694E-16, 1.000000000000000000 ) ) ;
#7585 = FACE_OUTER_BOUND ( 'NONE', #5259, .T. ) ;
#7586 = CARTESIAN_POINT ( 'NONE',  ( 6.850000000000002309, 12.45031130731456059, -2.000000000000008882 ) ) ;
#7587 = AXIS2_PLACEMENT_3D ( 'NONE', #8404, #2004, #2767 ) ;
#7588 = VECTOR ( 'NONE', #3561, 1000.000000000000000 ) ;
#7589 = AXIS2_PLACEMENT_3D ( 'NONE', #9915, #9003, #10700 ) ;
#7590 = COLOUR_RGB ( '',0.7921568627450980005, 0.8196078431372548767, 0.9333333333333333481 ) ;
#7591 = CARTESIAN_POINT ( 'NONE',  ( -19.54999999999999716, 12.45031130731456059, -2.000000000000000000 ) ) ;
#7592 = VERTEX_POINT ( 'NONE', #1232 ) ;
#7593 = AXIS2_PLACEMENT_3D ( 'NONE', #559, #3359, #2409 ) ;
#7594 = EDGE_CURVE ( 'NONE', #10346, #10565, #5843, .T. ) ;
#7595 = LINE ( 'NONE', #2206, #4382 ) ;
#7596 = VERTEX_POINT ( 'NONE', #2196 ) ;
#7597 = VECTOR ( 'NONE', #11515, 1000.000000000000114 ) ;
#7598 = DIRECTION ( 'NONE',  ( 1.000000000000000000, -0.000000000000000000, -1.779203565104417621E-16 ) ) ;
#7599 = CARTESIAN_POINT ( 'NONE',  ( 20.70000000000000284, 9.400000000000002132, 1.999999999999990008 ) ) ;
#7600 = EDGE_CURVE ( 'NONE', #2435, #3064, #461, .T. ) ;
#7601 = CARTESIAN_POINT ( 'NONE',  ( -21.54999999999999716, 7.500000000000004441, 7.400000000000000355 ) ) ;
#7602 = ADVANCED_FACE ( 'NONE', ( #5905 ), #9567, .F. ) ;
#7603 = ORIENTED_EDGE ( 'NONE', *, *, #436, .T. ) ;
#7604 = AXIS2_PLACEMENT_3D ( 'NONE', #4412, #3404, #4183 ) ;
#7605 = ADVANCED_FACE ( 'NONE', ( #7216 ), #5228, .F. ) ;
#7606 = VERTEX_POINT ( 'NONE', #5347 ) ;
#7607 = DIRECTION ( 'NONE',  ( 0.000000000000000000, 1.000000000000000000, 0.000000000000000000 ) ) ;
#7608 = DIRECTION ( 'NONE',  ( 0.000000000000000000, 1.000000000000000000, 0.000000000000000000 ) ) ;
#7609 = CARTESIAN_POINT ( 'NONE',  ( -17.04999999999999361, 13.50000000000000178, -0.4999999999999930611 ) ) ;
#7610 = DIRECTION ( 'NONE',  ( -0.000000000000000000, -0.000000000000000000, -1.000000000000000000 ) ) ;
#7611 = ORIENTED_EDGE ( 'NONE', *, *, #1219, .F. ) ;
#7612 = EDGE_CURVE ( 'NONE', #9171, #526, #6317, .T. ) ;
#7613 = CARTESIAN_POINT ( 'NONE',  ( -18.54999999999999716, 12.45031130731456059, 2.000000000000000000 ) ) ;
#7614 = CARTESIAN_POINT ( 'NONE',  ( 4.699999999999999289, 2.499999999999998668, -7.400000000000004796 ) ) ;
#7615 = UNCERTAINTY_MEASURE_WITH_UNIT (LENGTH_MEASURE( 1.000000000000000082E-05 ), #9643, 'distance_accuracy_value', 'NONE');
#7616 = CARTESIAN_POINT ( 'NONE',  ( -11.45000000000000107, 9.399999999999998579, 7.399999999999996803 ) ) ;
#7617 = AXIS2_PLACEMENT_3D ( 'NONE', #2100, #5750, #9412 ) ;
#7618 = CARTESIAN_POINT ( 'NONE',  ( -18.54999999999999361, 13.50000000000000178, 2.385992799625906269 ) ) ;
#7619 = AXIS2_PLACEMENT_3D ( 'NONE', #3975, #2967, #6629 ) ;
#7620 = ORIENTED_EDGE ( 'NONE', *, *, #6434, .T. ) ;
#7621 = EDGE_CURVE ( 'NONE', #6791, #3586, #8955, .T. ) ;
#7622 = ORIENTED_EDGE ( 'NONE', *, *, #6750, .F. ) ;
#7623 = CARTESIAN_POINT ( 'NONE',  ( -16.44999999999998508, 9.400000000000002132, 7.400000000000000355 ) ) ;
#7624 = VERTEX_POINT ( 'NONE', #3543 ) ;
#7625 = ADVANCED_FACE ( 'NONE', ( #799 ), #2598, .F. ) ;
#7626 = DIRECTION ( 'NONE',  ( 0.000000000000000000, 0.000000000000000000, 1.000000000000000000 ) ) ;
#7627 = ORIENTED_EDGE ( 'NONE', *, *, #2724, .F. ) ;
#7628 = DIRECTION ( 'NONE',  ( 0.000000000000000000, -1.000000000000000000, 0.000000000000000000 ) ) ;
#7629 = EDGE_LOOP ( 'NONE', ( #2374, #6668, #392, #3678 ) ) ;
#7630 = FACE_OUTER_BOUND ( 'NONE', #10349, .T. ) ;
#7631 = ORIENTED_EDGE ( 'NONE', *, *, #3931, .T. ) ;
#7632 = DIRECTION ( 'NONE',  ( -0.000000000000000000, 0.000000000000000000, 1.000000000000000000 ) ) ;
#7633 = CARTESIAN_POINT ( 'NONE',  ( 8.000000000000003553, 5.900000000000003020, 2.999999999999993783 ) ) ;
#7634 = DIRECTION ( 'NONE',  ( 0.000000000000000000, 0.000000000000000000, -1.000000000000000000 ) ) ;
#7635 = FACE_OUTER_BOUND ( 'NONE', #3725, .T. ) ;
#7636 = ADVANCED_FACE ( 'NONE', ( #4493 ), #8051, .F. ) ;
#7637 = DIRECTION ( 'NONE',  ( 8.031127203596330602E-17, 0.000000000000000000, -1.000000000000000000 ) ) ;
#7638 = ORIENTED_EDGE ( 'NONE', *, *, #2632, .T. ) ;
#7639 = VERTEX_POINT ( 'NONE', #3316 ) ;
#7640 = LINE ( 'NONE', #8655, #7076 ) ;
#7641 = VERTEX_POINT ( 'NONE', #9066 ) ;
#7642 = DIRECTION ( 'NONE',  ( 0.000000000000000000, -0.000000000000000000, -1.000000000000000000 ) ) ;
#7643 = ORIENTED_EDGE ( 'NONE', *, *, #4879, .T. ) ;
#7644 = DIRECTION ( 'NONE',  ( 0.000000000000000000, 0.000000000000000000, -1.000000000000000000 ) ) ;
#7645 = CARTESIAN_POINT ( 'NONE',  ( -4.699999999999999289, 22.60000000000000142, 5.599999999999996092 ) ) ;
#7646 = LINE ( 'NONE', #164, #1873 ) ;
#7647 = DIRECTION ( 'NONE',  ( 0.000000000000000000, -1.000000000000000000, 0.000000000000000000 ) ) ;
#7648 = DIRECTION ( 'NONE',  ( 1.000000000000000000, -1.967058844685892396E-32, 8.031127203596331834E-17 ) ) ;
#7649 = PLANE ( 'NONE',  #8879 ) ;
#7650 = ORIENTED_EDGE ( 'NONE', *, *, #2792, .T. ) ;
#7651 = EDGE_CURVE ( 'NONE', #5320, #8928, #4437, .T. ) ;
#7652 = FACE_OUTER_BOUND ( 'NONE', #1445, .T. ) ;
#7653 = ORIENTED_EDGE ( 'NONE', *, *, #3211, .T. ) ;
#7654 = CARTESIAN_POINT ( 'NONE',  ( -8.849999999999999645, 7.400000000000004796, -5.600000000000004086 ) ) ;
#7655 = VECTOR ( 'NONE', #7291, 1000.000000000000000 ) ;
#7656 = ORIENTED_EDGE ( 'NONE', *, *, #3275, .T. ) ;
#7657 = AXIS2_PLACEMENT_3D ( 'NONE', #5904, #2427, #8719 ) ;
#7658 = TOROIDAL_SURFACE ( 'NONE', #10150, 3.000000000000000000, 0.5000000000000011102 ) ;
#7659 = DIRECTION ( 'NONE',  ( 1.000000000000000000, -0.000000000000000000, 8.031127203596330602E-17 ) ) ;
#7660 = CARTESIAN_POINT ( 'NONE',  ( 6.350000000000001421, -3.358379542590069988, -8.639603194080566470E-15 ) ) ;
#7661 = CARTESIAN_POINT ( 'NONE',  ( -17.04999999999999716, 13.50000000000000178, 0.5000000000000069944 ) ) ;
#7662 = AXIS2_PLACEMENT_3D ( 'NONE', #8898, #8119, #7160 ) ;
#7663 = VECTOR ( 'NONE', #11404, 1000.000000000000000 ) ;
#7664 = PRESENTATION_LAYER_ASSIGNMENT (  '', '', ( #5547 ) ) ;
#7665 = EDGE_CURVE ( 'NONE', #3258, #3381, #748, .T. ) ;
#7666 = ORIENTED_EDGE ( 'NONE', *, *, #9741, .F. ) ;
#7667 = CARTESIAN_POINT ( 'NONE',  ( 19.05000000000000071, 10.90000000000000036, -3.000000000000007994 ) ) ;
#7668 = DIRECTION ( 'NONE',  ( 0.000000000000000000, 0.000000000000000000, 1.000000000000000000 ) ) ;
#7669 = PLANE ( 'NONE',  #9280 ) ;
#7670 = EDGE_LOOP ( 'NONE', ( #8002, #7751, #8518, #2510 ) ) ;
#7671 = AXIS2_PLACEMENT_3D ( 'NONE', #5250, #10896, #9937 ) ;
#7672 = DIRECTION ( 'NONE',  ( 0.8191520442889935749, -0.5735764363510434949, 0.000000000000000000 ) ) ;
#7673 = DIRECTION ( 'NONE',  ( 0.000000000000000000, 0.000000000000000000, 1.000000000000000000 ) ) ;
#7674 = CARTESIAN_POINT ( 'NONE',  ( -47.67189334955344293, 0.5000000000000000000, 10.10000000000000320 ) ) ;
#7675 = FACE_OUTER_BOUND ( 'NONE', #4698, .T. ) ;
#7676 = ORIENTED_EDGE ( 'NONE', *, *, #9679, .F. ) ;
#7677 = ORIENTED_EDGE ( 'NONE', *, *, #7858, .F. ) ;
#7678 = VECTOR ( 'NONE', #1543, 1000.000000000000000 ) ;
#7679 = EDGE_CURVE ( 'NONE', #8376, #7417, #9010, .T. ) ;
#7680 = CARTESIAN_POINT ( 'NONE',  ( -18.54999999999999716, 13.50000000000000178, -2.000000000000000000 ) ) ;
#7681 = ORIENTED_EDGE ( 'NONE', *, *, #2845, .F. ) ;
#7682 = ORIENTED_EDGE ( 'NONE', *, *, #9284, .F. ) ;
#7683 = PLANE ( 'NONE',  #11231 ) ;
#7684 = VERTEX_POINT ( 'NONE', #7092 ) ;
#7685 = DIRECTION ( 'NONE',  ( 0.000000000000000000, -1.000000000000000000, -2.449293598294701484E-16 ) ) ;
#7686 = ORIENTED_EDGE ( 'NONE', *, *, #4377, .T. ) ;
#7687 = ADVANCED_FACE ( 'NONE', ( #684 ), #11716, .F. ) ;
#7688 = DIRECTION ( 'NONE',  ( 0.000000000000000000, 0.000000000000000000, -1.000000000000000000 ) ) ;
#7689 = LINE ( 'NONE', #329, #5467 ) ;
#7690 = DIRECTION ( 'NONE',  ( 0.000000000000000000, 0.000000000000000000, 1.000000000000000000 ) ) ;
#7691 = AXIS2_PLACEMENT_3D ( 'NONE', #4625, #984, #4806 ) ;
#7692 = DIRECTION ( 'NONE',  ( 1.000000000000000000, 5.473822126268816683E-48, 8.031127203596331834E-17 ) ) ;
#7693 = EDGE_CURVE ( 'NONE', #7734, #7524, #9977, .T. ) ;
#7694 = ADVANCED_FACE ( 'NONE', ( #10646 ), #2539, .F. ) ;
#7695 = ORIENTED_EDGE ( 'NONE', *, *, #9292, .T. ) ;
#7696 = ORIENTED_EDGE ( 'NONE', *, *, #1387, .F. ) ;
#7697 = VECTOR ( 'NONE', #10348, 1000.000000000000000 ) ;
#7698 = CARTESIAN_POINT ( 'NONE',  ( -20.69999999999999929, 7.400000000000003020, -5.599999999999999645 ) ) ;
#7699 = VERTEX_POINT ( 'NONE', #1582 ) ;
#7700 = ORIENTED_EDGE ( 'NONE', *, *, #8421, .F. ) ;
#7701 = AXIS2_PLACEMENT_3D ( 'NONE', #319, #11284, #7626 ) ;
#7702 = PLANE ( 'NONE',  #1758 ) ;
#7703 = ORIENTED_EDGE ( 'NONE', *, *, #5465, .T. ) ;
#7704 = CARTESIAN_POINT ( 'NONE',  ( 8.350000000000006750, 13.50000000000000178, -0.5000000000000017764 ) ) ;
#7705 = AXIS2_PLACEMENT_3D ( 'NONE', #7284, #1893, #5537 ) ;
#7706 = CARTESIAN_POINT ( 'NONE',  ( -19.04999999999999716, 10.90000000000000213, -2.000000000000000000 ) ) ;
#7707 = DIRECTION ( 'NONE',  ( 1.000000000000000000, -0.000000000000000000, 8.031127203596331834E-17 ) ) ;
#7708 = CIRCLE ( 'NONE', #9035, 2.000000000000000000 ) ;
#7709 = DIRECTION ( 'NONE',  ( 0.000000000000000000, 4.565061778886335030E-16, 1.000000000000000000 ) ) ;
#7710 = DIRECTION ( 'NONE',  ( 1.000000000000000000, -0.000000000000000000, -1.606225440719265627E-16 ) ) ;
#7711 = DIRECTION ( 'NONE',  ( 1.000000000000000000, -0.000000000000000000, 8.031127203596330602E-17 ) ) ;
#7712 = VERTEX_POINT ( 'NONE', #6084 ) ;
#7713 = UNCERTAINTY_MEASURE_WITH_UNIT (LENGTH_MEASURE( 1.000000000000000082E-05 ), #5323, 'distance_accuracy_value', 'NONE');
#7714 = EDGE_CURVE ( 'NONE', #881, #3176, #10704, .T. ) ;
#7715 = CARTESIAN_POINT ( 'NONE',  ( -6.349999999999997868, 11.40000000000000213, 1.019953154856734144E-15 ) ) ;
#7716 = ORIENTED_EDGE ( 'NONE', *, *, #6933, .F. ) ;
#7717 = CARTESIAN_POINT ( 'NONE',  ( 0.000000000000000000, 0.5000000000000000000, 7.399999999999995914 ) ) ;
#7718 = ORIENTED_EDGE ( 'NONE', *, *, #4223, .T. ) ;
#7719 = CARTESIAN_POINT ( 'NONE',  ( -6.850000000000002309, 12.50000000000000000, 3.447142787940709496 ) ) ;
#7720 = AXIS2_PLACEMENT_3D ( 'NONE', #10343, #4799, #8472 ) ;
#7721 = LINE ( 'NONE', #7601, #5231 ) ;
#7722 = VECTOR ( 'NONE', #4858, 1000.000000000000000 ) ;
#7723 = ORIENTED_EDGE ( 'NONE', *, *, #7651, .F. ) ;
#7724 = FILL_AREA_STYLE_COLOUR ( '', #11433 ) ;
#7725 = DIRECTION ( 'NONE',  ( 0.000000000000000000, 0.000000000000000000, -1.000000000000000000 ) ) ;
#7726 = CARTESIAN_POINT ( 'NONE',  ( 17.39999999999999858, -3.999999999999998224, -7.400000000000011013 ) ) ;
#7727 = CARTESIAN_POINT ( 'NONE',  ( -16.44999999999999218, 9.400000000000002132, -7.399999999999999467 ) ) ;
#7728 = ORIENTED_EDGE ( 'NONE', *, *, #4329, .T. ) ;
#7729 = DIRECTION ( 'NONE',  ( -1.000000000000000000, 0.000000000000000000, -8.031127203596330602E-17 ) ) ;
#7730 = DIRECTION ( 'NONE',  ( 0.000000000000000000, -1.000000000000000000, 0.000000000000000000 ) ) ;
#7731 = CARTESIAN_POINT ( 'NONE',  ( -24.15000000000000568, 22.60000000000000142, -7.400000000000000355 ) ) ;
#7732 = CARTESIAN_POINT ( 'NONE',  ( -6.349999999999997868, -3.358379542590069988, 1.019953154856734144E-15 ) ) ;
#7733 = AXIS2_PLACEMENT_3D ( 'NONE', #3328, #6934, #2500 ) ;
#7734 = VERTEX_POINT ( 'NONE', #8827 ) ;
#7735 = ADVANCED_FACE ( 'NONE', ( #5170 ), #8890, .T. ) ;
#7736 = PLANE ( 'NONE',  #709 ) ;
#7737 = ORIENTED_EDGE ( 'NONE', *, *, #10576, .F. ) ;
#7738 = ORIENTED_EDGE ( 'NONE', *, *, #3645, .T. ) ;
#7739 = VECTOR ( 'NONE', #9684, 1000.000000000000000 ) ;
#7740 = PLANE ( 'NONE',  #4123 ) ;
#7741 = ORIENTED_EDGE ( 'NONE', *, *, #7957, .T. ) ;
#7742 = LINE ( 'NONE', #5823, #956 ) ;
#7743 = ORIENTED_EDGE ( 'NONE', *, *, #11411, .F. ) ;
#7744 = CARTESIAN_POINT ( 'NONE',  ( -4.699999999999995737, -4.000000000000000000, 7.199999999999998401 ) ) ;
#7745 = CARTESIAN_POINT ( 'NONE',  ( 19.05000000000000071, 0.000000000000000000, -0.5000000000000076605 ) ) ;
#7746 = FACE_BOUND ( 'NONE', #553, .T. ) ;
#7747 = CARTESIAN_POINT ( 'NONE',  ( -20.69999999999999929, 9.400000000000002132, -1.999999999999997780 ) ) ;
#7748 = LINE ( 'NONE', #3194, #1055 ) ;
#7749 = EDGE_LOOP ( 'NONE', ( #387, #6124, #11750, #10562 ) ) ;
#7750 = ADVANCED_FACE ( 'NONE', ( #3426 ), #6195, .T. ) ;
#7751 = ORIENTED_EDGE ( 'NONE', *, *, #11434, .T. ) ;
#7752 = EDGE_CURVE ( 'NONE', #10162, #8892, #2983, .T. ) ;
#7753 = CARTESIAN_POINT ( 'NONE',  ( 8.000000000000000000, -3.450504516109082598, -7.400000000000004796 ) ) ;
#7754 = ORIENTED_EDGE ( 'NONE', *, *, #10842, .T. ) ;
#7755 = VECTOR ( 'NONE', #5212, 1000.000000000000000 ) ;
#7756 = ORIENTED_EDGE ( 'NONE', *, *, #8480, .F. ) ;
#7757 = MECHANICAL_DESIGN_GEOMETRIC_PRESENTATION_REPRESENTATION (  '', ( #1253 ), #2971 ) ;
#7758 = FACE_BOUND ( 'NONE', #5529, .T. ) ;
#7759 = ORIENTED_EDGE ( 'NONE', *, *, #6361, .F. ) ;
#7760 = LINE ( 'NONE', #2964, #9115 ) ;
#7761 = DIRECTION ( 'NONE',  ( 0.000000000000000000, -0.000000000000000000, -1.000000000000000000 ) ) ;
#7762 = EDGE_CURVE ( 'NONE', #5954, #8105, #10282, .T. ) ;
#7763 = DIRECTION ( 'NONE',  ( 0.8191520442889935749, 0.5735764363510434949, 2.860054076310225049E-15 ) ) ;
#7764 = CARTESIAN_POINT ( 'NONE',  ( 25.39999999999999858, 9.399999999999993250, -9.817955659171162666E-15 ) ) ;
#7765 = DIRECTION ( 'NONE',  ( -0.000000000000000000, -1.000000000000000000, -0.000000000000000000 ) ) ;
#7766 = EDGE_CURVE ( 'NONE', #6622, #10923, #10992, .T. ) ;
#7767 = AXIS2_PLACEMENT_3D ( 'NONE', #5733, #279, #6387 ) ;
#7768 = TOROIDAL_SURFACE ( 'NONE', #10821, 2.299999999999999822, 1.199999999999999956 ) ;
#7769 = LINE ( 'NONE', #5229, #6967 ) ;
#7770 = ORIENTED_EDGE ( 'NONE', *, *, #11568, .F. ) ;
#7771 = EDGE_CURVE ( 'NONE', #6321, #4490, #207, .T. ) ;
#7772 = DIRECTION ( 'NONE',  ( -0.000000000000000000, -1.000000000000000000, -0.000000000000000000 ) ) ;
#7773 = ORIENTED_EDGE ( 'NONE', *, *, #3292, .T. ) ;
#7774 = VECTOR ( 'NONE', #10028, 1000.000000000000000 ) ;
#7775 = FACE_OUTER_BOUND ( 'NONE', #743, .T. ) ;
#7776 = ORIENTED_EDGE ( 'NONE', *, *, #11329, .F. ) ;
#7777 = VECTOR ( 'NONE', #1495, 1000.000000000000000 ) ;
#7778 = VECTOR ( 'NONE', #457, 1000.000000000000000 ) ;
#7779 = DIRECTION ( 'NONE',  ( 0.000000000000000000, 1.000000000000000000, 3.043374519257556029E-16 ) ) ;
#7780 = CARTESIAN_POINT ( 'NONE',  ( 21.55000000000000426, 9.400000000000002132, 1.999999999999990452 ) ) ;
#7781 = ADVANCED_FACE ( 'NONE', ( #9374 ), #8347, .F. ) ;
#7782 = AXIS2_PLACEMENT_3D ( 'NONE', #10690, #5155, #2464 ) ;
#7783 = DIRECTION ( 'NONE',  ( -0.000000000000000000, -2.449293598294701484E-16, 1.000000000000000000 ) ) ;
#7784 = AXIS2_PLACEMENT_3D ( 'NONE', #3896, #8646, #5039 ) ;
#7785 = TOROIDAL_SURFACE ( 'NONE', #11430, 2.299999999999999822, 1.199999999999999956 ) ;
#7786 = VECTOR ( 'NONE', #6704, 1000.000000000000000 ) ;
#7787 = DIRECTION ( 'NONE',  ( 0.000000000000000000, 0.000000000000000000, -1.000000000000000000 ) ) ;
#7788 = VECTOR ( 'NONE', #7002, 1000.000000000000000 ) ;
#7789 = ORIENTED_EDGE ( 'NONE', *, *, #7752, .F. ) ;
#7790 = DIRECTION ( 'NONE',  ( 0.000000000000000000, 0.000000000000000000, -1.000000000000000000 ) ) ;
#7791 = DIRECTION ( 'NONE',  ( 3.558407130208835242E-16, -0.000000000000000000, 1.000000000000000000 ) ) ;
#7792 = DIRECTION ( 'NONE',  ( -1.000000000000000000, -0.000000000000000000, -0.000000000000000000 ) ) ;
#7793 = LINE ( 'NONE', #3560, #8331 ) ;
#7794 = VERTEX_POINT ( 'NONE', #9186 ) ;
#7795 = CARTESIAN_POINT ( 'NONE',  ( -21.55000000000000071, 9.400000000000002132, -1.999999999999998224 ) ) ;
#7796 = FACE_OUTER_BOUND ( 'NONE', #177, .T. ) ;
#7797 = DIRECTION ( 'NONE',  ( -1.000000000000000000, 0.000000000000000000, 1.257045997084642858E-16 ) ) ;
#7798 = DIRECTION ( 'NONE',  ( 0.000000000000000000, -1.000000000000000000, 0.000000000000000000 ) ) ;
#7799 = VECTOR ( 'NONE', #6230, 1000.000000000000000 ) ;
#7800 = ORIENTED_EDGE ( 'NONE', *, *, #8925, .F. ) ;
#7801 = ADVANCED_FACE ( 'NONE', ( #1816 ), #149, .F. ) ;
#7802 = CARTESIAN_POINT ( 'NONE',  ( 3.850000000000002753, 9.400000000000002132, 1.999999999999993117 ) ) ;
#7803 = ORIENTED_EDGE ( 'NONE', *, *, #5043, .F. ) ;
#7804 = ORIENTED_EDGE ( 'NONE', *, *, #11519, .T. ) ;
#7805 = CARTESIAN_POINT ( 'NONE',  ( -23.29999999999999361, 24.33502884254439991, 4.749999999999999112 ) ) ;
#7806 = VERTEX_POINT ( 'NONE', #4615 ) ;
#7807 = CARTESIAN_POINT ( 'NONE',  ( 6.350000000000001421, 24.33502884254439991, 1.999999999999988676 ) ) ;
#7808 = EDGE_LOOP ( 'NONE', ( #1864, #3013, #8341, #8311 ) ) ;
#7809 = LINE ( 'NONE', #8761, #11686 ) ;
#7810 = CARTESIAN_POINT ( 'NONE',  ( 16.44999999999998508, 9.399999999999989697, 7.399999999999987921 ) ) ;
#7811 = DIRECTION ( 'NONE',  ( 0.000000000000000000, 0.000000000000000000, -1.000000000000000000 ) ) ;
#7812 = LINE ( 'NONE', #5214, #4126 ) ;
#7813 = DIRECTION ( 'NONE',  ( -1.000000000000000000, 0.000000000000000000, -8.031127203596331834E-17 ) ) ;
#7814 = EDGE_CURVE ( 'NONE', #10058, #656, #974, .T. ) ;
#7815 = VERTEX_POINT ( 'NONE', #1941 ) ;
#7816 = ORIENTED_EDGE ( 'NONE', *, *, #5277, .T. ) ;
#7817 = CARTESIAN_POINT ( 'NONE',  ( 8.849999999999999645, 5.900000000000002132, -2.000000000000006661 ) ) ;
#7818 = VERTEX_POINT ( 'NONE', #2714 ) ;
#7819 = CARTESIAN_POINT ( 'NONE',  ( 21.55000000000000426, 7.300000000000002487, 2.999999999999991118 ) ) ;
#7820 = VERTEX_POINT ( 'NONE', #4737 ) ;
#7821 = CARTESIAN_POINT ( 'NONE',  ( 19.05000000000000071, 11.40000000000000213, 2.999999999999992450 ) ) ;
#7822 = EDGE_CURVE ( 'NONE', #10189, #5225, #6491, .T. ) ;
#7823 = CYLINDRICAL_SURFACE ( 'NONE', #8988, 1.999999999999999112 ) ;
#7824 = CARTESIAN_POINT ( 'NONE',  ( 25.39999999999999858, 12.50000000000000000, -8.639603194080566470E-15 ) ) ;
#7825 = FACE_OUTER_BOUND ( 'NONE', #11259, .T. ) ;
#7826 = DIRECTION ( 'NONE',  ( 0.000000000000000000, -6.938893903907226011E-15, 1.000000000000000000 ) ) ;
#7827 = DIRECTION ( 'NONE',  ( 0.000000000000000000, -1.000000000000000000, 0.000000000000000000 ) ) ;
#7828 = ORIENTED_EDGE ( 'NONE', *, *, #2336, .F. ) ;
#7829 = ORIENTED_EDGE ( 'NONE', *, *, #2850, .F. ) ;
#7830 = LINE ( 'NONE', #579, #2527 ) ;
#7831 = EDGE_CURVE ( 'NONE', #4102, #10362, #5650, .T. ) ;
#7832 = VERTEX_POINT ( 'NONE', #7329 ) ;
#7833 = DIRECTION ( 'NONE',  ( -0.000000000000000000, -1.172110456741085828E-16, -1.000000000000000000 ) ) ;
#7834 = ADVANCED_FACE ( 'NONE', ( #10092 ), #10153, .F. ) ;
#7835 = EDGE_CURVE ( 'NONE', #4854, #8397, #4547, .T. ) ;
#7836 = CARTESIAN_POINT ( 'NONE',  ( 5.850000000000001421, 13.50000000000000178, 2.244994432064356893 ) ) ;
#7837 = CYLINDRICAL_SURFACE ( 'NONE', #7009, 3.500000000000000444 ) ;
#7838 = LINE ( 'NONE', #3274, #6579 ) ;
#7839 = EDGE_CURVE ( 'NONE', #11651, #6842, #7448, .T. ) ;
#7840 = EDGE_CURVE ( 'NONE', #11267, #8412, #88, .T. ) ;
#7841 = AXIS2_PLACEMENT_3D ( 'NONE', #4614, #9976, #5399 ) ;
#7842 = CARTESIAN_POINT ( 'NONE',  ( -11.45000000000000462, 0.5000000000000000000, 10.10000000000000142 ) ) ;
#7843 = EDGE_CURVE ( 'NONE', #9282, #2359, #2032, .T. ) ;
#7844 = ORIENTED_EDGE ( 'NONE', *, *, #10778, .F. ) ;
#7845 = VECTOR ( 'NONE', #1323, 1000.000000000000000 ) ;
#7846 = LINE ( 'NONE', #11332, #11503 ) ;
#7847 = DIRECTION ( 'NONE',  ( 0.000000000000000000, 4.818676322157799347E-16, -1.000000000000000000 ) ) ;
#7848 = EDGE_LOOP ( 'NONE', ( #9289, #10125, #11831, #1092, #5028, #6256 ) ) ;
#7849 = DIRECTION ( 'NONE',  ( 0.8191520442889935749, -0.5735764363510434949, 2.860054076310225049E-15 ) ) ;
#7850 = DIRECTION ( 'NONE',  ( 1.000000000000000000, -0.000000000000000000, -1.779203565104417621E-16 ) ) ;
#7851 = PLANE ( 'NONE',  #8361 ) ;
#7852 = VECTOR ( 'NONE', #1831, 1000.000000000000000 ) ;
#7853 = DIRECTION ( 'NONE',  ( 0.000000000000000000, 0.000000000000000000, 1.000000000000000000 ) ) ;
#7854 = VECTOR ( 'NONE', #1279, 1000.000000000000000 ) ;
#7855 = ORIENTED_EDGE ( 'NONE', *, *, #8480, .T. ) ;
#7856 = CARTESIAN_POINT ( 'NONE',  ( 8.000000000000003553, 7.400000000000004796, 5.599999999999995204 ) ) ;
#7857 = ORIENTED_EDGE ( 'NONE', *, *, #6946, .T. ) ;
#7858 = EDGE_CURVE ( 'NONE', #5617, #3586, #10934, .T. ) ;
#7859 = VECTOR ( 'NONE', #3874, 1000.000000000000000 ) ;
#7860 = ORIENTED_EDGE ( 'NONE', *, *, #4061, .T. ) ;
#7861 = DIRECTION ( 'NONE',  ( 1.000000000000000000, 0.000000000000000000, -0.000000000000000000 ) ) ;
#7862 = ORIENTED_EDGE ( 'NONE', *, *, #6877, .T. ) ;
#7863 = CARTESIAN_POINT ( 'NONE',  ( -5.849999999999997868, 13.50000000000000178, 2.000000000000000888 ) ) ;
#7864 = ORIENTED_EDGE ( 'NONE', *, *, #7146, .F. ) ;
#7865 = CARTESIAN_POINT ( 'NONE',  ( 8.850000000000003197, 7.600000000000004974, 5.399999999999995914 ) ) ;
#7866 = DIRECTION ( 'NONE',  ( -1.000000000000000000, 0.000000000000000000, -3.491481338843133355E-15 ) ) ;
#7867 = DIRECTION ( 'NONE',  ( -1.000000000000000000, -1.967058844685892396E-32, -8.031127203596331834E-17 ) ) ;
#7868 = DIRECTION ( 'NONE',  ( 0.000000000000000000, 0.000000000000000000, 1.000000000000000000 ) ) ;
#7869 = SURFACE_SIDE_STYLE ('',( #3304 ) ) ;
#7870 = ORIENTED_EDGE ( 'NONE', *, *, #5404, .F. ) ;
#7871 = LINE ( 'NONE', #2250, #11719 ) ;
#7872 = ORIENTED_EDGE ( 'NONE', *, *, #5277, .F. ) ;
#7873 = FACE_OUTER_BOUND ( 'NONE', #10785, .T. ) ;
#7874 = ORIENTED_EDGE ( 'NONE', *, *, #1790, .T. ) ;
#7875 = CYLINDRICAL_SURFACE ( 'NONE', #9310, 1.999999999999999112 ) ;
#7876 = DIRECTION ( 'NONE',  ( 0.000000000000000000, 0.000000000000000000, -1.000000000000000000 ) ) ;
#7877 = CARTESIAN_POINT ( 'NONE',  ( 16.54999999999999716, 5.900000000000003020, -2.000000000000011102 ) ) ;
#7878 = LINE ( 'NONE', #8665, #390 ) ;
#7879 = DIRECTION ( 'NONE',  ( 0.000000000000000000, 1.000000000000000000, -2.861084389389397439E-16 ) ) ;
#7880 = DIRECTION ( 'NONE',  ( -4.066575051493318340E-32, -1.000000000000000000, 1.172110456741085828E-16 ) ) ;
#7881 = AXIS2_PLACEMENT_3D ( 'NONE', #903, #10206, #3768 ) ;
#7882 = ORIENTED_EDGE ( 'NONE', *, *, #77, .F. ) ;
#7883 = VECTOR ( 'NONE', #3704, 1000.000000000000000 ) ;
#7884 = ORIENTED_EDGE ( 'NONE', *, *, #692, .F. ) ;
#7885 = CARTESIAN_POINT ( 'NONE',  ( 18.55000000000000071, 12.64040119373984261, 3.423162306042497161 ) ) ;
#7886 = ORIENTED_EDGE ( 'NONE', *, *, #1964, .T. ) ;
#7887 = LINE ( 'NONE', #6148, #4588 ) ;
#7888 = DIRECTION ( 'NONE',  ( -8.031127203596330602E-17, 0.000000000000000000, 1.000000000000000000 ) ) ;
#7889 = FACE_OUTER_BOUND ( 'NONE', #10732, .T. ) ;
#7890 = CARTESIAN_POINT ( 'NONE',  ( -16.54999999999999361, 7.300000000000003375, 3.000000000000003109 ) ) ;
#7891 = DIRECTION ( 'NONE',  ( 0.000000000000000000, 1.000000000000000000, 5.310377987684098923E-16 ) ) ;
#7892 = ADVANCED_FACE ( 'NONE', ( #6616 ), #9886, .T. ) ;
#7893 = PLANE ( 'NONE',  #415 ) ;
#7894 = ORIENTED_EDGE ( 'NONE', *, *, #4896, .F. ) ;
#7895 = CARTESIAN_POINT ( 'NONE',  ( -7.999999999999996447, -3.450504516109078157, 5.599999999999996980 ) ) ;
#7896 = ORIENTED_EDGE ( 'NONE', *, *, #10486, .T. ) ;
#7897 = EDGE_CURVE ( 'NONE', #7084, #1617, #4675, .T. ) ;
#7898 = CARTESIAN_POINT ( 'NONE',  ( -10.59999999999999787, 10.90000000000000036, -4.749999999999999112 ) ) ;
#7899 = AXIS2_PLACEMENT_3D ( 'NONE', #6000, #8587, #2405 ) ;
#7900 = CARTESIAN_POINT ( 'NONE',  ( 19.05000000000000071, 3.900000000000002576, 1.999999999999992228 ) ) ;
#7901 = DIRECTION ( 'NONE',  ( -1.779203565104417621E-16, 2.282530889443167022E-16, -1.000000000000000000 ) ) ;
#7902 = DIRECTION ( 'NONE',  ( 0.000000000000000000, 1.000000000000000000, -0.000000000000000000 ) ) ;
#7903 = EDGE_CURVE ( 'NONE', #4142, #6948, #7689, .T. ) ;
#7904 = EDGE_LOOP ( 'NONE', ( #5566, #10354, #9460, #2302 ) ) ;
#7905 = CIRCLE ( 'NONE', #2926, 1.999999999999999112 ) ;
#7906 = EDGE_CURVE ( 'NONE', #2292, #129, #384, .T. ) ;
#7907 = CARTESIAN_POINT ( 'NONE',  ( 18.55000000000000071, 12.45031130731456059, 1.999999999999992228 ) ) ;
#7908 = ORIENTED_EDGE ( 'NONE', *, *, #4583, .T. ) ;
#7909 = ORIENTED_EDGE ( 'NONE', *, *, #9436, .F. ) ;
#7910 = CARTESIAN_POINT ( 'NONE',  ( 20.70000000000000284, -3.450504516109081710, 5.599999999999988987 ) ) ;
#7911 = ORIENTED_EDGE ( 'NONE', *, *, #1426, .F. ) ;
#7912 = DIRECTION ( 'NONE',  ( 0.000000000000000000, 1.000000000000000000, 0.000000000000000000 ) ) ;
#7913 = ORIENTED_EDGE ( 'NONE', *, *, #2411, .F. ) ;
#7914 = CARTESIAN_POINT ( 'NONE',  ( -16.54999999999999361, 3.499999999999998668, 5.400000000000004796 ) ) ;
#7915 = CARTESIAN_POINT ( 'NONE',  ( 18.55000000000000071, 12.45031130731456059, -2.000000000000007994 ) ) ;
#7916 = CARTESIAN_POINT ( 'NONE',  ( -17.39999999999999858, 2.500000000000002220, -7.399999999999995914 ) ) ;
#7917 = VECTOR ( 'NONE', #11566, 1000.000000000000000 ) ;
#7918 = DIRECTION ( 'NONE',  ( 0.000000000000000000, 0.000000000000000000, 1.000000000000000000 ) ) ;
#7919 = FILL_AREA_STYLE_COLOUR ( '', #1633 ) ;
#7920 = ADVANCED_FACE ( 'NONE', ( #1395 ), #3961, .F. ) ;
#7921 = ORIENTED_EDGE ( 'NONE', *, *, #3094, .T. ) ;
#7923 = CARTESIAN_POINT ( 'NONE',  ( 13.94999999999999396, 9.399999999999989697, 7.399999999999987921 ) ) ;
#7922 = VECTOR ( 'NONE', #3673, 1000.000000000000000 ) ;
#7924 = ORIENTED_EDGE ( 'NONE', *, *, #6038, .T. ) ;
#7925 = DIRECTION ( 'NONE',  ( -1.000000000000000000, 0.000000000000000000, -8.031127203596330602E-17 ) ) ;
#7926 = VERTEX_POINT ( 'NONE', #4072 ) ;
#7927 = LINE ( 'NONE', #1636, #689 ) ;
#7928 = CARTESIAN_POINT ( 'NONE',  ( -19.04999999999999716, -3.358379542590069988, 0.000000000000000000 ) ) ;
#7929 = CARTESIAN_POINT ( 'NONE',  ( -26.65000000000000213, 0.000000000000000000, 12.09999999999999964 ) ) ;
#7930 = DIRECTION ( 'NONE',  ( 4.066575051493318340E-32, 1.000000000000000000, -1.172110456741085828E-16 ) ) ;
#7931 = CARTESIAN_POINT ( 'NONE',  ( 8.849999999999999645, 7.600000000000003197, -5.400000000000009237 ) ) ;
#7932 = DIRECTION ( 'NONE',  ( 0.000000000000000000, 0.000000000000000000, 1.000000000000000000 ) ) ;
#7933 = VERTEX_POINT ( 'NONE', #3019 ) ;
#7934 = VECTOR ( 'NONE', #3272, 1000.000000000000000 ) ;
#7935 = ORIENTED_EDGE ( 'NONE', *, *, #6217, .F. ) ;
#7936 = PLANE ( 'NONE',  #9962 ) ;
#7937 = EDGE_CURVE ( 'NONE', #4005, #3346, #6673, .T. ) ;
#7938 = LINE ( 'NONE', #6023, #10585 ) ;
#7939 = EDGE_LOOP ( 'NONE', ( #1748, #6248, #9947, #6298 ) ) ;
#7940 = LINE ( 'NONE', #11783, #1943 ) ;
#7941 = CIRCLE ( 'NONE', #1436, 0.2999999999999994893 ) ;
#7942 = DIRECTION ( 'NONE',  ( 1.000000000000000000, 0.000000000000000000, -6.938893903907233308E-16 ) ) ;
#7943 = CIRCLE ( 'NONE', #8130, 0.5000000000000013323 ) ;
#7944 = CARTESIAN_POINT ( 'NONE',  ( 24.14999999999999858, 9.399999999999989697, 7.399999999999987033 ) ) ;
#7945 = LINE ( 'NONE', #1662, #2805 ) ;
#7946 = PLANE ( 'NONE',  #2947 ) ;
#7947 = ADVANCED_FACE ( 'NONE', ( #4917, #7746 ), #10515, .F. ) ;
#7948 = ORIENTED_EDGE ( 'NONE', *, *, #9933, .F. ) ;
#7949 = VECTOR ( 'NONE', #8720, 1000.000000000000000 ) ;
#7950 = AXIS2_PLACEMENT_3D ( 'NONE', #7433, #2877, #3763 ) ;
#7951 = VECTOR ( 'NONE', #9311, 1000.000000000000000 ) ;
#7952 = LINE ( 'NONE', #3445, #1961 ) ;
#7953 = CIRCLE ( 'NONE', #11800, 2.000000000000000000 ) ;
#7954 = ORIENTED_EDGE ( 'NONE', *, *, #3348, .T. ) ;
#7955 = DIRECTION ( 'NONE',  ( -0.000000000000000000, -1.000000000000000000, 6.484268945210251886E-17 ) ) ;
#7956 = LINE ( 'NONE', #6337, #6900 ) ;
#7957 = EDGE_CURVE ( 'NONE', #565, #11341, #11354, .T. ) ;
#7958 = ORIENTED_EDGE ( 'NONE', *, *, #3039, .F. ) ;
#7959 = VECTOR ( 'NONE', #8034, 1000.000000000000000 ) ;
#7960 = DIRECTION ( 'NONE',  ( 0.000000000000000000, 0.000000000000000000, 1.000000000000000000 ) ) ;
#7961 = DIRECTION ( 'NONE',  ( -1.000000000000000000, -0.000000000000000000, -8.031127203596330602E-17 ) ) ;
#7962 = CYLINDRICAL_SURFACE ( 'NONE', #7968, 1.899999999999999689 ) ;
#7963 = VECTOR ( 'NONE', #8172, 1000.000000000000000 ) ;
#7964 = CARTESIAN_POINT ( 'NONE',  ( 6.850000000000002309, 12.45031130731456059, 1.999999999999991340 ) ) ;
#7965 = AXIS2_PLACEMENT_3D ( 'NONE', #8785, #8904, #588 ) ;
#7966 = AXIS2_PLACEMENT_3D ( 'NONE', #7306, #4, #10965 ) ;
#7967 = VERTEX_POINT ( 'NONE', #6849 ) ;
#7968 = AXIS2_PLACEMENT_3D ( 'NONE', #4464, #4352, #10727 ) ;
#7969 = FACE_OUTER_BOUND ( 'NONE', #11818, .T. ) ;
#7970 = EDGE_LOOP ( 'NONE', ( #104, #453 ) ) ;
#7971 = EDGE_LOOP ( 'NONE', ( #718, #5263, #6378, #7512, #2027, #9795, #8869, #1614, #8766, #3045, #11661 ) ) ;
#7972 = EDGE_CURVE ( 'NONE', #3347, #8323, #11409, .T. ) ;
#7973 = DIRECTION ( 'NONE',  ( 0.000000000000000000, -2.449293598294701484E-16, -1.000000000000000000 ) ) ;
#7974 = ORIENTED_EDGE ( 'NONE', *, *, #11541, .F. ) ;
#7975 = CARTESIAN_POINT ( 'NONE',  ( 1.249999999999994227, 0.5000000000000000000, 10.09999999999999432 ) ) ;
#7976 = ORIENTED_EDGE ( 'NONE', *, *, #8457, .F. ) ;
#7977 = SURFACE_STYLE_FILL_AREA ( #2694 ) ;
#7978 = DIRECTION ( 'NONE',  ( -4.066575051493318340E-32, -1.000000000000000000, 1.172110456741085828E-16 ) ) ;
#7979 = CARTESIAN_POINT ( 'NONE',  ( -11.09999999999999787, 10.90000000000000036, -4.249999999999996447 ) ) ;
#7980 = CARTESIAN_POINT ( 'NONE',  ( -20.69999999999999929, -3.450504516109082154, -7.399999999999995914 ) ) ;
#7981 = EDGE_CURVE ( 'NONE', #3125, #596, #8547, .T. ) ;
#7982 = AXIS2_PLACEMENT_3D ( 'NONE', #6874, #9524, #10541 ) ;
#7983 = CARTESIAN_POINT ( 'NONE',  ( 2.100000000000004530, 10.90000000000000036, -4.750000000000006217 ) ) ;
#7984 = CIRCLE ( 'NONE', #8372, 0.5000000000000004441 ) ;
#7985 = VERTEX_POINT ( 'NONE', #5948 ) ;
#7986 = EDGE_CURVE ( 'NONE', #3983, #8062, #3545, .T. ) ;
#7987 = ADVANCED_FACE ( 'NONE', ( #9612 ), #6727, .F. ) ;
#7988 = DIRECTION ( 'NONE',  ( -0.000000000000000000, -1.000000000000000000, -0.000000000000000000 ) ) ;
#7989 = ORIENTED_EDGE ( 'NONE', *, *, #4783, .T. ) ;
#7990 = LINE ( 'NONE', #4430, #6729 ) ;
#7991 = VERTEX_POINT ( 'NONE', #8469 ) ;
#7992 = PLANE ( 'NONE',  #10651 ) ;
#7993 = CARTESIAN_POINT ( 'NONE',  ( 8.849999999999999645, 7.600000000000003197, -5.400000000000009237 ) ) ;
#7994 = VERTEX_POINT ( 'NONE', #4857 ) ;
#7995 = ADVANCED_FACE ( 'NONE', ( #4138 ), #11795, .T. ) ;
#7996 = DIRECTION ( 'NONE',  ( 0.000000000000000000, 1.000000000000000000, 0.000000000000000000 ) ) ;
#7997 = PLANE ( 'NONE',  #2483 ) ;
#7998 = CARTESIAN_POINT ( 'NONE',  ( -3.849999999999995648, 2.499999999999998668, 7.400000000000002132 ) ) ;
#7999 = AXIS2_PLACEMENT_3D ( 'NONE', #951, #182, #3817 ) ;
#8000 = CARTESIAN_POINT ( 'NONE',  ( 19.05000000000000071, 10.90000000000000036, -7.619650039223833312E-15 ) ) ;
#8001 = VECTOR ( 'NONE', #7996, 1000.000000000000000 ) ;
#8002 = ORIENTED_EDGE ( 'NONE', *, *, #9222, .T. ) ;
#8003 = ORIENTED_EDGE ( 'NONE', *, *, #3362, .T. ) ;
#8004 = DIRECTION ( 'NONE',  ( -8.031127203596330602E-17, 0.000000000000000000, 1.000000000000000000 ) ) ;
#8005 = CARTESIAN_POINT ( 'NONE',  ( -8.849999999999996092, 7.600000000000002309, 3.299999999999998490 ) ) ;
#8006 = ORIENTED_EDGE ( 'NONE', *, *, #854, .T. ) ;
#8007 = DIRECTION ( 'NONE',  ( 0.000000000000000000, 0.000000000000000000, -1.000000000000000000 ) ) ;
#8008 = CARTESIAN_POINT ( 'NONE',  ( 18.54999999999999716, 12.50000000000000000, -3.447142787940716602 ) ) ;
#8009 = CARTESIAN_POINT ( 'NONE',  ( -1.250000000000007994, 8.099999999999999645, 10.10000000000000497 ) ) ;
#8010 = CARTESIAN_POINT ( 'NONE',  ( -23.79999999999999361, 10.90000000000000036, 4.250000000000000888 ) ) ;
#8011 = CARTESIAN_POINT ( 'NONE',  ( 26.65000000000000924, 22.60000000000000142, 12.09999999999999254 ) ) ;
#8012 = EDGE_CURVE ( 'NONE', #10051, #5945, #11473, .T. ) ;
#8013 = FACE_OUTER_BOUND ( 'NONE', #5174, .T. ) ;
#8014 = FACE_OUTER_BOUND ( 'NONE', #2635, .T. ) ;
#8015 = ORIENTED_EDGE ( 'NONE', *, *, #5166, .T. ) ;
#8016 = CARTESIAN_POINT ( 'NONE',  ( 3.849999999999999201, 7.400000000000003020, -5.400000000000009237 ) ) ;
#8017 = EDGE_LOOP ( 'NONE', ( #6073, #904, #1400, #3323 ) ) ;
#8018 = LINE ( 'NONE', #6105, #7777 ) ;
#8019 = DIRECTION ( 'NONE',  ( 1.000000000000000000, 0.000000000000000000, 8.031127203596330602E-17 ) ) ;
#8020 = CARTESIAN_POINT ( 'NONE',  ( -18.54999999999999361, 12.77543280243899382, 3.373929230633663234 ) ) ;
#8021 = ORIENTED_EDGE ( 'NONE', *, *, #1023, .F. ) ;
#8022 = ADVANCED_FACE ( 'NONE', ( #8589 ), #3128, .F. ) ;
#8023 = FACE_OUTER_BOUND ( 'NONE', #3728, .T. ) ;
#8024 = EDGE_LOOP ( 'NONE', ( #7065, #4626, #11743, #8726 ) ) ;
#8025 = VERTEX_POINT ( 'NONE', #6786 ) ;
#8026 = PLANE ( 'NONE',  #6050 ) ;
#8027 = ORIENTED_EDGE ( 'NONE', *, *, #6952, .F. ) ;
#8028 = LINE ( 'NONE', #7250, #8627 ) ;
#8029 = ORIENTED_EDGE ( 'NONE', *, *, #4018, .F. ) ;
#8030 = VECTOR ( 'NONE', #3838, 1000.000000000000000 ) ;
#8031 = CARTESIAN_POINT ( 'NONE',  ( -5.849999999999997868, 13.40149519432356762, 2.809733521761629049 ) ) ;
#8032 = PLANE ( 'NONE',  #11012 ) ;
#8033 = DIRECTION ( 'NONE',  ( 1.606225440719265627E-16, 0.000000000000000000, 1.000000000000000000 ) ) ;
#8034 = DIRECTION ( 'NONE',  ( 0.000000000000000000, -1.000000000000000000, 0.000000000000000000 ) ) ;
#8035 = CARTESIAN_POINT ( 'NONE',  ( -17.59999999999999787, -4.000000000000000000, -7.199999999999997513 ) ) ;
#8036 = VECTOR ( 'NONE', #3435, 1000.000000000000000 ) ;
#8037 = EDGE_CURVE ( 'NONE', #7820, #10071, #2355, .T. ) ;
#8038 = EDGE_LOOP ( 'NONE', ( #1075, #2138 ) ) ;
#8039 = VECTOR ( 'NONE', #11819, 1000.000000000000000 ) ;
#8040 = EDGE_CURVE ( 'NONE', #2251, #83, #316, .T. ) ;
#8041 = CARTESIAN_POINT ( 'NONE',  ( -1.250000000000004663, 44.34419462753220387, 12.09999999999999609 ) ) ;
#8042 = EDGE_LOOP ( 'NONE', ( #9180, #9341, #5078, #85 ) ) ;
#8043 = EDGE_CURVE ( 'NONE', #2830, #6758, #558, .T. ) ;
#8044 = PLANE ( 'NONE',  #3847 ) ;
#8045 = ORIENTED_EDGE ( 'NONE', *, *, #7981, .F. ) ;
#8046 = LINE ( 'NONE', #8884, #6634 ) ;
#8047 = LINE ( 'NONE', #5396, #8427 ) ;
#8048 = ORIENTED_EDGE ( 'NONE', *, *, #6216, .F. ) ;
#8049 = DIRECTION ( 'NONE',  ( -1.000000000000000000, 0.000000000000000000, -8.031127203596330602E-17 ) ) ;
#8050 = DIRECTION ( 'NONE',  ( 0.000000000000000000, 0.000000000000000000, -1.000000000000000000 ) ) ;
#8051 = PLANE ( 'NONE',  #2233 ) ;
#8052 = ADVANCED_FACE ( 'NONE', ( #7135 ), #1565, .F. ) ;
#8053 = EDGE_CURVE ( 'NONE', #10225, #5728, #6065, .T. ) ;
#8054 = VECTOR ( 'NONE', #1371, 1000.000000000000000 ) ;
#8055 = DIRECTION ( 'NONE',  ( 0.000000000000000000, -1.000000000000000000, 0.000000000000000000 ) ) ;
#8056 = EDGE_CURVE ( 'NONE', #9621, #6955, #4251, .T. ) ;
#8057 = ORIENTED_EDGE ( 'NONE', *, *, #5044, .T. ) ;
#8058 = ORIENTED_EDGE ( 'NONE', *, *, #10989, .F. ) ;
#8059 = DIRECTION ( 'NONE',  ( -0.000000000000000000, 0.000000000000000000, -1.000000000000000000 ) ) ;
#8060 = CARTESIAN_POINT ( 'NONE',  ( -24.15000000000000568, 2.499999999999998668, -7.400000000000000355 ) ) ;
#8061 = EDGE_CURVE ( 'NONE', #83, #7405, #11225, .T. ) ;
#8062 = VERTEX_POINT ( 'NONE', #3523 ) ;
#8063 = DIRECTION ( 'NONE',  ( -8.031127203596330602E-17, -4.818676322157799347E-16, 1.000000000000000000 ) ) ;
#8064 = DIRECTION ( 'NONE',  ( 1.000000000000000000, -1.967058844685892123E-32, 8.031127203596330602E-17 ) ) ;
#8065 = DIRECTION ( 'NONE',  ( 0.000000000000000000, 1.000000000000000000, 0.000000000000000000 ) ) ;
#8066 = CARTESIAN_POINT ( 'NONE',  ( -8.000000000000000000, 5.900000000000003020, -2.000000000000001776 ) ) ;
#8067 = FILL_AREA_STYLE_COLOUR ( '', #1260 ) ;
#8068 = AXIS2_PLACEMENT_3D ( 'NONE', #8597, #10639, #9675 ) ;
#8069 = CARTESIAN_POINT ( 'NONE',  ( -18.54999999999999716, 13.50000000000000178, -2.000000000000000000 ) ) ;
#8070 = EDGE_CURVE ( 'NONE', #6305, #10189, #7072, .T. ) ;
#8071 = AXIS2_PLACEMENT_3D ( 'NONE', #7140, #6306, #7083 ) ;
#8072 = LINE ( 'NONE', #10720, #5563 ) ;
#8073 = AXIS2_PLACEMENT_3D ( 'NONE', #3222, #9641, #7787 ) ;
#8074 = ORIENTED_EDGE ( 'NONE', *, *, #6596, .F. ) ;
#8075 = PRESENTATION_STYLE_ASSIGNMENT (( #1049 ) ) ;
#8076 = FACE_OUTER_BOUND ( 'NONE', #5494, .T. ) ;
#8077 = ORIENTED_EDGE ( 'NONE', *, *, #7436, .F. ) ;
#8078 = CIRCLE ( 'NONE', #4618, 1.999999999999999112 ) ;
#8079 = CARTESIAN_POINT ( 'NONE',  ( -6.850000000000001421, 13.31021001459093434, 2.920117908218165415 ) ) ;
#8080 = CARTESIAN_POINT ( 'NONE',  ( -47.67189334955345004, 8.099999999999999645, 7.400000000000004796 ) ) ;
#8081 = CARTESIAN_POINT ( 'NONE',  ( 1.249999999999993783, 22.60000000000000142, 9.099999999999996092 ) ) ;
#8082 = VERTEX_POINT ( 'NONE', #8874 ) ;
#8083 = CARTESIAN_POINT ( 'NONE',  ( 17.40000000000000213, 22.60000000000000142, 5.599999999999996092 ) ) ;
#8084 = VERTEX_POINT ( 'NONE', #7916 ) ;
#8085 = EDGE_LOOP ( 'NONE', ( #3705, #11521, #4063, #4313 ) ) ;
#8086 = DIRECTION ( 'NONE',  ( -1.000000000000000000, 0.000000000000000000, 2.040851148208008491E-16 ) ) ;
#8087 = EDGE_LOOP ( 'NONE', ( #6603, #2058, #3948, #7497 ) ) ;
#8088 = CYLINDRICAL_SURFACE ( 'NONE', #6327, 2.000000000000000000 ) ;
#8089 = LINE ( 'NONE', #9231, #2391 ) ;
#8090 = ORIENTED_EDGE ( 'NONE', *, *, #2273, .F. ) ;
#8091 = DIRECTION ( 'NONE',  ( 8.031127203596330602E-17, 4.818676322157799347E-16, -1.000000000000000000 ) ) ;
#8092 = DIRECTION ( 'NONE',  ( 0.000000000000000000, -1.000000000000000000, -6.484268945210251886E-17 ) ) ;
#8093 = DIRECTION ( 'NONE',  ( -0.000000000000000000, -1.000000000000000000, -0.000000000000000000 ) ) ;
#8094 = CARTESIAN_POINT ( 'NONE',  ( 4.699999999999999289, -3.999999999999999112, -5.800000000000004263 ) ) ;
#8095 = AXIS2_PLACEMENT_3D ( 'NONE', #2836, #7394, #6494 ) ;
#8096 = EDGE_CURVE ( 'NONE', #9171, #9039, #11530, .T. ) ;
#8097 = VERTEX_POINT ( 'NONE', #3302 ) ;
#8098 = PLANE ( 'NONE',  #1960 ) ;
#8099 = ORIENTED_EDGE ( 'NONE', *, *, #8056, .F. ) ;
#8100 = PLANE ( 'NONE',  #5966 ) ;
#8101 = ORIENTED_EDGE ( 'NONE', *, *, #941, .T. ) ;
#8102 = VECTOR ( 'NONE', #10779, 1000.000000000000000 ) ;
#8103 = LINE ( 'NONE', #10085, #10459 ) ;
#8104 = CARTESIAN_POINT ( 'NONE',  ( 17.39999999999999858, 2.500000000000002220, 7.400000000000130917 ) ) ;
#8105 = VERTEX_POINT ( 'NONE', #11582 ) ;
#8106 = LINE ( 'NONE', #3540, #10411 ) ;
#8107 = LINE ( 'NONE', #10933, #4190 ) ;
#8108 = CARTESIAN_POINT ( 'NONE',  ( 19.55000000000000071, 12.45031130731456059, -2.000000000000007994 ) ) ;
#8109 = EDGE_CURVE ( 'NONE', #11709, #10505, #10801, .T. ) ;
#8110 = CARTESIAN_POINT ( 'NONE',  ( -6.349999999999997868, 3.900000000000002576, 1.019953154856734144E-15 ) ) ;
#8111 = EDGE_CURVE ( 'NONE', #9481, #10604, #10743, .T. ) ;
#8112 = ORIENTED_EDGE ( 'NONE', *, *, #9737, .F. ) ;
#8113 = VECTOR ( 'NONE', #9700, 1000.000000000000000 ) ;
#8114 = ORIENTED_EDGE ( 'NONE', *, *, #6211, .F. ) ;
#8115 = LINE ( 'NONE', #1709, #11110 ) ;
#8116 = ADVANCED_FACE ( 'NONE', ( #2523 ), #3357, .F. ) ;
#8117 = DIRECTION ( 'NONE',  ( -1.000000000000000000, -6.699696681973820339E-33, 1.257045997084642858E-16 ) ) ;
#8118 = ORIENTED_EDGE ( 'NONE', *, *, #9597, .T. ) ;
#8119 = DIRECTION ( 'NONE',  ( -0.000000000000000000, 1.000000000000000000, 0.000000000000000000 ) ) ;
#8120 = EDGE_CURVE ( 'NONE', #9515, #8246, #730, .T. ) ;
#8121 = DIRECTION ( 'NONE',  ( 0.000000000000000000, -1.000000000000000000, 0.000000000000000000 ) ) ;
#8122 = CIRCLE ( 'NONE', #2958, 0.5000000000000013323 ) ;
#8123 = DIRECTION ( 'NONE',  ( -3.869940249620702052E-32, 1.000000000000000000, 4.818676322157799347E-16 ) ) ;
#8124 = DIRECTION ( 'NONE',  ( 0.000000000000000000, 0.000000000000000000, 1.000000000000000000 ) ) ;
#8125 = LINE ( 'NONE', #4630, #9466 ) ;
#8126 = EDGE_CURVE ( 'NONE', #2335, #8244, #1451, .T. ) ;
#8127 = ORIENTED_EDGE ( 'NONE', *, *, #1984, .F. ) ;
#8128 = VECTOR ( 'NONE', #9534, 1000.000000000000000 ) ;
#8129 = FACE_OUTER_BOUND ( 'NONE', #2372, .T. ) ;
#8130 = AXIS2_PLACEMENT_3D ( 'NONE', #446, #4985, #6006 ) ;
#8131 = ORIENTED_EDGE ( 'NONE', *, *, #6229, .T. ) ;
#8132 = CARTESIAN_POINT ( 'NONE',  ( -1.250000000000004663, 44.34419462753220387, 12.09999999999999609 ) ) ;
#8133 = ORIENTED_EDGE ( 'NONE', *, *, #1791, .T. ) ;
#8134 = EDGE_CURVE ( 'NONE', #10735, #10104, #2581, .T. ) ;
#8135 = CARTESIAN_POINT ( 'NONE',  ( -19.04999999999999716, 24.33502884254439991, 1.999999999999997335 ) ) ;
#8136 = CARTESIAN_POINT ( 'NONE',  ( -17.04999999999999716, 13.50000000000000178, 0.5000000000000069944 ) ) ;
#8137 = DIRECTION ( 'NONE',  ( -4.066575051493318340E-32, 1.000000000000000000, 0.000000000000000000 ) ) ;
#8138 = VECTOR ( 'NONE', #573, 1000.000000000000000 ) ;
#8139 = EDGE_LOOP ( 'NONE', ( #786, #5854, #6168, #11163, #10793, #8057, #4065, #9968, #3755 ) ) ;
#8140 = LINE ( 'NONE', #8313, #5592 ) ;
#8141 = ORIENTED_EDGE ( 'NONE', *, *, #11308, .F. ) ;
#8142 = AXIS2_PLACEMENT_3D ( 'NONE', #10777, #10716, #5306 ) ;
#8143 = ORIENTED_EDGE ( 'NONE', *, *, #8705, .T. ) ;
#8144 = DIRECTION ( 'NONE',  ( 0.000000000000000000, 0.000000000000000000, 1.000000000000000000 ) ) ;
#8145 = AXIS2_PLACEMENT_3D ( 'NONE', #9856, #5293, #3839 ) ;
#8146 = ORIENTED_EDGE ( 'NONE', *, *, #2415, .F. ) ;
#8147 = CARTESIAN_POINT ( 'NONE',  ( -7.999999999999998224, 2.500000000000002220, 7.399999999999995914 ) ) ;
#8148 = FACE_OUTER_BOUND ( 'NONE', #598, .T. ) ;
#8149 = ORIENTED_EDGE ( 'NONE', *, *, #4971, .F. ) ;
#8150 = VECTOR ( 'NONE', #4577, 1000.000000000000000 ) ;
#8151 = CARTESIAN_POINT ( 'NONE',  ( 5.850000000000001421, 13.50000000000000178, 2.244994432064356893 ) ) ;
#8152 = DIRECTION ( 'NONE',  ( 1.000000000000000000, 0.000000000000000000, 8.031127203596330602E-17 ) ) ;
#8153 = CARTESIAN_POINT ( 'NONE',  ( 8.350000000000003197, 12.45031130731456059, 0.4999999999999982792 ) ) ;
#8154 = CIRCLE ( 'NONE', #879, 3.000000000000000000 ) ;
#8155 = FACE_OUTER_BOUND ( 'NONE', #6897, .T. ) ;
#8156 = EDGE_CURVE ( 'NONE', #7994, #5617, #2463, .T. ) ;
#8157 = AXIS2_PLACEMENT_3D ( 'NONE', #10920, #11643, #1626 ) ;
#8158 = ORIENTED_EDGE ( 'NONE', *, *, #1569, .T. ) ;
#8159 = VECTOR ( 'NONE', #3480, 1000.000000000000000 ) ;
#8160 = CARTESIAN_POINT ( 'NONE',  ( -13.94999999999999574, 9.400000000000002132, 7.400000000000000355 ) ) ;
#8161 = ORIENTED_EDGE ( 'NONE', *, *, #6947, .T. ) ;
#8162 = CARTESIAN_POINT ( 'NONE',  ( -19.54999999999999716, 13.50000000000000178, -2.000000000000000000 ) ) ;
#8163 = ORIENTED_EDGE ( 'NONE', *, *, #9889, .F. ) ;
#8164 = DIRECTION ( 'NONE',  ( -3.491481338843133355E-15, 0.000000000000000000, 1.000000000000000000 ) ) ;
#8165 = CARTESIAN_POINT ( 'NONE',  ( -6.850000000000002309, 13.30983675198806715, -2.920754270978307865 ) ) ;
#8166 = EDGE_LOOP ( 'NONE', ( #9923, #3621, #2103, #5831 ) ) ;
#8167 = VECTOR ( 'NONE', #8378, 1000.000000000000000 ) ;
#8168 = EDGE_CURVE ( 'NONE', #10071, #2519, #8991, .T. ) ;
#8169 = LINE ( 'NONE', #9064, #10287 ) ;
#8170 = EDGE_CURVE ( 'NONE', #10870, #3832, #8941, .T. ) ;
#8171 = CARTESIAN_POINT ( 'NONE',  ( 3.849999999999999201, 7.300000000000002487, -3.000000000000007550 ) ) ;
#8172 = DIRECTION ( 'NONE',  ( 0.000000000000000000, -1.000000000000000000, -6.484268945210251886E-17 ) ) ;
#8173 = CARTESIAN_POINT ( 'NONE',  ( 6.350000000000001421, 3.900000000000002576, -8.639603194080566470E-15 ) ) ;
#8174 = ORIENTED_EDGE ( 'NONE', *, *, #7986, .T. ) ;
#8175 = ORIENTED_EDGE ( 'NONE', *, *, #5385, .T. ) ;
#8176 = VECTOR ( 'NONE', #9544, 1000.000000000000000 ) ;
#8177 = CARTESIAN_POINT ( 'NONE',  ( 1.249999999999997558, 8.099999999999999645, 7.399999999999992362 ) ) ;
#8178 = EDGE_CURVE ( 'NONE', #3224, #4651, #2407, .T. ) ;
#8179 = LINE ( 'NONE', #3608, #810 ) ;
#8180 = VERTEX_POINT ( 'NONE', #5329 ) ;
#8181 = CARTESIAN_POINT ( 'NONE',  ( -19.54999999999999716, 12.45031130731456059, 2.000000000000000000 ) ) ;
#8182 = LINE ( 'NONE', #11848, #8256 ) ;
#8183 = CARTESIAN_POINT ( 'NONE',  ( -19.54999999999999716, 13.47618576818516445, 2.527375340104998980 ) ) ;
#8184 =( NAMED_UNIT ( * ) PLANE_ANGLE_UNIT ( ) SI_UNIT ( $, .RADIAN. ) );
#8185 = CARTESIAN_POINT ( 'NONE',  ( -18.54999999999999361, 12.50000000000000000, -1.999999999999998224 ) ) ;
#8186 = EDGE_LOOP ( 'NONE', ( #7127, #2869, #10510, #10796 ) ) ;
#8187 = ADVANCED_FACE ( 'NONE', ( #4421 ), #4310, .F. ) ;
#8188 = EDGE_CURVE ( 'NONE', #7500, #2234, #4128, .T. ) ;
#8189 = DIRECTION ( 'NONE',  ( 0.000000000000000000, 0.000000000000000000, 1.000000000000000000 ) ) ;
#8190 = EDGE_CURVE ( 'NONE', #2991, #7339, #3823, .T. ) ;
#8191 = EDGE_CURVE ( 'NONE', #2133, #9422, #7367, .T. ) ;
#8192 = ORIENTED_EDGE ( 'NONE', *, *, #3364, .F. ) ;
#8193 = ORIENTED_EDGE ( 'NONE', *, *, #1676, .F. ) ;
#8194 = CARTESIAN_POINT ( 'NONE',  ( 19.05000000000000071, 12.50000000000000000, -7.619650039223833312E-15 ) ) ;
#8195 = CARTESIAN_POINT ( 'NONE',  ( -25.39999999999999503, 12.50000000000000000, 1.019953154856734144E-15 ) ) ;
#8196 = EDGE_CURVE ( 'NONE', #7028, #6937, #2749, .T. ) ;
#8197 = EDGE_CURVE ( 'NONE', #11032, #11209, #2404, .T. ) ;
#8198 = CARTESIAN_POINT ( 'NONE',  ( -1.600000000000000755, 9.400000000000002132, 4.249999999999998224 ) ) ;
#8199 = EDGE_LOOP ( 'NONE', ( #2135, #7185, #10915, #5279, #96 ) ) ;
#8200 = EDGE_CURVE ( 'NONE', #3532, #2386, #7378, .T. ) ;
#8201 = CARTESIAN_POINT ( 'NONE',  ( 19.05000000000000071, 11.40000000000000213, -7.619650039223833312E-15 ) ) ;
#8202 = VERTEX_POINT ( 'NONE', #6411 ) ;
#8203 = VERTEX_POINT ( 'NONE', #2817 ) ;
#8204 = LINE ( 'NONE', #4590, #10475 ) ;
#8205 = CARTESIAN_POINT ( 'NONE',  ( 11.45000000000000284, 9.399999999999995026, 7.399999999999991473 ) ) ;
#8206 = CARTESIAN_POINT ( 'NONE',  ( -11.09999999999999787, 10.90000000000000036, 4.249999999999999112 ) ) ;
#8207 = LINE ( 'NONE', #67, #4293 ) ;
#8208 = ORIENTED_EDGE ( 'NONE', *, *, #7621, .F. ) ;
#8209 = CARTESIAN_POINT ( 'NONE',  ( -6.849999999999998757, 0.000000000000000000, 9.797975188387524912E-16 ) ) ;
#8210 = DIRECTION ( 'NONE',  ( 0.000000000000000000, 1.000000000000000000, 0.000000000000000000 ) ) ;
#8211 = DIRECTION ( 'NONE',  ( -1.000000000000000000, 0.000000000000000000, -8.031127203596331834E-17 ) ) ;
#8212 = CARTESIAN_POINT ( 'NONE',  ( -52.04999999999999716, 3.499999999999998668, -5.600000000000006750 ) ) ;
#8213 = ORIENTED_EDGE ( 'NONE', *, *, #1833, .T. ) ;
#8214 = EDGE_CURVE ( 'NONE', #6111, #9892, #3588, .T. ) ;
#8215 = CARTESIAN_POINT ( 'NONE',  ( -1.250000000000004663, 22.60000000000000142, -7.400000000000003020 ) ) ;
#8216 = AXIS2_PLACEMENT_3D ( 'NONE', #1655, #582, #812 ) ;
#8217 = EDGE_LOOP ( 'NONE', ( #3900, #3991, #4822, #8643 ) ) ;
#8218 = VECTOR ( 'NONE', #10879, 1000.000000000000000 ) ;
#8219 = CARTESIAN_POINT ( 'NONE',  ( -8.950000000000009948, 9.399999999999996803, -7.400000000000003020 ) ) ;
#8220 = ORIENTED_EDGE ( 'NONE', *, *, #3578, .T. ) ;
#8221 = CARTESIAN_POINT ( 'NONE',  ( 13.94999999999999396, 0.5000000000000000000, 12.09999999999998899 ) ) ;
#8222 = CARTESIAN_POINT ( 'NONE',  ( -6.850000000000002309, 13.50000000000000178, -2.244994432064363554 ) ) ;
#8223 = ORIENTED_EDGE ( 'NONE', *, *, #6882, .F. ) ;
#8224 = AXIS2_PLACEMENT_3D ( 'NONE', #691, #6143, #8059 ) ;
#8225 = FACE_OUTER_BOUND ( 'NONE', #5723, .T. ) ;
#8226 = CARTESIAN_POINT ( 'NONE',  ( 6.850000000000004086, 13.02097974195209851, -3.231351419844261663 ) ) ;
#8227 = CARTESIAN_POINT ( 'NONE',  ( -19.04999999999999716, 10.90000000000000036, -1.758165685111626153E-16 ) ) ;
#8228 = DIRECTION ( 'NONE',  ( 0.000000000000000000, 0.000000000000000000, 1.000000000000000000 ) ) ;
#8229 = VECTOR ( 'NONE', #1891, 1000.000000000000227 ) ;
#8230 = CARTESIAN_POINT ( 'NONE',  ( 2.100000000000004530, 10.90000000000000036, -4.250000000000006217 ) ) ;
#8231 = AXIS2_PLACEMENT_3D ( 'NONE', #11108, #8340, #8465 ) ;
#8232 = AXIS2_PLACEMENT_3D ( 'NONE', #3587, #9957, #10741 ) ;
#8233 = VERTEX_POINT ( 'NONE', #7255 ) ;
#8234 = ORIENTED_EDGE ( 'NONE', *, *, #4369, .F. ) ;
#8235 = LINE ( 'NONE', #8414, #10722 ) ;
#8236 = ORIENTED_EDGE ( 'NONE', *, *, #7179, .T. ) ;
#8237 = LINE ( 'NONE', #3436, #4410 ) ;
#8238 = ORIENTED_EDGE ( 'NONE', *, *, #9817, .F. ) ;
#8239 = VECTOR ( 'NONE', #10863, 1000.000000000000000 ) ;
#8240 = LINE ( 'NONE', #10888, #10951 ) ;
#8241 = LINE ( 'NONE', #6453, #494 ) ;
#8242 = DIRECTION ( 'NONE',  ( 0.3236155771181863927, -0.8891264907159871500, -0.3236155771181863372 ) ) ;
#8243 = DIRECTION ( 'NONE',  ( 0.000000000000000000, 0.000000000000000000, -1.000000000000000000 ) ) ;
#8244 = VERTEX_POINT ( 'NONE', #3696 ) ;
#8245 = CARTESIAN_POINT ( 'NONE',  ( 4.699999999999999289, 7.600000000000003197, -5.400000000000009237 ) ) ;
#8246 = VERTEX_POINT ( 'NONE', #1018 ) ;
#8247 = VERTEX_POINT ( 'NONE', #7492 ) ;
#8248 = LINE ( 'NONE', #3749, #1644 ) ;
#8249 = CARTESIAN_POINT ( 'NONE',  ( -6.349999999999997868, 24.33502884254439991, 2.770503502664334434E-15 ) ) ;
#8250 = DIRECTION ( 'NONE',  ( 0.000000000000000000, 1.000000000000000000, 0.000000000000000000 ) ) ;
#8251 = ADVANCED_FACE ( 'NONE', ( #6356 ), #9959, .F. ) ;
#8252 = VECTOR ( 'NONE', #6792, 1000.000000000000114 ) ;
#8253 = ORIENTED_EDGE ( 'NONE', *, *, #6205, .F. ) ;
#8254 = AXIS2_PLACEMENT_3D ( 'NONE', #6879, #10493, #2274 ) ;
#8255 = LINE ( 'NONE', #59, #9628 ) ;
#8256 = VECTOR ( 'NONE', #9141, 1000.000000000000000 ) ;
#8257 = ORIENTED_EDGE ( 'NONE', *, *, #8428, .F. ) ;
#8258 = ADVANCED_FACE ( 'NONE', ( #10073 ), #840, .F. ) ;
#8259 = ORIENTED_EDGE ( 'NONE', *, *, #6299, .F. ) ;
#8260 = CIRCLE ( 'NONE', #7305, 1.750000000000000444 ) ;
#8261 = ORIENTED_EDGE ( 'NONE', *, *, #3117, .F. ) ;
#8262 = CARTESIAN_POINT ( 'NONE',  ( 21.55000000000000071, 7.600000000000004974, -5.400000000000012790 ) ) ;
#8263 = LINE ( 'NONE', #6474, #11395 ) ;
#8264 = EDGE_LOOP ( 'NONE', ( #5459, #169, #7472, #9299 ) ) ;
#8265 = EDGE_CURVE ( 'NONE', #7639, #4557, #11038, .T. ) ;
#8266 = CARTESIAN_POINT ( 'NONE',  ( 17.39999999999999858, 9.400000000000002132, -2.000000000000009770 ) ) ;
#8267 = PLANE ( 'NONE',  #10664 ) ;
#8268 = DIRECTION ( 'NONE',  ( -0.000000000000000000, -1.000000000000000000, -0.000000000000000000 ) ) ;
#8269 = ADVANCED_FACE ( 'NONE', ( #958 ), #10201, .F. ) ;
#8270 = VERTEX_POINT ( 'NONE', #3641 ) ;
#8271 = DIRECTION ( 'NONE',  ( 1.000000000000000000, 0.000000000000000000, -1.224646799147353207E-16 ) ) ;
#8272 = ORIENTED_EDGE ( 'NONE', *, *, #8096, .T. ) ;
#8273 = CARTESIAN_POINT ( 'NONE',  ( -3.849999999999999201, 7.600000000000004974, -5.400000000000003908 ) ) ;
#8274 = VERTEX_POINT ( 'NONE', #4477 ) ;
#8275 = CARTESIAN_POINT ( 'NONE',  ( -24.15000000000000213, 9.400000000000002132, 7.400000000000001243 ) ) ;
#8276 = ORIENTED_EDGE ( 'NONE', *, *, #1522, .T. ) ;
#8277 = DIRECTION ( 'NONE',  ( 3.491481338843133355E-15, 0.000000000000000000, -1.000000000000000000 ) ) ;
#8278 = ORIENTED_EDGE ( 'NONE', *, *, #10543, .F. ) ;
#8279 = CARTESIAN_POINT ( 'NONE',  ( 21.55000000000000426, 7.400000000000003020, 5.399999999999992362 ) ) ;
#8280 = CARTESIAN_POINT ( 'NONE',  ( -21.54999999999999716, 7.400000000000004796, 5.400000000000004796 ) ) ;
#8281 = DIRECTION ( 'NONE',  ( 1.000000000000000000, -0.000000000000000000, 8.031127203596331834E-17 ) ) ;
#8282 = CARTESIAN_POINT ( 'NONE',  ( 24.15000000000000568, 0.5000000000000000000, -8.600000000000003197 ) ) ;
#8283 = EDGE_CURVE ( 'NONE', #11696, #6670, #5510, .T. ) ;
#8284 = VECTOR ( 'NONE', #8402, 1000.000000000000000 ) ;
#8285 = VERTEX_POINT ( 'NONE', #4655 ) ;
#8286 = CARTESIAN_POINT ( 'NONE',  ( 6.850000000000002309, 13.50000000000000178, 1.999999999999991340 ) ) ;
#8287 = VERTEX_POINT ( 'NONE', #11823 ) ;
#8288 = EDGE_LOOP ( 'NONE', ( #9226, #10500 ) ) ;
#8290 = DIRECTION ( 'NONE',  ( 0.000000000000000000, 0.000000000000000000, -1.000000000000000000 ) ) ;
#8289 = VECTOR ( 'NONE', #3022, 1000.000000000000000 ) ;
#8291 = EDGE_LOOP ( 'NONE', ( #6690, #9000, #9951, #3155, #9745, #1678, #7855, #10392 ) ) ;
#8292 = CARTESIAN_POINT ( 'NONE',  ( 17.39999999999999858, 7.400000000000004796, -5.600000000000012967 ) ) ;
#8293 = ORIENTED_EDGE ( 'NONE', *, *, #586, .T. ) ;
#8294 = DIRECTION ( 'NONE',  ( 1.000000000000000000, -0.000000000000000000, -1.779203565104417621E-16 ) ) ;
#8295 = CARTESIAN_POINT ( 'NONE',  ( 24.15000000000001279, 19.60000000000000142, 9.099999999999996092 ) ) ;
#8296 = FACE_OUTER_BOUND ( 'NONE', #3153, .T. ) ;
#8297 = LINE ( 'NONE', #3671, #4108 ) ;
#8298 = DIRECTION ( 'NONE',  ( -0.9396926207859076507, 0.3420201433256707113, 8.934052693631829820E-17 ) ) ;
#8299 = VECTOR ( 'NONE', #827, 1000.000000000000000 ) ;
#8300 = CARTESIAN_POINT ( 'NONE',  ( -21.54999999999999716, 2.500000000000000000, 5.600000000000003197 ) ) ;
#8301 = ORIENTED_EDGE ( 'NONE', *, *, #1904, .T. ) ;
#8302 = ADVANCED_FACE ( 'NONE', ( #70 ), #131, .F. ) ;
#8303 = VECTOR ( 'NONE', #8430, 1000.000000000000227 ) ;
#8304 = DIRECTION ( 'NONE',  ( -4.066575051493318340E-32, -1.000000000000000000, 1.172110456741085828E-16 ) ) ;
#8305 = EDGE_LOOP ( 'NONE', ( #5095, #5661, #9206, #8980, #10680, #8399, #1547, #11457 ) ) ;
#8306 = ORIENTED_EDGE ( 'NONE', *, *, #77, .T. ) ;
#8307 = ADVANCED_FACE ( 'NONE', ( #11095 ), #1986, .F. ) ;
#8308 = CARTESIAN_POINT ( 'NONE',  ( -17.39999999999999858, 0.5000000000000000000, -7.399999999999995914 ) ) ;
#8309 = CARTESIAN_POINT ( 'NONE',  ( 8.350000000000006750, 13.50000000000000178, -0.5000000000000017764 ) ) ;
#8310 = CARTESIAN_POINT ( 'NONE',  ( 6.850000000000002309, 12.50000000000000000, 1.999999999999991340 ) ) ;
#8311 = ORIENTED_EDGE ( 'NONE', *, *, #1458, .F. ) ;
#8312 = CIRCLE ( 'NONE', #10072, 3.483215956619923670 ) ;
#8313 = CARTESIAN_POINT ( 'NONE',  ( -18.54999999999999716, 12.45031130731456059, 2.000000000000000000 ) ) ;
#8314 = ORIENTED_EDGE ( 'NONE', *, *, #123, .T. ) ;
#8315 = ORIENTED_EDGE ( 'NONE', *, *, #8283, .T. ) ;
#8316 = DIRECTION ( 'NONE',  ( -0.8191520442889935749, 0.5735764363510434949, -2.860054076310225049E-15 ) ) ;
#8317 = CARTESIAN_POINT ( 'NONE',  ( -7.799999999999998046, -4.000000000000000000, 7.199999999999998401 ) ) ;
#8318 = CARTESIAN_POINT ( 'NONE',  ( -8.849999999999996092, 7.300000000000002487, 3.299999999999998490 ) ) ;
#8319 = DIRECTION ( 'NONE',  ( 0.000000000000000000, -4.130293990420964459E-16, -1.000000000000000000 ) ) ;
#8320 = ORIENTED_EDGE ( 'NONE', *, *, #8989, .F. ) ;
#8321 = EDGE_CURVE ( 'NONE', #1736, #8476, #6772, .T. ) ;
#8322 = CARTESIAN_POINT ( 'NONE',  ( 17.05000000000000071, 12.45031130731456059, -0.5000000000000146549 ) ) ;
#8323 = VERTEX_POINT ( 'NONE', #483 ) ;
#8324 = CARTESIAN_POINT ( 'NONE',  ( 13.94999999999999396, 44.34419462753220387, 12.09999999999998899 ) ) ;
#8325 = CARTESIAN_POINT ( 'NONE',  ( -47.67189334955345004, 2.500000000000002220, 7.400000000000005684 ) ) ;
#8326 = VECTOR ( 'NONE', #8624, 1000.000000000000000 ) ;
#8327 = CARTESIAN_POINT ( 'NONE',  ( 3.749999999999989342, 8.099999999999999645, 7.399999999999992362 ) ) ;
#8328 = ORIENTED_EDGE ( 'NONE', *, *, #5180, .T. ) ;
#8329 = ADVANCED_FACE ( 'NONE', ( #7796 ), #425, .F. ) ;
#8330 = PLANE ( 'NONE',  #7881 ) ;
#8331 = VECTOR ( 'NONE', #9022, 1000.000000000000000 ) ;
#8332 = ORIENTED_EDGE ( 'NONE', *, *, #4045, .F. ) ;
#8333 = AXIS2_PLACEMENT_3D ( 'NONE', #4958, #5021, #1139 ) ;
#8334 = CARTESIAN_POINT ( 'NONE',  ( -5.849999999999997868, 13.50000000000000178, -1.999999999999999112 ) ) ;
#8335 = ORIENTED_EDGE ( 'NONE', *, *, #6557, .T. ) ;
#8336 = ADVANCED_FACE ( 'NONE', ( #9416 ), #9537, .F. ) ;
#8337 = VECTOR ( 'NONE', #11710, 1000.000000000000000 ) ;
#8338 = DIRECTION ( 'NONE',  ( 0.000000000000000000, 0.000000000000000000, -1.000000000000000000 ) ) ;
#8339 = VERTEX_POINT ( 'NONE', #1324 ) ;
#8340 = DIRECTION ( 'NONE',  ( 0.000000000000000000, 1.000000000000000000, 0.000000000000000000 ) ) ;
#8341 = ORIENTED_EDGE ( 'NONE', *, *, #4301, .T. ) ;
#8342 = VECTOR ( 'NONE', #8823, 1000.000000000000000 ) ;
#8343 = ADVANCED_FACE ( 'NONE', ( #8450 ), #10435, .F. ) ;
#8344 = EDGE_CURVE ( 'NONE', #2045, #8203, #2999, .T. ) ;
#8345 = CARTESIAN_POINT ( 'NONE',  ( -3.850000000000009859, 3.499999999999998668, -7.400000000000001243 ) ) ;
#8346 = DIRECTION ( 'NONE',  ( -8.031127203596330602E-17, -2.449293598294701484E-16, 1.000000000000000000 ) ) ;
#8347 = PLANE ( 'NONE',  #7587 ) ;
#8348 = DIRECTION ( 'NONE',  ( 1.000000000000000000, -0.000000000000000000, 8.031127203596330602E-17 ) ) ;
#8349 = VECTOR ( 'NONE', #6963, 1000.000000000000000 ) ;
#8350 = AXIS2_PLACEMENT_3D ( 'NONE', #10817, #1704, #853 ) ;
#8351 = ADVANCED_FACE ( 'NONE', ( #4902 ), #8574, .F. ) ;
#8352 = DIRECTION ( 'NONE',  ( 0.000000000000000000, 1.000000000000000000, 0.000000000000000000 ) ) ;
#8353 = EDGE_CURVE ( 'NONE', #10626, #6653, #5929, .T. ) ;
#8354 = ORIENTED_EDGE ( 'NONE', *, *, #3810, .F. ) ;
#8355 = AXIS2_PLACEMENT_3D ( 'NONE', #834, #4471, #124 ) ;
#8356 =( GEOMETRIC_REPRESENTATION_CONTEXT ( 3 ) GLOBAL_UNCERTAINTY_ASSIGNED_CONTEXT ( ( #2935 ) ) GLOBAL_UNIT_ASSIGNED_CONTEXT ( ( #360, #11268, #5691 ) ) REPRESENTATION_CONTEXT ( 'NONE', 'WORKASPACE' ) );
#8357 = VERTEX_POINT ( 'NONE', #3052 ) ;
#8358 = CARTESIAN_POINT ( 'NONE',  ( 21.05000000000000071, 13.50000000000000178, -0.5000000000000007772 ) ) ;
#8359 = ORIENTED_EDGE ( 'NONE', *, *, #6075, .T. ) ;
#8360 = EDGE_CURVE ( 'NONE', #5236, #2911, #6655, .T. ) ;
#8361 = AXIS2_PLACEMENT_3D ( 'NONE', #7674, #7901, #3337 ) ;
#8362 = DIRECTION ( 'NONE',  ( 0.000000000000000000, -2.449293598294701484E-16, -1.000000000000000000 ) ) ;
#8363 = ORIENTED_EDGE ( 'NONE', *, *, #11484, .T. ) ;
#8364 = DIRECTION ( 'NONE',  ( 0.000000000000000000, 0.000000000000000000, -1.000000000000000000 ) ) ;
#8365 = DIRECTION ( 'NONE',  ( 0.000000000000000000, -4.130293990420964459E-16, -1.000000000000000000 ) ) ;
#8366 = DIRECTION ( 'NONE',  ( -1.000000000000000000, 0.000000000000000000, -0.000000000000000000 ) ) ;
#8367 = CARTESIAN_POINT ( 'NONE',  ( -3.849999999999995648, 7.400000000000003020, 5.600000000000001421 ) ) ;
#8368 = CARTESIAN_POINT ( 'NONE',  ( 1.249999999999994227, 8.099999999999999645, 10.09999999999999787 ) ) ;
#8369 = DIRECTION ( 'NONE',  ( 0.8191520442889935749, 0.5735764363510434949, 2.860054076310225049E-15 ) ) ;
#8370 = FACE_OUTER_BOUND ( 'NONE', #3050, .T. ) ;
#8371 = DIRECTION ( 'NONE',  ( 1.000000000000000000, -0.000000000000000000, -1.779203565104417621E-16 ) ) ;
#8372 = AXIS2_PLACEMENT_3D ( 'NONE', #433, #4127, #2288 ) ;
#8373 = EDGE_LOOP ( 'NONE', ( #3299, #577, #1334, #3680, #3460 ) ) ;
#8374 = CARTESIAN_POINT ( 'NONE',  ( -14.79999999999999716, 9.400000000000002132, -4.249999999999998224 ) ) ;
#8375 = ORIENTED_EDGE ( 'NONE', *, *, #3285, .T. ) ;
#8376 = VERTEX_POINT ( 'NONE', #11216 ) ;
#8377 = CARTESIAN_POINT ( 'NONE',  ( -21.65000000000000924, 9.400000000000002132, -7.399999999999998579 ) ) ;
#8378 = DIRECTION ( 'NONE',  ( 2.282859610154041239E-32, -1.000000000000000000, 1.283079494065685941E-16 ) ) ;
#8379 = LINE ( 'NONE', #4640, #9060 ) ;
#8380 = VERTEX_POINT ( 'NONE', #305 ) ;
#8381 = ORIENTED_EDGE ( 'NONE', *, *, #9054, .T. ) ;
#8382 = ORIENTED_EDGE ( 'NONE', *, *, #6382, .T. ) ;
#8383 = CARTESIAN_POINT ( 'NONE',  ( -6.349999999999997868, -3.358379542590069988, 1.019953154856734144E-15 ) ) ;
#8384 = FACE_OUTER_BOUND ( 'NONE', #11101, .T. ) ;
#8385 = DIRECTION ( 'NONE',  ( -1.000000000000000000, 1.967058844685892123E-32, -8.031127203596330602E-17 ) ) ;
#8386 = CARTESIAN_POINT ( 'NONE',  ( -8.849999999999996092, 7.500000000000002665, 5.499999999999997335 ) ) ;
#8387 = ORIENTED_EDGE ( 'NONE', *, *, #1383, .F. ) ;
#8388 = DIRECTION ( 'NONE',  ( 0.000000000000000000, -0.000000000000000000, -1.000000000000000000 ) ) ;
#8389 = LINE ( 'NONE', #3698, #3933 ) ;
#8390 = LINE ( 'NONE', #8212, #5647 ) ;
#8391 = EDGE_LOOP ( 'NONE', ( #11465, #4607, #10164, #6281 ) ) ;
#8392 = ORIENTED_EDGE ( 'NONE', *, *, #11797, .F. ) ;
#8393 = DIRECTION ( 'NONE',  ( 0.000000000000000000, -4.565061778886335030E-16, 1.000000000000000000 ) ) ;
#8394 = ORIENTED_EDGE ( 'NONE', *, *, #8887, .F. ) ;
#8395 = CARTESIAN_POINT ( 'NONE',  ( -26.65000000000000568, 0.5000000000000000000, -8.600000000000003197 ) ) ;
#8396 = CARTESIAN_POINT ( 'NONE',  ( -18.54999999999999716, 13.50000000000000178, 2.000000000000000000 ) ) ;
#8397 = VERTEX_POINT ( 'NONE', #9358 ) ;
#8398 = CARTESIAN_POINT ( 'NONE',  ( 3.849999999999999201, 2.499999999999998668, -7.400000000000010125 ) ) ;
#8399 = ORIENTED_EDGE ( 'NONE', *, *, #4301, .F. ) ;
#8400 = CARTESIAN_POINT ( 'NONE',  ( -5.849999999999997868, 12.50000000000000000, -3.500000000000004885 ) ) ;
#8401 = ORIENTED_EDGE ( 'NONE', *, *, #11496, .F. ) ;
#8402 = DIRECTION ( 'NONE',  ( 8.031127203596330602E-17, 0.000000000000000000, -1.000000000000000000 ) ) ;
#8403 = CARTESIAN_POINT ( 'NONE',  ( -8.349999999999999645, 13.50000000000000178, -0.5000000000000059952 ) ) ;
#8404 = CARTESIAN_POINT ( 'NONE',  ( 20.70000000000000284, 9.400000000000002132, 1.999999999999990008 ) ) ;
#8405 = LINE ( 'NONE', #2834, #7722 ) ;
#8406 = EDGE_CURVE ( 'NONE', #3591, #3954, #11022, .T. ) ;
#8407 = ORIENTED_EDGE ( 'NONE', *, *, #5531, .T. ) ;
#8408 = DIRECTION ( 'NONE',  ( 0.000000000000000000, 0.000000000000000000, -1.000000000000000000 ) ) ;
#8409 = ORIENTED_EDGE ( 'NONE', *, *, #4449, .F. ) ;
#8410 = EDGE_CURVE ( 'NONE', #4591, #1645, #367, .T. ) ;
#8411 = ADVANCED_FACE ( 'NONE', ( #3878 ), #10272, .T. ) ;
#8412 = VERTEX_POINT ( 'NONE', #7614 ) ;
#8413 = CIRCLE ( 'NONE', #11863, 2.000000000000000000 ) ;
#8414 = CARTESIAN_POINT ( 'NONE',  ( 3.850000000000002753, 7.500000000000004441, 7.399999999999991473 ) ) ;
#8415 = ORIENTED_EDGE ( 'NONE', *, *, #4367, .T. ) ;
#8416 = CARTESIAN_POINT ( 'NONE',  ( -18.54999999999999716, 11.40000000000000391, -0.4999999999999998890 ) ) ;
#8417 = VECTOR ( 'NONE', #10378, 1000.000000000000000 ) ;
#8418 = ORIENTED_EDGE ( 'NONE', *, *, #1548, .F. ) ;
#8419 = DIRECTION ( 'NONE',  ( -0.000000000000000000, 0.000000000000000000, -1.000000000000000000 ) ) ;
#8420 = FILL_AREA_STYLE ('',( #4867 ) ) ;
#8421 = EDGE_CURVE ( 'NONE', #10402, #9262, #6711, .T. ) ;
#8422 = EDGE_CURVE ( 'NONE', #7832, #7084, #6834, .T. ) ;
#8423 = PLANE ( 'NONE',  #7619 ) ;
#8424 = DIRECTION ( 'NONE',  ( -8.031127203596330602E-17, 0.000000000000000000, 1.000000000000000000 ) ) ;
#8425 = CARTESIAN_POINT ( 'NONE',  ( -21.65000000000000924, 9.400000000000002132, -7.399999999999998579 ) ) ;
#8426 = VECTOR ( 'NONE', #1184, 1000.000000000000000 ) ;
#8427 = VECTOR ( 'NONE', #2535, 1000.000000000000000 ) ;
#8428 = EDGE_CURVE ( 'NONE', #5236, #6855, #9594, .T. ) ;
#8429 = CARTESIAN_POINT ( 'NONE',  ( 0.000000000000000000, 0.000000000000000000, 0.000000000000000000 ) ) ;
#8430 = DIRECTION ( 'NONE',  ( -0.3236155771181862817, -0.8891264907159871500, -0.3236155771181863372 ) ) ;
#8431 = AXIS2_PLACEMENT_3D ( 'NONE', #10940, #752, #10767 ) ;
#8432 = ORIENTED_EDGE ( 'NONE', *, *, #5557, .F. ) ;
#8433 = EDGE_CURVE ( 'NONE', #2215, #4745, #10502, .T. ) ;
#8434 = VECTOR ( 'NONE', #10846, 1000.000000000000000 ) ;
#8435 = FACE_OUTER_BOUND ( 'NONE', #3517, .T. ) ;
#8436 = ORIENTED_EDGE ( 'NONE', *, *, #5799, .T. ) ;
#8437 = VERTEX_POINT ( 'NONE', #2284 ) ;
#8438 = CARTESIAN_POINT ( 'NONE',  ( 4.699999999999999289, -3.450504516109081710, -5.600000000000004974 ) ) ;
#8439 = LINE ( 'NONE', #55, #3562 ) ;
#8440 = EDGE_CURVE ( 'NONE', #538, #3266, #11336, .T. ) ;
#8441 = FACE_OUTER_BOUND ( 'NONE', #2432, .T. ) ;
#8442 = VECTOR ( 'NONE', #1606, 1000.000000000000000 ) ;
#8443 = ORIENTED_EDGE ( 'NONE', *, *, #10314, .T. ) ;
#8444 = ORIENTED_EDGE ( 'NONE', *, *, #9525, .T. ) ;
#8445 = LINE ( 'NONE', #7545, #4921 ) ;
#8446 = CARTESIAN_POINT ( 'NONE',  ( 6.850000000000005862, 13.47566243020010290, 2.528827620778214325 ) ) ;
#8447 = DIRECTION ( 'NONE',  ( 0.000000000000000000, 0.000000000000000000, 1.000000000000000000 ) ) ;
#8448 = ORIENTED_EDGE ( 'NONE', *, *, #10617, .F. ) ;
#8449 = FACE_OUTER_BOUND ( 'NONE', #7904, .T. ) ;
#8450 = FACE_OUTER_BOUND ( 'NONE', #6384, .T. ) ;
#8451 = UNCERTAINTY_MEASURE_WITH_UNIT (LENGTH_MEASURE( 1.000000000000000082E-05 ), #9821, 'distance_accuracy_value', 'NONE');
#8452 = DIRECTION ( 'NONE',  ( -4.066575051493318340E-32, -1.000000000000000000, 1.172110456741085828E-16 ) ) ;
#8453 = CIRCLE ( 'NONE', #9801, 2.000000000000000000 ) ;
#8454 = CARTESIAN_POINT ( 'NONE',  ( -6.349999999999997868, -3.358379542590069988, -1.999999999999999112 ) ) ;
#8455 = AXIS2_PLACEMENT_3D ( 'NONE', #1514, #8714, #513 ) ;
#8456 = ORIENTED_EDGE ( 'NONE', *, *, #209, .F. ) ;
#8457 = EDGE_CURVE ( 'NONE', #7459, #1858, #9884, .T. ) ;
#8458 = LINE ( 'NONE', #11045, #11527 ) ;
#8459 = ORIENTED_EDGE ( 'NONE', *, *, #562, .T. ) ;
#8460 = PLANE ( 'NONE',  #3100 ) ;
#8461 = DIRECTION ( 'NONE',  ( -0.000000000000000000, -1.172110456741085828E-16, -1.000000000000000000 ) ) ;
#8462 = ORIENTED_EDGE ( 'NONE', *, *, #8779, .F. ) ;
#8463 = DIRECTION ( 'NONE',  ( 0.000000000000000000, 0.000000000000000000, 1.000000000000000000 ) ) ;
#8464 = ORIENTED_EDGE ( 'NONE', *, *, #5577, .T. ) ;
#8465 = DIRECTION ( 'NONE',  ( 0.000000000000000000, -0.000000000000000000, 1.000000000000000000 ) ) ;
#8466 = ORIENTED_EDGE ( 'NONE', *, *, #9793, .T. ) ;
#8467 = CARTESIAN_POINT ( 'NONE',  ( 3.849999999999999201, 9.400000000000002132, -2.000000000000007105 ) ) ;
#8468 = DIRECTION ( 'NONE',  ( 0.000000000000000000, 1.000000000000000000, 2.449293598294701484E-16 ) ) ;
#8469 = CARTESIAN_POINT ( 'NONE',  ( 8.850000000000003197, 7.600000000000003197, 3.299999999999994049 ) ) ;
#8470 = CARTESIAN_POINT ( 'NONE',  ( 16.55000000000000071, 7.300000000000002487, 3.299999999999990052 ) ) ;
#8471 = EDGE_CURVE ( 'NONE', #11756, #8685, #4830, .T. ) ;
#8472 = DIRECTION ( 'NONE',  ( -1.000000000000000000, 0.000000000000000000, -3.491481338843133355E-15 ) ) ;
#8473 = ORIENTED_EDGE ( 'NONE', *, *, #2724, .T. ) ;
#8474 = ORIENTED_EDGE ( 'NONE', *, *, #717, .T. ) ;
#8475 = CARTESIAN_POINT ( 'NONE',  ( -13.95000000000000462, 0.5000000000000000000, 12.09999999999999964 ) ) ;
#8476 = VERTEX_POINT ( 'NONE', #4351 ) ;
#8477 = CARTESIAN_POINT ( 'NONE',  ( -6.850000000000002309, 12.50000000000000000, -3.500000000000004885 ) ) ;
#8478 = ORIENTED_EDGE ( 'NONE', *, *, #7414, .T. ) ;
#8479 = CARTESIAN_POINT ( 'NONE',  ( 11.44999999999999574, 22.60000000000000142, -7.400000000000005684 ) ) ;
#8480 = EDGE_CURVE ( 'NONE', #9467, #7524, #5314, .T. ) ;
#8481 = CARTESIAN_POINT ( 'NONE',  ( 16.55000000000000071, 7.600000000000003197, 5.399999999999992362 ) ) ;
#8482 = DIRECTION ( 'NONE',  ( -1.000000000000000000, -0.000000000000000000, -8.031127203596330602E-17 ) ) ;
#8483 = CARTESIAN_POINT ( 'NONE',  ( 24.15000000000001279, 19.60000000000000142, 12.09999999999999432 ) ) ;
#8484 = DIRECTION ( 'NONE',  ( 0.000000000000000000, 0.000000000000000000, -1.000000000000000000 ) ) ;
#8485 = EDGE_CURVE ( 'NONE', #2780, #11067, #714, .T. ) ;
#8486 = CARTESIAN_POINT ( 'NONE',  ( 10.60000000000000142, 24.33502884254439991, 4.749999999999989342 ) ) ;
#8487 = ORIENTED_EDGE ( 'NONE', *, *, #11785, .F. ) ;
#8488 = AXIS2_PLACEMENT_3D ( 'NONE', #6094, #6150, #89 ) ;
#8489 = ADVANCED_FACE ( 'NONE', ( #6165 ), #687, .T. ) ;
#8490 = EDGE_CURVE ( 'NONE', #2289, #4519, #8018, .T. ) ;
#8491 = CARTESIAN_POINT ( 'NONE',  ( -16.54999999999999716, 7.300000000000002487, -2.999999999999998224 ) ) ;
#8492 = EDGE_LOOP ( 'NONE', ( #7243, #6074, #9853, #7974 ) ) ;
#8493 = VECTOR ( 'NONE', #6225, 1000.000000000000000 ) ;
#8494 = ORIENTED_EDGE ( 'NONE', *, *, #6933, .T. ) ;
#8495 = ADVANCED_FACE ( 'NONE', ( #3231 ), #5138, .F. ) ;
#8496 = LINE ( 'NONE', #2269, #8921 ) ;
#8497 = CARTESIAN_POINT ( 'NONE',  ( -8.000000000000000000, 7.600000000000003197, -3.300000000000001155 ) ) ;
#8498 = DIRECTION ( 'NONE',  ( 0.000000000000000000, 1.172110456741085828E-16, 1.000000000000000000 ) ) ;
#8499 = EDGE_CURVE ( 'NONE', #4082, #4257, #6890, .T. ) ;
#8500 = ORIENTED_EDGE ( 'NONE', *, *, #2056, .T. ) ;
#8501 = VECTOR ( 'NONE', #7050, 1000.000000000000000 ) ;
#8502 = EDGE_CURVE ( 'NONE', #2475, #3132, #770, .T. ) ;
#8503 = VERTEX_POINT ( 'NONE', #9825 ) ;
#8504 = LINE ( 'NONE', #1134, #7786 ) ;
#8505 = CARTESIAN_POINT ( 'NONE',  ( 4.899999999999997691, -4.000000000000000000, -7.200000000000005507 ) ) ;
#8506 = CARTESIAN_POINT ( 'NONE',  ( -8.350000000000003197, 13.50000000000000178, 0.4999999999999940603 ) ) ;
#8507 = CARTESIAN_POINT ( 'NONE',  ( -18.54999999999999716, 13.50000000000000178, -2.000000000000000000 ) ) ;
#8508 = ORIENTED_EDGE ( 'NONE', *, *, #920, .F. ) ;
#8509 = CARTESIAN_POINT ( 'NONE',  ( 8.000000000000000000, 22.60000000000000142, -7.399999999999995914 ) ) ;
#8510 = DIRECTION ( 'NONE',  ( 0.000000000000000000, -1.000000000000000000, 0.000000000000000000 ) ) ;
#8511 = CARTESIAN_POINT ( 'NONE',  ( 0.000000000000000000, 0.000000000000000000, 0.000000000000000000 ) ) ;
#8512 = DIRECTION ( 'NONE',  ( 0.000000000000000000, 0.000000000000000000, 1.000000000000000000 ) ) ;
#8513 = ORIENTED_EDGE ( 'NONE', *, *, #4945, .F. ) ;
#8514 = CARTESIAN_POINT ( 'NONE',  ( 6.350000000000001421, 24.33502884254439991, -2.000000000000009770 ) ) ;
#8515 = ORIENTED_EDGE ( 'NONE', *, *, #4278, .T. ) ;
#8516 = STYLED_ITEM ( 'NONE', ( #7366 ), #1142 ) ;
#8517 = DIRECTION ( 'NONE',  ( 0.000000000000000000, 0.000000000000000000, 1.000000000000000000 ) ) ;
#8518 = ORIENTED_EDGE ( 'NONE', *, *, #5615, .F. ) ;
#8519 = DIRECTION ( 'NONE',  ( 1.000000000000000000, -0.000000000000000000, -1.779203565104417621E-16 ) ) ;
#8520 = CIRCLE ( 'NONE', #9872, 1.750000000000000444 ) ;
#8521 = EDGE_LOOP ( 'NONE', ( #8523, #11834, #6868, #7548 ) ) ;
#8522 = CARTESIAN_POINT ( 'NONE',  ( -8.349999999999999645, 12.45031130731456059, -0.5000000000000059952 ) ) ;
#8523 = ORIENTED_EDGE ( 'NONE', *, *, #1387, .T. ) ;
#8524 = VECTOR ( 'NONE', #2018, 1000.000000000000000 ) ;
#8525 = DIRECTION ( 'NONE',  ( -1.000000000000000000, 0.000000000000000000, -3.571792610879097845E-15 ) ) ;
#8526 = DIRECTION ( 'NONE',  ( 1.000000000000000000, 0.000000000000000000, -1.779203565104417621E-16 ) ) ;
#8527 = CARTESIAN_POINT ( 'NONE',  ( 1.249999999999990674, 22.60000000000000142, -7.400000000000003908 ) ) ;
#8528 = DIRECTION ( 'NONE',  ( -1.000000000000000000, 0.000000000000000000, 6.938893903907233308E-16 ) ) ;
#8529 = EDGE_CURVE ( 'NONE', #6948, #8934, #4236, .T. ) ;
#8530 = CARTESIAN_POINT ( 'NONE',  ( 6.350000000000001421, 10.90000000000000036, -8.815419762591729948E-15 ) ) ;
#8531 = ORIENTED_EDGE ( 'NONE', *, *, #11722, .T. ) ;
#8532 = VECTOR ( 'NONE', #1763, 1000.000000000000000 ) ;
#8533 = ORIENTED_EDGE ( 'NONE', *, *, #6038, .F. ) ;
#8534 = VECTOR ( 'NONE', #825, 1000.000000000000000 ) ;
#8535 = VECTOR ( 'NONE', #3012, 1000.000000000000000 ) ;
#8536 = LINE ( 'NONE', #335, #11338 ) ;
#8537 = VERTEX_POINT ( 'NONE', #3287 ) ;
#8538 = STYLED_ITEM ( 'NONE', ( #7519 ), #5118 ) ;
#8539 = CARTESIAN_POINT ( 'NONE',  ( 24.15000000000001279, 9.399999999999989697, 7.399999999999987033 ) ) ;
#8540 = VERTEX_POINT ( 'NONE', #9649 ) ;
#8541 = PLANE ( 'NONE',  #1533 ) ;
#8542 = DIRECTION ( 'NONE',  ( 1.000000000000000000, 0.000000000000000000, 8.031127203596330602E-17 ) ) ;
#8543 = CIRCLE ( 'NONE', #10064, 0.2999999999999999334 ) ;
#8544 = CARTESIAN_POINT ( 'NONE',  ( 4.699999999999999289, 7.400000000000003020, -5.400000000000009237 ) ) ;
#8545 = CARTESIAN_POINT ( 'NONE',  ( -11.09999999999999787, 9.400000000000002132, 4.249999999999999112 ) ) ;
#8546 = PLANE ( 'NONE',  #308 ) ;
#8547 = CIRCLE ( 'NONE', #11429, 3.483215956619923670 ) ;
#8548 = AXIS2_PLACEMENT_3D ( 'NONE', #11263, #4884, #3040 ) ;
#8549 = AXIS2_PLACEMENT_3D ( 'NONE', #8808, #7064, #6059 ) ;
#8550 = PLANE ( 'NONE',  #4458 ) ;
#8551 = ORIENTED_EDGE ( 'NONE', *, *, #3856, .T. ) ;
#8552 = EDGE_CURVE ( 'NONE', #5504, #1278, #10787, .T. ) ;
#8553 = VECTOR ( 'NONE', #3750, 1000.000000000000000 ) ;
#8554 = CARTESIAN_POINT ( 'NONE',  ( 8.000000000000000000, 2.500000000000000444, -5.599999999999996980 ) ) ;
#8555 = FACE_BOUND ( 'NONE', #1799, .T. ) ;
#8556 = ORIENTED_EDGE ( 'NONE', *, *, #2757, .F. ) ;
#8557 = VECTOR ( 'NONE', #9931, 1000.000000000000000 ) ;
#8558 = LINE ( 'NONE', #8377, #11585 ) ;
#8559 = LINE ( 'NONE', #534, #10293 ) ;
#8560 = CARTESIAN_POINT ( 'NONE',  ( 19.05000000000000071, 13.50000000000000000, -7.619650039223833312E-15 ) ) ;
#8561 = EDGE_CURVE ( 'NONE', #3334, #10508, #2566, .T. ) ;
#8562 = ORIENTED_EDGE ( 'NONE', *, *, #1238, .F. ) ;
#8563 = EDGE_CURVE ( 'NONE', #2576, #5265, #1433, .T. ) ;
#8564 = ADVANCED_FACE ( 'NONE', ( #8749 ), #544, .F. ) ;
#8565 = ORIENTED_EDGE ( 'NONE', *, *, #6031, .T. ) ;
#8566 = CARTESIAN_POINT ( 'NONE',  ( 20.70000000000000284, 2.499999999999999556, 5.599999999999990763 ) ) ;
#8567 = DIRECTION ( 'NONE',  ( -1.000000000000000000, 0.000000000000000000, -3.571792610879097845E-15 ) ) ;
#8568 = FACE_OUTER_BOUND ( 'NONE', #3862, .T. ) ;
#8569 = CARTESIAN_POINT ( 'NONE',  ( -24.15000000000000213, 9.400000000000002132, 7.400000000000001243 ) ) ;
#8570 = EDGE_LOOP ( 'NONE', ( #11801, #3383, #4920, #11165 ) ) ;
#8571 = EDGE_CURVE ( 'NONE', #6113, #10267, #651, .T. ) ;
#8572 = ADVANCED_FACE ( 'NONE', ( #1065 ), #5554, .F. ) ;
#8573 = DIRECTION ( 'NONE',  ( 0.000000000000000000, -0.000000000000000000, 1.000000000000000000 ) ) ;
#8574 = PLANE ( 'NONE',  #3173 ) ;
#8575 = LINE ( 'NONE', #1263, #7788 ) ;
#8576 = CIRCLE ( 'NONE', #7617, 0.5000000000000013323 ) ;
#8577 = DIRECTION ( 'NONE',  ( 1.000000000000000000, 0.000000000000000000, 3.571792610879097845E-15 ) ) ;
#8578 = VECTOR ( 'NONE', #9680, 1000.000000000000000 ) ;
#8579 = EDGE_LOOP ( 'NONE', ( #11575, #8415, #7677, #1213, #9152, #1720, #9647, #11399, #8448, #3767, #4828 ) ) ;
#8580 = CARTESIAN_POINT ( 'NONE',  ( -47.67189334955345004, 8.099999999999999645, 7.400000000000004796 ) ) ;
#8581 = ORIENTED_EDGE ( 'NONE', *, *, #3859, .F. ) ;
#8582 = VERTEX_POINT ( 'NONE', #11859 ) ;
#8583 = CARTESIAN_POINT ( 'NONE',  ( 16.54999999999999716, 9.400000000000003908, -5.500000000000007105 ) ) ;
#8584 = ORIENTED_EDGE ( 'NONE', *, *, #11656, .T. ) ;
#8585 = LINE ( 'NONE', #7863, #9191 ) ;
#8586 = VERTEX_POINT ( 'NONE', #5428 ) ;
#8587 = DIRECTION ( 'NONE',  ( -1.000000000000000000, 0.000000000000000000, -8.031127203596330602E-17 ) ) ;
#8588 = LINE ( 'NONE', #6490, #8030 ) ;
#8589 = FACE_OUTER_BOUND ( 'NONE', #8854, .T. ) ;
#8590 = DIRECTION ( 'NONE',  ( 0.000000000000000000, 0.000000000000000000, -1.000000000000000000 ) ) ;
#8591 = FILL_AREA_STYLE ('',( #11533 ) ) ;
#8592 = EDGE_CURVE ( 'NONE', #9828, #1308, #8248, .T. ) ;
#8593 = ORIENTED_EDGE ( 'NONE', *, *, #10694, .T. ) ;
#8594 = ORIENTED_EDGE ( 'NONE', *, *, #8421, .T. ) ;
#8595 = FACE_OUTER_BOUND ( 'NONE', #8085, .T. ) ;
#8596 = EDGE_LOOP ( 'NONE', ( #5586, #1938 ) ) ;
#8597 = CARTESIAN_POINT ( 'NONE',  ( 20.70000000000000284, 7.300000000000002487, 3.299999999999990052 ) ) ;
#8598 = ORIENTED_EDGE ( 'NONE', *, *, #9519, .T. ) ;
#8599 = CARTESIAN_POINT ( 'NONE',  ( 19.55000000000000071, 13.38062289430519414, -2.796102558134466953 ) ) ;
#8600 = FACE_OUTER_BOUND ( 'NONE', #634, .T. ) ;
#8601 = LINE ( 'NONE', #10356, #9541 ) ;
#8602 = DIRECTION ( 'NONE',  ( -1.000000000000000000, -1.967058844685892396E-32, -8.031127203596331834E-17 ) ) ;
#8603 = CARTESIAN_POINT ( 'NONE',  ( -14.29999999999999716, 24.33502884254439991, -4.250000000000000000 ) ) ;
#8604 = LINE ( 'NONE', #2087, #9846 ) ;
#8605 = ORIENTED_EDGE ( 'NONE', *, *, #8721, .F. ) ;
#8606 = DIRECTION ( 'NONE',  ( 0.000000000000000000, 0.000000000000000000, 1.000000000000000000 ) ) ;
#8607 = VERTEX_POINT ( 'NONE', #11018 ) ;
#8608 = DIRECTION ( 'NONE',  ( 8.031127203596330602E-17, 0.000000000000000000, -1.000000000000000000 ) ) ;
#8609 = CIRCLE ( 'NONE', #7101, 0.5000000000000013323 ) ;
#8610 = VERTEX_POINT ( 'NONE', #9094 ) ;
#8611 = AXIS2_PLACEMENT_3D ( 'NONE', #9855, #1880, #2538 ) ;
#8612 = AXIS2_PLACEMENT_3D ( 'NONE', #3335, #4287, #7960 ) ;
#8613 = PRESENTATION_STYLE_ASSIGNMENT (( #4943 ) ) ;
#8614 = CARTESIAN_POINT ( 'NONE',  ( -18.54999999999999361, 13.50000000000000178, -2.244994432064362666 ) ) ;
#8615 = DIRECTION ( 'NONE',  ( 0.000000000000000000, 1.000000000000000000, -1.172110456741085828E-16 ) ) ;
#8616 = EDGE_CURVE ( 'NONE', #5024, #9042, #9155, .T. ) ;
#8617 = VECTOR ( 'NONE', #2781, 1000.000000000000000 ) ;
#8618 = AXIS2_PLACEMENT_3D ( 'NONE', #10569, #9901, #9110 ) ;
#8619 = VECTOR ( 'NONE', #5946, 1000.000000000000000 ) ;
#8620 = VERTEX_POINT ( 'NONE', #7418 ) ;
#8621 = SURFACE_STYLE_USAGE ( .BOTH. , #9352 ) ;
#8622 = CARTESIAN_POINT ( 'NONE',  ( 18.55000000000000071, 11.40000000000000391, 0.4999999999999922284 ) ) ;
#8623 = CARTESIAN_POINT ( 'NONE',  ( 16.55000000000000071, 7.400000000000003020, 5.399999999999992362 ) ) ;
#8624 = DIRECTION ( 'NONE',  ( 1.000000000000000000, 0.000000000000000000, 8.031127203596330602E-17 ) ) ;
#8625 = ORIENTED_EDGE ( 'NONE', *, *, #7233, .T. ) ;
#8626 = EDGE_CURVE ( 'NONE', #3591, #2251, #2801, .T. ) ;
#8627 = VECTOR ( 'NONE', #8985, 1000.000000000000000 ) ;
#8628 = DIRECTION ( 'NONE',  ( 1.000000000000000000, -0.000000000000000000, -1.779203565104417621E-16 ) ) ;
#8629 = CARTESIAN_POINT ( 'NONE',  ( -6.349999999999997868, 12.30000000000000249, 1.019953154856734144E-15 ) ) ;
#8630 = LINE ( 'NONE', #426, #4511 ) ;
#8631 = EDGE_CURVE ( 'NONE', #3035, #6566, #11083, .T. ) ;
#8632 = DIRECTION ( 'NONE',  ( 0.000000000000000000, 0.000000000000000000, -1.000000000000000000 ) ) ;
#8633 = ORIENTED_EDGE ( 'NONE', *, *, #11805, .T. ) ;
#8634 = AXIS2_PLACEMENT_3D ( 'NONE', #4459, #878, #9935 ) ;
#8635 = EDGE_CURVE ( 'NONE', #9282, #721, #4638, .T. ) ;
#8636 = CARTESIAN_POINT ( 'NONE',  ( -17.39999999999999503, 5.900000000000003020, 3.000000000000002665 ) ) ;
#8637 = ORIENTED_EDGE ( 'NONE', *, *, #1475, .T. ) ;
#8638 = EDGE_CURVE ( 'NONE', #9039, #3417, #9214, .T. ) ;
#8639 = VERTEX_POINT ( 'NONE', #8308 ) ;
#8640 = CARTESIAN_POINT ( 'NONE',  ( -4.699999999999995737, -3.450504516109081710, 5.599999999999996980 ) ) ;
#8641 = ORIENTED_EDGE ( 'NONE', *, *, #6941, .F. ) ;
#8642 = CARTESIAN_POINT ( 'NONE',  ( -6.349999999999997868, 3.900000000000002576, 2.000000000000000888 ) ) ;
#8643 = ORIENTED_EDGE ( 'NONE', *, *, #6282, .F. ) ;
#8644 = CARTESIAN_POINT ( 'NONE',  ( -17.39999999999999503, 5.900000000000003020, 3.000000000000002665 ) ) ;
#8645 = CARTESIAN_POINT ( 'NONE',  ( -6.349999999999997868, 12.30000000000000071, -3.499999999999999112 ) ) ;
#8646 = DIRECTION ( 'NONE',  ( 0.000000000000000000, 1.000000000000000000, 0.000000000000000000 ) ) ;
#8647 = CARTESIAN_POINT ( 'NONE',  ( -11.45000000000000639, 22.60000000000000142, 9.099999999999997868 ) ) ;
#8648 = VECTOR ( 'NONE', #9385, 1000.000000000000000 ) ;
#8649 = ADVANCED_FACE ( 'NONE', ( #6461 ), #110, .F. ) ;
#8650 = LINE ( 'NONE', #1339, #9090 ) ;
#8651 = ADVANCED_FACE ( 'NONE', ( #10182 ), #7239, .F. ) ;
#8652 = ORIENTED_EDGE ( 'NONE', *, *, #5816, .F. ) ;
#8653 = ORIENTED_EDGE ( 'NONE', *, *, #2688, .T. ) ;
#8654 = VECTOR ( 'NONE', #9911, 1000.000000000000000 ) ;
#8655 = CARTESIAN_POINT ( 'NONE',  ( -21.55000000000000071, 2.499999999999998668, -5.599999999999997868 ) ) ;
#8656 = ORIENTED_EDGE ( 'NONE', *, *, #2700, .T. ) ;
#8657 = CIRCLE ( 'NONE', #8073, 3.483215956619923670 ) ;
#8658 = LINE ( 'NONE', #9733, #418 ) ;
#8659 = VERTEX_POINT ( 'NONE', #5496 ) ;
#8660 = DIRECTION ( 'NONE',  ( -0.000000000000000000, 0.5735764363510434949, 0.8191520442889935749 ) ) ;
#8661 = DIRECTION ( 'NONE',  ( 0.000000000000000000, -1.000000000000000000, 0.000000000000000000 ) ) ;
#8662 = EDGE_CURVE ( 'NONE', #9515, #9621, #1970, .T. ) ;
#8663 = CARTESIAN_POINT ( 'NONE',  ( -8.000000000000000000, 7.500000000000004441, -7.399999999999999467 ) ) ;
#8664 = VECTOR ( 'NONE', #3980, 1000.000000000000000 ) ;
#8665 = CARTESIAN_POINT ( 'NONE',  ( -7.999999999999992895, 2.500000000000002220, 7.400000000000043876 ) ) ;
#8666 = CARTESIAN_POINT ( 'NONE',  ( 16.54999999999999716, 7.500000000000004441, -7.400000000000008349 ) ) ;
#8667 = DIRECTION ( 'NONE',  ( -1.000000000000000000, 0.000000000000000000, -0.000000000000000000 ) ) ;
#8668 = ORIENTED_EDGE ( 'NONE', *, *, #9958, .F. ) ;
#8669 = CARTESIAN_POINT ( 'NONE',  ( 1.249999999999997558, 9.399999999999995026, 7.399999999999992362 ) ) ;
#8670 = EDGE_LOOP ( 'NONE', ( #6500, #4176, #9545, #5680, #8021, #824 ) ) ;
#8671 = CARTESIAN_POINT ( 'NONE',  ( -18.54999999999999716, 12.77383717497638393, -3.374835443307695471 ) ) ;
#8672 = ORIENTED_EDGE ( 'NONE', *, *, #842, .T. ) ;
#8673 = CARTESIAN_POINT ( 'NONE',  ( 6.350000000000001421, 12.50000000000000000, -8.639603194080566470E-15 ) ) ;
#8674 = LINE ( 'NONE', #3273, #9704 ) ;
#8675 = CIRCLE ( 'NONE', #2555, 0.2000000000000005107 ) ;
#8676 = ADVANCED_FACE ( 'NONE', ( #9276 ), #7180, .F. ) ;
#8677 = CARTESIAN_POINT ( 'NONE',  ( 4.699999999999999289, -3.450504516109081710, -5.600000000000004974 ) ) ;
#8678 = AXIS2_PLACEMENT_3D ( 'NONE', #6285, #9942, #7004 ) ;
#8679 = CARTESIAN_POINT ( 'NONE',  ( 1.249999999999994227, 8.099999999999999645, 10.09999999999999609 ) ) ;
#8680 = EDGE_LOOP ( 'NONE', ( #5296, #1754, #6624, #1098 ) ) ;
#8681 = EDGE_CURVE ( 'NONE', #7967, #7624, #3623, .T. ) ;
#8682 = CARTESIAN_POINT ( 'NONE',  ( -8.849999999999996092, 5.900000000000002132, 2.999999999999998668 ) ) ;
#8683 = CARTESIAN_POINT ( 'NONE',  ( -17.59999999999999787, -3.999999999999999112, -5.799999999999995381 ) ) ;
#8684 = DIRECTION ( 'NONE',  ( 4.066575051493318340E-32, 1.000000000000000000, -1.172110456741085828E-16 ) ) ;
#8685 = VERTEX_POINT ( 'NONE', #11744 ) ;
#8686 = DIRECTION ( 'NONE',  ( -0.000000000000000000, -1.000000000000000000, -0.000000000000000000 ) ) ;
#8687 = DIRECTION ( 'NONE',  ( 0.000000000000000000, -1.000000000000000000, -3.097720492815726673E-16 ) ) ;
#8688 = DIRECTION ( 'NONE',  ( 1.000000000000000000, 0.000000000000000000, 8.031127203596330602E-17 ) ) ;
#8689 = DIRECTION ( 'NONE',  ( 0.000000000000000000, 0.000000000000000000, -1.000000000000000000 ) ) ;
#8690 = AXIS2_PLACEMENT_3D ( 'NONE', #9921, #2658, #1819 ) ;
#8691 = ORIENTED_EDGE ( 'NONE', *, *, #436, .F. ) ;
#8692 = EDGE_CURVE ( 'NONE', #8246, #6955, #9999, .T. ) ;
#8693 = FACE_OUTER_BOUND ( 'NONE', #3863, .T. ) ;
#8694 = ORIENTED_EDGE ( 'NONE', *, *, #2083, .T. ) ;
#8695 = VERTEX_POINT ( 'NONE', #6283 ) ;
#8696 = VECTOR ( 'NONE', #1706, 1000.000000000000000 ) ;
#8697 = CARTESIAN_POINT ( 'NONE',  ( -17.39999999999999503, 7.600000000000003197, 3.300000000000002043 ) ) ;
#8698 = ORIENTED_EDGE ( 'NONE', *, *, #8406, .T. ) ;
#8699 = LINE ( 'NONE', #3298, #6514 ) ;
#8700 = ORIENTED_EDGE ( 'NONE', *, *, #2137, .T. ) ;
#8701 = SURFACE_STYLE_FILL_AREA ( #3355 ) ;
#8702 = DIRECTION ( 'NONE',  ( 0.000000000000000000, 1.000000000000000000, 0.000000000000000000 ) ) ;
#8703 = DIRECTION ( 'NONE',  ( 3.869940249620702052E-32, 1.000000000000000000, -4.818676322157799347E-16 ) ) ;
#8704 = PLANE ( 'NONE',  #11804 ) ;
#8705 = EDGE_CURVE ( 'NONE', #9431, #6756, #9685, .T. ) ;
#8706 = ORIENTED_EDGE ( 'NONE', *, *, #8134, .T. ) ;
#8707 = ORIENTED_EDGE ( 'NONE', *, *, #1090, .T. ) ;
#8708 = LINE ( 'NONE', #10460, #1752 ) ;
#8709 = AXIS2_PLACEMENT_3D ( 'NONE', #11169, #11238, #8346 ) ;
#8710 = EDGE_LOOP ( 'NONE', ( #11852, #2592, #1026, #10212 ) ) ;
#8711 = VECTOR ( 'NONE', #6246, 1000.000000000000000 ) ;
#8712 = EDGE_CURVE ( 'NONE', #7592, #2791, #4308, .T. ) ;
#8713 = EDGE_CURVE ( 'NONE', #1617, #9134, #7295, .T. ) ;
#8714 = DIRECTION ( 'NONE',  ( 0.000000000000000000, -1.000000000000000000, 0.000000000000000000 ) ) ;
#8715 = ORIENTED_EDGE ( 'NONE', *, *, #6952, .T. ) ;
#8716 = LINE ( 'NONE', #9625, #6 ) ;
#8717 = DIRECTION ( 'NONE',  ( 0.000000000000000000, 0.000000000000000000, 1.000000000000000000 ) ) ;
#8718 = PLANE ( 'NONE',  #6250 ) ;
#8719 = DIRECTION ( 'NONE',  ( 2.282859610154041239E-32, -1.000000000000000000, 0.000000000000000000 ) ) ;
#8720 = DIRECTION ( 'NONE',  ( -0.000000000000000000, -1.000000000000000000, -0.000000000000000000 ) ) ;
#8721 = EDGE_CURVE ( 'NONE', #6322, #239, #6581, .T. ) ;
#8722 = EDGE_CURVE ( 'NONE', #720, #10508, #6437, .T. ) ;
#8723 = AXIS2_PLACEMENT_3D ( 'NONE', #3207, #2260, #2316 ) ;
#8724 = VECTOR ( 'NONE', #11220, 1000.000000000000000 ) ;
#8725 = LINE ( 'NONE', #10648, #3697 ) ;
#8726 = ORIENTED_EDGE ( 'NONE', *, *, #7903, .F. ) ;
#8727 = EDGE_CURVE ( 'NONE', #10372, #2435, #1189, .T. ) ;
#8728 = CARTESIAN_POINT ( 'NONE',  ( 17.05000000000000071, 12.45031130731456059, -0.5000000000000146549 ) ) ;
#8729 = ORIENTED_EDGE ( 'NONE', *, *, #3275, .F. ) ;
#8730 = VECTOR ( 'NONE', #2126, 1000.000000000000000 ) ;
#8731 = DIRECTION ( 'NONE',  ( -0.000000000000000000, 1.000000000000000000, -3.043374519257556029E-16 ) ) ;
#8732 = VECTOR ( 'NONE', #938, 1000.000000000000000 ) ;
#8733 = VECTOR ( 'NONE', #10984, 1000.000000000000000 ) ;
#8734 = FACE_OUTER_BOUND ( 'NONE', #2412, .T. ) ;
#8735 = CARTESIAN_POINT ( 'NONE',  ( 17.60000000000000142, -3.999999999999999112, 5.599999999999988987 ) ) ;
#8736 = AXIS2_PLACEMENT_3D ( 'NONE', #11565, #1376, #3170 ) ;
#8737 = CARTESIAN_POINT ( 'NONE',  ( -7.999999999999996447, -3.450504516109082154, 7.399999999999996803 ) ) ;
#8738 = VECTOR ( 'NONE', #187, 1000.000000000000000 ) ;
#8739 = EDGE_CURVE ( 'NONE', #1736, #10390, #8496, .T. ) ;
#8740 = VECTOR ( 'NONE', #7269, 1000.000000000000000 ) ;
#8741 = DIRECTION ( 'NONE',  ( 1.000000000000000000, -1.967058844685892396E-32, 8.031127203596331834E-17 ) ) ;
#8742 = VECTOR ( 'NONE', #2736, 1000.000000000000000 ) ;
#8743 = ORIENTED_EDGE ( 'NONE', *, *, #10138, .T. ) ;
#8744 = CARTESIAN_POINT ( 'NONE',  ( 20.70000000000000284, -4.000000000000000000, 7.399999999999987921 ) ) ;
#8745 = FACE_OUTER_BOUND ( 'NONE', #5268, .T. ) ;
#8746 = DIRECTION ( 'NONE',  ( 0.000000000000000000, 0.000000000000000000, -1.000000000000000000 ) ) ;
#8747 = ORIENTED_EDGE ( 'NONE', *, *, #4714, .T. ) ;
#8748 = DIRECTION ( 'NONE',  ( -0.000000000000000000, 2.449293598294701484E-16, 1.000000000000000000 ) ) ;
#8749 = FACE_OUTER_BOUND ( 'NONE', #6853, .T. ) ;
#8750 = CARTESIAN_POINT ( 'NONE',  ( -17.39999999999999858, 2.499999999999998668, -7.400000000000001243 ) ) ;
#8751 = CARTESIAN_POINT ( 'NONE',  ( 8.849999999999999645, 7.500000000000002665, -5.500000000000005329 ) ) ;
#8752 = VECTOR ( 'NONE', #3119, 1000.000000000000000 ) ;
#8753 = ORIENTED_EDGE ( 'NONE', *, *, #10257, .T. ) ;
#8754 = DIRECTION ( 'NONE',  ( 1.000000000000000000, -1.967058844685892123E-32, 8.031127203596330602E-17 ) ) ;
#8755 = ORIENTED_EDGE ( 'NONE', *, *, #4225, .F. ) ;
#8756 = ORIENTED_EDGE ( 'NONE', *, *, #3711, .T. ) ;
#8757 = FACE_OUTER_BOUND ( 'NONE', #5144, .T. ) ;
#8758 = ORIENTED_EDGE ( 'NONE', *, *, #5829, .T. ) ;
#8759 = CARTESIAN_POINT ( 'NONE',  ( -21.54999999999999716, 9.400000000000003908, 5.500000000000000000 ) ) ;
#8760 = EDGE_LOOP ( 'NONE', ( #5834, #2400, #6443, #216 ) ) ;
#8761 = CARTESIAN_POINT ( 'NONE',  ( -17.59999999999999787, -3.999999999999999112, -5.599999999999996092 ) ) ;
#8762 = FACE_OUTER_BOUND ( 'NONE', #547, .T. ) ;
#8763 = CARTESIAN_POINT ( 'NONE',  ( 8.950000000000006395, 9.399999999999991473, -7.400000000000008349 ) ) ;
#8764 = PLANE ( 'NONE',  #2793 ) ;
#8765 = PLANE ( 'NONE',  #107 ) ;
#8766 = ORIENTED_EDGE ( 'NONE', *, *, #6964, .F. ) ;
#8767 = DIRECTION ( 'NONE',  ( 1.000000000000000000, -0.000000000000000000, 8.031127203596331834E-17 ) ) ;
#8768 = ORIENTED_EDGE ( 'NONE', *, *, #5245, .T. ) ;
#8769 = CARTESIAN_POINT ( 'NONE',  ( 0.000000000000000000, 0.5000000000000000000, 0.000000000000000000 ) ) ;
#8770 = ORIENTED_EDGE ( 'NONE', *, *, #2688, .F. ) ;
#8771 = CARTESIAN_POINT ( 'NONE',  ( 21.55000000000000426, 7.500000000000002665, 7.399999999999987921 ) ) ;
#8772 = CARTESIAN_POINT ( 'NONE',  ( 6.350000000000001421, 3.900000000000002576, -8.639603194080566470E-15 ) ) ;
#8773 = LINE ( 'NONE', #5114, #9146 ) ;
#8774 = CARTESIAN_POINT ( 'NONE',  ( 8.850000000000003197, 7.300000000000003375, 3.299999999999994049 ) ) ;
#8775 = EDGE_CURVE ( 'NONE', #8412, #3064, #11197, .T. ) ;
#8776 = DIRECTION ( 'NONE',  ( 0.000000000000000000, -1.000000000000000000, 0.000000000000000000 ) ) ;
#8777 = VERTEX_POINT ( 'NONE', #6759 ) ;
#8778 = ORIENTED_EDGE ( 'NONE', *, *, #5790, .F. ) ;
#8779 = EDGE_CURVE ( 'NONE', #4892, #4651, #4763, .T. ) ;
#8780 = CARTESIAN_POINT ( 'NONE',  ( 17.05000000000000071, 12.45031130731456059, -0.5000000000000146549 ) ) ;
#8781 = ORIENTED_EDGE ( 'NONE', *, *, #2779, .F. ) ;
#8782 = CARTESIAN_POINT ( 'NONE',  ( -19.54999999999999716, 13.40149519432356762, -2.809733521761629049 ) ) ;
#8783 = EDGE_CURVE ( 'NONE', #3353, #3096, #2092, .T. ) ;
#8784 = DIRECTION ( 'NONE',  ( 0.000000000000000000, 0.000000000000000000, -1.000000000000000000 ) ) ;
#8785 = CARTESIAN_POINT ( 'NONE',  ( -11.45000000000000462, 44.34419462753220387, 12.09999999999999787 ) ) ;
#8786 = DIRECTION ( 'NONE',  ( -1.000000000000000000, 0.000000000000000000, -8.031127203596330602E-17 ) ) ;
#8787 = CARTESIAN_POINT ( 'NONE',  ( 6.850000000000002309, 12.45031130731456059, 1.999999999999991340 ) ) ;
#8788 = EDGE_CURVE ( 'NONE', #2066, #8247, #8558, .T. ) ;
#8789 = CIRCLE ( 'NONE', #758, 0.2999999999999999334 ) ;
#8790 = DIRECTION ( 'NONE',  ( 0.000000000000000000, 0.000000000000000000, -1.000000000000000000 ) ) ;
#8791 = VERTEX_POINT ( 'NONE', #6644 ) ;
#8792 = VECTOR ( 'NONE', #1374, 1000.000000000000000 ) ;
#8793 = CARTESIAN_POINT ( 'NONE',  ( -19.04999999999999716, 12.30000000000000071, 0.000000000000000000 ) ) ;
#8794 = ORIENTED_EDGE ( 'NONE', *, *, #11645, .T. ) ;
#8795 = ADVANCED_FACE ( 'NONE', ( #7535 ), #10310, .T. ) ;
#8796 = LINE ( 'NONE', #4178, #10532 ) ;
#8797 = CARTESIAN_POINT ( 'NONE',  ( -47.67189334955345004, 8.099999999999999645, 7.400000000000004796 ) ) ;
#8798 = DIRECTION ( 'NONE',  ( 0.000000000000000000, 0.000000000000000000, -1.000000000000000000 ) ) ;
#8799 = AXIS2_PLACEMENT_3D ( 'NONE', #10228, #7283, #10165 ) ;
#8800 = CARTESIAN_POINT ( 'NONE',  ( -18.54999999999999716, 13.13009837299679816, 3.138264838880536534 ) ) ;
#8801 = VECTOR ( 'NONE', #1099, 1000.000000000000000 ) ;
#8802 = EDGE_LOOP ( 'NONE', ( #6395, #10457, #9910, #838 ) ) ;
#8803 = LINE ( 'NONE', #8083, #7799 ) ;
#8804 = ORIENTED_EDGE ( 'NONE', *, *, #6287, .F. ) ;
#8805 = EDGE_LOOP ( 'NONE', ( #1827, #7754, #5611, #11079 ) ) ;
#8806 = CIRCLE ( 'NONE', #10364, 3.500000000000001332 ) ;
#8807 = VERTEX_POINT ( 'NONE', #3984 ) ;
#8808 = CARTESIAN_POINT ( 'NONE',  ( -23.29999999999999361, 24.33502884254439991, 4.249999999999999112 ) ) ;
#8809 = ORIENTED_EDGE ( 'NONE', *, *, #4508, .T. ) ;
#8810 = LINE ( 'NONE', #7807, #10360 ) ;
#8811 = VERTEX_POINT ( 'NONE', #9579 ) ;
#8812 = CARTESIAN_POINT ( 'NONE',  ( 5.850000000000001421, 13.50000000000000178, -2.000000000000008882 ) ) ;
#8813 = CARTESIAN_POINT ( 'NONE',  ( -23.29999999999999361, 9.400000000000002132, 4.750000000000000888 ) ) ;
#8814 = DIRECTION ( 'NONE',  ( -1.000000000000000000, 0.000000000000000000, -8.031127203596330602E-17 ) ) ;
#8815 = CARTESIAN_POINT ( 'NONE',  ( -6.349999999999997868, 3.650000000000002132, 1.019953154856734144E-15 ) ) ;
#8816 = EDGE_CURVE ( 'NONE', #3629, #3005, #1246, .T. ) ;
#8817 = ORIENTED_EDGE ( 'NONE', *, *, #9688, .T. ) ;
#8818 = DIRECTION ( 'NONE',  ( 0.000000000000000000, 0.000000000000000000, -1.000000000000000000 ) ) ;
#8819 = VERTEX_POINT ( 'NONE', #9523 ) ;
#8820 = FACE_OUTER_BOUND ( 'NONE', #6838, .T. ) ;
#8821 = ORIENTED_EDGE ( 'NONE', *, *, #8109, .T. ) ;
#8822 = DIRECTION ( 'NONE',  ( 0.000000000000000000, 0.000000000000000000, 1.000000000000000000 ) ) ;
#8823 = DIRECTION ( 'NONE',  ( 0.000000000000000000, 1.000000000000000000, 3.043374519257556029E-16 ) ) ;
#8824 = EDGE_CURVE ( 'NONE', #1858, #2335, #4825, .T. ) ;
#8825 = DIRECTION ( 'NONE',  ( 0.000000000000000000, 0.000000000000000000, -1.000000000000000000 ) ) ;
#8826 = CARTESIAN_POINT ( 'NONE',  ( -6.349999999999997868, 10.90000000000000036, 2.000000000000000888 ) ) ;
#8827 = CARTESIAN_POINT ( 'NONE',  ( -7.999999999999996447, 2.499999999999998668, 7.400000000000002132 ) ) ;
#8828 = PLANE ( 'NONE',  #2569 ) ;
#8829 = VECTOR ( 'NONE', #11418, 1000.000000000000227 ) ;
#8830 = ORIENTED_EDGE ( 'NONE', *, *, #5543, .F. ) ;
#8831 = VECTOR ( 'NONE', #6681, 1000.000000000000000 ) ;
#8832 = VERTEX_POINT ( 'NONE', #1129 ) ;
#8833 = FACE_OUTER_BOUND ( 'NONE', #6574, .T. ) ;
#8834 = VECTOR ( 'NONE', #1657, 1000.000000000000000 ) ;
#8835 = ADVANCED_FACE ( 'NONE', ( #9404 ), #3156, .T. ) ;
#8836 = DIRECTION ( 'NONE',  ( 1.000000000000000000, 0.000000000000000000, 8.031127203596331834E-17 ) ) ;
#8837 = VECTOR ( 'NONE', #8117, 1000.000000000000000 ) ;
#8838 = VERTEX_POINT ( 'NONE', #10424 ) ;
#8839 = CARTESIAN_POINT ( 'NONE',  ( -19.55000000000000071, 13.50000000000001243, -2.528496776949677116 ) ) ;
#8840 = ADVANCED_FACE ( 'NONE', ( #6695 ), #10367, .F. ) ;
#8841 = CARTESIAN_POINT ( 'NONE',  ( 6.350000000000001421, 3.650000000000002132, -1.750000000000009104 ) ) ;
#8842 = MANIFOLD_SOLID_BREP ( 'LPattern3[5]', #10110 ) ;
#8843 = LINE ( 'NONE', #5010, #3741 ) ;
#8844 = DIRECTION ( 'NONE',  ( 0.000000000000000000, -1.000000000000000000, 0.000000000000000000 ) ) ;
#8845 = EDGE_CURVE ( 'NONE', #11175, #268, #5281, .T. ) ;
#8846 = CARTESIAN_POINT ( 'NONE',  ( 6.350000000000001421, -3.358379542590069988, -3.500000000000009326 ) ) ;
#8847 = EDGE_CURVE ( 'NONE', #10693, #9213, #1419, .T. ) ;
#8848 = CARTESIAN_POINT ( 'NONE',  ( -11.09999999999999787, 24.33502884254439991, -4.249999999999996447 ) ) ;
#8849 = ADVANCED_FACE ( 'NONE', ( #3217, #7889 ), #9815, .F. ) ;
#8850 = EDGE_LOOP ( 'NONE', ( #5061, #2097, #7882, #8261 ) ) ;
#8851 = EDGE_CURVE ( 'NONE', #2963, #10766, #8312, .T. ) ;
#8852 = FILL_AREA_STYLE ('',( #3225 ) ) ;
#8853 = DIRECTION ( 'NONE',  ( 0.000000000000000000, -1.000000000000000000, 0.000000000000000000 ) ) ;
#8854 = EDGE_LOOP ( 'NONE', ( #4025, #11027, #5104, #8533, #10316, #7627, #5599, #8830, #1980, #2589, #5681, #7130 ) ) ;
#8855 = DIRECTION ( 'NONE',  ( -0.000000000000000000, -1.000000000000000000, 6.484268945210251886E-17 ) ) ;
#8856 = AXIS2_PLACEMENT_3D ( 'NONE', #7506, #11237, #7632 ) ;
#8857 = CARTESIAN_POINT ( 'NONE',  ( -20.69999999999999929, -4.000000000000000000, -7.199999999999997513 ) ) ;
#8858 = DIRECTION ( 'NONE',  ( 1.000000000000000000, -0.000000000000000000, -1.779203565104417621E-16 ) ) ;
#8859 = EDGE_CURVE ( 'NONE', #6344, #2808, #2553, .T. ) ;
#8860 = EDGE_CURVE ( 'NONE', #33, #8791, #8843, .T. ) ;
#8861 = DIRECTION ( 'NONE',  ( 0.000000000000000000, 1.000000000000000000, -1.172110456741085828E-16 ) ) ;
#8862 = ORIENTED_EDGE ( 'NONE', *, *, #4600, .T. ) ;
#8863 = VECTOR ( 'NONE', #7888, 1000.000000000000000 ) ;
#8864 = ADVANCED_FACE ( 'NONE', ( #8734 ), #4341, .F. ) ;
#8865 = CYLINDRICAL_SURFACE ( 'NONE', #1485, 2.000000000000000000 ) ;
#8866 = ORIENTED_EDGE ( 'NONE', *, *, #8178, .F. ) ;
#8867 = ORIENTED_EDGE ( 'NONE', *, *, #1749, .T. ) ;
#8868 = DIRECTION ( 'NONE',  ( 2.282859610154041239E-32, -1.000000000000000000, 1.283079494065685941E-16 ) ) ;
#8869 = ORIENTED_EDGE ( 'NONE', *, *, #4584, .F. ) ;
#8870 = PLANE ( 'NONE',  #10166 ) ;
#8871 = VERTEX_POINT ( 'NONE', #8010 ) ;
#8872 = DIRECTION ( 'NONE',  ( -0.000000000000000000, -1.000000000000000000, -0.000000000000000000 ) ) ;
#8873 = DIRECTION ( 'NONE',  ( 0.000000000000000000, -1.000000000000000000, 0.000000000000000000 ) ) ;
#8874 = CARTESIAN_POINT ( 'NONE',  ( -3.849999999999995648, 5.900000000000002132, 1.999999999999999112 ) ) ;
#8875 = B_SPLINE_CURVE_WITH_KNOTS ( 'NONE', 3,
 ( #8222, #1637, #9852, #6426, #8165, #4489, #7266, #10087, #8885, #5458 ),
 .UNSPECIFIED., .F., .F.,
 ( 4, 2, 2, 2, 4 ),
 ( 0.001559271179728315224, 0.001980931126849242926, 0.002402591073970171062, 0.002824251021091098764, 0.003245910968212026466 ),
 .UNSPECIFIED. ) ;
#8876 = CARTESIAN_POINT ( 'NONE',  ( -6.349999999999997868, -3.358379542590069988, -3.499999999999999556 ) ) ;
#8877 = CARTESIAN_POINT ( 'NONE',  ( 16.55000000000000071, 2.499999999999998668, 5.599999999999990763 ) ) ;
#8878 = ORIENTED_EDGE ( 'NONE', *, *, #744, .F. ) ;
#8880 = CARTESIAN_POINT ( 'NONE',  ( -16.44999999999999218, 9.400000000000002132, -7.399999999999999467 ) ) ;
#8879 = AXIS2_PLACEMENT_3D ( 'NONE', #8486, #9514, #5906 ) ;
#8881 = ORIENTED_EDGE ( 'NONE', *, *, #517, .T. ) ;
#8882 = DIRECTION ( 'NONE',  ( 0.000000000000000000, 1.000000000000000000, 0.000000000000000000 ) ) ;
#8883 = ORIENTED_EDGE ( 'NONE', *, *, #4098, .F. ) ;
#8884 = CARTESIAN_POINT ( 'NONE',  ( -13.95000000000000462, 22.60000000000000142, 12.09999999999999964 ) ) ;
#8885 = CARTESIAN_POINT ( 'NONE',  ( -6.850000000000002309, 12.63935149243593337, -3.423341594711335478 ) ) ;
#8886 = VERTEX_POINT ( 'NONE', #11669 ) ;
#8887 = EDGE_CURVE ( 'NONE', #2798, #4914, #4221, .T. ) ;
#8888 = DIRECTION ( 'NONE',  ( -1.000000000000000000, 0.000000000000000000, -0.000000000000000000 ) ) ;
#8889 = CARTESIAN_POINT ( 'NONE',  ( -20.69999999999999929, 2.499999999999999556, -5.599999999999997868 ) ) ;
#8890 = PLANE ( 'NONE',  #1654 ) ;
#8891 = CARTESIAN_POINT ( 'NONE',  ( -21.55000000000000071, 7.600000000000002309, -3.299999999999998046 ) ) ;
#8892 = VERTEX_POINT ( 'NONE', #6873 ) ;
#8893 = AXIS2_PLACEMENT_3D ( 'NONE', #1716, #9204, #2727 ) ;
#8894 = ORIENTED_EDGE ( 'NONE', *, *, #2271, .T. ) ;
#8895 = LINE ( 'NONE', #4500, #1348 ) ;
#8896 = CARTESIAN_POINT ( 'NONE',  ( 17.39999999999999858, 0.5000000000000004441, 7.399999999999995914 ) ) ;
#8897 = VERTEX_POINT ( 'NONE', #6095 ) ;
#8898 = CARTESIAN_POINT ( 'NONE',  ( 0.000000000000000000, 22.60000000000000142, 0.000000000000000000 ) ) ;
#8899 = COLOUR_RGB ( '',0.7921568627450980005, 0.8196078431372548767, 0.9333333333333333481 ) ;
#8900 = FACE_OUTER_BOUND ( 'NONE', #8199, .T. ) ;
#8901 = CIRCLE ( 'NONE', #2020, 3.483215956619923670 ) ;
#8902 = DIRECTION ( 'NONE',  ( 0.000000000000000000, 1.000000000000000000, -2.449293598294701484E-16 ) ) ;
#8903 = AXIS2_PLACEMENT_3D ( 'NONE', #4919, #5950, #6789 ) ;
#8904 = DIRECTION ( 'NONE',  ( -1.000000000000000000, 0.000000000000000000, 1.606225440719265627E-16 ) ) ;
#8905 = EDGE_CURVE ( 'NONE', #6162, #4914, #11447, .T. ) ;
#8906 = LINE ( 'NONE', #11737, #4454 ) ;
#8907 = AXIS2_PLACEMENT_3D ( 'NONE', #1776, #1539, #760 ) ;
#8908 = CIRCLE ( 'NONE', #11219, 0.5000000000000000000 ) ;
#8909 = AXIS2_PLACEMENT_3D ( 'NONE', #5571, #1745, #8152 ) ;
#8910 = VECTOR ( 'NONE', #3772, 1000.000000000000000 ) ;
#8911 = DIRECTION ( 'NONE',  ( 1.927470528863119739E-15, 0.000000000000000000, -1.000000000000000000 ) ) ;
#8912 = AXIS2_PLACEMENT_3D ( 'NONE', #7176, #10845, #1957 ) ;
#8913 = ORIENTED_EDGE ( 'NONE', *, *, #3701, .T. ) ;
#8914 = CARTESIAN_POINT ( 'NONE',  ( -8.849999999999999645, 5.900000000000003020, -3.000000000000002220 ) ) ;
#8915 = VERTEX_POINT ( 'NONE', #3326 ) ;
#8916 = EDGE_CURVE ( 'NONE', #5837, #1100, #9569, .T. ) ;
#8917 = CARTESIAN_POINT ( 'NONE',  ( -6.850000000000002309, 13.50000000000000178, 2.244994432064363554 ) ) ;
#8918 = CARTESIAN_POINT ( 'NONE',  ( 1.249999999999994227, 0.5000000000000000000, 12.09999999999999432 ) ) ;
#8919 = AXIS2_PLACEMENT_3D ( 'NONE', #4015, #3246, #10573 ) ;
#8920 = FACE_OUTER_BOUND ( 'NONE', #1259, .T. ) ;
#8921 = VECTOR ( 'NONE', #2919, 1000.000000000000227 ) ;
#8922 = ADVANCED_FACE ( 'NONE', ( #6151 ), #11616, .F. ) ;
#8923 = VECTOR ( 'NONE', #10795, 1000.000000000000000 ) ;
#8924 = STYLED_ITEM ( 'NONE', ( #9411 ), #4915 ) ;
#8925 = EDGE_CURVE ( 'NONE', #596, #6793, #1538, .T. ) ;
#8926 = MANIFOLD_SOLID_BREP ( 'LPattern3[4]', #1947 ) ;
#8927 = EDGE_CURVE ( 'NONE', #7485, #3858, #6329, .T. ) ;
#8928 = VERTEX_POINT ( 'NONE', #10597 ) ;
#8929 = AXIS2_PLACEMENT_3D ( 'NONE', #9538, #3114, #6773 ) ;
#8930 = LINE ( 'NONE', #9946, #2438 ) ;
#8931 = ORIENTED_EDGE ( 'NONE', *, *, #7621, .T. ) ;
#8932 = EDGE_CURVE ( 'NONE', #3629, #9124, #10832, .T. ) ;
#8933 = EDGE_CURVE ( 'NONE', #6666, #11175, #10473, .T. ) ;
#8934 = VERTEX_POINT ( 'NONE', #11734 ) ;
#8935 = CARTESIAN_POINT ( 'NONE',  ( 8.950000000000013500, 9.399999999999995026, 7.399999999999991473 ) ) ;
#8936 = VERTEX_POINT ( 'NONE', #2616 ) ;
#8937 = DIRECTION ( 'NONE',  ( 0.000000000000000000, -1.000000000000000000, 0.000000000000000000 ) ) ;
#8938 = ORIENTED_EDGE ( 'NONE', *, *, #6515, .F. ) ;
#8939 = DIRECTION ( 'NONE',  ( -3.491481338843133355E-15, 0.000000000000000000, 1.000000000000000000 ) ) ;
#8940 = DIRECTION ( 'NONE',  ( -3.491481338843133355E-15, 0.000000000000000000, 1.000000000000000000 ) ) ;
#8941 = LINE ( 'NONE', #6242, #2041 ) ;
#8942 = CARTESIAN_POINT ( 'NONE',  ( 24.14999999999999858, 8.099999999999999645, 7.399999999999987033 ) ) ;
#8943 = SURFACE_STYLE_FILL_AREA ( #11644 ) ;
#8944 = VECTOR ( 'NONE', #549, 1000.000000000000000 ) ;
#8945 = ORIENTED_EDGE ( 'NONE', *, *, #7468, .T. ) ;
#8946 = LINE ( 'NONE', #7206, #6155 ) ;
#8947 = ORIENTED_EDGE ( 'NONE', *, *, #7253, .T. ) ;
#8948 = DIRECTION ( 'NONE',  ( 0.000000000000000000, 2.449293598294701484E-16, 1.000000000000000000 ) ) ;
#8949 = ORIENTED_EDGE ( 'NONE', *, *, #9519, .F. ) ;
#8950 = DIRECTION ( 'NONE',  ( 0.000000000000000000, -1.000000000000000000, 0.000000000000000000 ) ) ;
#8951 = LINE ( 'NONE', #6367, #2675 ) ;
#8952 = VERTEX_POINT ( 'NONE', #6274 ) ;
#8953 = LINE ( 'NONE', #4379, #6762 ) ;
#8954 = CARTESIAN_POINT ( 'NONE',  ( 18.55000000000000071, 13.50000000000000178, -2.000000000000007994 ) ) ;
#8955 = LINE ( 'NONE', #4381, #10056 ) ;
#8956 = ADVANCED_FACE ( 'NONE', ( #2787 ), #991, .F. ) ;
#8957 = CARTESIAN_POINT ( 'NONE',  ( 16.55000000000000071, 7.600000000000002309, 3.299999999999990052 ) ) ;
#8958 = VERTEX_POINT ( 'NONE', #9024 ) ;
#8959 = EDGE_LOOP ( 'NONE', ( #7884, #7128, #3406, #5968 ) ) ;
#8960 = DIRECTION ( 'NONE',  ( 0.000000000000000000, 0.000000000000000000, -1.000000000000000000 ) ) ;
#8961 = LINE ( 'NONE', #808, #6558 ) ;
#8962 = EDGE_LOOP ( 'NONE', ( #4361, #8478, #2654, #79 ) ) ;
#8963 = CARTESIAN_POINT ( 'NONE',  ( -6.349999999999997868, 11.40000000000000213, 1.019953154856734144E-15 ) ) ;
#8964 = FACE_OUTER_BOUND ( 'NONE', #145, .T. ) ;
#8965 = FACE_OUTER_BOUND ( 'NONE', #555, .T. ) ;
#8966 = CARTESIAN_POINT ( 'NONE',  ( -8.349999999999999645, 13.50000000000000178, -0.5000000000000059952 ) ) ;
#8967 = CARTESIAN_POINT ( 'NONE',  ( -6.349999999999997868, 10.90000000000000036, 3.000000000000000888 ) ) ;
#8968 = PLANE ( 'NONE',  #10234 ) ;
#8969 = DIRECTION ( 'NONE',  ( 0.000000000000000000, 1.000000000000000000, 0.000000000000000000 ) ) ;
#8970 = ORIENTED_EDGE ( 'NONE', *, *, #3916, .F. ) ;
#8971 = DIRECTION ( 'NONE',  ( -8.031127203596330602E-17, -4.818676322157799347E-16, 1.000000000000000000 ) ) ;
#8972 = CARTESIAN_POINT ( 'NONE',  ( -47.67189334955345004, 8.099999999999999645, 7.400000000000004796 ) ) ;
#8973 = ORIENTED_EDGE ( 'NONE', *, *, #1569, .F. ) ;
#8974 = ADVANCED_FACE ( 'NONE', ( #7229 ), #10112, .F. ) ;
#8975 = LINE ( 'NONE', #3573, #2431 ) ;
#8976 = DIRECTION ( 'NONE',  ( 0.000000000000000000, 0.000000000000000000, 1.000000000000000000 ) ) ;
#8977 = VECTOR ( 'NONE', #3911, 1000.000000000000000 ) ;
#8978 = ORIENTED_EDGE ( 'NONE', *, *, #1383, .T. ) ;
#8979 = LINE ( 'NONE', #1499, #5109 ) ;
#8980 = ORIENTED_EDGE ( 'NONE', *, *, #7033, .F. ) ;
#8981 = ORIENTED_EDGE ( 'NONE', *, *, #3071, .F. ) ;
#8982 =( NAMED_UNIT ( * ) PLANE_ANGLE_UNIT ( ) SI_UNIT ( $, .RADIAN. ) );
#8983 = ORIENTED_EDGE ( 'NONE', *, *, #5026, .T. ) ;
#8984 = VECTOR ( 'NONE', #1967, 1000.000000000000000 ) ;
#8985 = DIRECTION ( 'NONE',  ( -1.000000000000000000, 0.000000000000000000, -8.031127203596330602E-17 ) ) ;
#8986 = ORIENTED_EDGE ( 'NONE', *, *, #3870, .T. ) ;
#8987 = ADVANCED_FACE ( 'NONE', ( #11789, #4510 ), #11077, .F. ) ;
#8988 = AXIS2_PLACEMENT_3D ( 'NONE', #2423, #1517, #5167 ) ;
#8989 = EDGE_CURVE ( 'NONE', #11522, #2276, #4452, .T. ) ;
#8990 = SURFACE_SIDE_STYLE ('',( #7977 ) ) ;
#8991 = LINE ( 'NONE', #5274, #10286 ) ;
#8992 = CYLINDRICAL_SURFACE ( 'NONE', #5676, 2.999999999999999112 ) ;
#8993 = DIRECTION ( 'NONE',  ( 0.000000000000000000, 0.000000000000000000, -1.000000000000000000 ) ) ;
#8994 = VECTOR ( 'NONE', #8855, 1000.000000000000000 ) ;
#8995 = EDGE_CURVE ( 'NONE', #4446, #4067, #6509, .T. ) ;
#8996 = EDGE_LOOP ( 'NONE', ( #3123, #863, #7737, #3448 ) ) ;
#8997 = AXIS2_PLACEMENT_3D ( 'NONE', #4348, #4233, #9997 ) ;
#8998 = EDGE_CURVE ( 'NONE', #6653, #7815, #4396, .T. ) ;
#8999 = CARTESIAN_POINT ( 'NONE',  ( -3.849999999999999201, 2.500000000000000000, -5.600000000000002309 ) ) ;
#9000 = ORIENTED_EDGE ( 'NONE', *, *, #5088, .T. ) ;
#9001 = CARTESIAN_POINT ( 'NONE',  ( -4.699999999999995737, 9.400000000000002132, 1.999999999999998668 ) ) ;
#9002 = ORIENTED_EDGE ( 'NONE', *, *, #52, .F. ) ;
#9003 = DIRECTION ( 'NONE',  ( 1.000000000000000000, 0.000000000000000000, 8.031127203596330602E-17 ) ) ;
#9004 = DIRECTION ( 'NONE',  ( 0.000000000000000000, -0.000000000000000000, 1.000000000000000000 ) ) ;
#9005 = ORIENTED_EDGE ( 'NONE', *, *, #7972, .T. ) ;
#9006 = EDGE_CURVE ( 'NONE', #2572, #8476, #927, .T. ) ;
#9007 = EDGE_CURVE ( 'NONE', #9980, #2503, #3672, .T. ) ;
#9008 = CARTESIAN_POINT ( 'NONE',  ( -19.04999999999999716, -3.358379542590069988, 3.500000000000000444 ) ) ;
#9009 = DIRECTION ( 'NONE',  ( 0.000000000000000000, -1.000000000000000000, 3.097720492815726673E-16 ) ) ;
#9010 = LINE ( 'NONE', #8108, #6632 ) ;
#9011 = VECTOR ( 'NONE', #1492, 1000.000000000000000 ) ;
#9012 = CARTESIAN_POINT ( 'NONE',  ( -18.54999999999999361, 12.50000000000000000, -3.447142787940708608 ) ) ;
#9013 = ORIENTED_EDGE ( 'NONE', *, *, #2914, .T. ) ;
#9014 = ORIENTED_EDGE ( 'NONE', *, *, #6076, .T. ) ;
#9015 = DIRECTION ( 'NONE',  ( -0.000000000000000000, -1.000000000000000000, -0.000000000000000000 ) ) ;
#9016 = EDGE_CURVE ( 'NONE', #6857, #8285, #2414, .T. ) ;
#9017 = PRODUCT_DEFINITION_SHAPE ( 'NONE', 'NONE',  #9140 ) ;
#9018 = CARTESIAN_POINT ( 'NONE',  ( 19.05000000000000071, 12.50000000000000000, -3.483215956619931220 ) ) ;
#9019 = EDGE_LOOP ( 'NONE', ( #4187, #10772, #4234, #10221 ) ) ;
#9020 = CARTESIAN_POINT ( 'NONE',  ( 6.350000000000001421, 11.40000000000000213, 2.999999999999991562 ) ) ;
#9021 = CARTESIAN_POINT ( 'NONE',  ( -2.100000000000000977, 24.33502884254439991, 4.250000000000000000 ) ) ;
#9022 = DIRECTION ( 'NONE',  ( 1.000000000000000000, -0.000000000000000000, 8.031127203596330602E-17 ) ) ;
#9023 = MANIFOLD_SOLID_BREP ( 'LPattern3[7]', #3453 ) ;
#9024 = CARTESIAN_POINT ( 'NONE',  ( 16.55000000000000071, 7.300000000000002487, 2.999999999999990674 ) ) ;
#9025 = CARTESIAN_POINT ( 'NONE',  ( -14.79999999999999716, 24.33502884254439991, -4.250000000000000000 ) ) ;
#9026 = CIRCLE ( 'NONE', #5003, 2.299999999999999822 ) ;
#9027 = DIRECTION ( 'NONE',  ( -0.000000000000000000, -1.172110456741085828E-16, -1.000000000000000000 ) ) ;
#9028 = ORIENTED_EDGE ( 'NONE', *, *, #6703, .F. ) ;
#9029 = LINE ( 'NONE', #3330, #9208 ) ;
#9030 = VECTOR ( 'NONE', #4728, 1000.000000000000000 ) ;
#9031 = ORIENTED_EDGE ( 'NONE', *, *, #10697, .F. ) ;
#9032 = CARTESIAN_POINT ( 'NONE',  ( 19.05000000000000071, 11.40000000000000213, -7.619650039223833312E-15 ) ) ;
#9033 = ORIENTED_EDGE ( 'NONE', *, *, #11794, .T. ) ;
#9034 = EDGE_CURVE ( 'NONE', #9045, #4145, #11777, .T. ) ;
#9035 = AXIS2_PLACEMENT_3D ( 'NONE', #7245, #10003, #1792 ) ;
#9036 = DIRECTION ( 'NONE',  ( 4.066575051493318340E-32, 1.000000000000000000, -1.172110456741085828E-16 ) ) ;
#9037 = LINE ( 'NONE', #6341, #331 ) ;
#9038 = DIRECTION ( 'NONE',  ( 1.000000000000000000, -0.000000000000000000, 8.031127203596330602E-17 ) ) ;
#9039 = VERTEX_POINT ( 'NONE', #1453 ) ;
#9040 = EDGE_CURVE ( 'NONE', #11651, #5704, #1053, .T. ) ;
#9041 = DIRECTION ( 'NONE',  ( 1.000000000000000000, -1.967058844685892396E-32, 8.031127203596331834E-17 ) ) ;
#9042 = VERTEX_POINT ( 'NONE', #560 ) ;
#9043 = ORIENTED_EDGE ( 'NONE', *, *, #5736, .T. ) ;
#9044 = FACE_OUTER_BOUND ( 'NONE', #5337, .T. ) ;
#9045 = VERTEX_POINT ( 'NONE', #6910 ) ;
#9046 = FACE_OUTER_BOUND ( 'NONE', #3949, .T. ) ;
#9047 = CARTESIAN_POINT ( 'NONE',  ( 5.850000000000001421, 12.50000000000000000, 1.999999999999991784 ) ) ;
#9048 = VERTEX_POINT ( 'NONE', #4017 ) ;
#9049 = PLANE ( 'NONE',  #10731 ) ;
#9050 = DIRECTION ( 'NONE',  ( 0.000000000000000000, 0.000000000000000000, 1.000000000000000000 ) ) ;
#9051 = PLANE ( 'NONE',  #8157 ) ;
#9052 = PRESENTATION_STYLE_ASSIGNMENT (( #6068 ) ) ;
#9053 = AXIS2_PLACEMENT_3D ( 'NONE', #30, #3659, #3388 ) ;
#9054 = EDGE_CURVE ( 'NONE', #8537, #5943, #6851, .T. ) ;
#9055 = ORIENTED_EDGE ( 'NONE', *, *, #6946, .F. ) ;
#9056 = LINE ( 'NONE', #8999, #6545 ) ;
#9057 = ORIENTED_EDGE ( 'NONE', *, *, #9543, .T. ) ;
#9058 = DIRECTION ( 'NONE',  ( 0.000000000000000000, 1.172110456741085828E-16, 1.000000000000000000 ) ) ;
#9059 = ORIENTED_EDGE ( 'NONE', *, *, #7537, .F. ) ;
#9060 = VECTOR ( 'NONE', #176, 1000.000000000000000 ) ;
#9061 = DIRECTION ( 'NONE',  ( 0.000000000000000000, -1.000000000000000000, -1.040834085586083468E-15 ) ) ;
#9062 = DIRECTION ( 'NONE',  ( -1.000000000000000000, 0.000000000000000000, -8.031127203596330602E-17 ) ) ;
#9063 = VERTEX_POINT ( 'NONE', #5042 ) ;
#9064 = CARTESIAN_POINT ( 'NONE',  ( 18.55000000000000071, 12.50000000000000000, -2.000000000000007994 ) ) ;
#9065 = FACE_BOUND ( 'NONE', #10196, .T. ) ;
#9066 = CARTESIAN_POINT ( 'NONE',  ( -8.849999999999999645, 7.600000000000003197, -3.300000000000001599 ) ) ;
#9067 = EDGE_CURVE ( 'NONE', #379, #6566, #8650, .T. ) ;
#9068 = FACE_OUTER_BOUND ( 'NONE', #937, .T. ) ;
#9069 = VERTEX_POINT ( 'NONE', #10517 ) ;
#9070 = EDGE_CURVE ( 'NONE', #622, #3674, #7748, .T. ) ;
#9071 = AXIS2_PLACEMENT_3D ( 'NONE', #6020, #2371, #7038 ) ;
#9072 = EDGE_CURVE ( 'NONE', #10519, #5210, #7943, .T. ) ;
#9073 = ADVANCED_FACE ( 'NONE', ( #8370 ), #8765, .F. ) ;
#9074 = VERTEX_POINT ( 'NONE', #4075 ) ;
#9075 = DIRECTION ( 'NONE',  ( 4.066575051493318340E-32, 1.000000000000000000, 0.000000000000000000 ) ) ;
#9076 = LINE ( 'NONE', #922, #7510 ) ;
#9077 = VERTEX_POINT ( 'NONE', #11131 ) ;
#9078 = FACE_OUTER_BOUND ( 'NONE', #11507, .T. ) ;
#9079 = EDGE_CURVE ( 'NONE', #565, #4010, #5892, .T. ) ;
#9080 = ADVANCED_FACE ( 'NONE', ( #6572 ), #11412, .F. ) ;
#9081 = CARTESIAN_POINT ( 'NONE',  ( -52.04999999999999716, 3.499999999999998668, -5.600000000000006750 ) ) ;
#9082 = DIRECTION ( 'NONE',  ( 1.000000000000000000, 0.000000000000000000, 0.000000000000000000 ) ) ;
#9083 = DIRECTION ( 'NONE',  ( -1.000000000000000000, -6.699696681973820339E-33, 1.257045997084642858E-16 ) ) ;
#9084 =( NAMED_UNIT ( * ) SI_UNIT ( $, .STERADIAN. ) SOLID_ANGLE_UNIT ( ) );
#9085 = EDGE_CURVE ( 'NONE', #3514, #10996, #676, .T. ) ;
#9086 = DIRECTION ( 'NONE',  ( -1.000000000000000000, 0.000000000000000000, 0.000000000000000000 ) ) ;
#9087 = EDGE_LOOP ( 'NONE', ( #2839, #2826, #10865, #11630 ) ) ;
#9088 = VECTOR ( 'NONE', #9165, 1000.000000000000000 ) ;
#9089 = DIRECTION ( 'NONE',  ( 1.000000000000000000, 0.000000000000000000, 1.927470528863119739E-15 ) ) ;
#9090 = VECTOR ( 'NONE', #5103, 1000.000000000000114 ) ;
#9091 = ORIENTED_EDGE ( 'NONE', *, *, #230, .T. ) ;
#9092 = DIRECTION ( 'NONE',  ( 0.000000000000000000, 1.000000000000000000, 0.000000000000000000 ) ) ;
#9093 = ORIENTED_EDGE ( 'NONE', *, *, #2552, .T. ) ;
#9094 = CARTESIAN_POINT ( 'NONE',  ( -19.04999999999999716, 3.900000000000002576, 2.000000000000000000 ) ) ;
#9095 = CARTESIAN_POINT ( 'NONE',  ( -21.04999999999999716, 13.50000000000000178, 0.4999999999999930611 ) ) ;
#9096 = ADVANCED_FACE ( 'NONE', ( #9555 ), #503, .T. ) ;
#9097 = PRESENTATION_LAYER_ASSIGNMENT (  '', '', ( #6628 ) ) ;
#9098 = DIRECTION ( 'NONE',  ( -1.000000000000000000, -1.967058844685892396E-32, -8.031127203596331834E-17 ) ) ;
#9099 = VECTOR ( 'NONE', #8369, 1000.000000000000114 ) ;
#9100 = MANIFOLD_SOLID_BREP ( 'LPattern3[2]', #1307 ) ;
#9101 = VECTOR ( 'NONE', #10259, 1000.000000000000000 ) ;
#9102 = VERTEX_POINT ( 'NONE', #7023 ) ;
#9103 = CIRCLE ( 'NONE', #877, 3.000000000000000000 ) ;
#9104 = PRESENTATION_LAYER_ASSIGNMENT (  '', '', ( #8538 ) ) ;
#9105 = CARTESIAN_POINT ( 'NONE',  ( -20.69999999999999929, 5.900000000000002132, -1.999999999999997780 ) ) ;
#9106 = EDGE_LOOP ( 'NONE', ( #423, #3903, #3267, #1242 ) ) ;
#9107 = ORIENTED_EDGE ( 'NONE', *, *, #3490, .F. ) ;
#9108 = AXIS2_PLACEMENT_3D ( 'NONE', #2428, #7151, #1641 ) ;
#9109 = EDGE_LOOP ( 'NONE', ( #2747, #11212, #9286, #931 ) ) ;
#9110 = DIRECTION ( 'NONE',  ( 0.000000000000000000, 0.000000000000000000, -1.000000000000000000 ) ) ;
#9111 = CARTESIAN_POINT ( 'NONE',  ( -5.849999999999997868, 0.000000000000000000, -0.4999999999999972800 ) ) ;
#9112 = ORIENTED_EDGE ( 'NONE', *, *, #4405, .T. ) ;
#9113 = PRESENTATION_STYLE_ASSIGNMENT (( #6355 ) ) ;
#9114 = DIRECTION ( 'NONE',  ( -8.031127203596330602E-17, -4.818676322157799347E-16, 1.000000000000000000 ) ) ;
#9115 = VECTOR ( 'NONE', #10296, 1000.000000000000000 ) ;
#9116 = DIRECTION ( 'NONE',  ( 0.000000000000000000, 0.000000000000000000, 1.000000000000000000 ) ) ;
#9117 =( GEOMETRIC_REPRESENTATION_CONTEXT ( 3 ) GLOBAL_UNCERTAINTY_ASSIGNED_CONTEXT ( ( #4992 ) ) GLOBAL_UNIT_ASSIGNED_CONTEXT ( ( #10317, #4951, #4050 ) ) REPRESENTATION_CONTEXT ( 'NONE', 'WORKASPACE' ) );
#9118 = PLANE ( 'NONE',  #11204 ) ;
#9119 = AXIS2_PLACEMENT_3D ( 'NONE', #8511, #5758, #3944 ) ;
#9120 = VERTEX_POINT ( 'NONE', #3527 ) ;
#9121 = DIRECTION ( 'NONE',  ( 0.9396926207859076507, -0.3420201433256707113, 2.402763463325669635E-16 ) ) ;
#9122 = VERTEX_POINT ( 'NONE', #6122 ) ;
#9123 = DIRECTION ( 'NONE',  ( -0.000000000000000000, 1.000000000000000000, -0.000000000000000000 ) ) ;
#9124 = VERTEX_POINT ( 'NONE', #7983 ) ;
#9125 = CARTESIAN_POINT ( 'NONE',  ( -6.849999999999998757, 13.50000000000000178, 0.4999999999999992784 ) ) ;
#9126 = CARTESIAN_POINT ( 'NONE',  ( -21.55000000000000071, 9.400000000000002132, -1.999999999999998224 ) ) ;
#9127 = ORIENTED_EDGE ( 'NONE', *, *, #9882, .T. ) ;
#9128 = PLANE ( 'NONE',  #2613 ) ;
#9129 = CARTESIAN_POINT ( 'NONE',  ( 6.850000000000004974, 12.50000000000000000, -3.447142787940717490 ) ) ;
#9130 = CARTESIAN_POINT ( 'NONE',  ( -13.95000000000000462, 19.60000000000000142, 12.09999999999999964 ) ) ;
#9131 = DIRECTION ( 'NONE',  ( 0.000000000000000000, 0.000000000000000000, -1.000000000000000000 ) ) ;
#9132 = DIRECTION ( 'NONE',  ( 0.000000000000000000, 0.000000000000000000, 1.000000000000000000 ) ) ;
#9133 = ORIENTED_EDGE ( 'NONE', *, *, #9715, .F. ) ;
#9134 = VERTEX_POINT ( 'NONE', #8035 ) ;
#9135 = DIRECTION ( 'NONE',  ( 2.040851148208008491E-16, 1.172110456741085828E-16, 1.000000000000000000 ) ) ;
#9136 = ORIENTED_EDGE ( 'NONE', *, *, #2573, .F. ) ;
#9137 = DIRECTION ( 'NONE',  ( 0.000000000000000000, 0.000000000000000000, 1.000000000000000000 ) ) ;
#9138 = ORIENTED_EDGE ( 'NONE', *, *, #8096, .F. ) ;
#9139 = CARTESIAN_POINT ( 'NONE',  ( 17.57905459164929241, -3.942452963515175490, 5.779054591649280148 ) ) ;
#9140 = PRODUCT_DEFINITION ( 'UNKNOWN', '', #2782, #1448 ) ;
#9141 = DIRECTION ( 'NONE',  ( 2.282859610154041239E-32, -1.000000000000000000, 1.283079494065685941E-16 ) ) ;
#9142 = DIRECTION ( 'NONE',  ( 0.000000000000000000, 0.000000000000000000, 1.000000000000000000 ) ) ;
#9143 = VECTOR ( 'NONE', #7608, 1000.000000000000000 ) ;
#9144 = EDGE_CURVE ( 'NONE', #11016, #2595, #619, .T. ) ;
#9145 = MANIFOLD_SOLID_BREP ( 'CirPattern3[3]', #5573 ) ;
#9146 = VECTOR ( 'NONE', #10469, 1000.000000000000000 ) ;
#9147 = CARTESIAN_POINT ( 'NONE',  ( -13.95000000000000462, 22.60000000000000142, -7.400000000000001243 ) ) ;
#9148 = VERTEX_POINT ( 'NONE', #7201 ) ;
#9149 = ADVANCED_FACE ( 'NONE', ( #8155 ), #7137, .F. ) ;
#9150 = EDGE_CURVE ( 'NONE', #10782, #511, #6965, .T. ) ;
#9151 = CARTESIAN_POINT ( 'NONE',  ( 8.850000000000003197, 7.400000000000004796, 5.599999999999996092 ) ) ;
#9152 = ORIENTED_EDGE ( 'NONE', *, *, #9378, .F. ) ;
#9153 = ORIENTED_EDGE ( 'NONE', *, *, #7665, .T. ) ;
#9154 = EDGE_CURVE ( 'NONE', #268, #4321, #3722, .T. ) ;
#9155 = LINE ( 'NONE', #4463, #10837 ) ;
#9156 = CARTESIAN_POINT ( 'NONE',  ( -20.69999999999999929, 7.500000000000002665, -7.399999999999995914 ) ) ;
#9157 = LINE ( 'NONE', #3576, #10022 ) ;
#9158 = ORIENTED_EDGE ( 'NONE', *, *, #10857, .F. ) ;
#9159 = DIRECTION ( 'NONE',  ( 0.000000000000000000, -0.000000000000000000, 1.000000000000000000 ) ) ;
#9160 = ORIENTED_EDGE ( 'NONE', *, *, #8626, .T. ) ;
#9161 = EDGE_CURVE ( 'NONE', #9402, #10372, #1567, .T. ) ;
#9162 = VERTEX_POINT ( 'NONE', #10691 ) ;
#9163 = ORIENTED_EDGE ( 'NONE', *, *, #932, .T. ) ;
#9164 = LINE ( 'NONE', #3636, #3079 ) ;
#9165 = DIRECTION ( 'NONE',  ( -0.000000000000000000, -0.000000000000000000, 1.000000000000000000 ) ) ;
#9166 = ORIENTED_EDGE ( 'NONE', *, *, #8916, .T. ) ;
#9167 = DIRECTION ( 'NONE',  ( 0.000000000000000000, 0.000000000000000000, -1.000000000000000000 ) ) ;
#9168 = CARTESIAN_POINT ( 'NONE',  ( -3.749999999999992895, 9.399999999999996803, -7.400000000000003908 ) ) ;
#9169 = CARTESIAN_POINT ( 'NONE',  ( 24.15000000000001279, 0.5000000000000004441, 10.09999999999999964 ) ) ;
#9170 = DIRECTION ( 'NONE',  ( -1.000000000000000000, 0.000000000000000000, 1.257045997084642858E-16 ) ) ;
#9171 = VERTEX_POINT ( 'NONE', #2465 ) ;
#9172 = B_SPLINE_CURVE_WITH_KNOTS ( 'NONE', 3,
 ( #2462, #1394, #4014, #4137, #3245, #6785 ),
 .UNSPECIFIED., .F., .F.,
 ( 4, 2, 4 ),
 ( 0.006592611942914234496, 0.007438203231751716778, 0.008283794520589199059 ),
 .UNSPECIFIED. ) ;
#9173 = DIRECTION ( 'NONE',  ( -1.000000000000000000, 0.000000000000000000, -8.031127203596331834E-17 ) ) ;
#9174 = VECTOR ( 'NONE', #2147, 1000.000000000000000 ) ;
#9175 = ORIENTED_EDGE ( 'NONE', *, *, #9297, .T. ) ;
#9176 = VECTOR ( 'NONE', #3601, 1000.000000000000000 ) ;
#9177 = DIRECTION ( 'NONE',  ( -0.000000000000000000, -1.000000000000000000, -0.000000000000000000 ) ) ;
#9178 = VERTEX_POINT ( 'NONE', #5215 ) ;
#9179 = PLANE ( 'NONE',  #11024 ) ;
#9180 = ORIENTED_EDGE ( 'NONE', *, *, #10769, .T. ) ;
#9181 = DIRECTION ( 'NONE',  ( -0.000000000000000000, -1.000000000000000000, -0.000000000000000000 ) ) ;
#9182 = VERTEX_POINT ( 'NONE', #8877 ) ;
#9183 = AXIS2_PLACEMENT_3D ( 'NONE', #1826, #9135, #4553 ) ;
#9184 = CARTESIAN_POINT ( 'NONE',  ( 16.54999999999999716, 7.300000000000003375, -3.000000000000011102 ) ) ;
#9185 = DIRECTION ( 'NONE',  ( 0.000000000000000000, 0.000000000000000000, 1.000000000000000000 ) ) ;
#9186 = CARTESIAN_POINT ( 'NONE',  ( 11.44999999999999574, 0.5000000000000000000, 12.09999999999999076 ) ) ;
#9187 = FACE_OUTER_BOUND ( 'NONE', #9019, .T. ) ;
#9188 = ADVANCED_FACE ( 'NONE', ( #1087 ), #1928, .F. ) ;
#9189 = VECTOR ( 'NONE', #9263, 1000.000000000000000 ) ;
#9190 = PLANE ( 'NONE',  #7525 ) ;
#9191 = VECTOR ( 'NONE', #554, 1000.000000000000000 ) ;
#9192 = AXIS2_PLACEMENT_3D ( 'NONE', #7070, #8939, #10799 ) ;
#9193 = ORIENTED_EDGE ( 'NONE', *, *, #2849, .F. ) ;
#9194 = ORIENTED_EDGE ( 'NONE', *, *, #10621, .T. ) ;
#9195 = LINE ( 'NONE', #2776, #7470 ) ;
#9196 = ORIENTED_EDGE ( 'NONE', *, *, #670, .F. ) ;
#9197 = FACE_OUTER_BOUND ( 'NONE', #8373, .T. ) ;
#9198 = EDGE_CURVE ( 'NONE', #9828, #3738, #8390, .T. ) ;
#9199 = ORIENTED_EDGE ( 'NONE', *, *, #832, .F. ) ;
#9200 = CARTESIAN_POINT ( 'NONE',  ( -24.15000000000000568, 0.5000000000000000000, -8.600000000000003197 ) ) ;
#9201 = CARTESIAN_POINT ( 'NONE',  ( 20.70000000000000284, 5.900000000000002132, 1.999999999999990008 ) ) ;
#9202 = CARTESIAN_POINT ( 'NONE',  ( 11.44999999999999574, 22.60000000000000142, -7.400000000000004796 ) ) ;
#9203 = FACE_OUTER_BOUND ( 'NONE', #3162, .T. ) ;
#9204 = DIRECTION ( 'NONE',  ( 0.000000000000000000, 1.000000000000000000, 0.000000000000000000 ) ) ;
#9205 = DIRECTION ( 'NONE',  ( -4.066575051493318340E-32, -1.000000000000000000, 0.000000000000000000 ) ) ;
#9206 = ORIENTED_EDGE ( 'NONE', *, *, #7531, .F. ) ;
#9207 = EDGE_CURVE ( 'NONE', #10315, #4768, #1020, .T. ) ;
#9208 = VECTOR ( 'NONE', #11619, 1000.000000000000000 ) ;
#9209 = EDGE_CURVE ( 'NONE', #4229, #2690, #11041, .T. ) ;
#9210 = CARTESIAN_POINT ( 'NONE',  ( 1.249999999999997558, 9.399999999999995026, 7.399999999999992362 ) ) ;
#9211 = CLOSED_SHELL ( 'NONE', ( #11562, #5328, #5652, #9654, #225, #1841, #2128, #9671, #8835, #7947, #4350, #3414 ) ) ;
#9212 = ORIENTED_EDGE ( 'NONE', *, *, #8571, .T. ) ;
#9213 = VERTEX_POINT ( 'NONE', #960 ) ;
#9214 = LINE ( 'NONE', #3572, #8732 ) ;
#9215 = CARTESIAN_POINT ( 'NONE',  ( 16.55000000000000071, 9.400000000000002132, 5.499999999999988454 ) ) ;
#9216 = CARTESIAN_POINT ( 'NONE',  ( 2.100000000000004530, 24.33502884254439991, 4.249999999999991118 ) ) ;
#9217 = EDGE_CURVE ( 'NONE', #2961, #8610, #6601, .T. ) ;
#9218 = VECTOR ( 'NONE', #4370, 1000.000000000000000 ) ;
#9219 = VERTEX_POINT ( 'NONE', #9238 ) ;
#9220 = ADVANCED_FACE ( 'NONE', ( #189 ), #7768, .T. ) ;
#9221 = AXIS2_PLACEMENT_3D ( 'NONE', #1208, #5763, #4848 ) ;
#9222 = EDGE_CURVE ( 'NONE', #9331, #6409, #16, .T. ) ;
#9223 = DIRECTION ( 'NONE',  ( 1.000000000000000000, -1.967058844685892123E-32, 8.031127203596330602E-17 ) ) ;
#9224 = VECTOR ( 'NONE', #5602, 1000.000000000000000 ) ;
#9225 = VERTEX_POINT ( 'NONE', #4659 ) ;
#9226 = ORIENTED_EDGE ( 'NONE', *, *, #2989, .F. ) ;
#9227 = AXIS2_PLACEMENT_3D ( 'NONE', #1913, #1239, #1 ) ;
#9228 = DIRECTION ( 'NONE',  ( 1.000000000000000000, -0.000000000000000000, 8.031127203596330602E-17 ) ) ;
#9229 = DIRECTION ( 'NONE',  ( 0.000000000000000000, 1.000000000000000000, -5.940809209628540522E-17 ) ) ;
#9230 = CARTESIAN_POINT ( 'NONE',  ( -17.39999999999999858, 22.60000000000000142, -5.599999999999996092 ) ) ;
#9231 = CARTESIAN_POINT ( 'NONE',  ( -20.69999999999999929, 7.400000000000003020, -5.599999999999999645 ) ) ;
#9232 = ORIENTED_EDGE ( 'NONE', *, *, #4907, .T. ) ;
#9233 = ADVANCED_FACE ( 'NONE', ( #2937 ), #9298, .F. ) ;
#9234 = ADVANCED_FACE ( 'NONE', ( #2752 ), #6479, .F. ) ;
#9235 = DIRECTION ( 'NONE',  ( 0.000000000000000000, 1.000000000000000000, 0.000000000000000000 ) ) ;
#9236 = DIRECTION ( 'NONE',  ( 2.282859610154041239E-32, -1.000000000000000000, 1.283079494065685941E-16 ) ) ;
#9237 = FACE_OUTER_BOUND ( 'NONE', #2917, .T. ) ;
#9238 = CARTESIAN_POINT ( 'NONE',  ( -4.350000000000003197, 12.45031130731456059, 0.5000000000000078826 ) ) ;
#9239 = ADVANCED_FACE ( 'NONE', ( #5512 ), #295, .T. ) ;
#9240 = ORIENTED_EDGE ( 'NONE', *, *, #2912, .F. ) ;
#9241 = LINE ( 'NONE', #1807, #9419 ) ;
#9242 = VERTEX_POINT ( 'NONE', #8327 ) ;
#9243 = LINE ( 'NONE', #9307, #11145 ) ;
#9244 = EDGE_LOOP ( 'NONE', ( #9848, #4528, #6578, #662 ) ) ;
#9245 = DIRECTION ( 'NONE',  ( 1.000000000000000000, 0.000000000000000000, -0.000000000000000000 ) ) ;
#9246 = ORIENTED_EDGE ( 'NONE', *, *, #7612, .T. ) ;
#9247 = CARTESIAN_POINT ( 'NONE',  ( -26.65000000000000213, 22.60000000000000142, -9.500000000000001776 ) ) ;
#9248 = ORIENTED_EDGE ( 'NONE', *, *, #11547, .F. ) ;
#9249 = DIRECTION ( 'NONE',  ( -1.000000000000000000, -1.967058844685892396E-32, -8.031127203596331834E-17 ) ) ;
#9250 = CARTESIAN_POINT ( 'NONE',  ( -19.54999999999999716, 12.50000000000000000, 3.447142787940709052 ) ) ;
#9251 = CARTESIAN_POINT ( 'NONE',  ( -47.67189334955345004, 2.500000000000002220, 7.400000000000005684 ) ) ;
#9252 = AXIS2_PLACEMENT_3D ( 'NONE', #1882, #1593, #8784 ) ;
#9253 = PLANE ( 'NONE',  #5606 ) ;
#9254 = DIRECTION ( 'NONE',  ( 0.000000000000000000, -6.938893903907230744E-15, 1.000000000000000000 ) ) ;
#9255 = VERTEX_POINT ( 'NONE', #11157 ) ;
#9256 = ORIENTED_EDGE ( 'NONE', *, *, #8662, .T. ) ;
#9258 = CARTESIAN_POINT ( 'NONE',  ( -18.54999999999999716, 12.50000000000000000, 2.000000000000000000 ) ) ;
#9257 = VECTOR ( 'NONE', #1497, 1000.000000000000000 ) ;
#9259 = ORIENTED_EDGE ( 'NONE', *, *, #7318, .F. ) ;
#9260 = ORIENTED_EDGE ( 'NONE', *, *, #10617, .T. ) ;
#9261 = CARTESIAN_POINT ( 'NONE',  ( -47.67189334955345004, 8.099999999999999645, 7.400000000000004796 ) ) ;
#9262 = VERTEX_POINT ( 'NONE', #3765 ) ;
#9263 = DIRECTION ( 'NONE',  ( 0.000000000000000000, 0.000000000000000000, 1.000000000000000000 ) ) ;
#9264 =( NAMED_UNIT ( * ) SI_UNIT ( $, .STERADIAN. ) SOLID_ANGLE_UNIT ( ) );
#9265 = FACE_OUTER_BOUND ( 'NONE', #2775, .T. ) ;
#9266 = DIRECTION ( 'NONE',  ( 0.000000000000000000, 0.000000000000000000, 1.000000000000000000 ) ) ;
#9267 = CARTESIAN_POINT ( 'NONE',  ( -3.849999999999995648, 7.500000000000002665, 5.499999999999997335 ) ) ;
#9268 = CIRCLE ( 'NONE', #10983, 1.899999999999999689 ) ;
#9269 = CARTESIAN_POINT ( 'NONE',  ( 4.699999999999999289, 9.400000000000002132, -5.500000000000005329 ) ) ;
#9270 = ORIENTED_EDGE ( 'NONE', *, *, #10852, .T. ) ;
#9271 = VECTOR ( 'NONE', #9027, 1000.000000000000000 ) ;
#9272 = LINE ( 'NONE', #10953, #3995 ) ;
#9273 = EDGE_LOOP ( 'NONE', ( #3569, #7909, #9367, #4385 ) ) ;
#9274 = EDGE_CURVE ( 'NONE', #3967, #8084, #7371, .T. ) ;
#9275 = VERTEX_POINT ( 'NONE', #7435 ) ;
#9276 = FACE_OUTER_BOUND ( 'NONE', #232, .T. ) ;
#9277 = DIRECTION ( 'NONE',  ( 0.000000000000000000, -1.000000000000000000, 0.000000000000000000 ) ) ;
#9278 = CARTESIAN_POINT ( 'NONE',  ( 8.849999999999999645, 7.300000000000002487, -3.000000000000007105 ) ) ;
#9279 = ORIENTED_EDGE ( 'NONE', *, *, #370, .T. ) ;
#9280 = AXIS2_PLACEMENT_3D ( 'NONE', #7727, #6652, #6830 ) ;
#9281 = AXIS2_PLACEMENT_3D ( 'NONE', #10233, #5669, #10453 ) ;
#9282 = VERTEX_POINT ( 'NONE', #10137 ) ;
#9283 = ORIENTED_EDGE ( 'NONE', *, *, #1603, .T. ) ;
#9284 = EDGE_CURVE ( 'NONE', #9708, #2009, #11014, .T. ) ;
#9285 = CARTESIAN_POINT ( 'NONE',  ( 8.000000000000003553, 9.400000000000003908, 5.499999999999991118 ) ) ;
#9286 = ORIENTED_EDGE ( 'NONE', *, *, #2342, .F. ) ;
#9287 = DIRECTION ( 'NONE',  ( -1.000000000000000000, 0.000000000000000000, -8.031127203596330602E-17 ) ) ;
#9288 = DIRECTION ( 'NONE',  ( 0.000000000000000000, 0.000000000000000000, -1.000000000000000000 ) ) ;
#9289 = ORIENTED_EDGE ( 'NONE', *, *, #4746, .T. ) ;
#9290 = EDGE_CURVE ( 'NONE', #3121, #2902, #6414, .T. ) ;
#9291 = SURFACE_STYLE_FILL_AREA ( #130 ) ;
#9292 = EDGE_CURVE ( 'NONE', #656, #4331, #10203, .T. ) ;
#9293 = CARTESIAN_POINT ( 'NONE',  ( 6.350000000000001421, 12.50000000000000000, -8.639603194080566470E-15 ) ) ;
#9294 = DIRECTION ( 'NONE',  ( 0.000000000000000000, 1.000000000000000000, 2.449293598294701484E-16 ) ) ;
#9295 = VECTOR ( 'NONE', #10552, 1000.000000000000000 ) ;
#9296 = CIRCLE ( 'NONE', #4109, 0.5000000000000000000 ) ;
#9297 = EDGE_CURVE ( 'NONE', #3958, #11390, #3590, .T. ) ;
#9298 = PLANE ( 'NONE',  #4294 ) ;
#9299 = ORIENTED_EDGE ( 'NONE', *, *, #4770, .F. ) ;
#9300 = ADVANCED_FACE ( 'NONE', ( #10014 ), #9118, .F. ) ;
#9301 = EDGE_CURVE ( 'NONE', #10149, #11016, #6028, .T. ) ;
#9302 = PLANE ( 'NONE',  #2704 ) ;
#9303 = AXIS2_PLACEMENT_3D ( 'NONE', #3074, #7568, #3191 ) ;
#9304 = EDGE_LOOP ( 'NONE', ( #6692, #185, #1117, #5391 ) ) ;
#9305 = CARTESIAN_POINT ( 'NONE',  ( 6.850000000000004974, 12.50000000000000000, 3.499999999999996891 ) ) ;
#9306 = VECTOR ( 'NONE', #9765, 1000.000000000000000 ) ;
#9307 = CARTESIAN_POINT ( 'NONE',  ( 8.850000000000003197, 5.900000000000003020, 1.999999999999994449 ) ) ;
#9308 = EDGE_CURVE ( 'NONE', #2651, #11089, #4121, .T. ) ;
#9309 = ORIENTED_EDGE ( 'NONE', *, *, #9006, .F. ) ;
#9310 = AXIS2_PLACEMENT_3D ( 'NONE', #6972, #5165, #8822 ) ;
#9311 = DIRECTION ( 'NONE',  ( 0.000000000000000000, 2.449293598294701484E-16, 1.000000000000000000 ) ) ;
#9312 = ORIENTED_EDGE ( 'NONE', *, *, #6661, .F. ) ;
#9313 = CARTESIAN_POINT ( 'NONE',  ( -1.600000000000000755, 24.33502884254439991, -4.249999999999998224 ) ) ;
#9314 = EDGE_LOOP ( 'NONE', ( #4973, #8973, #4021, #4988 ) ) ;
#9315 = COLOUR_RGB ( '',0.7921568627450980005, 0.8196078431372548767, 0.9333333333333333481 ) ;
#9316 = DIRECTION ( 'NONE',  ( 1.000000000000000000, 0.000000000000000000, 8.031127203596330602E-17 ) ) ;
#9317 = CARTESIAN_POINT ( 'NONE',  ( 6.850000000000005862, 13.47570616345778483, -2.528555156344014510 ) ) ;
#9318 = DIRECTION ( 'NONE',  ( -0.000000000000000000, -1.172110456741085828E-16, -1.000000000000000000 ) ) ;
#9319 = PLANE ( 'NONE',  #6188 ) ;
#9320 = VECTOR ( 'NONE', #3962, 1000.000000000000000 ) ;
#9321 = EDGE_CURVE ( 'NONE', #9074, #7347, #4058, .T. ) ;
#9322 = AXIS2_PLACEMENT_3D ( 'NONE', #3412, #4597, #4534 ) ;
#9323 = AXIS2_PLACEMENT_3D ( 'NONE', #6919, #5226, #8825 ) ;
#9324 = LINE ( 'NONE', #3077, #264 ) ;
#9325 = EDGE_LOOP ( 'NONE', ( #3202, #3538, #5387, #6979, #10180, #7439, #11770, #4705, #11814, #8029, #7723 ) ) ;
#9326 = ORIENTED_EDGE ( 'NONE', *, *, #5043, .T. ) ;
#9327 = DIRECTION ( 'NONE',  ( 0.000000000000000000, 0.000000000000000000, -1.000000000000000000 ) ) ;
#9328 = ORIENTED_EDGE ( 'NONE', *, *, #3747, .F. ) ;
#9329 = AXIS2_PLACEMENT_3D ( 'NONE', #1312, #5069, #5011 ) ;
#9330 = CARTESIAN_POINT ( 'NONE',  ( 18.54999999999999716, 12.50000000000000000, -3.447142787940716602 ) ) ;
#9331 = VERTEX_POINT ( 'NONE', #5987 ) ;
#9332 = DIRECTION ( 'NONE',  ( 1.000000000000000000, -0.000000000000000000, 8.031127203596330602E-17 ) ) ;
#9333 = DIRECTION ( 'NONE',  ( 0.000000000000000000, 0.000000000000000000, -1.000000000000000000 ) ) ;
#9334 = ADVANCED_FACE ( 'NONE', ( #7675 ), #9477, .T. ) ;
#9335 = DIRECTION ( 'NONE',  ( 0.000000000000000000, -1.000000000000000000, 0.000000000000000000 ) ) ;
#9336 = DIRECTION ( 'NONE',  ( -1.000000000000000000, 0.000000000000000000, -8.031127203596330602E-17 ) ) ;
#9337 = CARTESIAN_POINT ( 'NONE',  ( 4.699999999999999289, 5.900000000000002132, -2.000000000000006661 ) ) ;
#9338 = APPLICATION_PROTOCOL_DEFINITION ( 'draft international standard', 'automotive_design', 1998, #6839 ) ;
#9339 = CARTESIAN_POINT ( 'NONE',  ( 17.39999999999999858, 7.400000000000004796, -5.400000000000012790 ) ) ;
#9340 = AXIS2_PLACEMENT_3D ( 'NONE', #4968, #253, #6777 ) ;
#9341 = ORIENTED_EDGE ( 'NONE', *, *, #11721, .F. ) ;
#9342 = VERTEX_POINT ( 'NONE', #3997 ) ;
#9343 = DIRECTION ( 'NONE',  ( 1.000000000000000000, -0.000000000000000000, -1.779203565104417621E-16 ) ) ;
#9344 = VERTEX_POINT ( 'NONE', #11394 ) ;
#9345 = ORIENTED_EDGE ( 'NONE', *, *, #8265, .T. ) ;
#9346 = DIRECTION ( 'NONE',  ( 2.282859610154041239E-32, -1.000000000000000000, 1.283079494065685941E-16 ) ) ;
#9347 = LINE ( 'NONE', #8309, #8742 ) ;
#9348 = CARTESIAN_POINT ( 'NONE',  ( -19.04999999999999716, 11.40000000000000213, 3.500000000000001332 ) ) ;
#9349 = ORIENTED_EDGE ( 'NONE', *, *, #8168, .F. ) ;
#9350 = ORIENTED_EDGE ( 'NONE', *, *, #3150, .T. ) ;
#9351 = EDGE_CURVE ( 'NONE', #3858, #7040, #9540, .T. ) ;
#9352 = SURFACE_SIDE_STYLE ('',( #10252 ) ) ;
#9353 = ORIENTED_EDGE ( 'NONE', *, *, #3928, .F. ) ;
#9354 = CARTESIAN_POINT ( 'NONE',  ( -20.69999999999999929, 5.900000000000002132, -1.999999999999997780 ) ) ;
#9355 = CARTESIAN_POINT ( 'NONE',  ( -1.600000000000000755, 10.90000000000000036, 4.249999999999998224 ) ) ;
#9356 = EDGE_LOOP ( 'NONE', ( #4116, #8881, #4470, #8253 ) ) ;
#9357 = PLANE ( 'NONE',  #3249 ) ;
#9358 = CARTESIAN_POINT ( 'NONE',  ( -11.45000000000000639, 22.60000000000000142, -7.400000000000002132 ) ) ;
#9359 = DIRECTION ( 'NONE',  ( 0.000000000000000000, -1.283079494065685694E-16, -1.000000000000000000 ) ) ;
#9360 = DIRECTION ( 'NONE',  ( 0.000000000000000000, -1.000000000000000000, 0.000000000000000000 ) ) ;
#9361 = VERTEX_POINT ( 'NONE', #5813 ) ;
#9362 = CARTESIAN_POINT ( 'NONE',  ( 11.45000000000000284, 9.399999999999995026, 7.399999999999991473 ) ) ;
#9363 = ORIENTED_EDGE ( 'NONE', *, *, #10326, .T. ) ;
#9364 = ADVANCED_FACE ( 'NONE', ( #2226 ), #1265, .F. ) ;
#9365 = DIRECTION ( 'NONE',  ( -3.854941057726246577E-15, -0.000000000000000000, 1.000000000000000000 ) ) ;
#9366 = CARTESIAN_POINT ( 'NONE',  ( -21.55000000000000071, 7.400000000000003020, -5.400000000000000355 ) ) ;
#9367 = ORIENTED_EDGE ( 'NONE', *, *, #4741, .F. ) ;
#9368 = PLANE ( 'NONE',  #5086 ) ;
#9369 = ORIENTED_EDGE ( 'NONE', *, *, #9949, .F. ) ;
#9370 = LINE ( 'NONE', #260, #11497 ) ;
#9371 = ORIENTED_EDGE ( 'NONE', *, *, #2552, .F. ) ;
#9372 = PLANE ( 'NONE',  #6182 ) ;
#9373 = DIRECTION ( 'NONE',  ( 8.031127203596331834E-17, -2.449293598294701484E-16, -1.000000000000000000 ) ) ;
#9374 = FACE_OUTER_BOUND ( 'NONE', #2467, .T. ) ;
#9375 = LINE ( 'NONE', #1161, #6054 ) ;
#9376 = EDGE_CURVE ( 'NONE', #11842, #9617, #9296, .T. ) ;
#9377 = CARTESIAN_POINT ( 'NONE',  ( 13.94999999999999396, 19.60000000000000142, 9.099999999999990763 ) ) ;
#9378 = EDGE_CURVE ( 'NONE', #8695, #8274, #10437, .T. ) ;
#9379 = VERTEX_POINT ( 'NONE', #6893 ) ;
#9380 = ORIENTED_EDGE ( 'NONE', *, *, #6493, .F. ) ;
#9381 = VECTOR ( 'NONE', #9009, 1000.000000000000000 ) ;
#9382 = LINE ( 'NONE', #3724, #1528 ) ;
#9383 = ORIENTED_EDGE ( 'NONE', *, *, #11793, .T. ) ;
#9384 = ADVANCED_FACE ( 'NONE', ( #5877 ), #5072, .T. ) ;
#9385 = DIRECTION ( 'NONE',  ( 0.000000000000000000, 0.000000000000000000, 1.000000000000000000 ) ) ;
#9386 = EDGE_CURVE ( 'NONE', #4912, #10709, #2590, .T. ) ;
#9387 = AXIS2_PLACEMENT_3D ( 'NONE', #6710, #8686, #9648 ) ;
#9388 = ORIENTED_EDGE ( 'NONE', *, *, #10705, .T. ) ;
#9389 = FACE_OUTER_BOUND ( 'NONE', #11403, .T. ) ;
#9390 = CARTESIAN_POINT ( 'NONE',  ( 19.05000000000000071, -3.358379542590069988, 1.999999999999992228 ) ) ;
#9391 = CARTESIAN_POINT ( 'NONE',  ( -4.699999999999995737, -3.450504516109082154, 7.399999999999996803 ) ) ;
#9392 = CARTESIAN_POINT ( 'NONE',  ( -21.55000000000000071, 5.900000000000002132, -2.999999999999998224 ) ) ;
#9393 = CARTESIAN_POINT ( 'NONE',  ( -20.69999999999999929, 7.300000000000002487, -3.299999999999997602 ) ) ;
#9394 = AXIS2_PLACEMENT_3D ( 'NONE', #8963, #755, #1712 ) ;
#9395 = EDGE_CURVE ( 'NONE', #7454, #2234, #4947, .T. ) ;
#9396 = CIRCLE ( 'NONE', #10538, 0.5000000000000004441 ) ;
#9397 = CARTESIAN_POINT ( 'NONE',  ( -23.29999999999999361, 10.90000000000000036, -4.749999999999997335 ) ) ;
#9398 = EDGE_LOOP ( 'NONE', ( #5912, #2946, #4198, #9028, #6233 ) ) ;
#9399 = EDGE_CURVE ( 'NONE', #1694, #622, #3881, .T. ) ;
#9400 = VECTOR ( 'NONE', #4592, 1000.000000000000000 ) ;
#9401 = FACE_OUTER_BOUND ( 'NONE', #792, .T. ) ;
#9402 = VERTEX_POINT ( 'NONE', #3001 ) ;
#9403 = VERTEX_POINT ( 'NONE', #6659 ) ;
#9404 = FACE_OUTER_BOUND ( 'NONE', #6199, .T. ) ;
#9405 = DIRECTION ( 'NONE',  ( 0.000000000000000000, 0.000000000000000000, 1.000000000000000000 ) ) ;
#9406 = DIRECTION ( 'NONE',  ( -3.571792610879097845E-15, 0.000000000000000000, 1.000000000000000000 ) ) ;
#9407 = EDGE_LOOP ( 'NONE', ( #9548, #751, #10145, #11518 ) ) ;
#9408 = EDGE_CURVE ( 'NONE', #10321, #6790, #7184, .T. ) ;
#9409 = ORIENTED_EDGE ( 'NONE', *, *, #5308, .F. ) ;
#9410 = B_SPLINE_CURVE_WITH_KNOTS ( 'NONE', 3,
 ( #1361, #8839, #8782, #9865, #9928, #11729 ),
 .UNSPECIFIED., .F., .F.,
 ( 4, 2, 4 ),
 ( 0.006592611942914234496, 0.007438203231751716778, 0.008283794520589199059 ),
 .UNSPECIFIED. ) ;
#9411 = PRESENTATION_STYLE_ASSIGNMENT (( #8621 ) ) ;
#9412 = DIRECTION ( 'NONE',  ( 0.000000000000000000, 0.000000000000000000, -1.000000000000000000 ) ) ;
#9413 = CARTESIAN_POINT ( 'NONE',  ( 6.850000000000004974, 13.01963939045205088, 3.232109405386078382 ) ) ;
#9414 = PLANE ( 'NONE',  #11402 ) ;
#9415 = ORIENTED_EDGE ( 'NONE', *, *, #158, .T. ) ;
#9416 = FACE_OUTER_BOUND ( 'NONE', #1649, .T. ) ;
#9417 = UNCERTAINTY_MEASURE_WITH_UNIT (LENGTH_MEASURE( 1.000000000000000082E-05 ), #5305, 'distance_accuracy_value', 'NONE');
#9418 = CARTESIAN_POINT ( 'NONE',  ( 16.54999999999999716, 3.499999999999998668, -5.600000000000011191 ) ) ;
#9419 = VECTOR ( 'NONE', #1869, 1000.000000000000000 ) ;
#9420 = CARTESIAN_POINT ( 'NONE',  ( 16.54999999999999716, 7.300000000000003375, -3.300000000000010481 ) ) ;
#9421 = VECTOR ( 'NONE', #2012, 1000.000000000000000 ) ;
#9422 = VERTEX_POINT ( 'NONE', #309 ) ;
#9423 = EDGE_CURVE ( 'NONE', #203, #8503, #6533, .T. ) ;
#9424 = FACE_OUTER_BOUND ( 'NONE', #2664, .T. ) ;
#9425 = ORIENTED_EDGE ( 'NONE', *, *, #9709, .F. ) ;
#9426 = LINE ( 'NONE', #3953, #5009 ) ;
#9427 = VERTEX_POINT ( 'NONE', #8081 ) ;
#9428 = CARTESIAN_POINT ( 'NONE',  ( 19.05000000000000071, 10.90000000000000213, -2.000000000000007994 ) ) ;
#9429 = ORIENTED_EDGE ( 'NONE', *, *, #11845, .T. ) ;
#9430 = DIRECTION ( 'NONE',  ( 0.000000000000000000, -1.000000000000000000, 0.000000000000000000 ) ) ;
#9431 = VERTEX_POINT ( 'NONE', #11517 ) ;
#9432 = CARTESIAN_POINT ( 'NONE',  ( -21.54999999999999716, 7.300000000000003375, 3.300000000000002043 ) ) ;
#9433 = CARTESIAN_POINT ( 'NONE',  ( 8.850000000000003197, 9.400000000000002132, 1.999999999999993561 ) ) ;
#9434 = DIRECTION ( 'NONE',  ( -4.066575051493318340E-32, 1.000000000000000000, 1.172110456741085828E-16 ) ) ;
#9435 = CARTESIAN_POINT ( 'NONE',  ( 8.000000000000003553, 7.600000000000004974, 5.399999999999995914 ) ) ;
#9436 = EDGE_CURVE ( 'NONE', #2798, #5958, #9887, .T. ) ;
#9437 = LINE ( 'NONE', #2074, #2733 ) ;
#9438 = ORIENTED_EDGE ( 'NONE', *, *, #2851, .F. ) ;
#9439 = ORIENTED_EDGE ( 'NONE', *, *, #6441, .F. ) ;
#9440 = DIRECTION ( 'NONE',  ( 0.000000000000000000, -1.283079494065685694E-16, -1.000000000000000000 ) ) ;
#9441 = EDGE_LOOP ( 'NONE', ( #11621, #7422, #5310, #4532 ) ) ;
#9442 = CARTESIAN_POINT ( 'NONE',  ( 20.70000000000000284, 5.900000000000002132, 1.999999999999990008 ) ) ;
#9443 = VERTEX_POINT ( 'NONE', #10855 ) ;
#9444 = LINE ( 'NONE', #1297, #6125 ) ;
#9445 = DIRECTION ( 'NONE',  ( -1.000000000000000000, 0.000000000000000000, -0.000000000000000000 ) ) ;
#9446 = ADVANCED_FACE ( 'NONE', ( #8920 ), #4291, .T. ) ;
#9447 = LINE ( 'NONE', #2084, #7301 ) ;
#9448 = VECTOR ( 'NONE', #3300, 1000.000000000000000 ) ;
#9449 = DIRECTION ( 'NONE',  ( -4.066575051493318340E-32, 1.000000000000000000, 1.172110456741085828E-16 ) ) ;
#9450 = CARTESIAN_POINT ( 'NONE',  ( -26.65000000000000213, 22.60000000000000142, 12.09999999999999964 ) ) ;
#9451 = EDGE_CURVE ( 'NONE', #10270, #10626, #9827, .T. ) ;
#9452 = EDGE_CURVE ( 'NONE', #2444, #526, #653, .T. ) ;
#9453 = DIRECTION ( 'NONE',  ( -0.000000000000000000, 0.000000000000000000, 1.000000000000000000 ) ) ;
#9454 = VERTEX_POINT ( 'NONE', #10614 ) ;
#9455 = VECTOR ( 'NONE', #7637, 1000.000000000000000 ) ;
#9456 = ADVANCED_FACE ( 'NONE', ( #10789 ), #4239, .F. ) ;
#9457 = EDGE_CURVE ( 'NONE', #1100, #9833, #716, .T. ) ;
#9458 = DIRECTION ( 'NONE',  ( 0.000000000000000000, 1.000000000000000000, 0.000000000000000000 ) ) ;
#9459 = DIRECTION ( 'NONE',  ( 0.000000000000000000, -1.000000000000000000, -2.282530889443167022E-16 ) ) ;
#9460 = ORIENTED_EDGE ( 'NONE', *, *, #7468, .F. ) ;
#9461 = EDGE_CURVE ( 'NONE', #4257, #6666, #5140, .T. ) ;
#9462 = FILL_AREA_STYLE ('',( #2209 ) ) ;
#9463 = DIRECTION ( 'NONE',  ( 4.606465321320705249E-17, -0.8191520442889935749, -0.5735764363510434949 ) ) ;
#9464 = LINE ( 'NONE', #7539, #9640 ) ;
#9465 = VERTEX_POINT ( 'NONE', #1731 ) ;
#9466 = VECTOR ( 'NONE', #6276, 1000.000000000000000 ) ;
#9467 = VERTEX_POINT ( 'NONE', #11684 ) ;
#9468 = CARTESIAN_POINT ( 'NONE',  ( -19.54999999999999716, 13.50000000000000178, 2.244994432064365331 ) ) ;
#9469 = CARTESIAN_POINT ( 'NONE',  ( 3.849999999999999201, 5.900000000000002132, -2.000000000000007105 ) ) ;
#9470 = PLANE ( 'NONE',  #4776 ) ;
#9471 = DIRECTION ( 'NONE',  ( 0.000000000000000000, -2.449293598294701484E-16, -1.000000000000000000 ) ) ;
#9472 = ORIENTED_EDGE ( 'NONE', *, *, #10824, .T. ) ;
#9473 = ADVANCED_FACE ( 'NONE', ( #3289 ), #546, .T. ) ;
#9474 = PLANE ( 'NONE',  #1725 ) ;
#9475 = CARTESIAN_POINT ( 'NONE',  ( -21.55000000000000071, 2.499999999999998668, -5.599999999999997868 ) ) ;
#9476 = CARTESIAN_POINT ( 'NONE',  ( -3.849999999999995648, 2.499999999999998668, 5.599999999999998757 ) ) ;
#9477 = CYLINDRICAL_SURFACE ( 'NONE', #10263, 3.500000000000000444 ) ;
#9478 =( GEOMETRIC_REPRESENTATION_CONTEXT ( 3 ) GLOBAL_UNCERTAINTY_ASSIGNED_CONTEXT ( ( #9417 ) ) GLOBAL_UNIT_ASSIGNED_CONTEXT ( ( #5305, #8184, #5485 ) ) REPRESENTATION_CONTEXT ( 'NONE', 'WORKASPACE' ) );
#9479 = ORIENTED_EDGE ( 'NONE', *, *, #72, .T. ) ;
#9480 = DIRECTION ( 'NONE',  ( 7.546790969812433263E-17, 0.3420201433256707113, -0.9396926207859076507 ) ) ;
#9481 = VERTEX_POINT ( 'NONE', #9713 ) ;
#9482 = MECHANICAL_DESIGN_GEOMETRIC_PRESENTATION_REPRESENTATION (  '', ( #2771 ), #2212 ) ;
#9483 = ORIENTED_EDGE ( 'NONE', *, *, #9301, .T. ) ;
#9484 = CARTESIAN_POINT ( 'NONE',  ( 4.350000000000003197, 13.50000000000000178, 0.4999999999999844014 ) ) ;
#9485 = AXIS2_PLACEMENT_3D ( 'NONE', #5625, #9288, #11034 ) ;
#9486 = EDGE_LOOP ( 'NONE', ( #675, #4419, #734, #4743 ) ) ;
#9487 = CARTESIAN_POINT ( 'NONE',  ( 0.000000000000000000, 0.5000000000000000000, -7.399999999999995914 ) ) ;
#9488 = EDGE_LOOP ( 'NONE', ( #1936, #7829, #9193, #1870, #8272, #1929 ) ) ;
#9489 = DIRECTION ( 'NONE',  ( 0.000000000000000000, 0.000000000000000000, -1.000000000000000000 ) ) ;
#9490 = CARTESIAN_POINT ( 'NONE',  ( -4.699999999999995737, 5.900000000000002132, 2.999999999999998668 ) ) ;
#9491 = DIRECTION ( 'NONE',  ( 0.000000000000000000, 1.000000000000000000, 0.000000000000000000 ) ) ;
#9492 = DIRECTION ( 'NONE',  ( -0.5735764363510434949, -0.8191520442889935749, -2.048696077133022160E-15 ) ) ;
#9493 =( NAMED_UNIT ( * ) PLANE_ANGLE_UNIT ( ) SI_UNIT ( $, .RADIAN. ) );
#9494 = DIRECTION ( 'NONE',  ( 0.000000000000000000, 1.000000000000000000, 0.000000000000000000 ) ) ;
#9495 = MECHANICAL_DESIGN_GEOMETRIC_PRESENTATION_REPRESENTATION (  '', ( #6628 ), #7583 ) ;
#9496 = ORIENTED_EDGE ( 'NONE', *, *, #8061, .T. ) ;
#9497 = VECTOR ( 'NONE', #4507, 1000.000000000000000 ) ;
#9498 = VERTEX_POINT ( 'NONE', #1675 ) ;
#9499 = VECTOR ( 'NONE', #5811, 1000.000000000000000 ) ;
#9500 = AXIS2_PLACEMENT_3D ( 'NONE', #2398, #2516, #3407 ) ;
#9501 = LINE ( 'NONE', #3307, #10381 ) ;
#9502 = ORIENTED_EDGE ( 'NONE', *, *, #8859, .F. ) ;
#9503 = VECTOR ( 'NONE', #10167, 1000.000000000000000 ) ;
#9504 = CARTESIAN_POINT ( 'NONE',  ( 26.65000000000000213, 22.60000000000000142, -9.500000000000008882 ) ) ;
#9505 = ORIENTED_EDGE ( 'NONE', *, *, #10019, .T. ) ;
#9506 = CARTESIAN_POINT ( 'NONE',  ( 3.850000000000002753, 3.499999999999998668, 5.399999999999995914 ) ) ;
#9507 = VECTOR ( 'NONE', #9960, 1000.000000000000000 ) ;
#9508 = DIRECTION ( 'NONE',  ( 0.000000000000000000, 1.000000000000000000, 0.000000000000000000 ) ) ;
#9509 = DIRECTION ( 'NONE',  ( 1.000000000000000000, 5.473822126268816683E-48, 8.031127203596331834E-17 ) ) ;
#9510 = DIRECTION ( 'NONE',  ( 0.000000000000000000, -1.000000000000000000, 0.000000000000000000 ) ) ;
#9511 = VECTOR ( 'NONE', #5771, 1000.000000000000000 ) ;
#9512 = VECTOR ( 'NONE', #6931, 1000.000000000000000 ) ;
#9513 = AXIS2_PLACEMENT_3D ( 'NONE', #493, #1443, #11693 ) ;
#9514 = DIRECTION ( 'NONE',  ( -1.020425574104004246E-16, -1.172110456741085828E-16, -1.000000000000000000 ) ) ;
#9515 = VERTEX_POINT ( 'NONE', #7964 ) ;
#9516 = DIRECTION ( 'NONE',  ( 2.282859610154041239E-32, -1.000000000000000000, 1.283079494065685941E-16 ) ) ;
#9517 = ORIENTED_EDGE ( 'NONE', *, *, #1180, .T. ) ;
#9518 = DIRECTION ( 'NONE',  ( -4.066575051493318340E-32, -1.000000000000000000, 1.172110456741085828E-16 ) ) ;
#9519 = EDGE_CURVE ( 'NONE', #282, #7279, #2568, .T. ) ;
#9520 = ORIENTED_EDGE ( 'NONE', *, *, #11858, .F. ) ;
#9521 = VECTOR ( 'NONE', #1247, 1000.000000000000000 ) ;
#9522 = AXIS2_PLACEMENT_3D ( 'NONE', #2057, #7260, #5703 ) ;
#9523 = CARTESIAN_POINT ( 'NONE',  ( -5.849999999999997868, 12.50000000000000000, -1.999999999999999556 ) ) ;
#9524 = DIRECTION ( 'NONE',  ( -1.000000000000000000, -0.000000000000000000, 6.938893903907233308E-16 ) ) ;
#9525 = EDGE_CURVE ( 'NONE', #11680, #2470, #3452, .T. ) ;
#9526 = CARTESIAN_POINT ( 'NONE',  ( 8.950000000000006395, 9.399999999999991473, -7.400000000000008349 ) ) ;
#9527 = ADVANCED_FACE ( 'NONE', ( #3340 ), #5316, .T. ) ;
#9528 = EDGE_CURVE ( 'NONE', #3674, #11063, #9268, .T. ) ;
#9529 = EDGE_LOOP ( 'NONE', ( #6062, #11747, #5725, #3476, #1221, #5321 ) ) ;
#9530 = ADVANCED_FACE ( 'NONE', ( #2390 ), #10675, .F. ) ;
#9531 = DIRECTION ( 'NONE',  ( 1.000000000000000000, -0.000000000000000000, 8.031127203596330602E-17 ) ) ;
#9532 = CARTESIAN_POINT ( 'NONE',  ( 18.54999999999999716, 13.13009837299679816, -3.138264838880544527 ) ) ;
#9533 = DIRECTION ( 'NONE',  ( 1.000000000000000000, -0.000000000000000000, 8.031127203596331834E-17 ) ) ;
#9534 = DIRECTION ( 'NONE',  ( -1.000000000000000000, -1.967058844685892396E-32, -8.031127203596331834E-17 ) ) ;
#9535 = ORIENTED_EDGE ( 'NONE', *, *, #2193, .T. ) ;
#9536 = CARTESIAN_POINT ( 'NONE',  ( -47.67189334955344293, 0.5000000000000000000, 10.10000000000000320 ) ) ;
#9537 = PLANE ( 'NONE',  #1069 ) ;
#9538 = CARTESIAN_POINT ( 'NONE',  ( -19.04999999999999716, 3.900000000000002576, 0.000000000000000000 ) ) ;
#9539 = CLOSED_SHELL ( 'NONE', ( #11681, #930, #7244, #11376, #4658, #2837, #2974, #8336, #5055, #7781, #872, #11061, #8302, #8116, #8651, #8187, #861, #2769, #8956, #6576, #7217 ) ) ;
#9540 = LINE ( 'NONE', #11462, #5846 ) ;
#9541 = VECTOR ( 'NONE', #9335, 1000.000000000000000 ) ;
#9542 = ORIENTED_EDGE ( 'NONE', *, *, #11130, .T. ) ;
#9543 = EDGE_CURVE ( 'NONE', #2911, #5208, #3401, .T. ) ;
#9544 = DIRECTION ( 'NONE',  ( -0.000000000000000000, -1.172110456741085828E-16, -1.000000000000000000 ) ) ;
#9545 = ORIENTED_EDGE ( 'NONE', *, *, #5577, .F. ) ;
#9546 = ORIENTED_EDGE ( 'NONE', *, *, #10304, .F. ) ;
#9547 = CARTESIAN_POINT ( 'NONE',  ( 17.39999999999999858, 7.300000000000003375, -3.300000000000010036 ) ) ;
#9548 = ORIENTED_EDGE ( 'NONE', *, *, #5252, .T. ) ;
#9549 = CARTESIAN_POINT ( 'NONE',  ( -8.000000000000000000, 9.400000000000003908, -5.499999999999999112 ) ) ;
#9550 = EDGE_LOOP ( 'NONE', ( #9559, #11479, #8694, #4472, #9415, #1332, #8633, #5881, #3068, #5735, #4818, #3199, #7686, #3284, #2610, #4462, #5824, #9194, #11048, #5232 ) ) ;
#9551 = CARTESIAN_POINT ( 'NONE',  ( 26.65000000000000924, 22.60000000000000142, 12.09999999999999254 ) ) ;
#9552 = PLANE ( 'NONE',  #11776 ) ;
#9553 = CARTESIAN_POINT ( 'NONE',  ( 19.05000000000000071, 11.40000000000000213, -3.000000000000007994 ) ) ;
#9554 = CARTESIAN_POINT ( 'NONE',  ( 18.54999999999999716, 12.50000000000000000, -3.500000000000013323 ) ) ;
#9555 = FACE_OUTER_BOUND ( 'NONE', #1983, .T. ) ;
#9556 = ORIENTED_EDGE ( 'NONE', *, *, #7528, .T. ) ;
#9557 = ORIENTED_EDGE ( 'NONE', *, *, #9452, .T. ) ;
#9558 = PLANE ( 'NONE',  #9989 ) ;
#9559 = ORIENTED_EDGE ( 'NONE', *, *, #7111, .T. ) ;
#9560 = FACE_OUTER_BOUND ( 'NONE', #10531, .T. ) ;
#9561 = EDGE_LOOP ( 'NONE', ( #252, #6517, #7611, #491 ) ) ;
#9562 = CARTESIAN_POINT ( 'NONE',  ( -17.04999999999999716, 13.50000000000000178, 0.5000000000000069944 ) ) ;
#9563 = DIRECTION ( 'NONE',  ( -0.000000000000000000, 1.000000000000000000, 0.000000000000000000 ) ) ;
#9564 = EDGE_CURVE ( 'NONE', #7028, #3064, #6342, .T. ) ;
#9565 = LINE ( 'NONE', #4264, #8578 ) ;
#9566 = CARTESIAN_POINT ( 'NONE',  ( 6.350000000000001421, 10.90000000000000036, 1.999999999999990452 ) ) ;
#9567 = PLANE ( 'NONE',  #10456 ) ;
#9568 = CARTESIAN_POINT ( 'NONE',  ( 3.850000000000002753, 7.300000000000003375, 2.999999999999993783 ) ) ;
#9569 = B_SPLINE_CURVE_WITH_KNOTS ( 'NONE', 3,
 ( #10776, #6987, #10540, #6209, #2325, #5068, #1486, #10662, #4167, #7836 ),
 .UNSPECIFIED., .F., .F.,
 ( 4, 2, 2, 2, 4 ),
 ( 0.004373497768337910284, 0.004796577203204229270, 0.005219656638070547389, 0.005642736072936866375, 0.006065815507803185361 ),
 .UNSPECIFIED. ) ;
#9570 = ORIENTED_EDGE ( 'NONE', *, *, #7474, .F. ) ;
#9571 = EDGE_CURVE ( 'NONE', #9498, #2690, #9157, .T. ) ;
#9572 = CARTESIAN_POINT ( 'NONE',  ( 18.54999999999999716, 13.31021001459093434, 2.920117908218156533 ) ) ;
#9573 = ORIENTED_EDGE ( 'NONE', *, *, #8428, .T. ) ;
#9574 = CARTESIAN_POINT ( 'NONE',  ( 8.000000000000000000, 7.400000000000003020, -5.600000000000008527 ) ) ;
#9575 = VECTOR ( 'NONE', #4038, 1000.000000000000000 ) ;
#9576 = ORIENTED_EDGE ( 'NONE', *, *, #9669, .F. ) ;
#9577 = VECTOR ( 'NONE', #4869, 1000.000000000000000 ) ;
#9578 = VECTOR ( 'NONE', #4862, 1000.000000000000000 ) ;
#9579 = CARTESIAN_POINT ( 'NONE',  ( -16.44999999999999218, 2.500000000000002220, 7.400000000000000355 ) ) ;
#9580 = ADVANCED_FACE ( 'NONE', ( #5558 ), #1908, .F. ) ;
#9581 = DIRECTION ( 'NONE',  ( 1.000000000000000000, 0.000000000000000000, 8.031127203596330602E-17 ) ) ;
#9582 = VECTOR ( 'NONE', #4417, 1000.000000000000000 ) ;
#9583 = EDGE_CURVE ( 'NONE', #11374, #721, #2739, .T. ) ;
#9584 = LINE ( 'NONE', #8679, #45 ) ;
#9585 = ORIENTED_EDGE ( 'NONE', *, *, #9461, .F. ) ;
#9586 = SURFACE_STYLE_USAGE ( .BOTH. , #11559 ) ;
#9587 = DIRECTION ( 'NONE',  ( -0.000000000000000000, -1.000000000000000000, -0.000000000000000000 ) ) ;
#9588 = DIRECTION ( 'NONE',  ( -0.000000000000000000, -0.000000000000000000, 1.000000000000000000 ) ) ;
#9589 = CARTESIAN_POINT ( 'NONE',  ( 1.600000000000004086, 9.400000000000002132, 4.249999999999992895 ) ) ;
#9590 = ORIENTED_EDGE ( 'NONE', *, *, #2849, .T. ) ;
#9591 = AXIS2_PLACEMENT_3D ( 'NONE', #8623, #10606, #5980 ) ;
#9592 = ADVANCED_FACE ( 'NONE', ( #4523 ), #10900, .T. ) ;
#9593 = DIRECTION ( 'NONE',  ( 0.000000000000000000, 0.000000000000000000, 1.000000000000000000 ) ) ;
#9594 = LINE ( 'NONE', #5875, #9499 ) ;
#9595 = CARTESIAN_POINT ( 'NONE',  ( 8.850000000000003197, 7.500000000000004441, 7.399999999999991473 ) ) ;
#9596 = CARTESIAN_POINT ( 'NONE',  ( 16.44999999999998508, 9.399999999999987921, -7.400000000000011902 ) ) ;
#9597 = EDGE_CURVE ( 'NONE', #1629, #4257, #10186, .T. ) ;
#9598 = EDGE_CURVE ( 'NONE', #5579, #10084, #8379, .T. ) ;
#9599 = EDGE_CURVE ( 'NONE', #9042, #2435, #10055, .T. ) ;
#9600 = ORIENTED_EDGE ( 'NONE', *, *, #6287, .T. ) ;
#9601 = LINE ( 'NONE', #7802, #3753 ) ;
#9602 = EDGE_LOOP ( 'NONE', ( #5371, #1290, #2290, #7513 ) ) ;
#9603 = EDGE_CURVE ( 'NONE', #6472, #8285, #1854, .T. ) ;
#9604 = ADVANCED_FACE ( 'NONE', ( #10959 ), #11861, .T. ) ;
#9605 = VERTEX_POINT ( 'NONE', #5370 ) ;
#9606 = CARTESIAN_POINT ( 'NONE',  ( 19.55000000000000071, 13.50000000000000178, -0.5000000000000058842 ) ) ;
#9607 = ORIENTED_EDGE ( 'NONE', *, *, #3221, .T. ) ;
#9608 = DIRECTION ( 'NONE',  ( 0.000000000000000000, 0.000000000000000000, 1.000000000000000000 ) ) ;
#9609 = EDGE_LOOP ( 'NONE', ( #4967, #2932, #4401, #10938 ) ) ;
#9610 = FACE_OUTER_BOUND ( 'NONE', #5605, .T. ) ;
#9611 = CARTESIAN_POINT ( 'NONE',  ( -6.849999999999998757, 0.000000000000000000, -0.5000000000000007772 ) ) ;
#9612 = FACE_OUTER_BOUND ( 'NONE', #6416, .T. ) ;
#9613 = CARTESIAN_POINT ( 'NONE',  ( 6.850000000000002309, 13.50000000000000178, 0.4999999999999930611 ) ) ;
#9614 = EDGE_CURVE ( 'NONE', #8274, #5617, #3882, .T. ) ;
#9615 = VECTOR ( 'NONE', #2189, 1000.000000000000000 ) ;
#9616 = CARTESIAN_POINT ( 'NONE',  ( -4.699999999999999289, 22.60000000000000142, 7.399999999999995914 ) ) ;
#9617 = VERTEX_POINT ( 'NONE', #8198 ) ;
#9618 = VERTEX_POINT ( 'NONE', #3811 ) ;
#9619 = VECTOR ( 'NONE', #194, 1000.000000000000000 ) ;
#9620 = DIRECTION ( 'NONE',  ( 8.031127203596330602E-17, -4.818676322157799347E-16, -1.000000000000000000 ) ) ;
#9621 = VERTEX_POINT ( 'NONE', #8310 ) ;
#9622 = VECTOR ( 'NONE', #1424, 1000.000000000000000 ) ;
#9623 = DIRECTION ( 'NONE',  ( 0.000000000000000000, -1.000000000000000000, 3.097720492815726673E-16 ) ) ;
#9624 = VERTEX_POINT ( 'NONE', #113 ) ;
#9625 = CARTESIAN_POINT ( 'NONE',  ( -5.849999999999997868, 12.45031130731456059, 2.000000000000000888 ) ) ;
#9626 = DIRECTION ( 'NONE',  ( 3.571792610879097845E-15, -0.000000000000000000, -1.000000000000000000 ) ) ;
#9627 = CARTESIAN_POINT ( 'NONE',  ( -6.349999999999997868, 10.90000000000000036, 1.195769723367896636E-15 ) ) ;
#9628 = VECTOR ( 'NONE', #10191, 1000.000000000000000 ) ;
#9629 = LINE ( 'NONE', #2478, #6693 ) ;
#9630 = DIRECTION ( 'NONE',  ( -1.000000000000000000, 0.000000000000000000, 0.000000000000000000 ) ) ;
#9631 = CARTESIAN_POINT ( 'NONE',  ( -10.59999999999999787, 9.400000000000002132, 4.750000000000000000 ) ) ;
#9632 = ORIENTED_EDGE ( 'NONE', *, *, #10843, .F. ) ;
#9633 = CARTESIAN_POINT ( 'NONE',  ( 18.54999999999999716, 12.77383717497638393, 3.374835443307687033 ) ) ;
#9634 = ORIENTED_EDGE ( 'NONE', *, *, #10546, .T. ) ;
#9635 = LINE ( 'NONE', #3097, #8426 ) ;
#9636 = DIRECTION ( 'NONE',  ( 0.000000000000000000, 0.000000000000000000, -1.000000000000000000 ) ) ;
#9637 = DIRECTION ( 'NONE',  ( 0.000000000000000000, 0.000000000000000000, 1.000000000000000000 ) ) ;
#9638 = CIRCLE ( 'NONE', #5407, 2.299999999999999822 ) ;
#9639 = LINE ( 'NONE', #1597, #2938 ) ;
#9640 = VECTOR ( 'NONE', #6876, 1000.000000000000000 ) ;
#9641 = DIRECTION ( 'NONE',  ( 0.000000000000000000, 1.000000000000000000, 0.000000000000000000 ) ) ;
#9642 = ORIENTED_EDGE ( 'NONE', *, *, #7897, .F. ) ;
#9643 =( LENGTH_UNIT ( ) NAMED_UNIT ( * ) SI_UNIT ( .MILLI., .METRE. ) );
#9644 = DIRECTION ( 'NONE',  ( 0.000000000000000000, -1.283079494065685941E-16, -1.000000000000000000 ) ) ;
#9645 = LINE ( 'NONE', #3989, #8054 ) ;
#9646 = DIRECTION ( 'NONE',  ( 0.000000000000000000, 0.000000000000000000, 1.000000000000000000 ) ) ;
#9647 = ORIENTED_EDGE ( 'NONE', *, *, #9793, .F. ) ;
#9648 = DIRECTION ( 'NONE',  ( 0.000000000000000000, 0.000000000000000000, -1.000000000000000000 ) ) ;
#9649 = CARTESIAN_POINT ( 'NONE',  ( 26.65000000000000568, 0.000000000000000000, -8.600000000000003197 ) ) ;
#9650 = PLANE ( 'NONE',  #1844 ) ;
#9651 = CARTESIAN_POINT ( 'NONE',  ( 5.850000000000001421, 13.03878455832425054, -3.248868441461834955 ) ) ;
#9652 = AXIS2_PLACEMENT_3D ( 'NONE', #3563, #2790, #5361 ) ;
#9653 = ORIENTED_EDGE ( 'NONE', *, *, #9933, .T. ) ;
#9654 = ADVANCED_FACE ( 'NONE', ( #4466 ), #886, .F. ) ;
#9655 = CARTESIAN_POINT ( 'NONE',  ( -21.55000000000000071, 2.499999999999998668, -7.400000000000001243 ) ) ;
#9656 = ORIENTED_EDGE ( 'NONE', *, *, #4367, .F. ) ;
#9657 = ORIENTED_EDGE ( 'NONE', *, *, #4963, .T. ) ;
#9658 = EDGE_CURVE ( 'NONE', #5339, #9379, #3751, .T. ) ;
#9659 = CARTESIAN_POINT ( 'NONE',  ( -19.54999999999999716, -0.000000000000000000, -0.5000000000000017764 ) ) ;
#9660 = ORIENTED_EDGE ( 'NONE', *, *, #11781, .T. ) ;
#9661 = CARTESIAN_POINT ( 'NONE',  ( -7.999999999999998224, 22.60000000000000142, 7.399999999999995914 ) ) ;
#9662 = VERTEX_POINT ( 'NONE', #3626 ) ;
#9663 = EDGE_CURVE ( 'NONE', #10051, #2574, #2862, .T. ) ;
#9664 = DIRECTION ( 'NONE',  ( 1.000000000000000000, 0.000000000000000000, -0.000000000000000000 ) ) ;
#9665 = DIRECTION ( 'NONE',  ( -1.000000000000000000, -1.967058844685892396E-32, -8.031127203596331834E-17 ) ) ;
#9666 = DIRECTION ( 'NONE',  ( 0.000000000000000000, 1.000000000000000000, -3.043374519257555536E-16 ) ) ;
#9667 = PRESENTATION_STYLE_ASSIGNMENT (( #1397 ) ) ;
#9668 = EDGE_CURVE ( 'NONE', #4067, #4620, #6399, .T. ) ;
#9669 = EDGE_CURVE ( 'NONE', #9787, #6841, #1223, .T. ) ;
#9670 = ORIENTED_EDGE ( 'NONE', *, *, #8040, .T. ) ;
#9671 = ADVANCED_FACE ( 'NONE', ( #4765 ), #4107, .F. ) ;
#9672 = DIRECTION ( 'NONE',  ( 8.031127203596330602E-17, -2.449293598294701484E-16, -1.000000000000000000 ) ) ;
#9673 = ORIENTED_EDGE ( 'NONE', *, *, #4810, .T. ) ;
#9674 = VECTOR ( 'NONE', #9360, 1000.000000000000000 ) ;
#9675 = DIRECTION ( 'NONE',  ( 0.000000000000000000, 0.000000000000000000, 1.000000000000000000 ) ) ;
#9676 = ORIENTED_EDGE ( 'NONE', *, *, #1455, .T. ) ;
#9677 = FACE_OUTER_BOUND ( 'NONE', #1269, .T. ) ;
#9678 = CARTESIAN_POINT ( 'NONE',  ( -16.54999999999999716, 7.500000000000002665, -5.499999999999996447 ) ) ;
#9679 = EDGE_CURVE ( 'NONE', #7259, #3651, #1989, .T. ) ;
#9680 = DIRECTION ( 'NONE',  ( -4.066575051493318340E-32, -1.000000000000000000, 1.172110456741085828E-16 ) ) ;
#9681 = DIRECTION ( 'NONE',  ( 0.000000000000000000, 0.000000000000000000, -1.000000000000000000 ) ) ;
#9682 = CARTESIAN_POINT ( 'NONE',  ( -7.999999999999996447, 22.60000000000000142, 5.599999999999996092 ) ) ;
#9683 = VECTOR ( 'NONE', #4999, 1000.000000000000000 ) ;
#9684 = DIRECTION ( 'NONE',  ( 1.000000000000000000, -0.000000000000000000, -0.000000000000000000 ) ) ;
#9685 = CIRCLE ( 'NONE', #11221, 1.999999999999999112 ) ;
#9686 = ORIENTED_EDGE ( 'NONE', *, *, #1426, .T. ) ;
#9687 = ORIENTED_EDGE ( 'NONE', *, *, #6877, .F. ) ;
#9688 = EDGE_CURVE ( 'NONE', #2435, #1698, #11199, .T. ) ;
#9689 = CARTESIAN_POINT ( 'NONE',  ( 16.54999999999999716, 7.400000000000004796, -5.400000000000012790 ) ) ;
#9690 = ORIENTED_EDGE ( 'NONE', *, *, #6089, .T. ) ;
#9691 = VECTOR ( 'NONE', #2070, 1000.000000000000000 ) ;
#9692 = CYLINDRICAL_SURFACE ( 'NONE', #9786, 0.1999999999999996503 ) ;
#9693 = VECTOR ( 'NONE', #2735, 1000.000000000000000 ) ;
#9694 = CIRCLE ( 'NONE', #1267, 1.199999999999999956 ) ;
#9695 = DIRECTION ( 'NONE',  ( -1.000000000000000000, 0.000000000000000000, -0.000000000000000000 ) ) ;
#9696 = STYLED_ITEM ( 'NONE', ( #2504 ), #4979 ) ;
#9697 = FILL_AREA_STYLE_COLOUR ( '', #11228 ) ;
#9698 = PLANE ( 'NONE',  #4332 ) ;
#9699 = AXIS2_PLACEMENT_3D ( 'NONE', #5101, #10574, #10516 ) ;
#9700 = DIRECTION ( 'NONE',  ( -1.000000000000000000, 0.000000000000000000, 0.000000000000000000 ) ) ;
#9701 = CIRCLE ( 'NONE', #1081, 3.000000000000000000 ) ;
#9702 = B_SPLINE_CURVE_WITH_KNOTS ( 'NONE', 3,
 ( #3086, #6627, #5901, #7581, #2191, #5838, #8599, #515, #11252, #4026 ),
 .UNSPECIFIED., .F., .F.,
 ( 4, 2, 2, 2, 4 ),
 ( 0.004373497768337910284, 0.004796577203204229270, 0.005219656638070547389, 0.005642736072936866375, 0.006065815507803185361 ),
 .UNSPECIFIED. ) ;
#9703 = CARTESIAN_POINT ( 'NONE',  ( -8.849999999999996092, 5.900000000000002132, 2.999999999999998668 ) ) ;
#9704 = VECTOR ( 'NONE', #5859, 1000.000000000000000 ) ;
#9705 = VERTEX_POINT ( 'NONE', #2095 ) ;
#9706 = LINE ( 'NONE', #5921, #6254 ) ;
#9707 = FACE_OUTER_BOUND ( 'NONE', #5646, .T. ) ;
#9708 = VERTEX_POINT ( 'NONE', #1131 ) ;
#9709 = EDGE_CURVE ( 'NONE', #11209, #10149, #6698, .T. ) ;
#9710 = LINE ( 'NONE', #2337, #10352 ) ;
#9711 = CARTESIAN_POINT ( 'NONE',  ( -6.850000000000001421, 13.02097974195209851, 3.231351419844254114 ) ) ;
#9712 = FACE_OUTER_BOUND ( 'NONE', #11570, .T. ) ;
#9713 = CARTESIAN_POINT ( 'NONE',  ( 21.55000000000000426, 7.600000000000003197, 5.399999999999992362 ) ) ;
#9714 = ORIENTED_EDGE ( 'NONE', *, *, #6318, .F. ) ;
#9715 = EDGE_CURVE ( 'NONE', #4273, #282, #4827, .T. ) ;
#9716 = CARTESIAN_POINT ( 'NONE',  ( 4.699999999999999289, -4.000000000000000000, -7.400000000000004796 ) ) ;
#9717 = VERTEX_POINT ( 'NONE', #3868 ) ;
#9718 = ORIENTED_EDGE ( 'NONE', *, *, #2632, .F. ) ;
#9719 = ORIENTED_EDGE ( 'NONE', *, *, #3364, .T. ) ;
#9720 = DIRECTION ( 'NONE',  ( -0.000000000000000000, -1.000000000000000000, -0.000000000000000000 ) ) ;
#9721 = ORIENTED_EDGE ( 'NONE', *, *, #6005, .T. ) ;
#9722 = CARTESIAN_POINT ( 'NONE',  ( 21.05000000000000071, 12.45031130731456059, -0.5000000000000007772 ) ) ;
#9723 = ORIENTED_EDGE ( 'NONE', *, *, #3338, .F. ) ;
#9724 = LINE ( 'NONE', #7914, #6127 ) ;
#9725 = FACE_OUTER_BOUND ( 'NONE', #10790, .T. ) ;
#9726 = DIRECTION ( 'NONE',  ( 0.000000000000000000, -4.130293990420964459E-16, -1.000000000000000000 ) ) ;
#9727 = CARTESIAN_POINT ( 'NONE',  ( 6.350000000000001421, 3.900000000000002576, 1.999999999999991340 ) ) ;
#9728 = EDGE_CURVE ( 'NONE', #11063, #11192, #3042, .T. ) ;
#9729 = ORIENTED_EDGE ( 'NONE', *, *, #451, .T. ) ;
#9730 = ADVANCED_FACE ( 'NONE', ( #8441 ), #4888, .F. ) ;
#9731 = DIRECTION ( 'NONE',  ( 0.000000000000000000, 1.000000000000000000, -1.283079494065685941E-16 ) ) ;
#9732 = VERTEX_POINT ( 'NONE', #6761 ) ;
#9733 = CARTESIAN_POINT ( 'NONE',  ( 4.699999999999999289, 9.400000000000002132, -2.000000000000006661 ) ) ;
#9734 = VERTEX_POINT ( 'NONE', #1313 ) ;
#9735 = DIRECTION ( 'NONE',  ( -0.000000000000000000, -1.000000000000000000, 1.040834085586083468E-15 ) ) ;
#9736 = CARTESIAN_POINT ( 'NONE',  ( 8.350000000000003197, 12.45031130731456059, 0.4999999999999982792 ) ) ;
#9737 = EDGE_CURVE ( 'NONE', #6855, #5208, #7721, .T. ) ;
#9738 = DIRECTION ( 'NONE',  ( 0.000000000000000000, -0.000000000000000000, 1.000000000000000000 ) ) ;
#9739 = LINE ( 'NONE', #2259, #6117 ) ;
#9740 = CARTESIAN_POINT ( 'NONE',  ( -47.67189334955345004, 2.500000000000002220, 7.400000000000005684 ) ) ;
#9741 = EDGE_CURVE ( 'NONE', #7639, #7139, #6003, .T. ) ;
#9742 = DIRECTION ( 'NONE',  ( 8.659560562354922997E-17, 0.7071067811865483499, -0.7071067811865466846 ) ) ;
#9743 = ORIENTED_EDGE ( 'NONE', *, *, #8043, .T. ) ;
#9744 = EDGE_CURVE ( 'NONE', #4259, #1135, #3104, .T. ) ;
#9745 = ORIENTED_EDGE ( 'NONE', *, *, #6588, .F. ) ;
#9746 = EDGE_CURVE ( 'NONE', #681, #4082, #10369, .T. ) ;
#9747 = DIRECTION ( 'NONE',  ( -0.8191520442889935749, 0.5735764363510434949, 0.000000000000000000 ) ) ;
#9748 = VERTEX_POINT ( 'NONE', #3219 ) ;
#9749 = DIRECTION ( 'NONE',  ( -0.3236155771181863927, 0.8891264907159871500, -0.3236155771181863372 ) ) ;
#9750 = EDGE_CURVE ( 'NONE', #6566, #8897, #9464, .T. ) ;
#9751 = CARTESIAN_POINT ( 'NONE',  ( -1.250000000000007994, 0.5000000000000000000, 10.09999999999999432 ) ) ;
#9752 = DIRECTION ( 'NONE',  ( 0.000000000000000000, 1.000000000000000000, -1.283079494065685941E-16 ) ) ;
#9753 = DIRECTION ( 'NONE',  ( -1.000000000000000000, -0.000000000000000000, -0.000000000000000000 ) ) ;
#9754 = ADVANCED_FACE ( 'NONE', ( #3924 ), #2211, .T. ) ;
#9755 = DIRECTION ( 'NONE',  ( 0.000000000000000000, 4.818676322157799347E-16, -1.000000000000000000 ) ) ;
#9756 = VECTOR ( 'NONE', #11612, 1000.000000000000000 ) ;
#9757 = CIRCLE ( 'NONE', #2864, 0.2999999999999994893 ) ;
#9758 = CARTESIAN_POINT ( 'NONE',  ( 4.699999999999999289, 7.400000000000003020, -5.600000000000009415 ) ) ;
#9759 = VERTEX_POINT ( 'NONE', #9348 ) ;
#9760 = VECTOR ( 'NONE', #3786, 1000.000000000000000 ) ;
#9761 = PLANE ( 'NONE',  #6245 ) ;
#9762 = LINE ( 'NONE', #11679, #1176 ) ;
#9763 = VERTEX_POINT ( 'NONE', #290 ) ;
#9764 = DIRECTION ( 'NONE',  ( -0.000000000000000000, -1.000000000000000000, -0.000000000000000000 ) ) ;
#9765 = DIRECTION ( 'NONE',  ( 0.000000000000000000, -0.000000000000000000, 1.000000000000000000 ) ) ;
#9766 = LINE ( 'NONE', #10899, #6825 ) ;
#9767 = VECTOR ( 'NONE', #8660, 1000.000000000000114 ) ;
#9768 = CARTESIAN_POINT ( 'NONE',  ( -24.15000000000000568, 22.60000000000000142, -7.400000000000000355 ) ) ;
#9769 = VECTOR ( 'NONE', #1391, 1000.000000000000000 ) ;
#9770 = VECTOR ( 'NONE', #8872, 1000.000000000000000 ) ;
#9771 = ORIENTED_EDGE ( 'NONE', *, *, #2061, .T. ) ;
#9772 = EDGE_CURVE ( 'NONE', #47, #9944, #11265, .T. ) ;
#9773 = LINE ( 'NONE', #2634, #2067 ) ;
#9774 = EDGE_LOOP ( 'NONE', ( #7350, #7935, #4214, #9981 ) ) ;
#9775 = ORIENTED_EDGE ( 'NONE', *, *, #5252, .F. ) ;
#9776 = CIRCLE ( 'NONE', #4019, 0.2999999999999994893 ) ;
#9777 = CYLINDRICAL_SURFACE ( 'NONE', #8549, 0.5000000000000000000 ) ;
#9778 = VERTEX_POINT ( 'NONE', #7661 ) ;
#9779 = CARTESIAN_POINT ( 'NONE',  ( -16.54999999999999361, 3.499999999999998668, 5.600000000000003197 ) ) ;
#9780 = VERTEX_POINT ( 'NONE', #416 ) ;
#9781 = CARTESIAN_POINT ( 'NONE',  ( -3.849999999999999201, 7.500000000000004441, -5.500000000000000000 ) ) ;
#9782 = LINE ( 'NONE', #7810, #7755 ) ;
#9783 = CARTESIAN_POINT ( 'NONE',  ( 8.000000000000003553, 5.900000000000003020, 2.999999999999993783 ) ) ;
#9784 = DIRECTION ( 'NONE',  ( 1.000000000000000000, -0.000000000000000000, 8.031127203596331834E-17 ) ) ;
#9785 = FILL_AREA_STYLE ('',( #6303 ) ) ;
#9786 = AXIS2_PLACEMENT_3D ( 'NONE', #4274, #2436, #4392 ) ;
#9787 = VERTEX_POINT ( 'NONE', #4046 ) ;
#9788 = LINE ( 'NONE', #2529, #8654 ) ;
#9789 = ORIENTED_EDGE ( 'NONE', *, *, #4549, .T. ) ;
#9790 = LINE ( 'NONE', #9001, #235 ) ;
#9791 = ORIENTED_EDGE ( 'NONE', *, *, #7033, .T. ) ;
#9792 = DIRECTION ( 'NONE',  ( -8.031127203596330602E-17, 0.000000000000000000, 1.000000000000000000 ) ) ;
#9793 = EDGE_CURVE ( 'NONE', #2799, #11846, #1365, .T. ) ;
#9794 = CARTESIAN_POINT ( 'NONE',  ( -5.849999999999997868, 13.47618576818516445, -2.527375340104997647 ) ) ;
#9795 = ORIENTED_EDGE ( 'NONE', *, *, #4810, .F. ) ;
#9796 = VECTOR ( 'NONE', #11104, 1000.000000000000000 ) ;
#9797 = CARTESIAN_POINT ( 'NONE',  ( -19.04999999999999716, 3.900000000000002576, 0.000000000000000000 ) ) ;
#9798 = FACE_BOUND ( 'NONE', #5762, .T. ) ;
#9799 = DIRECTION ( 'NONE',  ( 0.000000000000000000, 2.449293598294701484E-16, -1.000000000000000000 ) ) ;
#9800 = LINE ( 'NONE', #632, #1802 ) ;
#9801 = AXIS2_PLACEMENT_3D ( 'NONE', #4256, #7988, #8818 ) ;
#9802 = ORIENTED_EDGE ( 'NONE', *, *, #3592, .T. ) ;
#9803 = AXIS2_PLACEMENT_3D ( 'NONE', #10603, #1367, #6606 ) ;
#9804 = ORIENTED_EDGE ( 'NONE', *, *, #3963, .T. ) ;
#9805 = DIRECTION ( 'NONE',  ( 0.000000000000000000, -1.283079494065685694E-16, -1.000000000000000000 ) ) ;
#9806 = VECTOR ( 'NONE', #4394, 1000.000000000000000 ) ;
#9807 = DIRECTION ( 'NONE',  ( -0.000000000000000000, 0.000000000000000000, 1.000000000000000000 ) ) ;
#9808 = ADVANCED_FACE ( 'NONE', ( #11449, #2031 ), #3442, .F. ) ;
#9809 = AXIS2_PLACEMENT_3D ( 'NONE', #1006, #9223, #11813 ) ;
#9810 = VERTEX_POINT ( 'NONE', #2556 ) ;
#9811 = DIRECTION ( 'NONE',  ( -1.000000000000000000, 0.000000000000000000, -8.031127203596331834E-17 ) ) ;
#9812 = ADVANCED_FACE ( 'NONE', ( #6153 ), #4224, .F. ) ;
#9813 = CARTESIAN_POINT ( 'NONE',  ( -26.65000000000000568, 0.5000000000000000000, -8.600000000000003197 ) ) ;
#9814 = ADVANCED_FACE ( 'NONE', ( #10600 ), #2381, .F. ) ;
#9815 = PLANE ( 'NONE',  #1846 ) ;
#9816 = FACE_OUTER_BOUND ( 'NONE', #4413, .T. ) ;
#9817 = EDGE_CURVE ( 'NONE', #7141, #4082, #8906, .T. ) ;
#9818 = EDGE_CURVE ( 'NONE', #259, #10548, #4398, .T. ) ;
#9819 = DIRECTION ( 'NONE',  ( 4.688441826964343312E-16, 1.172110456741085828E-16, 1.000000000000000000 ) ) ;
#9820 = ORIENTED_EDGE ( 'NONE', *, *, #8040, .F. ) ;
#9821 =( LENGTH_UNIT ( ) NAMED_UNIT ( * ) SI_UNIT ( .MILLI., .METRE. ) );
#9822 = LINE ( 'NONE', #7119, #8442 ) ;
#9823 = ORIENTED_EDGE ( 'NONE', *, *, #4879, .F. ) ;
#9824 = AXIS2_PLACEMENT_3D ( 'NONE', #9432, #2068, #11111 ) ;
#9825 = CARTESIAN_POINT ( 'NONE',  ( -18.54999999999999361, 12.50000000000000000, 3.447142787940708608 ) ) ;
#9826 = LINE ( 'NONE', #10000, #1664 ) ;
#9827 = LINE ( 'NONE', #1612, #9257 ) ;
#9828 = VERTEX_POINT ( 'NONE', #11555 ) ;
#9829 = CIRCLE ( 'NONE', #11375, 0.2999999999999994893 ) ;
#9830 = DIRECTION ( 'NONE',  ( -0.000000000000000000, -1.000000000000000000, -0.000000000000000000 ) ) ;
#9831 = ORIENTED_EDGE ( 'NONE', *, *, #7094, .T. ) ;
#9832 = EDGE_CURVE ( 'NONE', #9077, #4248, #2327, .T. ) ;
#9833 = VERTEX_POINT ( 'NONE', #3391 ) ;
#9834 = DIRECTION ( 'NONE',  ( -4.066575051493318340E-32, -1.000000000000000000, 1.172110456741085828E-16 ) ) ;
#9835 = ORIENTED_EDGE ( 'NONE', *, *, #4064, .T. ) ;
#9836 = FACE_OUTER_BOUND ( 'NONE', #5473, .T. ) ;
#9837 = ORIENTED_EDGE ( 'NONE', *, *, #3660, .T. ) ;
#9838 = EDGE_LOOP ( 'NONE', ( #2562, #4909, #5333, #5638 ) ) ;
#9839 = DIRECTION ( 'NONE',  ( 4.066575051493318340E-32, -1.000000000000000000, -1.172110456741085828E-16 ) ) ;
#9840 = DIRECTION ( 'NONE',  ( 0.000000000000000000, -0.000000000000000000, 1.000000000000000000 ) ) ;
#9841 = CARTESIAN_POINT ( 'NONE',  ( -16.54999999999999716, 7.500000000000002665, -7.399999999999995914 ) ) ;
#9842 = VECTOR ( 'NONE', #1192, 1000.000000000000000 ) ;
#9843 = DIRECTION ( 'NONE',  ( -1.000000000000000000, 0.000000000000000000, 0.000000000000000000 ) ) ;
#9844 = SURFACE_SIDE_STYLE ('',( #8943 ) ) ;
#9845 = ORIENTED_EDGE ( 'NONE', *, *, #4714, .F. ) ;
#9847 = PLANE ( 'NONE',  #3463 ) ;
#9846 = VECTOR ( 'NONE', #7469, 1000.000000000000000 ) ;
#9848 = ORIENTED_EDGE ( 'NONE', *, *, #7461, .T. ) ;
#9849 = CARTESIAN_POINT ( 'NONE',  ( -18.54999999999999716, 12.45031130731456059, -2.000000000000000000 ) ) ;
#9850 = ORIENTED_EDGE ( 'NONE', *, *, #8638, .T. ) ;
#9851 = CARTESIAN_POINT ( 'NONE',  ( 16.44999999999998508, 2.499999999999987566, -7.400000000000011013 ) ) ;
#9852 = CARTESIAN_POINT ( 'NONE',  ( -6.850000000000003197, 13.47566243020010290, -2.528827620778222318 ) ) ;
#9853 = ORIENTED_EDGE ( 'NONE', *, *, #9222, .F. ) ;
#9854 = CARTESIAN_POINT ( 'NONE',  ( 8.000000000000000000, 7.500000000000002665, -5.500000000000005329 ) ) ;
#9855 = CARTESIAN_POINT ( 'NONE',  ( -6.350000000000001421, 0.000000000000000000, 0.5000000000000009992 ) ) ;
#9856 = CARTESIAN_POINT ( 'NONE',  ( 10.60000000000000142, 24.33502884254439991, 4.249999999999989342 ) ) ;
#9857 = DIRECTION ( 'NONE',  ( 0.000000000000000000, 0.5735764363510434949, -0.8191520442889935749 ) ) ;
#9858 = ORIENTED_EDGE ( 'NONE', *, *, #2754, .F. ) ;
#9859 = AXIS2_PLACEMENT_3D ( 'NONE', #2150, #413, #4042 ) ;
#9860 = ORIENTED_EDGE ( 'NONE', *, *, #2984, .F. ) ;
#9861 = CARTESIAN_POINT ( 'NONE',  ( 8.000000000000003553, 7.500000000000004441, 7.399999999999991473 ) ) ;
#9862 = DIRECTION ( 'NONE',  ( 8.659560562354922997E-17, 0.7071067811865483499, -0.7071067811865466846 ) ) ;
#9863 = EDGE_CURVE ( 'NONE', #1590, #11248, #6097, .T. ) ;
#9864 = ORIENTED_EDGE ( 'NONE', *, *, #3660, .F. ) ;
#9865 = CARTESIAN_POINT ( 'NONE',  ( -19.54999999999999716, 13.03878455832425054, -3.248868441461825629 ) ) ;
#9866 = PLANE ( 'NONE',  #4617 ) ;
#9867 = LINE ( 'NONE', #7285, #3917 ) ;
#9868 = AXIS2_PLACEMENT_3D ( 'NONE', #6960, #3301, #6064 ) ;
#9869 = CARTESIAN_POINT ( 'NONE',  ( 19.05000000000000071, 10.90000000000000036, 1.999999999999992228 ) ) ;
#9870 = DIRECTION ( 'NONE',  ( -4.066575051493318340E-32, -1.000000000000000000, 1.172110456741085828E-16 ) ) ;
#9871 = DIRECTION ( 'NONE',  ( 1.000000000000000000, -0.000000000000000000, 8.031127203596330602E-17 ) ) ;
#9872 = AXIS2_PLACEMENT_3D ( 'NONE', #6594, #11152, #1258 ) ;
#9873 = EDGE_CURVE ( 'NONE', #4321, #7259, #7838, .T. ) ;
#9874 = VECTOR ( 'NONE', #7550, 1000.000000000000000 ) ;
#9875 = ADVANCED_FACE ( 'NONE', ( #10717 ), #1665, .T. ) ;
#9876 = VECTOR ( 'NONE', #10146, 1000.000000000000000 ) ;
#9877 = CARTESIAN_POINT ( 'NONE',  ( -47.67189334955344293, 8.099999999999999645, 10.10000000000000497 ) ) ;
#9878 = AXIS2_PLACEMENT_3D ( 'NONE', #6568, #8542, #4929 ) ;
#9879 = VERTEX_POINT ( 'NONE', #6032 ) ;
#9880 = CARTESIAN_POINT ( 'NONE',  ( 5.850000000000001421, 11.40000000000000391, -0.5000000000000086597 ) ) ;
#9881 = EDGE_LOOP ( 'NONE', ( #7225, #8432, #449, #6925 ) ) ;
#9882 = EDGE_CURVE ( 'NONE', #10553, #5954, #9639, .T. ) ;
#9883 = VECTOR ( 'NONE', #10868, 1000.000000000000000 ) ;
#9884 = LINE ( 'NONE', #3336, #5855 ) ;
#9885 = CARTESIAN_POINT ( 'NONE',  ( -5.849999999999997868, 13.50000000000000178, -0.4999999999999971689 ) ) ;
#9886 = CONICAL_SURFACE ( 'NONE', #3926, 2.000000000000000000, 0.7853981633974471688 ) ;
#9887 = LINE ( 'NONE', #602, #3686 ) ;
#9888 = VECTOR ( 'NONE', #7659, 1000.000000000000000 ) ;
#9889 = EDGE_CURVE ( 'NONE', #7933, #5431, #5243, .T. ) ;
#9890 = CIRCLE ( 'NONE', #3369, 0.2000000000000005107 ) ;
#9891 = VECTOR ( 'NONE', #10549, 1000.000000000000227 ) ;
#9892 = VERTEX_POINT ( 'NONE', #8737 ) ;
#9893 = ADVANCED_FACE ( 'NONE', ( #642 ), #1613, .T. ) ;
#9894 = VECTOR ( 'NONE', #11142, 1000.000000000000000 ) ;
#9895 = ADVANCED_FACE ( 'NONE', ( #8013 ), #7946, .F. ) ;
#9896 = CYLINDRICAL_SURFACE ( 'NONE', #11053, 1.999999999999999112 ) ;
#9897 = ORIENTED_EDGE ( 'NONE', *, *, #4654, .T. ) ;
#9898 = VERTEX_POINT ( 'NONE', #5186 ) ;
#9899 = LINE ( 'NONE', #6294, #2795 ) ;
#9900 = ORIENTED_EDGE ( 'NONE', *, *, #8012, .F. ) ;
#9901 = DIRECTION ( 'NONE',  ( 1.000000000000000000, 0.000000000000000000, -0.000000000000000000 ) ) ;
#9902 = ORIENTED_EDGE ( 'NONE', *, *, #3864, .F. ) ;
#9903 = CARTESIAN_POINT ( 'NONE',  ( -6.349999999999997868, 3.650000000000002132, 1.750000000000001554 ) ) ;
#9904 = FACE_OUTER_BOUND ( 'NONE', #3789, .T. ) ;
#9905 = DIRECTION ( 'NONE',  ( 0.000000000000000000, -1.000000000000000000, 0.000000000000000000 ) ) ;
#9906 = LINE ( 'NONE', #2751, #10653 ) ;
#9907 = PRESENTATION_STYLE_ASSIGNMENT (( #11761 ) ) ;
#9908 = AXIS2_PLACEMENT_3D ( 'NONE', #8201, #11088, #6468 ) ;
#9909 = EDGE_CURVE ( 'NONE', #136, #2123, #11618, .T. ) ;
#9910 = ORIENTED_EDGE ( 'NONE', *, *, #4757, .F. ) ;
#9911 = DIRECTION ( 'NONE',  ( 0.000000000000000000, -1.000000000000000000, 0.000000000000000000 ) ) ;
#9912 = ORIENTED_EDGE ( 'NONE', *, *, #4661, .F. ) ;
#9913 = DIRECTION ( 'NONE',  ( -1.000000000000000000, 0.000000000000000000, -8.031127203596330602E-17 ) ) ;
#9914 = ORIENTED_EDGE ( 'NONE', *, *, #10308, .F. ) ;
#9915 = CARTESIAN_POINT ( 'NONE',  ( -3.849999999999995648, 7.400000000000003020, 5.400000000000001243 ) ) ;
#9916 = DIRECTION ( 'NONE',  ( 0.000000000000000000, 1.000000000000000000, 0.000000000000000000 ) ) ;
#9917 = ORIENTED_EDGE ( 'NONE', *, *, #2199, .T. ) ;
#9918 = CARTESIAN_POINT ( 'NONE',  ( -24.15000000000000568, 8.099999999999999645, 10.10000000000000142 ) ) ;
#9919 = DIRECTION ( 'NONE',  ( 1.000000000000000000, -0.000000000000000000, 0.000000000000000000 ) ) ;
#9920 = CARTESIAN_POINT ( 'NONE',  ( -47.67189334955345004, 8.099999999999999645, 7.400000000000004796 ) ) ;
#9921 = CARTESIAN_POINT ( 'NONE',  ( 21.05000000000000071, 13.50000000000000178, -0.5000000000000007772 ) ) ;
#9922 = ORIENTED_EDGE ( 'NONE', *, *, #2700, .F. ) ;
#9923 = ORIENTED_EDGE ( 'NONE', *, *, #11600, .T. ) ;
#9924 = DIRECTION ( 'NONE',  ( 2.282859610154040965E-32, -1.000000000000000000, 1.283079494065685694E-16 ) ) ;
#9925 = ADVANCED_FACE ( 'NONE', ( #9816 ), #8968, .F. ) ;
#9926 = LINE ( 'NONE', #8060, #8837 ) ;
#9927 = ORIENTED_EDGE ( 'NONE', *, *, #10692, .T. ) ;
#9928 = CARTESIAN_POINT ( 'NONE',  ( -19.54999999999999716, 12.77814680476041609, -3.399635396878496252 ) ) ;
#9929 = CARTESIAN_POINT ( 'NONE',  ( -8.849999999999996092, 7.400000000000003020, 5.400000000000001243 ) ) ;
#9930 = CARTESIAN_POINT ( 'NONE',  ( -19.04999999999999716, 11.40000000000000213, -3.500000000000001332 ) ) ;
#9931 = DIRECTION ( 'NONE',  ( -1.000000000000000000, 0.000000000000000000, -8.031127203596330602E-17 ) ) ;
#9932 = LINE ( 'NONE', #10834, #6392 ) ;
#9933 = EDGE_CURVE ( 'NONE', #6113, #2572, #9932, .T. ) ;
#9934 = ORIENTED_EDGE ( 'NONE', *, *, #8722, .F. ) ;
#9935 = DIRECTION ( 'NONE',  ( 0.000000000000000000, 0.000000000000000000, -1.000000000000000000 ) ) ;
#9936 = ORIENTED_EDGE ( 'NONE', *, *, #6557, .F. ) ;
#9937 = DIRECTION ( 'NONE',  ( 0.000000000000000000, 1.172110456741085828E-16, 1.000000000000000000 ) ) ;
#9938 = EDGE_CURVE ( 'NONE', #2011, #1199, #1842, .T. ) ;
#9939 = ORIENTED_EDGE ( 'NONE', *, *, #803, .T. ) ;
#9940 = CARTESIAN_POINT ( 'NONE',  ( -10.59999999999999787, 9.400000000000002132, -4.749999999999999112 ) ) ;
#9941 = CARTESIAN_POINT ( 'NONE',  ( -2.100000000000000977, 10.90000000000000036, 4.249999999999998224 ) ) ;
#9942 = DIRECTION ( 'NONE',  ( 0.000000000000000000, 1.000000000000000000, 0.000000000000000000 ) ) ;
#9943 = VECTOR ( 'NONE', #5115, 1000.000000000000000 ) ;
#9944 = VERTEX_POINT ( 'NONE', #4512 ) ;
#9945 = VECTOR ( 'NONE', #7849, 1000.000000000000114 ) ;
#9946 = CARTESIAN_POINT ( 'NONE',  ( -17.39999999999999858, -4.000000000000000000, -7.399999999999995914 ) ) ;
#9947 = ORIENTED_EDGE ( 'NONE', *, *, #6718, .F. ) ;
#9948 = ORIENTED_EDGE ( 'NONE', *, *, #7024, .F. ) ;
#9949 = EDGE_CURVE ( 'NONE', #638, #6116, #2728, .T. ) ;
#9950 = DIRECTION ( 'NONE',  ( 1.000000000000000000, -0.000000000000000000, -0.000000000000000000 ) ) ;
#9951 = ORIENTED_EDGE ( 'NONE', *, *, #5513, .F. ) ;
#9952 = VECTOR ( 'NONE', #10887, 1000.000000000000000 ) ;
#9953 = CARTESIAN_POINT ( 'NONE',  ( -11.45000000000000462, 9.399999999999998579, 7.399999999999996803 ) ) ;
#9954 = CARTESIAN_POINT ( 'NONE',  ( -3.849999999999999201, 7.300000000000003375, -3.300000000000001155 ) ) ;
#9955 = VERTEX_POINT ( 'NONE', #8185 ) ;
#9956 = VECTOR ( 'NONE', #3537, 1000.000000000000000 ) ;
#9957 = DIRECTION ( 'NONE',  ( 0.000000000000000000, 1.000000000000000000, 0.000000000000000000 ) ) ;
#9958 = EDGE_CURVE ( 'NONE', #8832, #5579, #10892, .T. ) ;
#9959 = PLANE ( 'NONE',  #8909 ) ;
#9960 = DIRECTION ( 'NONE',  ( 0.000000000000000000, 0.000000000000000000, -1.000000000000000000 ) ) ;
#9961 = ADVANCED_FACE ( 'NONE', ( #7346 ), #11759, .T. ) ;
#9962 = AXIS2_PLACEMENT_3D ( 'NONE', #635, #3384, #9075 ) ;
#9963 = ORIENTED_EDGE ( 'NONE', *, *, #11434, .F. ) ;
#9964 = EDGE_CURVE ( 'NONE', #7818, #4414, #3614, .T. ) ;
#9965 = EDGE_CURVE ( 'NONE', #10096, #511, #1962, .T. ) ;
#9966 = AXIS2_PLACEMENT_3D ( 'NONE', #663, #3584, #1621 ) ;
#9967 = CARTESIAN_POINT ( 'NONE',  ( -24.15000000000000568, 0.5000000000000000000, -8.600000000000003197 ) ) ;
#9968 = ORIENTED_EDGE ( 'NONE', *, *, #10032, .T. ) ;
#9969 = DIRECTION ( 'NONE',  ( 0.000000000000000000, 0.000000000000000000, 1.000000000000000000 ) ) ;
#9970 = ORIENTED_EDGE ( 'NONE', *, *, #6697, .T. ) ;
#9971 = CARTESIAN_POINT ( 'NONE',  ( 4.699999999999999289, 7.500000000000002665, -7.400000000000004796 ) ) ;
#9972 = DIRECTION ( 'NONE',  ( 0.000000000000000000, -1.000000000000000000, 0.000000000000000000 ) ) ;
#9973 = VERTEX_POINT ( 'NONE', #7168 ) ;
#9974 = EDGE_CURVE ( 'NONE', #5520, #11160, #8125, .T. ) ;
#9975 = DIRECTION ( 'NONE',  ( -6.938893903907233308E-16, 0.000000000000000000, -1.000000000000000000 ) ) ;
#9976 = DIRECTION ( 'NONE',  ( 0.000000000000000000, -1.000000000000000000, 0.000000000000000000 ) ) ;
#9977 = LINE ( 'NONE', #7998, #10656 ) ;
#9978 = VECTOR ( 'NONE', #9092, 1000.000000000000000 ) ;
#9979 = CARTESIAN_POINT ( 'NONE',  ( 8.000000000000000000, 2.500000000000002220, 7.400000000000005684 ) ) ;
#9980 = VERTEX_POINT ( 'NONE', #2670 ) ;
#9981 = ORIENTED_EDGE ( 'NONE', *, *, #4230, .F. ) ;
#9982 = FACE_OUTER_BOUND ( 'NONE', #2254, .T. ) ;
#9983 = CARTESIAN_POINT ( 'NONE',  ( -24.15000000000000568, 0.000000000000000000, 12.09999999999999964 ) ) ;
#9984 = ORIENTED_EDGE ( 'NONE', *, *, #9949, .T. ) ;
#9985 = LINE ( 'NONE', #4627, #5745 ) ;
#9986 = ADVANCED_FACE ( 'NONE', ( #46 ), #168, .F. ) ;
#9987 = CARTESIAN_POINT ( 'NONE',  ( -20.69999999999999929, -3.450504516109082598, -7.399999999999995914 ) ) ;
#9988 = CARTESIAN_POINT ( 'NONE',  ( 20.70000000000000284, -3.999999999999999112, 5.599999999999988987 ) ) ;
#9989 = AXIS2_PLACEMENT_3D ( 'NONE', #7698, #11359, #510 ) ;
#9990 = DIRECTION ( 'NONE',  ( 8.031127203596330602E-17, 4.818676322157799347E-16, -1.000000000000000000 ) ) ;
#9991 = CARTESIAN_POINT ( 'NONE',  ( -47.67189334955344293, 8.099999999999999645, 10.10000000000000497 ) ) ;
#9992 = CIRCLE ( 'NONE', #4601, 3.000000000000000000 ) ;
#9993 = DIRECTION ( 'NONE',  ( -0.000000000000000000, -1.000000000000000000, -0.000000000000000000 ) ) ;
#9994 = ORIENTED_EDGE ( 'NONE', *, *, #8490, .F. ) ;
#9995 = LINE ( 'NONE', #9758, #7678 ) ;
#9996 = ORIENTED_EDGE ( 'NONE', *, *, #3290, .T. ) ;
#9997 = DIRECTION ( 'NONE',  ( -3.571792610879097845E-15, 0.000000000000000000, 1.000000000000000000 ) ) ;
#9998 = EDGE_LOOP ( 'NONE', ( #1793, #1316, #9912, #1685 ) ) ;
#9999 = LINE ( 'NONE', #3510, #10057 ) ;
#10000 = CARTESIAN_POINT ( 'NONE',  ( 3.850000000000002753, 5.900000000000003020, 1.999999999999994005 ) ) ;
#10001 = CARTESIAN_POINT ( 'NONE',  ( -18.54999999999999716, 12.50000000000000000, 2.000000000000000000 ) ) ;
#10002 = ORIENTED_EDGE ( 'NONE', *, *, #3150, .F. ) ;
#10003 = DIRECTION ( 'NONE',  ( 0.000000000000000000, -1.000000000000000000, 0.000000000000000000 ) ) ;
#10004 = ORIENTED_EDGE ( 'NONE', *, *, #5180, .F. ) ;
#10005 = ORIENTED_EDGE ( 'NONE', *, *, #5513, .T. ) ;
#10006 =( NAMED_UNIT ( * ) SI_UNIT ( $, .STERADIAN. ) SOLID_ANGLE_UNIT ( ) );
#10007 = VERTEX_POINT ( 'NONE', #10949 ) ;
#10008 = PLANE ( 'NONE',  #10924 ) ;
#10009 = DIRECTION ( 'NONE',  ( 1.000000000000000000, 1.967058844685892123E-32, 8.031127203596330602E-17 ) ) ;
#10010 = ORIENTED_EDGE ( 'NONE', *, *, #5177, .F. ) ;
#10011 = DIRECTION ( 'NONE',  ( 1.000000000000000000, 0.000000000000000000, -0.000000000000000000 ) ) ;
#10012 = CARTESIAN_POINT ( 'NONE',  ( 19.55000000000000071, 13.50000000000000178, 1.999999999999992228 ) ) ;
#10013 = FACE_OUTER_BOUND ( 'NONE', #5688, .T. ) ;
#10014 = FACE_OUTER_BOUND ( 'NONE', #2346, .T. ) ;
#10015 = VECTOR ( 'NONE', #7942, 1000.000000000000000 ) ;
#10016 = ORIENTED_EDGE ( 'NONE', *, *, #2671, .T. ) ;
#10017 = LINE ( 'NONE', #4724, #10947 ) ;
#10018 = ORIENTED_EDGE ( 'NONE', *, *, #6217, .T. ) ;
#10019 = EDGE_CURVE ( 'NONE', #5206, #2961, #5048, .T. ) ;
#10020 = CARTESIAN_POINT ( 'NONE',  ( -3.849999999999995648, 7.300000000000002487, 3.299999999999998934 ) ) ;
#10021 = ORIENTED_EDGE ( 'NONE', *, *, #5974, .F. ) ;
#10022 = VECTOR ( 'NONE', #8250, 1000.000000000000000 ) ;
#10023 = CARTESIAN_POINT ( 'NONE',  ( -47.67189334955345004, 8.099999999999999645, 7.400000000000004796 ) ) ;
#10024 = DIRECTION ( 'NONE',  ( 1.020425574104004246E-16, -1.172110456741085828E-16, 1.000000000000000000 ) ) ;
#10025 = ORIENTED_EDGE ( 'NONE', *, *, #2609, .T. ) ;
#10026 = CARTESIAN_POINT ( 'NONE',  ( -20.69999999999999929, 2.500000000000002220, -7.399999999999995914 ) ) ;
#10027 = FACE_OUTER_BOUND ( 'NONE', #1635, .T. ) ;
#10028 = DIRECTION ( 'NONE',  ( 0.000000000000000000, 0.7071067811865483499, 0.7071067811865466846 ) ) ;
#10029 = CARTESIAN_POINT ( 'NONE',  ( -14.79999999999999716, 24.33502884254439991, -4.750000000000000888 ) ) ;
#10030 = ADVANCED_FACE ( 'NONE', ( #1056 ), #6390, .F. ) ;
#10031 = DIRECTION ( 'NONE',  ( 0.000000000000000000, 0.000000000000000000, 1.000000000000000000 ) ) ;
#10032 = EDGE_CURVE ( 'NONE', #8915, #8934, #1777, .T. ) ;
#10033 = EDGE_LOOP ( 'NONE', ( #10377, #9673, #8259, #10366 ) ) ;
#10034 = VECTOR ( 'NONE', #1301, 1000.000000000000000 ) ;
#10035 = ORIENTED_EDGE ( 'NONE', *, *, #2493, .F. ) ;
#10036 = CARTESIAN_POINT ( 'NONE',  ( 6.350000000000001421, 11.40000000000000213, -8.639603194080566470E-15 ) ) ;
#10037 = ORIENTED_EDGE ( 'NONE', *, *, #9964, .T. ) ;
#10038 = LINE ( 'NONE', #1829, #3661 ) ;
#10039 = EDGE_CURVE ( 'NONE', #10568, #7596, #6455, .T. ) ;
#10040 = ORIENTED_EDGE ( 'NONE', *, *, #5721, .T. ) ;
#10041 = CARTESIAN_POINT ( 'NONE',  ( -13.94999999999999574, 9.400000000000002132, -7.399999999999999467 ) ) ;
#10042 = DIRECTION ( 'NONE',  ( 0.000000000000000000, 0.000000000000000000, 1.000000000000000000 ) ) ;
#10043 = DIRECTION ( 'NONE',  ( 1.000000000000000000, -0.000000000000000000, 8.031127203596331834E-17 ) ) ;
#10044 = CARTESIAN_POINT ( 'NONE',  ( 4.699999999999999289, 7.300000000000002487, -3.000000000000007105 ) ) ;
#10045 = DIRECTION ( 'NONE',  ( 1.000000000000000000, 0.000000000000000000, -6.938893903907232322E-16 ) ) ;
#10046 = EDGE_LOOP ( 'NONE', ( #6488, #10040, #2742, #6637 ) ) ;
#10047 = EDGE_CURVE ( 'NONE', #7500, #9077, #7154, .T. ) ;
#10048 = VECTOR ( 'NONE', #8091, 1000.000000000000000 ) ;
#10049 = VECTOR ( 'NONE', #7388, 1000.000000000000000 ) ;
#10050 = DIRECTION ( 'NONE',  ( 0.000000000000000000, 1.000000000000000000, 0.000000000000000000 ) ) ;
#10051 = VERTEX_POINT ( 'NONE', #7411 ) ;
#10052 = ORIENTED_EDGE ( 'NONE', *, *, #5926, .T. ) ;
#10053 = DIRECTION ( 'NONE',  ( 0.000000000000000000, 1.000000000000000000, 0.000000000000000000 ) ) ;
#10054 = LINE ( 'NONE', #10123, #3748 ) ;
#10055 = LINE ( 'NONE', #11020, #10791 ) ;
#10056 = VECTOR ( 'NONE', #4266, 1000.000000000000000 ) ;
#10057 = VECTOR ( 'NONE', #2627, 1000.000000000000000 ) ;
#10058 = VERTEX_POINT ( 'NONE', #2852 ) ;
#10059 = VECTOR ( 'NONE', #5583, 1000.000000000000000 ) ;
#10060 = AXIS2_PLACEMENT_3D ( 'NONE', #9201, #5663, #9333 ) ;
#10061 = DIRECTION ( 'NONE',  ( -0.000000000000000000, -1.000000000000000000, 6.484268945210251886E-17 ) ) ;
#10062 = VERTEX_POINT ( 'NONE', #6510 ) ;
#10063 = ADVANCED_FACE ( 'NONE', ( #5541 ), #10114, .F. ) ;
#10064 = AXIS2_PLACEMENT_3D ( 'NONE', #5082, #4903, #8798 ) ;
#10065 = ORIENTED_EDGE ( 'NONE', *, *, #7094, .F. ) ;
#10066 = CARTESIAN_POINT ( 'NONE',  ( 8.849999999999999645, 7.400000000000003020, -5.400000000000009237 ) ) ;
#10067 = VECTOR ( 'NONE', #9726, 1000.000000000000000 ) ;
#10068 = CARTESIAN_POINT ( 'NONE',  ( -8.000000000000000000, 7.400000000000004796, -5.600000000000003197 ) ) ;
#10069 = DIRECTION ( 'NONE',  ( 0.000000000000000000, 0.000000000000000000, 1.000000000000000000 ) ) ;
#10070 = DIRECTION ( 'NONE',  ( 0.000000000000000000, 0.000000000000000000, 1.000000000000000000 ) ) ;
#10071 = VERTEX_POINT ( 'NONE', #10171 ) ;
#10072 = AXIS2_PLACEMENT_3D ( 'NONE', #8673, #2497, #5241 ) ;
#10073 = FACE_OUTER_BOUND ( 'NONE', #6563, .T. ) ;
#10074 = VECTOR ( 'NONE', #8868, 1000.000000000000000 ) ;
#10075 = DIRECTION ( 'NONE',  ( -1.000000000000000000, -0.000000000000000000, 6.938893903907233308E-16 ) ) ;
#10076 = PRESENTATION_LAYER_ASSIGNMENT (  '', '', ( #8924 ) ) ;
#10077 = DIRECTION ( 'NONE',  ( -3.854941057726246577E-15, 0.000000000000000000, -1.000000000000000000 ) ) ;
#10078 = CIRCLE ( 'NONE', #4905, 1.999999999999999112 ) ;
#10079 = EDGE_CURVE ( 'NONE', #10162, #3674, #5604, .T. ) ;
#10080 = VERTEX_POINT ( 'NONE', #6752 ) ;
#10081 = LINE ( 'NONE', #9362, #5777 ) ;
#10082 = ORIENTED_EDGE ( 'NONE', *, *, #2348, .T. ) ;
#10083 = LINE ( 'NONE', #4788, #992 ) ;
#10084 = VERTEX_POINT ( 'NONE', #1181 ) ;
#10085 = CARTESIAN_POINT ( 'NONE',  ( 7.800000000000001599, -3.999999999999999112, -5.600000000000004974 ) ) ;
#10086 = ORIENTED_EDGE ( 'NONE', *, *, #10607, .F. ) ;
#10087 = CARTESIAN_POINT ( 'NONE',  ( -6.850000000000002309, 12.77543280243899382, -3.373929230633662346 ) ) ;
#10088 = ORIENTED_EDGE ( 'NONE', *, *, #9525, .F. ) ;
#10089 = VECTOR ( 'NONE', #2554, 1000.000000000000000 ) ;
#10090 = CARTESIAN_POINT ( 'NONE',  ( -47.67189334955344293, 0.5000000000000000000, 10.10000000000000320 ) ) ;
#10091 = FACE_OUTER_BOUND ( 'NONE', #10798, .T. ) ;
#10092 = FACE_OUTER_BOUND ( 'NONE', #467, .T. ) ;
#10093 = DIRECTION ( 'NONE',  ( 0.000000000000000000, 1.000000000000000000, 0.000000000000000000 ) ) ;
#10094 = EDGE_CURVE ( 'NONE', #6948, #2294, #6689, .T. ) ;
#10095 = ADVANCED_FACE ( 'NONE', ( #3978 ), #8550, .T. ) ;
#10096 = VERTEX_POINT ( 'NONE', #3091 ) ;
#10097 = DIRECTION ( 'NONE',  ( 0.000000000000000000, 0.000000000000000000, -1.000000000000000000 ) ) ;
#10098 = ORIENTED_EDGE ( 'NONE', *, *, #7017, .T. ) ;
#10099 = ORIENTED_EDGE ( 'NONE', *, *, #6086, .F. ) ;
#10100 = DIRECTION ( 'NONE',  ( -0.000000000000000000, -1.000000000000000000, 1.285763445415553567E-15 ) ) ;
#10101 = ORIENTED_EDGE ( 'NONE', *, *, #9040, .F. ) ;
#10102 = ORIENTED_EDGE ( 'NONE', *, *, #10245, .T. ) ;
#10103 = CARTESIAN_POINT ( 'NONE',  ( -19.04999999999999716, -3.358379542590069988, 0.000000000000000000 ) ) ;
#10104 = VERTEX_POINT ( 'NONE', #5001 ) ;
#10105 = DIRECTION ( 'NONE',  ( 0.000000000000000000, 0.000000000000000000, 1.000000000000000000 ) ) ;
#10106 = ADVANCED_FACE ( 'NONE', ( #6636 ), #7649, .F. ) ;
#10107 = FACE_OUTER_BOUND ( 'NONE', #2286, .T. ) ;
#10108 = FACE_OUTER_BOUND ( 'NONE', #5286, .T. ) ;
#10109 = LINE ( 'NONE', #5538, #6621 ) ;
#10110 = CLOSED_SHELL ( 'NONE', ( #2275, #10106, #9592, #1489, #3639, #1663, #3784, #7694, #7750, #9808, #3009, #5334 ) ) ;
#10111 = CIRCLE ( 'NONE', #2442, 1.999999999999999112 ) ;
#10112 = PLANE ( 'NONE',  #6821 ) ;
#10113 = EDGE_CURVE ( 'NONE', #2215, #11489, #10361, .T. ) ;
#10114 = PLANE ( 'NONE',  #2750 ) ;
#10115 = ORIENTED_EDGE ( 'NONE', *, *, #10188, .F. ) ;
#10116 = EDGE_CURVE ( 'NONE', #7084, #6021, #3800, .T. ) ;
#10117 = EDGE_CURVE ( 'NONE', #5958, #2572, #7523, .T. ) ;
#10118 = DIRECTION ( 'NONE',  ( 0.000000000000000000, 0.000000000000000000, -1.000000000000000000 ) ) ;
#10119 = ORIENTED_EDGE ( 'NONE', *, *, #5088, .F. ) ;
#10120 = VERTEX_POINT ( 'NONE', #9397 ) ;
#10121 = EDGE_CURVE ( 'NONE', #4892, #379, #8604, .T. ) ;
#10122 = CARTESIAN_POINT ( 'NONE',  ( 6.850000000000002309, 11.40000000000000391, -0.5000000000000085487 ) ) ;
#10123 = CARTESIAN_POINT ( 'NONE',  ( -47.67189334955345004, 2.500000000000001776, 5.599999999999996092 ) ) ;
#10124 = DIRECTION ( 'NONE',  ( 1.000000000000000000, -0.000000000000000000, 8.031127203596330602E-17 ) ) ;
#10125 = ORIENTED_EDGE ( 'NONE', *, *, #10138, .F. ) ;
#10126 = DIRECTION ( 'NONE',  ( 0.000000000000000000, 0.000000000000000000, -1.000000000000000000 ) ) ;
#10127 = ORIENTED_EDGE ( 'NONE', *, *, #6953, .F. ) ;
#10128 = ORIENTED_EDGE ( 'NONE', *, *, #4815, .T. ) ;
#10129 = LINE ( 'NONE', #2216, #11432 ) ;
#10130 = ORIENTED_EDGE ( 'NONE', *, *, #6507, .T. ) ;
#10131 = DIRECTION ( 'NONE',  ( -1.000000000000000000, 0.000000000000000000, -3.491481338843133355E-15 ) ) ;
#10132 = CARTESIAN_POINT ( 'NONE',  ( 3.849999999999999201, 2.499999999999998668, -5.600000000000006750 ) ) ;
#10133 = VERTEX_POINT ( 'NONE', #10415 ) ;
#10134 = SURFACE_STYLE_USAGE ( .BOTH. , #2933 ) ;
#10135 = DIRECTION ( 'NONE',  ( 0.000000000000000000, 1.000000000000000000, -2.861084389389397439E-16 ) ) ;
#10136 = CARTESIAN_POINT ( 'NONE',  ( 18.55000000000000071, 12.45031130731456059, 1.999999999999992228 ) ) ;
#10137 = CARTESIAN_POINT ( 'NONE',  ( -19.04999999999999716, 10.90000000000000036, 1.999999999999999112 ) ) ;
#10138 = EDGE_CURVE ( 'NONE', #3505, #8897, #3148, .T. ) ;
#10139 = ORIENTED_EDGE ( 'NONE', *, *, #10922, .T. ) ;
#10140 = FACE_OUTER_BOUND ( 'NONE', #10960, .T. ) ;
#10141 = AXIS2_PLACEMENT_3D ( 'NONE', #11799, #764, #5190 ) ;
#10142 = ORIENTED_EDGE ( 'NONE', *, *, #2357, .F. ) ;
#10143 = VECTOR ( 'NONE', #3542, 1000.000000000000000 ) ;
#10144 = LINE ( 'NONE', #140, #7883 ) ;
#10145 = ORIENTED_EDGE ( 'NONE', *, *, #3344, .F. ) ;
#10146 = DIRECTION ( 'NONE',  ( -0.000000000000000000, -1.000000000000000000, -0.000000000000000000 ) ) ;
#10147 = ORIENTED_EDGE ( 'NONE', *, *, #9161, .F. ) ;
#10148 = LINE ( 'NONE', #9313, #8801 ) ;
#10149 = VERTEX_POINT ( 'NONE', #2144 ) ;
#10150 = AXIS2_PLACEMENT_3D ( 'NONE', #270, #156, #1113 ) ;
#10151 = FACE_OUTER_BOUND ( 'NONE', #6784, .T. ) ;
#10152 = PLANE ( 'NONE',  #7455 ) ;
#10153 = PLANE ( 'NONE',  #2599 ) ;
#10154 = CARTESIAN_POINT ( 'NONE',  ( -1.250000000000004663, 44.34419462753220387, 12.09999999999999609 ) ) ;
#10155 = FACE_OUTER_BOUND ( 'NONE', #1999, .T. ) ;
#10156 = VECTOR ( 'NONE', #6487, 1000.000000000000000 ) ;
#10157 = CONICAL_SURFACE ( 'NONE', #8232, 2.000000000000000000, 0.7853981633974471688 ) ;
#10158 = ORIENTED_EDGE ( 'NONE', *, *, #2202, .F. ) ;
#10159 = ORIENTED_EDGE ( 'NONE', *, *, #11865, .T. ) ;
#10160 = DIRECTION ( 'NONE',  ( 0.000000000000000000, -1.000000000000000000, -0.000000000000000000 ) ) ;
#10161 = EDGE_CURVE ( 'NONE', #3631, #8097, #4874, .T. ) ;
#10162 = VERTEX_POINT ( 'NONE', #11132 ) ;
#10163 = CARTESIAN_POINT ( 'NONE',  ( -47.67189334955345004, 8.099999999999999645, 7.400000000000004796 ) ) ;
#10164 = ORIENTED_EDGE ( 'NONE', *, *, #10902, .F. ) ;
#10165 = DIRECTION ( 'NONE',  ( 0.000000000000000000, 0.000000000000000000, 1.000000000000000000 ) ) ;
#10166 = AXIS2_PLACEMENT_3D ( 'NONE', #1560, #1740, #5378 ) ;
#10167 = DIRECTION ( 'NONE',  ( 2.282859610154041239E-32, -1.000000000000000000, 1.283079494065685941E-16 ) ) ;
#10168 = LINE ( 'NONE', #11367, #353 ) ;
#10169 = LINE ( 'NONE', #1052, #9099 ) ;
#10170 =( NAMED_UNIT ( * ) PLANE_ANGLE_UNIT ( ) SI_UNIT ( $, .RADIAN. ) );
#10171 = CARTESIAN_POINT ( 'NONE',  ( -21.54999999999999716, 5.900000000000003020, 2.000000000000002665 ) ) ;
#10172 = ORIENTED_EDGE ( 'NONE', *, *, #11541, .T. ) ;
#10173 = VECTOR ( 'NONE', #9343, 1000.000000000000000 ) ;
#10174 = EDGE_CURVE ( 'NONE', #5225, #6409, #2200, .T. ) ;
#10175 = ADVANCED_FACE ( 'NONE', ( #10301 ), #281, .F. ) ;
#10176 = FACE_OUTER_BOUND ( 'NONE', #9109, .T. ) ;
#10177 = EDGE_CURVE ( 'NONE', #1308, #789, #227, .T. ) ;
#10178 = CLOSED_SHELL ( 'NONE', ( #10, #3568, #11146, #11655, #1109, #736, #5908, #5491, #11458, #2499, #6304, #6715, #226 ) ) ;
#10179 = VERTEX_POINT ( 'NONE', #2022 ) ;
#10180 = ORIENTED_EDGE ( 'NONE', *, *, #9528, .F. ) ;
#10181 = CIRCLE ( 'NONE', #8455, 2.000000000000000000 ) ;
#10182 = FACE_OUTER_BOUND ( 'NONE', #3771, .T. ) ;
#10183 = LINE ( 'NONE', #9156, #3193 ) ;
#10184 = EDGE_CURVE ( 'NONE', #5943, #8105, #4935, .T. ) ;
#10185 = ADVANCED_FACE ( 'NONE', ( #11191 ), #11257, .F. ) ;
#10186 = LINE ( 'NONE', #10001, #11556 ) ;
#10187 = AXIS2_PLACEMENT_3D ( 'NONE', #4663, #8271, #78 ) ;
#10188 = EDGE_CURVE ( 'NONE', #8537, #5954, #5734, .T. ) ;
#10189 = VERTEX_POINT ( 'NONE', #9568 ) ;
#10190 = AXIS2_PLACEMENT_3D ( 'NONE', #9366, #2758, #8517 ) ;
#10191 = DIRECTION ( 'NONE',  ( -0.000000000000000000, -0.000000000000000000, 1.000000000000000000 ) ) ;
#10192 = ORIENTED_EDGE ( 'NONE', *, *, #5335, .T. ) ;
#10193 = ORIENTED_EDGE ( 'NONE', *, *, #6053, .F. ) ;
#10194 = ORIENTED_EDGE ( 'NONE', *, *, #8662, .F. ) ;
#10195 = AXIS2_PLACEMENT_3D ( 'NONE', #9689, #409, #4036 ) ;
#10196 = EDGE_LOOP ( 'NONE', ( #8556, #6400 ) ) ;
#10197 = DIRECTION ( 'NONE',  ( 0.3236155771181862817, -0.8891264907159871500, 0.3236155771181863372 ) ) ;
#10198 = DIRECTION ( 'NONE',  ( -1.000000000000000000, -0.000000000000000000, 6.938893903907233308E-16 ) ) ;
#10199 = ORIENTED_EDGE ( 'NONE', *, *, #1535, .F. ) ;
#10200 = FACE_OUTER_BOUND ( 'NONE', #8710, .T. ) ;
#10201 = PLANE ( 'NONE',  #6420 ) ;
#10202 = CARTESIAN_POINT ( 'NONE',  ( -19.04999999999999716, 3.900000000000002576, 0.000000000000000000 ) ) ;
#10203 = LINE ( 'NONE', #1143, #7174 ) ;
#10204 = VERTEX_POINT ( 'NONE', #9631 ) ;
#10205 = EDGE_CURVE ( 'NONE', #11266, #1515, #1412, .T. ) ;
#10206 = DIRECTION ( 'NONE',  ( 0.000000000000000000, 0.000000000000000000, -1.000000000000000000 ) ) ;
#10207 = VERTEX_POINT ( 'NONE', #4096 ) ;
#10208 = CARTESIAN_POINT ( 'NONE',  ( 8.000000000000003553, 7.500000000000004441, 5.499999999999992006 ) ) ;
#10209 = FACE_OUTER_BOUND ( 'NONE', #8962, .T. ) ;
#10210 = ORIENTED_EDGE ( 'NONE', *, *, #7289, .F. ) ;
#10211 = LINE ( 'NONE', #9971, #311 ) ;
#10212 = ORIENTED_EDGE ( 'NONE', *, *, #11573, .T. ) ;
#10213 = LINE ( 'NONE', #4853, #3439 ) ;
#10214 = ORIENTED_EDGE ( 'NONE', *, *, #10246, .F. ) ;
#10215 = LINE ( 'NONE', #2002, #3118 ) ;
#10216 = FACE_OUTER_BOUND ( 'NONE', #21, .T. ) ;
#10217 = DIRECTION ( 'NONE',  ( 0.000000000000000000, 0.000000000000000000, 1.000000000000000000 ) ) ;
#10218 = AXIS2_PLACEMENT_3D ( 'NONE', #7152, #4859, #7511 ) ;
#10219 = CARTESIAN_POINT ( 'NONE',  ( 8.950000000000006395, 9.399999999999993250, -7.400000000000004796 ) ) ;
#10220 = CARTESIAN_POINT ( 'NONE',  ( -16.54999999999999716, 2.499999999999998668, -7.400000000000001243 ) ) ;
#10221 = ORIENTED_EDGE ( 'NONE', *, *, #10284, .T. ) ;
#10222 = ORIENTED_EDGE ( 'NONE', *, *, #9034, .T. ) ;
#10224 = FACE_OUTER_BOUND ( 'NONE', #887, .T. ) ;
#10223 = AXIS2_PLACEMENT_3D ( 'NONE', #6210, #9871, #11671 ) ;
#10225 = VERTEX_POINT ( 'NONE', #6140 ) ;
#10226 = CARTESIAN_POINT ( 'NONE',  ( 19.05000000000000071, -3.358379542590069988, -2.000000000000007994 ) ) ;
#10227 = ORIENTED_EDGE ( 'NONE', *, *, #1101, .F. ) ;
#10228 = CARTESIAN_POINT ( 'NONE',  ( -16.54999999999999716, 7.400000000000003020, -5.400000000000000355 ) ) ;
#10229 =( LENGTH_UNIT ( ) NAMED_UNIT ( * ) SI_UNIT ( .MILLI., .METRE. ) );
#10230 = DIRECTION ( 'NONE',  ( 0.000000000000000000, 0.000000000000000000, -1.000000000000000000 ) ) ;
#10231 = DIRECTION ( 'NONE',  ( -1.606225440719265381E-16, 0.000000000000000000, -1.000000000000000000 ) ) ;
#10232 = CARTESIAN_POINT ( 'NONE',  ( 20.70000000000000284, 7.600000000000002309, 3.299999999999990052 ) ) ;
#10233 = CARTESIAN_POINT ( 'NONE',  ( -2.100000000000000977, 10.90000000000000036, -4.250000000000000000 ) ) ;
#10234 = AXIS2_PLACEMENT_3D ( 'NONE', #8069, #5070, #536 ) ;
#10235 = DIRECTION ( 'NONE',  ( 8.031127203596331834E-17, -2.449293598294701484E-16, -1.000000000000000000 ) ) ;
#10236 = ORIENTED_EDGE ( 'NONE', *, *, #6927, .T. ) ;
#10237 = EDGE_CURVE ( 'NONE', #5851, #1946, #7769, .T. ) ;
#10238 = AXIS2_PLACEMENT_3D ( 'NONE', #8173, #3546, #11840 ) ;
#10239 = DIRECTION ( 'NONE',  ( 0.000000000000000000, 1.000000000000000000, -1.283079494065685941E-16 ) ) ;
#10240 = ORIENTED_EDGE ( 'NONE', *, *, #561, .T. ) ;
#10241 = ORIENTED_EDGE ( 'NONE', *, *, #6685, .T. ) ;
#10242 = CARTESIAN_POINT ( 'NONE',  ( 3.849999999999999201, 2.499999999999998668, -5.600000000000006750 ) ) ;
#10243 = DIRECTION ( 'NONE',  ( 4.066575051493318340E-32, -1.000000000000000000, -1.172110456741085828E-16 ) ) ;
#10244 = DIRECTION ( 'NONE',  ( 0.000000000000000000, 0.000000000000000000, -1.000000000000000000 ) ) ;
#10245 = EDGE_CURVE ( 'NONE', #364, #3685, #10762, .T. ) ;
#10246 = EDGE_CURVE ( 'NONE', #5748, #9074, #5060, .T. ) ;
#10247 = ORIENTED_EDGE ( 'NONE', *, *, #3701, .F. ) ;
#10248 = CIRCLE ( 'NONE', #5643, 2.299999999999999822 ) ;
#10249 =( GEOMETRIC_REPRESENTATION_CONTEXT ( 3 ) GLOBAL_UNCERTAINTY_ASSIGNED_CONTEXT ( ( #3879 ) ) GLOBAL_UNIT_ASSIGNED_CONTEXT ( ( #3248, #9493, #11475 ) ) REPRESENTATION_CONTEXT ( 'NONE', 'WORKASPACE' ) );
#10250 = EDGE_CURVE ( 'NONE', #9708, #2532, #10529, .T. ) ;
#10251 = VERTEX_POINT ( 'NONE', #8891 ) ;
#10252 = SURFACE_STYLE_FILL_AREA ( #181 ) ;
#10253 = FACE_OUTER_BOUND ( 'NONE', #7292, .T. ) ;
#10254 = LINE ( 'NONE', #2043, #7859 ) ;
#10255 = CARTESIAN_POINT ( 'NONE',  ( 3.849999999999999201, 5.900000000000002132, -3.000000000000007105 ) ) ;
#10256 = ORIENTED_EDGE ( 'NONE', *, *, #1579, .T. ) ;
#10257 = EDGE_CURVE ( 'NONE', #9069, #4860, #8725, .T. ) ;
#10258 = CARTESIAN_POINT ( 'NONE',  ( -7.999999999999996447, 2.500000000000002220, 5.599999999999996092 ) ) ;
#10259 = DIRECTION ( 'NONE',  ( 1.000000000000000000, 2.282859610154040965E-32, 0.000000000000000000 ) ) ;
#10260 = UNCERTAINTY_MEASURE_WITH_UNIT (LENGTH_MEASURE( 1.000000000000000082E-05 ), #276, 'distance_accuracy_value', 'NONE');
#10261 = PLANE ( 'NONE',  #6247 ) ;
#10262 = AXIS2_PLACEMENT_3D ( 'NONE', #6887, #4115, #7164 ) ;
#10263 = AXIS2_PLACEMENT_3D ( 'NONE', #7732, #7798, #1202 ) ;
#10264 = DIRECTION ( 'NONE',  ( 0.000000000000000000, 0.000000000000000000, 1.000000000000000000 ) ) ;
#10265 = EDGE_CURVE ( 'NONE', #7405, #83, #4656, .T. ) ;
#10266 = EDGE_CURVE ( 'NONE', #8082, #1968, #11436, .T. ) ;
#10267 = VERTEX_POINT ( 'NONE', #5119 ) ;
#10268 = DIRECTION ( 'NONE',  ( 1.000000000000000000, -0.000000000000000000, -0.000000000000000000 ) ) ;
#10269 = AXIS2_PLACEMENT_3D ( 'NONE', #2657, #3482, #10759 ) ;
#10270 = VERTEX_POINT ( 'NONE', #2318 ) ;
#10271 = DIRECTION ( 'NONE',  ( 1.000000000000000000, 0.000000000000000000, 3.491481338843133355E-15 ) ) ;
#10272 = TOROIDAL_SURFACE ( 'NONE', #6239, 2.299999999999999822, 1.199999999999999956 ) ;
#10273 = DIRECTION ( 'NONE',  ( -1.000000000000000000, -1.967058844685892396E-32, -8.031127203596331834E-17 ) ) ;
#10274 = EDGE_LOOP ( 'NONE', ( #10115, #8381, #982, #57 ) ) ;
#10275 = VECTOR ( 'NONE', #4790, 1000.000000000000000 ) ;
#10276 = DIRECTION ( 'NONE',  ( -7.546790969812433263E-17, 0.3420201433256707113, 0.9396926207859076507 ) ) ;
#10277 = EDGE_LOOP ( 'NONE', ( #2941, #10102, #4791, #11385 ) ) ;
#10278 = LINE ( 'NONE', #7563, #1722 ) ;
#10279 = ORIENTED_EDGE ( 'NONE', *, *, #9750, .F. ) ;
#10280 = LINE ( 'NONE', #7387, #10964 ) ;
#10281 = DIRECTION ( 'NONE',  ( -1.000000000000000000, -1.967058844685892396E-32, -8.031127203596331834E-17 ) ) ;
#10282 = LINE ( 'NONE', #11056, #9691 ) ;
#10283 = DIRECTION ( 'NONE',  ( -6.938893903907233308E-16, 0.000000000000000000, -1.000000000000000000 ) ) ;
#10284 = EDGE_CURVE ( 'NONE', #10315, #8540, #4158, .T. ) ;
#10285 = AXIS2_PLACEMENT_3D ( 'NONE', #7731, #6835, #7797 ) ;
#10286 = VECTOR ( 'NONE', #10629, 1000.000000000000000 ) ;
#10287 = VECTOR ( 'NONE', #3600, 1000.000000000000000 ) ;
#10288 = CARTESIAN_POINT ( 'NONE',  ( 6.350000000000001421, 13.50000000000000000, -8.639603194080566470E-15 ) ) ;
#10289 = ORIENTED_EDGE ( 'NONE', *, *, #1229, .T. ) ;
#10290 = VERTEX_POINT ( 'NONE', #3265 ) ;
#10291 = CARTESIAN_POINT ( 'NONE',  ( 3.749999999999989342, 9.399999999999995026, 7.399999999999992362 ) ) ;
#10292 = ORIENTED_EDGE ( 'NONE', *, *, #3726, .T. ) ;
#10293 = VECTOR ( 'NONE', #3218, 1000.000000000000114 ) ;
#10294 = LINE ( 'NONE', #2901, #5575 ) ;
#10295 = EDGE_LOOP ( 'NONE', ( #4589, #806, #4582, #7924 ) ) ;
#10296 = DIRECTION ( 'NONE',  ( 4.066575051493318340E-32, -1.000000000000000000, -1.172110456741085828E-16 ) ) ;
#10297 = CARTESIAN_POINT ( 'NONE',  ( 6.350000000000001421, 12.30000000000000071, -8.639603194080566470E-15 ) ) ;
#10298 = DIRECTION ( 'NONE',  ( 0.000000000000000000, -0.000000000000000000, 1.000000000000000000 ) ) ;
#10299 = LINE ( 'NONE', #11255, #4384 ) ;
#10300 = DIRECTION ( 'NONE',  ( -1.000000000000000000, -1.967058844685892123E-32, -8.031127203596330602E-17 ) ) ;
#10301 = FACE_OUTER_BOUND ( 'NONE', #4742, .T. ) ;
#10302 = CIRCLE ( 'NONE', #11826, 1.750000000000000444 ) ;
#10303 = ORIENTED_EDGE ( 'NONE', *, *, #10350, .T. ) ;
#10304 = EDGE_CURVE ( 'NONE', #3433, #4331, #9800, .T. ) ;
#10305 = DIRECTION ( 'NONE',  ( 4.066575051493318340E-32, 1.000000000000000000, -1.172110456741085828E-16 ) ) ;
#10306 = ORIENTED_EDGE ( 'NONE', *, *, #8490, .T. ) ;
#10307 = ORIENTED_EDGE ( 'NONE', *, *, #5793, .T. ) ;
#10308 = EDGE_CURVE ( 'NONE', #2470, #11606, #1583, .T. ) ;
#10309 = ADVANCED_FACE ( 'NONE', ( #3208 ), #5172, .T. ) ;
#10310 = PLANE ( 'NONE',  #4281 ) ;
#10311 = CARTESIAN_POINT ( 'NONE',  ( -4.699999999999995737, 2.499999999999998668, 7.399999999999996803 ) ) ;
#10312 = DIRECTION ( 'NONE',  ( -0.000000000000000000, -1.000000000000000000, 1.285763445415553567E-15 ) ) ;
#10313 = ORIENTED_EDGE ( 'NONE', *, *, #1682, .T. ) ;
#10314 = EDGE_CURVE ( 'NONE', #9618, #4373, #2429, .T. ) ;
#10315 = VERTEX_POINT ( 'NONE', #4267 ) ;
#10316 = ORIENTED_EDGE ( 'NONE', *, *, #8788, .T. ) ;
#10317 =( LENGTH_UNIT ( ) NAMED_UNIT ( * ) SI_UNIT ( .MILLI., .METRE. ) );
#10318 = DIRECTION ( 'NONE',  ( 0.000000000000000000, -1.000000000000000000, 0.000000000000000000 ) ) ;
#10319 = CARTESIAN_POINT ( 'NONE',  ( -3.849999999999999201, 7.500000000000004441, -7.399999999999999467 ) ) ;
#10320 = CARTESIAN_POINT ( 'NONE',  ( 18.55000000000000071, 11.40000000000000391, -0.5000000000000077716 ) ) ;
#10321 = VERTEX_POINT ( 'NONE', #686 ) ;
#10322 = DIRECTION ( 'NONE',  ( -0.000000000000000000, -1.000000000000000000, -0.000000000000000000 ) ) ;
#10323 = DIRECTION ( 'NONE',  ( -0.000000000000000000, -1.000000000000000000, -0.000000000000000000 ) ) ;
#10324 = CARTESIAN_POINT ( 'NONE',  ( -6.349999999999997868, 12.30000000000000071, 1.019953154856734144E-15 ) ) ;
#10325 = ORIENTED_EDGE ( 'NONE', *, *, #4600, .F. ) ;
#10326 = EDGE_CURVE ( 'NONE', #9342, #8695, #574, .T. ) ;
#10327 = DIRECTION ( 'NONE',  ( 0.000000000000000000, 0.000000000000000000, 1.000000000000000000 ) ) ;
#10328 = ORIENTED_EDGE ( 'NONE', *, *, #6493, .T. ) ;
#10329 = DIRECTION ( 'NONE',  ( 0.000000000000000000, 0.000000000000000000, 1.000000000000000000 ) ) ;
#10330 = ORIENTED_EDGE ( 'NONE', *, *, #7771, .F. ) ;
#10331 = ADVANCED_FACE ( 'NONE', ( #11602 ), #1643, .F. ) ;
#10332 = DIRECTION ( 'NONE',  ( 0.000000000000000000, 1.000000000000000000, 5.310377987684098923E-16 ) ) ;
#10333 = ORIENTED_EDGE ( 'NONE', *, *, #3567, .T. ) ;
#10334 = PLANE ( 'NONE',  #10916 ) ;
#10335 = EDGE_LOOP ( 'NONE', ( #2268, #8878, #8755, #4349 ) ) ;
#10336 = ADVANCED_FACE ( 'NONE', ( #6087 ), #8828, .F. ) ;
#10337 = EDGE_CURVE ( 'NONE', #2486, #1922, #5294, .T. ) ;
#10338 = DIRECTION ( 'NONE',  ( 9.637352644315598694E-16, 0.000000000000000000, -1.000000000000000000 ) ) ;
#10339 = LINE ( 'NONE', #206, #4962 ) ;
#10340 = CARTESIAN_POINT ( 'NONE',  ( -8.849999999999996092, 7.300000000000002487, 2.999999999999999112 ) ) ;
#10341 = LINE ( 'NONE', #5591, #6433 ) ;
#10342 = EDGE_CURVE ( 'NONE', #9465, #6360, #5618, .T. ) ;
#10343 = CARTESIAN_POINT ( 'NONE',  ( -6.350000000000001421, 0.000000000000000000, 0.5000000000000009992 ) ) ;
#10344 = ADVANCED_FACE ( 'NONE', ( #9068 ), #31, .F. ) ;
#10345 = ORIENTED_EDGE ( 'NONE', *, *, #52, .T. ) ;
#10346 = VERTEX_POINT ( 'NONE', #11059 ) ;
#10347 = AXIS2_PLACEMENT_3D ( 'NONE', #7463, #4812, #278 ) ;
#10348 = DIRECTION ( 'NONE',  ( -1.000000000000000000, 0.000000000000000000, 0.000000000000000000 ) ) ;
#10349 = EDGE_LOOP ( 'NONE', ( #9429, #10969, #1033, #6459 ) ) ;
#10350 = EDGE_CURVE ( 'NONE', #7339, #1526, #5527, .T. ) ;
#10351 = LINE ( 'NONE', #8292, #9421 ) ;
#10352 = VECTOR ( 'NONE', #11513, 1000.000000000000000 ) ;
#10353 = VECTOR ( 'NONE', #11663, 1000.000000000000000 ) ;
#10354 = ORIENTED_EDGE ( 'NONE', *, *, #5550, .F. ) ;
#10355 = LINE ( 'NONE', #9506, #6699 ) ;
#10356 = CARTESIAN_POINT ( 'NONE',  ( 8.000000000000000000, 22.60000000000000142, -5.599999999999996092 ) ) ;
#10357 = CARTESIAN_POINT ( 'NONE',  ( 13.94999999999999396, 0.5000000000000000000, 12.09999999999998899 ) ) ;
#10358 = LINE ( 'NONE', #9682, #4483 ) ;
#10359 = TOROIDAL_SURFACE ( 'NONE', #4766, 3.000000000000000000, 0.5000000000000011102 ) ;
#10360 = VECTOR ( 'NONE', #5998, 1000.000000000000000 ) ;
#10361 = LINE ( 'NONE', #5673, #5423 ) ;
#10362 = VERTEX_POINT ( 'NONE', #10994 ) ;
#10363 = EDGE_CURVE ( 'NONE', #10926, #3433, #11774, .T. ) ;
#10364 = AXIS2_PLACEMENT_3D ( 'NONE', #9032, #6219, #3447 ) ;
#10365 = DIRECTION ( 'NONE',  ( 1.000000000000000000, 0.000000000000000000, 0.000000000000000000 ) ) ;
#10366 = ORIENTED_EDGE ( 'NONE', *, *, #11702, .F. ) ;
#10367 = PLANE ( 'NONE',  #9859 ) ;
#10368 = LINE ( 'NONE', #11264, #10858 ) ;
#10369 = LINE ( 'NONE', #4946, #9842 ) ;
#10370 = ORIENTED_EDGE ( 'NONE', *, *, #2083, .F. ) ;
#10371 = VECTOR ( 'NONE', #5393, 1000.000000000000000 ) ;
#10372 = VERTEX_POINT ( 'NONE', #6375 ) ;
#10373 = DIRECTION ( 'NONE',  ( 1.000000000000000000, 0.000000000000000000, -2.040851148208008491E-16 ) ) ;
#10374 = LINE ( 'NONE', #9202, #8834 ) ;
#10375 = DIRECTION ( 'NONE',  ( -8.031127203596331834E-17, -2.449293598294701484E-16, 1.000000000000000000 ) ) ;
#10376 = LINE ( 'NONE', #10320, #486 ) ;
#10377 = ORIENTED_EDGE ( 'NONE', *, *, #9007, .T. ) ;
#10378 = DIRECTION ( 'NONE',  ( 2.282859610154041239E-32, -1.000000000000000000, 1.283079494065685941E-16 ) ) ;
#10379 = CARTESIAN_POINT ( 'NONE',  ( -20.69999999999999929, -3.450504516109081710, -5.599999999999996092 ) ) ;
#10380 = DIRECTION ( 'NONE',  ( 0.000000000000000000, 1.000000000000000000, 0.000000000000000000 ) ) ;
#10381 = VECTOR ( 'NONE', #1401, 1000.000000000000000 ) ;
#10382 = CARTESIAN_POINT ( 'NONE',  ( -18.54999999999999361, 13.30983675198806715, 2.920754270978309197 ) ) ;
#10383 = VECTOR ( 'NONE', #1809, 1000.000000000000000 ) ;
#10384 = ORIENTED_EDGE ( 'NONE', *, *, #9207, .T. ) ;
#10385 = VECTOR ( 'NONE', #11005, 1000.000000000000000 ) ;
#10386 = VECTOR ( 'NONE', #9862, 1000.000000000000000 ) ;
#10387 = CYLINDRICAL_SURFACE ( 'NONE', #9340, 0.5000000000000004441 ) ;
#10388 = ORIENTED_EDGE ( 'NONE', *, *, #8571, .F. ) ;
#10389 = FACE_OUTER_BOUND ( 'NONE', #11147, .T. ) ;
#10390 = VERTEX_POINT ( 'NONE', #10937 ) ;
#10391 = LINE ( 'NONE', #2291, #6992 ) ;
#10392 = ORIENTED_EDGE ( 'NONE', *, *, #7693, .F. ) ;
#10393 = CARTESIAN_POINT ( 'NONE',  ( -5.849999999999997868, 12.45031130731456059, -1.999999999999999112 ) ) ;
#10394 = ORIENTED_EDGE ( 'NONE', *, *, #3362, .F. ) ;
#10395 = PLANE ( 'NONE',  #4632 ) ;
#10396 = DIRECTION ( 'NONE',  ( -0.000000000000000000, -1.000000000000000000, -0.000000000000000000 ) ) ;
#10397 = CARTESIAN_POINT ( 'NONE',  ( -19.04999999999999716, 12.30000000000000249, 0.000000000000000000 ) ) ;
#10398 = DIRECTION ( 'NONE',  ( 0.000000000000000000, -1.000000000000000000, 0.000000000000000000 ) ) ;
#10399 = CARTESIAN_POINT ( 'NONE',  ( -6.349999999999997868, 12.50000000000000000, 1.019953154856734144E-15 ) ) ;
#10400 = ORIENTED_EDGE ( 'NONE', *, *, #8433, .T. ) ;
#10401 = EDGE_CURVE ( 'NONE', #2902, #5562, #7163, .T. ) ;
#10402 = VERTEX_POINT ( 'NONE', #3718 ) ;
#10403 = FACE_OUTER_BOUND ( 'NONE', #2121, .T. ) ;
#10404 = ORIENTED_EDGE ( 'NONE', *, *, #6588, .T. ) ;
#10405 = FACE_OUTER_BOUND ( 'NONE', #6813, .T. ) ;
#10406 = ORIENTED_EDGE ( 'NONE', *, *, #1973, .F. ) ;
#10407 = DIRECTION ( 'NONE',  ( 0.000000000000000000, 0.000000000000000000, -1.000000000000000000 ) ) ;
#10408 = DIRECTION ( 'NONE',  ( -0.000000000000000000, 0.000000000000000000, 1.000000000000000000 ) ) ;
#10409 = EDGE_CURVE ( 'NONE', #4414, #8233, #6264, .T. ) ;
#10410 = CARTESIAN_POINT ( 'NONE',  ( -19.04999999999999716, 3.650000000000002132, -9.629649721936179265E-32 ) ) ;
#10411 = VECTOR ( 'NONE', #2891, 1000.000000000000000 ) ;
#10412 = DIRECTION ( 'NONE',  ( -0.000000000000000000, -1.000000000000000000, -0.000000000000000000 ) ) ;
#10413 = DIRECTION ( 'NONE',  ( 4.688441826964343312E-16, 1.172110456741085828E-16, 1.000000000000000000 ) ) ;
#10414 = ADVANCED_FACE ( 'NONE', ( #4495 ), #6320, .T. ) ;
#10415 = CARTESIAN_POINT ( 'NONE',  ( 3.849999999999999201, 5.900000000000002132, -3.000000000000007105 ) ) ;
#10416 = ORIENTED_EDGE ( 'NONE', *, *, #7651, .T. ) ;
#10417 = CIRCLE ( 'NONE', #10218, 0.5000000000000000000 ) ;
#10418 = EDGE_CURVE ( 'NONE', #10923, #9162, #3513, .T. ) ;
#10419 = LINE ( 'NONE', #4468, #6267 ) ;
#10420 = VERTEX_POINT ( 'NONE', #8957 ) ;
#10421 = CARTESIAN_POINT ( 'NONE',  ( 6.850000000000002309, 11.40000000000000391, 0.4999999999999947820 ) ) ;
#10422 = ORIENTED_EDGE ( 'NONE', *, *, #10546, .F. ) ;
#10423 = AXIS2_PLACEMENT_3D ( 'NONE', #9526, #5686, #2153 ) ;
#10424 = CARTESIAN_POINT ( 'NONE',  ( -1.600000000000000755, 9.400000000000002132, -4.250000000000000000 ) ) ;
#10425 = CARTESIAN_POINT ( 'NONE',  ( -18.54999999999999716, 12.45031130731456059, -2.000000000000000000 ) ) ;
#10426 = EDGE_CURVE ( 'NONE', #9124, #4273, #11763, .T. ) ;
#10427 = CARTESIAN_POINT ( 'NONE',  ( -4.349999999999999645, 13.50000000000000178, -0.4999999999999921174 ) ) ;
#10428 = VECTOR ( 'NONE', #10045, 1000.000000000000000 ) ;
#10429 = ORIENTED_EDGE ( 'NONE', *, *, #7937, .F. ) ;
#10430 = DIRECTION ( 'NONE',  ( -3.571792610879097845E-15, 0.000000000000000000, 1.000000000000000000 ) ) ;
#10431 = LINE ( 'NONE', #540, #1930 ) ;
#10432 = DIRECTION ( 'NONE',  ( 0.000000000000000000, -0.000000000000000000, 1.000000000000000000 ) ) ;
#10433 = ORIENTED_EDGE ( 'NONE', *, *, #4515, .F. ) ;
#10434 = CARTESIAN_POINT ( 'NONE',  ( -5.849999999999997868, 11.40000000000000391, -0.4999999999999955591 ) ) ;
#10435 = PLANE ( 'NONE',  #2786 ) ;
#10436 = CARTESIAN_POINT ( 'NONE',  ( -17.39999999999999503, 9.400000000000003908, 5.500000000000000000 ) ) ;
#10437 = LINE ( 'NONE', #5023, #2025 ) ;
#10438 = ORIENTED_EDGE ( 'NONE', *, *, #5157, .T. ) ;
#10439 = EDGE_CURVE ( 'NONE', #8819, #3983, #7332, .T. ) ;
#10440 = CARTESIAN_POINT ( 'NONE',  ( -6.349999999999997868, 12.50000000000000000, 3.483215956619924558 ) ) ;
#10441 = VERTEX_POINT ( 'NONE', #9012 ) ;
#10442 = VERTEX_POINT ( 'NONE', #1883 ) ;
#10443 = CARTESIAN_POINT ( 'NONE',  ( -16.54999999999999361, 9.400000000000003908, 5.500000000000000000 ) ) ;
#10444 = VECTOR ( 'NONE', #895, 1000.000000000000000 ) ;
#10445 = ORIENTED_EDGE ( 'NONE', *, *, #3798, .F. ) ;
#10446 = CARTESIAN_POINT ( 'NONE',  ( 20.69999999999999929, 0.5000000000000000000, 5.599999999999996092 ) ) ;
#10447 = EDGE_LOOP ( 'NONE', ( #5657, #9005, #3295, #11704, #178, #4111, #11466, #7148, #1015, #10523, #7203 ) ) ;
#10448 = AXIS2_PLACEMENT_3D ( 'NONE', #9267, #7466, #1288 ) ;
#10449 = DIRECTION ( 'NONE',  ( -1.000000000000000000, 1.967058844685892123E-32, -8.031127203596330602E-17 ) ) ;
#10450 = CARTESIAN_POINT ( 'NONE',  ( 8.850000000000003197, 7.400000000000004796, 5.399999999999995914 ) ) ;
#10451 = CARTESIAN_POINT ( 'NONE',  ( -17.39999999999999503, 5.900000000000003020, 2.000000000000002665 ) ) ;
#10452 = CARTESIAN_POINT ( 'NONE',  ( -19.04999999999999716, 10.90000000000000036, -2.000000000000000000 ) ) ;
#10453 = DIRECTION ( 'NONE',  ( 0.000000000000000000, 0.000000000000000000, -1.000000000000000000 ) ) ;
#10454 = EDGE_CURVE ( 'NONE', #4248, #11857, #8122, .T. ) ;
#10455 = ORIENTED_EDGE ( 'NONE', *, *, #4362, .F. ) ;
#10456 = AXIS2_PLACEMENT_3D ( 'NONE', #4092, #9630, #6137 ) ;
#10457 = ORIENTED_EDGE ( 'NONE', *, *, #11508, .F. ) ;
#10458 = AXIS2_PLACEMENT_3D ( 'NONE', #6943, #2388, #2450 ) ;
#10459 = VECTOR ( 'NONE', #1875, 1000.000000000000000 ) ;
#10460 = CARTESIAN_POINT ( 'NONE',  ( 24.15000000000000568, 0.000000000000000000, -8.600000000000003197 ) ) ;
#10461 = ORIENTED_EDGE ( 'NONE', *, *, #4596, .F. ) ;
#10462 = MECHANICAL_DESIGN_GEOMETRIC_PRESENTATION_REPRESENTATION (  '', ( #8538 ), #11420 ) ;
#10463 = LINE ( 'NONE', #11304, #9615 ) ;
#10464 = ORIENTED_EDGE ( 'NONE', *, *, #10543, .T. ) ;
#10465 = CARTESIAN_POINT ( 'NONE',  ( -6.850000000000002309, 12.50000000000000000, -3.447142787940707720 ) ) ;
#10466 = ADVANCED_FACE ( 'NONE', ( #7218 ), #9190, .F. ) ;
#10467 = PLANE ( 'NONE',  #5350 ) ;
#10468 = CIRCLE ( 'NONE', #7202, 2.000000000000000000 ) ;
#10469 = DIRECTION ( 'NONE',  ( 0.000000000000000000, 0.000000000000000000, -1.000000000000000000 ) ) ;
#10470 = LINE ( 'NONE', #3796, #5540 ) ;
#10471 = DIRECTION ( 'NONE',  ( -0.000000000000000000, 1.000000000000000000, -3.043374519257556029E-16 ) ) ;
#10472 = AXIS2_PLACEMENT_3D ( 'NONE', #914, #6372, #10217 ) ;
#10473 = CIRCLE ( 'NONE', #8893, 3.483215956619923670 ) ;
#10474 = EDGE_CURVE ( 'NONE', #6937, #3347, #8675, .T. ) ;
#10475 = VECTOR ( 'NONE', #3582, 1000.000000000000000 ) ;
#10476 = DIRECTION ( 'NONE',  ( 0.000000000000000000, 0.000000000000000000, -1.000000000000000000 ) ) ;
#10477 = ORIENTED_EDGE ( 'NONE', *, *, #8265, .F. ) ;
#10478 = UNCERTAINTY_MEASURE_WITH_UNIT (LENGTH_MEASURE( 1.000000000000000082E-05 ), #11640, 'distance_accuracy_value', 'NONE');
#10479 = VECTOR ( 'NONE', #175, 1000.000000000000000 ) ;
#10480 = PLANE ( 'NONE',  #10771 ) ;
#10481 = EDGE_CURVE ( 'NONE', #5562, #2902, #1596, .T. ) ;
#10482 = ORIENTED_EDGE ( 'NONE', *, *, #7293, .T. ) ;
#10483 = DIRECTION ( 'NONE',  ( 1.000000000000000000, 0.000000000000000000, -1.257045997084642611E-16 ) ) ;
#10484 = ORIENTED_EDGE ( 'NONE', *, *, #4746, .F. ) ;
#10485 = ADVANCED_FACE ( 'NONE', ( #10155 ), #1945, .T. ) ;
#10486 = EDGE_CURVE ( 'NONE', #10120, #3919, #10417, .T. ) ;
#10487 = AXIS2_PLACEMENT_3D ( 'NONE', #2345, #3006, #5992 ) ;
#10488 = SURFACE_STYLE_FILL_AREA ( #9462 ) ;
#10489 = CARTESIAN_POINT ( 'NONE',  ( 19.05000000000000071, 12.30000000000000249, -7.619650039223833312E-15 ) ) ;
#10490 = DIRECTION ( 'NONE',  ( -0.000000000000000000, -6.579587588715665943E-16, 1.000000000000000000 ) ) ;
#10491 = EDGE_CURVE ( 'NONE', #11549, #2897, #1162, .T. ) ;
#10492 = EDGE_CURVE ( 'NONE', #3433, #6116, #6676, .T. ) ;
#10493 = DIRECTION ( 'NONE',  ( -1.000000000000000000, -0.000000000000000000, 6.938893903907233308E-16 ) ) ;
#10494 = EDGE_CURVE ( 'NONE', #6360, #9465, #7905, .T. ) ;
#10495 = ORIENTED_EDGE ( 'NONE', *, *, #11484, .F. ) ;
#10496 =( NAMED_UNIT ( * ) PLANE_ANGLE_UNIT ( ) SI_UNIT ( $, .RADIAN. ) );
#10497 = PLANE ( 'NONE',  #2266 ) ;
#10498 = CARTESIAN_POINT ( 'NONE',  ( 3.849999999999999201, 2.499999999999998668, -7.400000000000010125 ) ) ;
#10499 = CARTESIAN_POINT ( 'NONE',  ( -6.849999999999998757, 0.000000000000000000, 0.4999999999999992784 ) ) ;
#10500 = ORIENTED_EDGE ( 'NONE', *, *, #6229, .F. ) ;
#10501 = DIRECTION ( 'NONE',  ( -0.5735764363510434949, -0.8191520442889935749, -2.048696077133022160E-15 ) ) ;
#10502 = LINE ( 'NONE', #1262, #4881 ) ;
#10503 = LINE ( 'NONE', #6046, #6999 ) ;
#10504 = DIRECTION ( 'NONE',  ( 0.000000000000000000, 0.000000000000000000, -1.000000000000000000 ) ) ;
#10505 = VERTEX_POINT ( 'NONE', #10220 ) ;
#10506 = DIRECTION ( 'NONE',  ( -4.066575051493318340E-32, -1.000000000000000000, 1.172110456741085828E-16 ) ) ;
#10507 = ORIENTED_EDGE ( 'NONE', *, *, #1743, .T. ) ;
#10508 = VERTEX_POINT ( 'NONE', #332 ) ;
#10509 = DIRECTION ( 'NONE',  ( -0.000000000000000000, -2.449293598294701484E-16, 1.000000000000000000 ) ) ;
#10510 = ORIENTED_EDGE ( 'NONE', *, *, #7600, .T. ) ;
#10511 = DIRECTION ( 'NONE',  ( 1.000000000000000000, -0.000000000000000000, 3.491481338843133355E-15 ) ) ;
#10512 = ORIENTED_EDGE ( 'NONE', *, *, #4824, .T. ) ;
#10513 = CARTESIAN_POINT ( 'NONE',  ( -21.65000000000000924, 9.400000000000002132, -7.399999999999998579 ) ) ;
#10514 = FACE_OUTER_BOUND ( 'NONE', #11524, .T. ) ;
#10515 = PLANE ( 'NONE',  #2413 ) ;
#10516 = DIRECTION ( 'NONE',  ( 1.000000000000000000, 0.000000000000000000, 8.031127203596330602E-17 ) ) ;
#10517 = CARTESIAN_POINT ( 'NONE',  ( -19.54999999999999716, 12.50000000000000000, -3.447142787940709052 ) ) ;
#10518 = EDGE_LOOP ( 'NONE', ( #10241, #1701 ) ) ;
#10519 = VERTEX_POINT ( 'NONE', #6559 ) ;
#10520 = DIRECTION ( 'NONE',  ( 0.000000000000000000, 1.000000000000000000, -5.310377987684098923E-16 ) ) ;
#10521 = ORIENTED_EDGE ( 'NONE', *, *, #8626, .F. ) ;
#10522 = DIRECTION ( 'NONE',  ( -1.000000000000000000, 0.000000000000000000, -8.031127203596330602E-17 ) ) ;
#10523 = ORIENTED_EDGE ( 'NONE', *, *, #10976, .T. ) ;
#10524 = CARTESIAN_POINT ( 'NONE',  ( 26.65000000000000568, 22.60000000000000142, 9.099999999999994316 ) ) ;
#10525 = CARTESIAN_POINT ( 'NONE',  ( 5.850000000000001421, 13.50000000000000178, -0.5000000000000105471 ) ) ;
#10526 = CARTESIAN_POINT ( 'NONE',  ( -21.55000000000000071, 7.300000000000002487, -2.999999999999998668 ) ) ;
#10527 = PLANE ( 'NONE',  #7069 ) ;
#10528 = CARTESIAN_POINT ( 'NONE',  ( 19.05000000000000071, 0.000000000000000000, -0.5000000000000076605 ) ) ;
#10529 = LINE ( 'NONE', #6922, #11567 ) ;
#10530 = AXIS2_PLACEMENT_3D ( 'NONE', #6920, #10586, #2368 ) ;
#10531 = EDGE_LOOP ( 'NONE', ( #10214, #10877, #1898, #11545 ) ) ;
#10532 = VECTOR ( 'NONE', #599, 1000.000000000000000 ) ;
#10533 = CARTESIAN_POINT ( 'NONE',  ( 4.699999999999999289, -4.000000000000000000, -7.400000000000004796 ) ) ;
#10534 = ORIENTED_EDGE ( 'NONE', *, *, #6211, .T. ) ;
#10535 = CARTESIAN_POINT ( 'NONE',  ( -18.54999999999999361, 13.13100522817846283, -3.137350752173955648 ) ) ;
#10536 = CIRCLE ( 'NONE', #4960, 3.483215956619923670 ) ;
#10537 = ORIENTED_EDGE ( 'NONE', *, *, #4161, .T. ) ;
#10538 = AXIS2_PLACEMENT_3D ( 'NONE', #4247, #7912, #9608 ) ;
#10539 = AXIS2_PLACEMENT_3D ( 'NONE', #10036, #10710, #4335 ) ;
#10540 = CARTESIAN_POINT ( 'NONE',  ( 5.850000000000001421, 12.77419949981266711, 3.374625525598772047 ) ) ;
#10541 = DIRECTION ( 'NONE',  ( 6.938893903907233308E-16, 0.000000000000000000, 1.000000000000000000 ) ) ;
#10542 = DIRECTION ( 'NONE',  ( 0.000000000000000000, -0.5735764363510434949, -0.8191520442889935749 ) ) ;
#10543 = EDGE_CURVE ( 'NONE', #8097, #6585, #822, .T. ) ;
#10544 = AXIS2_PLACEMENT_3D ( 'NONE', #1318, #6768, #4953 ) ;
#10545 = ADVANCED_FACE ( 'NONE', ( #2006 ), #7451, .T. ) ;
#10546 = EDGE_CURVE ( 'NONE', #4499, #3183, #11244, .T. ) ;
#10547 = FACE_OUTER_BOUND ( 'NONE', #9486, .T. ) ;
#10548 = VERTEX_POINT ( 'NONE', #2956 ) ;
#10549 = DIRECTION ( 'NONE',  ( 0.3236155771181863927, -0.8891264907159871500, -0.3236155771181863372 ) ) ;
#10550 = FACE_OUTER_BOUND ( 'NONE', #3081, .T. ) ;
#10551 = PLANE ( 'NONE',  #8997 ) ;
#10552 = DIRECTION ( 'NONE',  ( 1.000000000000000000, 0.000000000000000000, 0.000000000000000000 ) ) ;
#10553 = VERTEX_POINT ( 'NONE', #266 ) ;
#10554 = EDGE_CURVE ( 'NONE', #1100, #7454, #9638, .T. ) ;
#10555 = EDGE_CURVE ( 'NONE', #1515, #10315, #9437, .T. ) ;
#10556 = VECTOR ( 'NONE', #10231, 1000.000000000000000 ) ;
#10557 = FACE_OUTER_BOUND ( 'NONE', #1559, .T. ) ;
#10558 = CARTESIAN_POINT ( 'NONE',  ( -13.94999999999999574, 9.400000000000002132, -7.399999999999999467 ) ) ;
#10559 = PLANE ( 'NONE',  #11617 ) ;
#10560 = CARTESIAN_POINT ( 'NONE',  ( 5.850000000000001421, 13.50000000000000178, -2.244994432064371548 ) ) ;
#10561 = ADVANCED_FACE ( 'NONE', ( #210 ), #5720, .F. ) ;
#10562 = ORIENTED_EDGE ( 'NONE', *, *, #7224, .F. ) ;
#10563 = EDGE_CURVE ( 'NONE', #6113, #5690, #1220, .T. ) ;
#10564 = DIRECTION ( 'NONE',  ( 0.000000000000000000, 0.000000000000000000, 1.000000000000000000 ) ) ;
#10565 = VERTEX_POINT ( 'NONE', #11297 ) ;
#10566 = ORIENTED_EDGE ( 'NONE', *, *, #8592, .F. ) ;
#10567 = CARTESIAN_POINT ( 'NONE',  ( -18.54999999999999716, 11.40000000000000391, 0.5000000000000034417 ) ) ;
#10568 = VERTEX_POINT ( 'NONE', #2895 ) ;
#10569 = CARTESIAN_POINT ( 'NONE',  ( 19.05000000000000071, 12.30000000000000249, 2.299999999999992273 ) ) ;
#10570 = ORIENTED_EDGE ( 'NONE', *, *, #6333, .T. ) ;
#10571 =( LENGTH_UNIT ( ) NAMED_UNIT ( * ) SI_UNIT ( .MILLI., .METRE. ) );
#10572 = CARTESIAN_POINT ( 'NONE',  ( 4.898981379331718955, -3.997201362714914996, -7.201018620668284242 ) ) ;
#10573 = DIRECTION ( 'NONE',  ( -1.000000000000000000, 0.000000000000000000, 1.257045997084642858E-16 ) ) ;
#10574 = DIRECTION ( 'NONE',  ( 7.546790969812433263E-17, 0.3420201433256707113, -0.9396926207859076507 ) ) ;
#10575 = AXIS2_PLACEMENT_3D ( 'NONE', #3027, #1403, #11421 ) ;
#10576 = EDGE_CURVE ( 'NONE', #8607, #8233, #9324, .T. ) ;
#10577 = ORIENTED_EDGE ( 'NONE', *, *, #2494, .F. ) ;
#10578 = PLANE ( 'NONE',  #3649 ) ;
#10579 = ORIENTED_EDGE ( 'NONE', *, *, #9040, .T. ) ;
#10580 = DIRECTION ( 'NONE',  ( 0.000000000000000000, 0.000000000000000000, -1.000000000000000000 ) ) ;
#10581 = VERTEX_POINT ( 'NONE', #6731 ) ;
#10582 = DIRECTION ( 'NONE',  ( -0.000000000000000000, -1.000000000000000000, -0.000000000000000000 ) ) ;
#10583 = CARTESIAN_POINT ( 'NONE',  ( -5.849999999999997868, 13.50000000000000178, -2.244994432064364442 ) ) ;
#10584 = LINE ( 'NONE', #8663, #7039 ) ;
#10585 = VECTOR ( 'NONE', #5063, 1000.000000000000000 ) ;
#10586 = DIRECTION ( 'NONE',  ( 1.000000000000000000, 0.000000000000000000, 3.571792610879097845E-15 ) ) ;
#10587 = CARTESIAN_POINT ( 'NONE',  ( -2.100000000000000977, 9.400000000000002132, -4.250000000000000000 ) ) ;
#10588 = ORIENTED_EDGE ( 'NONE', *, *, #8191, .T. ) ;
#10589 = DIRECTION ( 'NONE',  ( -0.000000000000000000, -0.000000000000000000, 1.000000000000000000 ) ) ;
#10590 = ORIENTED_EDGE ( 'NONE', *, *, #4438, .F. ) ;
#10591 = ORIENTED_EDGE ( 'NONE', *, *, #7452, .T. ) ;
#10592 = EDGE_CURVE ( 'NONE', #11756, #2157, #2543, .T. ) ;
#10593 = PLANE ( 'NONE',  #10195 ) ;
#10594 = ORIENTED_EDGE ( 'NONE', *, *, #9772, .F. ) ;
#10595 = CARTESIAN_POINT ( 'NONE',  ( -18.54999999999999361, 12.64040119373984261, -3.423162306042505154 ) ) ;
#10596 = PLANE ( 'NONE',  #10975 ) ;
#10597 = CARTESIAN_POINT ( 'NONE',  ( 8.849999999999999645, 7.600000000000002309, -3.300000000000006484 ) ) ;
#10598 = LINE ( 'NONE', #8735, #5682 ) ;
#10599 = VECTOR ( 'NONE', #3603, 1000.000000000000000 ) ;
#10600 = FACE_OUTER_BOUND ( 'NONE', #1330, .T. ) ;
#10601 = EDGE_CURVE ( 'NONE', #9759, #7259, #3129, .T. ) ;
#10602 = AXIS2_PLACEMENT_3D ( 'NONE', #2803, #6464, #8137 ) ;
#10603 = CARTESIAN_POINT ( 'NONE',  ( 21.05000000000000071, 12.45031130731456059, -0.5000000000000007772 ) ) ;
#10604 = VERTEX_POINT ( 'NONE', #3842 ) ;
#10605 = FILL_AREA_STYLE_COLOUR ( '', #1086 ) ;
#10606 = DIRECTION ( 'NONE',  ( -1.000000000000000000, 0.000000000000000000, -8.031127203596330602E-17 ) ) ;
#10607 = EDGE_CURVE ( 'NONE', #7279, #6348, #6949, .T. ) ;
#10608 = CARTESIAN_POINT ( 'NONE',  ( 6.350000000000001421, -3.358379542590069988, -2.000000000000008882 ) ) ;
#10609 = EDGE_LOOP ( 'NONE', ( #3700, #7908, #9607, #4723 ) ) ;
#10610 = CARTESIAN_POINT ( 'NONE',  ( -8.849999999999996092, 9.400000000000002132, 1.999999999999998668 ) ) ;
#10611 = DIRECTION ( 'NONE',  ( -8.659560562354922997E-17, 0.7071067811865483499, 0.7071067811865466846 ) ) ;
#10612 = CARTESIAN_POINT ( 'NONE',  ( 18.55000000000000071, 13.50000000000000178, 1.999999999999992228 ) ) ;
#10613 = ADVANCED_FACE ( 'NONE', ( #10935 ), #2437, .F. ) ;
#10614 = CARTESIAN_POINT ( 'NONE',  ( 11.44999999999999574, 19.60000000000000853, 12.09999999999999076 ) ) ;
#10615 = AXIS2_PLACEMENT_3D ( 'NONE', #4212, #4330, #7095 ) ;
#10616 = VERTEX_POINT ( 'NONE', #5240 ) ;
#10617 = EDGE_CURVE ( 'NONE', #8380, #2595, #3311, .T. ) ;
#10618 = DIRECTION ( 'NONE',  ( 0.000000000000000000, 1.000000000000000000, 5.940809209628540522E-17 ) ) ;
#10619 = ORIENTED_EDGE ( 'NONE', *, *, #9818, .T. ) ;
#10620 = ORIENTED_EDGE ( 'NONE', *, *, #1599, .T. ) ;
#10621 = EDGE_CURVE ( 'NONE', #8620, #9427, #4340, .T. ) ;
#10622 = ORIENTED_EDGE ( 'NONE', *, *, #1693, .F. ) ;
#10623 = LINE ( 'NONE', #6902, #2416 ) ;
#10624 = VERTEX_POINT ( 'NONE', #8841 ) ;
#10625 = LINE ( 'NONE', #2175, #9769 ) ;
#10626 = VERTEX_POINT ( 'NONE', #7330 ) ;
#10627 = LINE ( 'NONE', #2243, #11314 ) ;
#10628 = PLANE ( 'NONE',  #6984 ) ;
#10629 = DIRECTION ( 'NONE',  ( 0.000000000000000000, 1.000000000000000000, -2.449293598294701484E-16 ) ) ;
#10630 = DIRECTION ( 'NONE',  ( 0.000000000000000000, 1.000000000000000000, 0.000000000000000000 ) ) ;
#10631 = SURFACE_SIDE_STYLE ('',( #7075 ) ) ;
#10632 = EDGE_CURVE ( 'NONE', #7062, #7361, #6985, .T. ) ;
#10633 = EDGE_LOOP ( 'NONE', ( #971, #11158, #2659, #8970 ) ) ;
#10634 = EDGE_CURVE ( 'NONE', #2011, #5208, #4616, .T. ) ;
#10635 = DIRECTION ( 'NONE',  ( 1.000000000000000000, -0.000000000000000000, 0.000000000000000000 ) ) ;
#10636 = VECTOR ( 'NONE', #8447, 1000.000000000000000 ) ;
#10637 = ORIENTED_EDGE ( 'NONE', *, *, #220, .T. ) ;
#10638 = STYLED_ITEM ( 'NONE', ( #9907 ), #9100 ) ;
#10639 = DIRECTION ( 'NONE',  ( -1.000000000000000000, 0.000000000000000000, -8.031127203596331834E-17 ) ) ;
#10640 = ORIENTED_EDGE ( 'NONE', *, *, #3216, .F. ) ;
#10641 = DIRECTION ( 'NONE',  ( 0.000000000000000000, 0.000000000000000000, -1.000000000000000000 ) ) ;
#10642 = CARTESIAN_POINT ( 'NONE',  ( 4.699999999999999289, 9.400000000000002132, -5.500000000000005329 ) ) ;
#10643 = ADVANCED_FACE ( 'NONE', ( #4276 ), #3325, .F. ) ;
#10644 = CARTESIAN_POINT ( 'NONE',  ( 19.05000000000000071, 3.900000000000002576, -7.619650039223833312E-15 ) ) ;
#10645 = DIRECTION ( 'NONE',  ( 0.000000000000000000, 0.000000000000000000, 1.000000000000000000 ) ) ;
#10646 = FACE_OUTER_BOUND ( 'NONE', #2023, .T. ) ;
#10647 = AXIS2_PLACEMENT_3D ( 'NONE', #4933, #7710, #7826 ) ;
#10648 = CARTESIAN_POINT ( 'NONE',  ( -19.54999999999999716, 12.50000000000000000, 3.500000000000005773 ) ) ;
#10649 = AXIS2_PLACEMENT_3D ( 'NONE', #249, #7730, #5757 ) ;
#10650 = EDGE_LOOP ( 'NONE', ( #4683, #1876, #7355, #4135 ) ) ;
#10651 = AXIS2_PLACEMENT_3D ( 'NONE', #1699, #3312, #9792 ) ;
#10652 = ORIENTED_EDGE ( 'NONE', *, *, #7258, .T. ) ;
#10653 = VECTOR ( 'NONE', #7313, 1000.000000000000000 ) ;
#10654 = DIRECTION ( 'NONE',  ( 0.000000000000000000, 0.000000000000000000, 1.000000000000000000 ) ) ;
#10655 = ORIENTED_EDGE ( 'NONE', *, *, #548, .T. ) ;
#10656 = VECTOR ( 'NONE', #11543, 1000.000000000000000 ) ;
#10657 = LINE ( 'NONE', #2612, #4561 ) ;
#10658 = MECHANICAL_DESIGN_GEOMETRIC_PRESENTATION_REPRESENTATION (  '', ( #6049 ), #9478 ) ;
#10659 = VECTOR ( 'NONE', #4647, 1000.000000000000000 ) ;
#10660 = LINE ( 'NONE', #1537, #5025 ) ;
#10661 = AXIS2_PLACEMENT_3D ( 'NONE', #8383, #5622, #3935 ) ;
#10662 = CARTESIAN_POINT ( 'NONE',  ( 5.850000000000001421, 13.47618576818516445, 2.527375340104989654 ) ) ;
#10663 = EDGE_CURVE ( 'NONE', #7820, #5146, #2496, .T. ) ;
#10664 = AXIS2_PLACEMENT_3D ( 'NONE', #7616, #4598, #6657 ) ;
#10665 = CARTESIAN_POINT ( 'NONE',  ( 24.14999999999999858, 9.399999999999987921, -7.400000000000012790 ) ) ;
#10666 = DIRECTION ( 'NONE',  ( 0.000000000000000000, -0.000000000000000000, -1.000000000000000000 ) ) ;
#10667 = TOROIDAL_SURFACE ( 'NONE', #5290, 2.299999999999999822, 1.199999999999999956 ) ;
#10668 = ORIENTED_EDGE ( 'NONE', *, *, #3865, .T. ) ;
#10669 = EDGE_CURVE ( 'NONE', #8203, #8084, #10660, .T. ) ;
#10670 = DIRECTION ( 'NONE',  ( 0.000000000000000000, 0.000000000000000000, 1.000000000000000000 ) ) ;
#10671 = ORIENTED_EDGE ( 'NONE', *, *, #9161, .T. ) ;
#10672 = CARTESIAN_POINT ( 'NONE',  ( -4.349999999999999645, 13.50000000000000178, -0.4999999999999921174 ) ) ;
#10673 = DIRECTION ( 'NONE',  ( -8.031127203596330602E-17, 0.000000000000000000, 1.000000000000000000 ) ) ;
#10674 = FACE_OUTER_BOUND ( 'NONE', #9529, .T. ) ;
#10675 = PLANE ( 'NONE',  #2186 ) ;
#10676 = EDGE_LOOP ( 'NONE', ( #2361, #2343, #4978, #603 ) ) ;
#10677 = ADVANCED_FACE ( 'NONE', ( #10993 ), #11171, .T. ) ;
#10678 = CARTESIAN_POINT ( 'NONE',  ( 11.45000000000000284, 8.099999999999999645, 7.399999999999991473 ) ) ;
#10679 = ORIENTED_EDGE ( 'NONE', *, *, #5620, .F. ) ;
#10680 = ORIENTED_EDGE ( 'NONE', *, *, #9376, .F. ) ;
#10681 = FACE_OUTER_BOUND ( 'NONE', #7848, .T. ) ;
#10682 = EDGE_LOOP ( 'NONE', ( #8459, #5091, #3386, #1859 ) ) ;
#10683 = CARTESIAN_POINT ( 'NONE',  ( -6.349999999999997868, -3.358379542590069988, 2.000000000000000888 ) ) ;
#10684 = VERTEX_POINT ( 'NONE', #5128 ) ;
#10685 = CIRCLE ( 'NONE', #727, 3.000000000000000000 ) ;
#10686 = VECTOR ( 'NONE', #7763, 1000.000000000000114 ) ;
#10687 = DIRECTION ( 'NONE',  ( -8.031127203596330602E-17, 0.000000000000000000, 1.000000000000000000 ) ) ;
#10688 = DIRECTION ( 'NONE',  ( 3.571792610879097845E-15, -0.000000000000000000, -1.000000000000000000 ) ) ;
#10689 = CARTESIAN_POINT ( 'NONE',  ( 8.000000000000003553, 7.300000000000003375, 2.999999999999993783 ) ) ;
#10690 = CARTESIAN_POINT ( 'NONE',  ( -4.699999999999995737, 7.300000000000002487, 3.299999999999998490 ) ) ;
#10691 = CARTESIAN_POINT ( 'NONE',  ( 6.350000000000001421, 3.900000000000002576, -2.000000000000008882 ) ) ;
#10692 = EDGE_CURVE ( 'NONE', #5097, #4499, #2715, .T. ) ;
#10693 = VERTEX_POINT ( 'NONE', #9813 ) ;
#10694 = EDGE_CURVE ( 'NONE', #965, #7991, #7047, .T. ) ;
#10695 = DIRECTION ( 'NONE',  ( -1.000000000000000000, 0.000000000000000000, 2.040851148208008491E-16 ) ) ;
#10696 = ORIENTED_EDGE ( 'NONE', *, *, #3329, .F. ) ;
#10697 = EDGE_CURVE ( 'NONE', #1557, #5636, #915, .T. ) ;
#10698 = DIRECTION ( 'NONE',  ( 8.031127203596330602E-17, 0.000000000000000000, -1.000000000000000000 ) ) ;
#10699 = ORIENTED_EDGE ( 'NONE', *, *, #2425, .T. ) ;
#10700 = DIRECTION ( 'NONE',  ( 8.031127203596330602E-17, 0.000000000000000000, -1.000000000000000000 ) ) ;
#10701 = LINE ( 'NONE', #5288, #584 ) ;
#10702 = DIRECTION ( 'NONE',  ( 0.000000000000000000, 0.000000000000000000, 1.000000000000000000 ) ) ;
#10703 = DIRECTION ( 'NONE',  ( 0.000000000000000000, 1.000000000000000000, 0.000000000000000000 ) ) ;
#10704 = LINE ( 'NONE', #9740, #2611 ) ;
#10705 = EDGE_CURVE ( 'NONE', #7361, #10725, #4548, .T. ) ;
#10706 = ADVANCED_FACE ( 'NONE', ( #5526 ), #10596, .F. ) ;
#10707 = DIRECTION ( 'NONE',  ( 1.000000000000000000, -0.000000000000000000, 8.031127203596330602E-17 ) ) ;
#10708 = ORIENTED_EDGE ( 'NONE', *, *, #2697, .T. ) ;
#10709 = VERTEX_POINT ( 'NONE', #10714 ) ;
#10710 = DIRECTION ( 'NONE',  ( -0.000000000000000000, -1.000000000000000000, -0.000000000000000000 ) ) ;
#10711 = DIRECTION ( 'NONE',  ( 0.000000000000000000, 0.000000000000000000, -1.000000000000000000 ) ) ;
#10712 = ORIENTED_EDGE ( 'NONE', *, *, #5308, .T. ) ;
#10713 = LINE ( 'NONE', #7046, #9756 ) ;
#10714 = CARTESIAN_POINT ( 'NONE',  ( -19.54999999999999716, 13.50000000000000178, -2.244994432064362666 ) ) ;
#10715 = DIRECTION ( 'NONE',  ( 8.031127203596330602E-17, 0.000000000000000000, -1.000000000000000000 ) ) ;
#10716 = DIRECTION ( 'NONE',  ( -1.000000000000000000, 0.000000000000000000, -8.031127203596330602E-17 ) ) ;
#10717 = FACE_OUTER_BOUND ( 'NONE', #3981, .T. ) ;
#10718 = ADVANCED_FACE ( 'NONE', ( #9187 ), #5464, .T. ) ;
#10719 = AXIS2_PLACEMENT_3D ( 'NONE', #6757, #2324, #11443 ) ;
#10720 = CARTESIAN_POINT ( 'NONE',  ( 8.950000000000006395, 2.499999999999992006, -7.400000000000007461 ) ) ;
#10721 = ORIENTED_EDGE ( 'NONE', *, *, #7106, .T. ) ;
#10722 = VECTOR ( 'NONE', #10100, 1000.000000000000000 ) ;
#10723 = CARTESIAN_POINT ( 'NONE',  ( 8.850000000000003197, 9.400000000000003908, 5.499999999999991118 ) ) ;
#10724 = DIRECTION ( 'NONE',  ( -1.000000000000000000, 0.000000000000000000, 6.938893903907233308E-16 ) ) ;
#10725 = VERTEX_POINT ( 'NONE', #1484 ) ;
#10726 = CARTESIAN_POINT ( 'NONE',  ( 21.05000000000000071, 12.45031130731456059, -0.5000000000000007772 ) ) ;
#10727 = DIRECTION ( 'NONE',  ( 0.000000000000000000, 4.565061778886335030E-16, -1.000000000000000000 ) ) ;
#10728 = VECTOR ( 'NONE', #986, 1000.000000000000000 ) ;
#10729 = CARTESIAN_POINT ( 'NONE',  ( -18.54999999999999361, 12.63935149243593337, 3.423341594711335922 ) ) ;
#10730 = VECTOR ( 'NONE', #6904, 1000.000000000000000 ) ;
#10731 = AXIS2_PLACEMENT_3D ( 'NONE', #8209, #6240, #7311 ) ;
#10732 = EDGE_LOOP ( 'NONE', ( #7416, #9496 ) ) ;
#10733 = CARTESIAN_POINT ( 'NONE',  ( 6.350000000000001421, 24.33502884254439991, -1.039015354188816814E-14 ) ) ;
#10734 = EDGE_LOOP ( 'NONE', ( #8562, #10345, #2761, #10455 ) ) ;
#10735 = VERTEX_POINT ( 'NONE', #10219 ) ;
#10736 = VECTOR ( 'NONE', #1257, 1000.000000000000000 ) ;
#10737 = LINE ( 'NONE', #8935, #10074 ) ;
#10738 = ORIENTED_EDGE ( 'NONE', *, *, #5245, .F. ) ;
#10739 = DIRECTION ( 'NONE',  ( 4.066575051493318340E-32, -1.000000000000000000, -1.172110456741085828E-16 ) ) ;
#10740 = ORIENTED_EDGE ( 'NONE', *, *, #3711, .F. ) ;
#10741 = DIRECTION ( 'NONE',  ( 0.000000000000000000, 0.000000000000000000, -1.000000000000000000 ) ) ;
#10742 = PLANE ( 'NONE',  #3341 ) ;
#10743 = LINE ( 'NONE', #6178, #10067 ) ;
#10744 = PLANE ( 'NONE',  #4887 ) ;
#10745 = AXIS2_PLACEMENT_3D ( 'NONE', #4878, #3271, #5006 ) ;
#10746 = ADVANCED_FACE ( 'NONE', ( #2955 ), #330, .F. ) ;
#10747 = ORIENTED_EDGE ( 'NONE', *, *, #2851, .T. ) ;
#10748 = LINE ( 'NONE', #9967, #7114 ) ;
#10749 = EDGE_LOOP ( 'NONE', ( #4832, #9676 ) ) ;
#10750 = CLOSED_SHELL ( 'NONE', ( #1303, #1681, #9895, #4556, #5863, #7242, #10995, #6665, #2859, #8251, #7544, #9096, #5839, #358, #8649, #7920, #4295, #4576, #2203, #10956, #7801 ) ) ;
#10751 = DIRECTION ( 'NONE',  ( 0.000000000000000000, 1.000000000000000000, -1.172110456741085828E-16 ) ) ;
#10752 = ORIENTED_EDGE ( 'NONE', *, *, #8887, .T. ) ;
#10753 = CARTESIAN_POINT ( 'NONE',  ( 8.350000000000003197, 13.50000000000000178, 0.4999999999999982792 ) ) ;
#10754 = FACE_OUTER_BOUND ( 'NONE', #6737, .T. ) ;
#10755 = ORIENTED_EDGE ( 'NONE', *, *, #4238, .F. ) ;
#10756 = VECTOR ( 'NONE', #5727, 1000.000000000000000 ) ;
#10757 = LINE ( 'NONE', #10932, #5092 ) ;
#10758 = CARTESIAN_POINT ( 'NONE',  ( -6.849999999999998757, 12.45031130731456059, -1.999999999999999112 ) ) ;
#10759 = DIRECTION ( 'NONE',  ( 0.000000000000000000, 1.000000000000000000, 2.282530889443167022E-16 ) ) ;
#10760 = B_SPLINE_CURVE_WITH_KNOTS ( 'NONE', 3,
 ( #9129, #913, #4546, #8226, #148, #6615, #1104, #9317, #2003, #7567 ),
 .UNSPECIFIED., .F., .F.,
 ( 4, 2, 2, 2, 4 ),
 ( 0.006963999130295259188, 0.007386377688198002452, 0.007808756246100745715, 0.008231134804003489847, 0.008653513361906232243 ),
 .UNSPECIFIED. ) ;
#10761 = ADVANCED_FACE ( 'NONE', ( #7509 ), #9253, .F. ) ;
#10762 = LINE ( 'NONE', #462, #4850 ) ;
#10763 = VECTOR ( 'NONE', #2702, 1000.000000000000000 ) ;
#10764 = ORIENTED_EDGE ( 'NONE', *, *, #1023, .T. ) ;
#10765 = AXIS2_PLACEMENT_3D ( 'NONE', #10208, #2383, #1490 ) ;
#10766 = VERTEX_POINT ( 'NONE', #7569 ) ;
#10767 = DIRECTION ( 'NONE',  ( 0.000000000000000000, 1.172110456741085828E-16, 1.000000000000000000 ) ) ;
#10768 = VECTOR ( 'NONE', #11127, 1000.000000000000000 ) ;
#10769 = EDGE_CURVE ( 'NONE', #9605, #5339, #3075, .T. ) ;
#10770 = CARTESIAN_POINT ( 'NONE',  ( -4.699999999999995737, 5.900000000000002132, 2.999999999999998668 ) ) ;
#10771 = AXIS2_PLACEMENT_3D ( 'NONE', #6809, #3210, #5849 ) ;
#10772 = ORIENTED_EDGE ( 'NONE', *, *, #11794, .F. ) ;
#10773 = DIRECTION ( 'NONE',  ( 0.000000000000000000, -1.000000000000000000, 0.000000000000000000 ) ) ;
#10774 = ADVANCED_FACE ( 'NONE', ( #2127 ), #11172, .F. ) ;
#10775 = CARTESIAN_POINT ( 'NONE',  ( -20.69999999999999929, 7.300000000000002487, -2.999999999999998224 ) ) ;
#10776 = CARTESIAN_POINT ( 'NONE',  ( 5.850000000000001421, 12.50000000000000000, 3.447142787940700170 ) ) ;
#10777 = CARTESIAN_POINT ( 'NONE',  ( -21.55000000000000071, 7.500000000000002665, -5.499999999999996447 ) ) ;
#10778 = EDGE_CURVE ( 'NONE', #10251, #2547, #5803, .T. ) ;
#10779 = DIRECTION ( 'NONE',  ( -0.000000000000000000, -1.000000000000000000, -0.000000000000000000 ) ) ;
#10780 = EDGE_CURVE ( 'NONE', #965, #2830, #3779, .T. ) ;
#10781 = PLANE ( 'NONE',  #4029 ) ;
#10782 = VERTEX_POINT ( 'NONE', #2894 ) ;
#10783 = LINE ( 'NONE', #2563, #2036 ) ;
#10784 = CARTESIAN_POINT ( 'NONE',  ( 1.249999999999993783, 19.60000000000000142, 9.099999999999996092 ) ) ;
#10785 = EDGE_LOOP ( 'NONE', ( #3373, #7874, #8213, #11319 ) ) ;
#10786 = EDGE_CURVE ( 'NONE', #4860, #3505, #2181, .T. ) ;
#10787 = LINE ( 'NONE', #10726, #5271 ) ;
#10788 = CARTESIAN_POINT ( 'NONE',  ( -20.69999999999999929, -3.999999999999999112, -5.799999999999995381 ) ) ;
#10789 = FACE_OUTER_BOUND ( 'NONE', #9106, .T. ) ;
#10790 = EDGE_LOOP ( 'NONE', ( #3024, #3, #9283, #10872 ) ) ;
#10791 = VECTOR ( 'NONE', #7482, 1000.000000000000000 ) ;
#10792 = CARTESIAN_POINT ( 'NONE',  ( -3.849999999999999201, 7.400000000000004796, -5.400000000000003908 ) ) ;
#10793 = ORIENTED_EDGE ( 'NONE', *, *, #9292, .F. ) ;
#10794 = ORIENTED_EDGE ( 'NONE', *, *, #4783, .F. ) ;
#10795 = DIRECTION ( 'NONE',  ( -1.000000000000000000, 0.000000000000000000, -8.031127203596330602E-17 ) ) ;
#10796 = ORIENTED_EDGE ( 'NONE', *, *, #8775, .F. ) ;
#10797 = CARTESIAN_POINT ( 'NONE',  ( 17.40000000000000213, 2.499999999999998668, 5.599999999999990763 ) ) ;
#10798 = EDGE_LOOP ( 'NONE', ( #10521, #8698, #8794, #10099 ) ) ;
#10799 = DIRECTION ( 'NONE',  ( 1.000000000000000000, 0.000000000000000000, 3.491481338843133355E-15 ) ) ;
#10800 = CYLINDRICAL_SURFACE ( 'NONE', #11590, 1.999999999999999112 ) ;
#10801 = LINE ( 'NONE', #9841, #3366 ) ;
#10802 = VECTOR ( 'NONE', #11660, 1000.000000000000000 ) ;
#10803 = CARTESIAN_POINT ( 'NONE',  ( -10.59999999999999787, 9.400000000000002132, -4.249999999999998224 ) ) ;
#10804 = ADVANCED_FACE ( 'NONE', ( #7635 ), #11295, .T. ) ;
#10805 = VERTEX_POINT ( 'NONE', #5651 ) ;
#10807 = CARTESIAN_POINT ( 'NONE',  ( 13.94999999999999396, 9.399999999999989697, 7.399999999999987921 ) ) ;
#10806 = AXIS2_PLACEMENT_3D ( 'NONE', #7231, #9086, #871 ) ;
#10808 = VERTEX_POINT ( 'NONE', #1942 ) ;
#10809 = CARTESIAN_POINT ( 'NONE',  ( 18.54999999999999716, 12.50000000000000000, 1.999999999999990452 ) ) ;
#10810 = ORIENTED_EDGE ( 'NONE', *, *, #11705, .T. ) ;
#10811 = DIRECTION ( 'NONE',  ( -1.000000000000000000, 0.000000000000000000, 0.000000000000000000 ) ) ;
#10812 = DIRECTION ( 'NONE',  ( -1.000000000000000000, 0.000000000000000000, 0.000000000000000000 ) ) ;
#10813 = ORIENTED_EDGE ( 'NONE', *, *, #9150, .T. ) ;
#10814 = ADVANCED_FACE ( 'NONE', ( #2071 ), #9319, .F. ) ;
#10815 = LINE ( 'NONE', #2655, #5678 ) ;
#10816 = DIRECTION ( 'NONE',  ( -1.000000000000000000, 0.000000000000000000, -8.031127203596330602E-17 ) ) ;
#10817 = CARTESIAN_POINT ( 'NONE',  ( 8.000000000000003553, 9.400000000000002132, 1.999999999999993117 ) ) ;
#10818 = CARTESIAN_POINT ( 'NONE',  ( 6.350000000000001421, 10.90000000000000036, -8.815419762591729948E-15 ) ) ;
#10819 = ORIENTED_EDGE ( 'NONE', *, *, #9395, .F. ) ;
#10820 = AXIS2_PLACEMENT_3D ( 'NONE', #7745, #6119, #7866 ) ;
#10821 = AXIS2_PLACEMENT_3D ( 'NONE', #4599, #8268, #3825 ) ;
#10822 = ORIENTED_EDGE ( 'NONE', *, *, #1548, .T. ) ;
#10823 = PLANE ( 'NONE',  #8224 ) ;
#10824 = EDGE_CURVE ( 'NONE', #10604, #2973, #5222, .T. ) ;
#10825 = CARTESIAN_POINT ( 'NONE',  ( -19.04999999999999716, 10.90000000000000036, -1.758165685111626153E-16 ) ) ;
#10826 = ORIENTED_EDGE ( 'NONE', *, *, #8126, .T. ) ;
#10827 = LINE ( 'NONE', #11667, #9952 ) ;
#10828 = PLANE ( 'NONE',  #2526 ) ;
#10829 = CARTESIAN_POINT ( 'NONE',  ( -19.54999999999999716, 13.50000000000000178, 2.387337886821850663 ) ) ;
#10830 = CIRCLE ( 'NONE', #2225, 0.5000000000000000000 ) ;
#10831 = AXIS2_PLACEMENT_3D ( 'NONE', #4843, #5932, #8689 ) ;
#10832 = LINE ( 'NONE', #7166, #7356 ) ;
#10833 = FACE_OUTER_BOUND ( 'NONE', #11579, .T. ) ;
#10834 = CARTESIAN_POINT ( 'NONE',  ( 17.40000000000000213, -4.000000000000000000, 7.399999999999987921 ) ) ;
#10835 = EDGE_CURVE ( 'NONE', #10420, #8958, #9829, .T. ) ;
#10836 = AXIS2_PLACEMENT_3D ( 'NONE', #6301, #6961, #616 ) ;
#10837 = VECTOR ( 'NONE', #54, 1000.000000000000000 ) ;
#10838 = EDGE_CURVE ( 'NONE', #2791, #3591, #6575, .T. ) ;
#10839 = CIRCLE ( 'NONE', #1646, 3.000000000000000000 ) ;
#10840 = CARTESIAN_POINT ( 'NONE',  ( 18.55000000000000071, 12.45031130731456059, -2.000000000000007994 ) ) ;
#10841 = VECTOR ( 'NONE', #11125, 1000.000000000000000 ) ;
#10842 = EDGE_CURVE ( 'NONE', #6969, #6857, #8405, .T. ) ;
#10843 = EDGE_CURVE ( 'NONE', #6702, #10096, #208, .T. ) ;
#10844 = ORIENTED_EDGE ( 'NONE', *, *, #7467, .T. ) ;
#10845 = DIRECTION ( 'NONE',  ( -4.066575051493318340E-32, -1.000000000000000000, 1.172110456741085828E-16 ) ) ;
#10846 = DIRECTION ( 'NONE',  ( -1.000000000000000000, -0.000000000000000000, -8.031127203596331834E-17 ) ) ;
#10847 = ORIENTED_EDGE ( 'NONE', *, *, #1587, .F. ) ;
#10848 = VECTOR ( 'NONE', #4983, 1000.000000000000000 ) ;
#10849 = DIRECTION ( 'NONE',  ( 8.031127203596330602E-17, 0.000000000000000000, -1.000000000000000000 ) ) ;
#10850 = LINE ( 'NONE', #826, #4894 ) ;
#10851 = AXIS2_PLACEMENT_3D ( 'NONE', #9293, #8210, #9050 ) ;
#10852 = EDGE_CURVE ( 'NONE', #11209, #9810, #10341, .T. ) ;
#10853 = TOROIDAL_SURFACE ( 'NONE', #9323, 3.000000000000000000, 0.5000000000000011102 ) ;
#10854 = EDGE_CURVE ( 'NONE', #11811, #3666, #9375, .T. ) ;
#10855 = CARTESIAN_POINT ( 'NONE',  ( 3.850000000000002753, 9.400000000000002132, 1.999999999999993117 ) ) ;
#10856 = ORIENTED_EDGE ( 'NONE', *, *, #6085, .F. ) ;
#10857 = EDGE_CURVE ( 'NONE', #6790, #10519, #3897, .T. ) ;
#10858 = VECTOR ( 'NONE', #5129, 1000.000000000000000 ) ;
#10859 = CARTESIAN_POINT ( 'NONE',  ( -3.849999999999995648, 7.400000000000003020, 5.400000000000001243 ) ) ;
#10860 = ORIENTED_EDGE ( 'NONE', *, *, #3403, .T. ) ;
#10861 = ORIENTED_EDGE ( 'NONE', *, *, #4819, .F. ) ;
#10862 = ORIENTED_EDGE ( 'NONE', *, *, #1229, .F. ) ;
#10863 = DIRECTION ( 'NONE',  ( 1.000000000000000000, 0.000000000000000000, 0.000000000000000000 ) ) ;
#10864 = DIRECTION ( 'NONE',  ( -1.000000000000000000, -1.967058844685892123E-32, -8.031127203596330602E-17 ) ) ;
#10865 = ORIENTED_EDGE ( 'NONE', *, *, #5385, .F. ) ;
#10866 = LINE ( 'NONE', #5327, #10048 ) ;
#10867 = CARTESIAN_POINT ( 'NONE',  ( 16.55000000000000071, 7.400000000000003020, 5.399999999999992362 ) ) ;
#10868 = DIRECTION ( 'NONE',  ( 0.000000000000000000, 1.000000000000000000, 5.310377987684098923E-16 ) ) ;
#10869 = AXIS2_PLACEMENT_3D ( 'NONE', #7856, #6950, #10618 ) ;
#10870 = VERTEX_POINT ( 'NONE', #9613 ) ;
#10871 = PLANE ( 'NONE',  #2520 ) ;
#10872 = ORIENTED_EDGE ( 'NONE', *, *, #3783, .T. ) ;
#10873 = CARTESIAN_POINT ( 'NONE',  ( 17.39999999999999858, 7.500000000000004441, -5.500000000000007994 ) ) ;
#10874 = ORIENTED_EDGE ( 'NONE', *, *, #292, .F. ) ;
#10875 = CARTESIAN_POINT ( 'NONE',  ( -8.849999999999999645, 7.500000000000004441, -7.399999999999999467 ) ) ;
#10876 = CARTESIAN_POINT ( 'NONE',  ( 21.55000000000000426, 2.499999999999998668, 7.399999999999993250 ) ) ;
#10877 = ORIENTED_EDGE ( 'NONE', *, *, #7165, .T. ) ;
#10878 = DIRECTION ( 'NONE',  ( 0.000000000000000000, -1.000000000000000000, 2.449293598294701484E-16 ) ) ;
#10879 = DIRECTION ( 'NONE',  ( 1.000000000000000000, -0.000000000000000000, 8.031127203596330602E-17 ) ) ;
#10880 = CARTESIAN_POINT ( 'NONE',  ( -8.849999999999999645, 9.400000000000002132, -2.000000000000001332 ) ) ;
#10881 = CARTESIAN_POINT ( 'NONE',  ( 38.09999999999999432, 9.399999999999987921, -1.413775725621144669E-14 ) ) ;
#10882 = ORIENTED_EDGE ( 'NONE', *, *, #1784, .F. ) ;
#10883 = ORIENTED_EDGE ( 'NONE', *, *, #4049, .T. ) ;
#10884 = CARTESIAN_POINT ( 'NONE',  ( -4.699999999999995737, -3.450504516109078157, 5.599999999999996980 ) ) ;
#10885 = CARTESIAN_POINT ( 'NONE',  ( 11.44999999999999574, 44.34419462753220387, 12.09999999999999076 ) ) ;
#10886 = ORIENTED_EDGE ( 'NONE', *, *, #11547, .T. ) ;
#10887 = DIRECTION ( 'NONE',  ( 1.000000000000000000, 0.000000000000000000, 0.000000000000000000 ) ) ;
#10888 = CARTESIAN_POINT ( 'NONE',  ( -21.04999999999999361, 12.45031130731456059, -0.5000000000000069944 ) ) ;
#10889 = CARTESIAN_POINT ( 'NONE',  ( -19.54999999999999716, 12.50000000000000000, 3.447142787940709052 ) ) ;
#10890 = SURFACE_SIDE_STYLE ('',( #44 ) ) ;
#10891 = CARTESIAN_POINT ( 'NONE',  ( -2.100000000000000977, 9.400000000000002132, 4.749999999999998224 ) ) ;
#10892 = LINE ( 'NONE', #928, #9271 ) ;
#10893 = EDGE_LOOP ( 'NONE', ( #3070, #6183, #4713, #155 ) ) ;
#10894 = CARTESIAN_POINT ( 'NONE',  ( 21.55000000000000426, 5.900000000000002132, 1.999999999999990452 ) ) ;
#10895 = EDGE_LOOP ( 'NONE', ( #6033, #5490, #1057, #2949, #10668, #1991, #9232, #1292 ) ) ;
#10896 = DIRECTION ( 'NONE',  ( 0.000000000000000000, 1.000000000000000000, -1.172110456741085828E-16 ) ) ;
#10897 = ORIENTED_EDGE ( 'NONE', *, *, #7414, .F. ) ;
#10898 = DIRECTION ( 'NONE',  ( -8.031127203596330602E-17, 4.818676322157799347E-16, 1.000000000000000000 ) ) ;
#10899 = CARTESIAN_POINT ( 'NONE',  ( 7.632436733194341016, -4.460376291878594301, -7.032436733194346701 ) ) ;
#10900 = CYLINDRICAL_SURFACE ( 'NONE', #3499, 0.5000000000000000000 ) ;
#10901 = ADVANCED_FACE ( 'NONE', ( #1452 ), #4252, .F. ) ;
#10902 = EDGE_CURVE ( 'NONE', #3381, #5265, #3130, .T. ) ;
#10903 = AXIS2_PLACEMENT_3D ( 'NONE', #8280, #5292, #8050 ) ;
#10904 = ORIENTED_EDGE ( 'NONE', *, *, #139, .F. ) ;
#10905 = CIRCLE ( 'NONE', #5741, 0.4999999999999995559 ) ;
#10906 = DIRECTION ( 'NONE',  ( 0.000000000000000000, 0.000000000000000000, -1.000000000000000000 ) ) ;
#10907 = ORIENTED_EDGE ( 'NONE', *, *, #1315, .F. ) ;
#10908 = ADVANCED_FACE ( 'NONE', ( #5041 ), #8764, .F. ) ;
#10909 = ORIENTED_EDGE ( 'NONE', *, *, #5468, .F. ) ;
#10910 = LINE ( 'NONE', #7248, #6440 ) ;
#10911 = ORIENTED_EDGE ( 'NONE', *, *, #9308, .F. ) ;
#10912 = AXIS2_PLACEMENT_3D ( 'NONE', #2903, #11184, #11068 ) ;
#10913 = CARTESIAN_POINT ( 'NONE',  ( -8.849999999999996092, 9.400000000000002132, 1.999999999999998668 ) ) ;
#10914 = CARTESIAN_POINT ( 'NONE',  ( -6.349999999999997868, 10.90000000000000036, -1.999999999999997780 ) ) ;
#10915 = ORIENTED_EDGE ( 'NONE', *, *, #10988, .T. ) ;
#10916 = AXIS2_PLACEMENT_3D ( 'NONE', #9247, #6723, #7384 ) ;
#10917 = EDGE_CURVE ( 'NONE', #1073, #9063, #6818, .T. ) ;
#10918 = DIRECTION ( 'NONE',  ( -8.031127203596331834E-17, 6.484268945210251886E-17, 1.000000000000000000 ) ) ;
#10919 = CARTESIAN_POINT ( 'NONE',  ( 3.849999999999999201, 2.499999999999998668, -5.600000000000006750 ) ) ;
#10920 = CARTESIAN_POINT ( 'NONE',  ( -16.54999999999999716, 7.400000000000003020, -5.400000000000000355 ) ) ;
#10921 = DIRECTION ( 'NONE',  ( -1.606225440719265627E-16, 0.000000000000000000, -1.000000000000000000 ) ) ;
#10922 = EDGE_CURVE ( 'NONE', #2973, #8958, #11355, .T. ) ;
#10923 = VERTEX_POINT ( 'NONE', #9727 ) ;
#10924 = AXIS2_PLACEMENT_3D ( 'NONE', #7, #1078, #5507 ) ;
#10925 = PLANE ( 'NONE',  #6837 ) ;
#10926 = VERTEX_POINT ( 'NONE', #6909 ) ;
#10927 = CARTESIAN_POINT ( 'NONE',  ( -20.69999999999999929, 9.400000000000002132, -1.999999999999997780 ) ) ;
#10928 = ORIENTED_EDGE ( 'NONE', *, *, #9408, .T. ) ;
#10929 = CARTESIAN_POINT ( 'NONE',  ( 11.44999999999999574, 8.099999999999999645, 10.09999999999999609 ) ) ;
#10930 = CARTESIAN_POINT ( 'NONE',  ( -18.54999999999999716, 13.50000000000000178, -2.000000000000000000 ) ) ;
#10931 = ORIENTED_EDGE ( 'NONE', *, *, #10607, .T. ) ;
#10932 = CARTESIAN_POINT ( 'NONE',  ( 21.05000000000000071, 13.50000000000000178, -0.5000000000000007772 ) ) ;
#10933 = CARTESIAN_POINT ( 'NONE',  ( 17.04999999999999716, 13.50000000000000178, 0.4999999999999854006 ) ) ;
#10934 = LINE ( 'NONE', #29, #3180 ) ;
#10935 = FACE_OUTER_BOUND ( 'NONE', #4059, .T. ) ;
#10936 = EDGE_CURVE ( 'NONE', #5326, #4414, #6004, .T. ) ;
#10937 = CARTESIAN_POINT ( 'NONE',  ( 20.70000000000000284, -3.450504516109082154, 7.399999999999987921 ) ) ;
#10938 = ORIENTED_EDGE ( 'NONE', *, *, #8111, .F. ) ;
#10939 = ORIENTED_EDGE ( 'NONE', *, *, #8995, .F. ) ;
#10940 = CARTESIAN_POINT ( 'NONE',  ( 25.39999999999999858, 9.399999999999993250, -9.817955659171162666E-15 ) ) ;
#10941 = ORIENTED_EDGE ( 'NONE', *, *, #800, .F. ) ;
#10942 = DIRECTION ( 'NONE',  ( 0.8191520442889935749, -0.5735764363510434949, 2.860054076310225049E-15 ) ) ;
#10943 = ORIENTED_EDGE ( 'NONE', *, *, #11501, .F. ) ;
#10944 = CARTESIAN_POINT ( 'NONE',  ( -11.45000000000000817, 22.60000000000000142, -7.400000000000002132 ) ) ;
#10945 = DIRECTION ( 'NONE',  ( 0.000000000000000000, -2.449293598294701484E-16, -1.000000000000000000 ) ) ;
#10946 = CARTESIAN_POINT ( 'NONE',  ( 10.60000000000000142, 10.90000000000000036, 4.749999999999991118 ) ) ;
#10947 = VECTOR ( 'NONE', #2821, 1000.000000000000000 ) ;
#10948 = AXIS2_PLACEMENT_3D ( 'NONE', #5051, #6970, #10522 ) ;
#10949 = CARTESIAN_POINT ( 'NONE',  ( -16.54999999999999361, 7.400000000000004796, 5.600000000000004974 ) ) ;
#10950 = ORIENTED_EDGE ( 'NONE', *, *, #5260, .F. ) ;
#10951 = VECTOR ( 'NONE', #4450, 1000.000000000000114 ) ;
#10952 = ADVANCED_FACE ( 'NONE', ( #6787, #11583 ), #8704, .F. ) ;
#10953 = CARTESIAN_POINT ( 'NONE',  ( 6.850000000000002309, 12.45031130731456059, 1.999999999999991340 ) ) ;
#10954 = EDGE_LOOP ( 'NONE', ( #8743, #10279, #5997, #1273 ) ) ;
#10955 = ORIENTED_EDGE ( 'NONE', *, *, #1790, .F. ) ;
#10956 = ADVANCED_FACE ( 'NONE', ( #2356 ), #502, .T. ) ;
#10957 = CARTESIAN_POINT ( 'NONE',  ( 6.850000000000002309, 13.50000000000000178, 1.999999999999991340 ) ) ;
#10958 = LINE ( 'NONE', #6645, #2800 ) ;
#10959 = FACE_OUTER_BOUND ( 'NONE', #5768, .T. ) ;
#10960 = EDGE_LOOP ( 'NONE', ( #2304, #138, #850, #5659 ) ) ;
#10961 = CARTESIAN_POINT ( 'NONE',  ( 4.699999999999999289, -3.450504516109078157, -5.600000000000004974 ) ) ;
#10962 = ORIENTED_EDGE ( 'NONE', *, *, #2411, .T. ) ;
#10963 = ORIENTED_EDGE ( 'NONE', *, *, #4688, .T. ) ;
#10964 = VECTOR ( 'NONE', #3837, 1000.000000000000000 ) ;
#10965 = DIRECTION ( 'NONE',  ( 0.000000000000000000, 0.000000000000000000, 1.000000000000000000 ) ) ;
#10966 = ORIENTED_EDGE ( 'NONE', *, *, #4028, .F. ) ;
#10967 = CARTESIAN_POINT ( 'NONE',  ( 6.850000000000004974, 13.30983675198806715, 2.920754270978299427 ) ) ;
#10968 = DIRECTION ( 'NONE',  ( 0.000000000000000000, 0.000000000000000000, 1.000000000000000000 ) ) ;
#10969 = ORIENTED_EDGE ( 'NONE', *, *, #1022, .F. ) ;
#10970 = EDGE_CURVE ( 'NONE', #4775, #8777, #4194, .T. ) ;
#10971 = DIRECTION ( 'NONE',  ( -0.000000000000000000, 0.000000000000000000, -1.000000000000000000 ) ) ;
#10972 = DIRECTION ( 'NONE',  ( 0.000000000000000000, 0.000000000000000000, -1.000000000000000000 ) ) ;
#10973 = FACE_OUTER_BOUND ( 'NONE', #11328, .T. ) ;
#10974 = DIRECTION ( 'NONE',  ( -1.257045997084642858E-16, 0.000000000000000000, -1.000000000000000000 ) ) ;
#10975 = AXIS2_PLACEMENT_3D ( 'NONE', #10029, #1817, #6432 ) ;
#10976 = EDGE_CURVE ( 'NONE', #11267, #7028, #7812, .T. ) ;
#10977 = ORIENTED_EDGE ( 'NONE', *, *, #9395, .T. ) ;
#10978 = ADVANCED_FACE ( 'NONE', ( #2299 ), #5949, .T. ) ;
#10979 = CARTESIAN_POINT ( 'NONE',  ( -21.54999999999998650, 3.499999999999998668, 5.600000000000004086 ) ) ;
#10980 = ORIENTED_EDGE ( 'NONE', *, *, #11308, .T. ) ;
#10981 = DIRECTION ( 'NONE',  ( -3.571792610879097845E-15, 0.000000000000000000, 1.000000000000000000 ) ) ;
#10982 = EDGE_LOOP ( 'NONE', ( #6806, #4083, #4246, #5936 ) ) ;
#10983 = AXIS2_PLACEMENT_3D ( 'NONE', #8751, #4181, #7853 ) ;
#10984 = DIRECTION ( 'NONE',  ( 1.000000000000000000, -1.967058844685892396E-32, 8.031127203596331834E-17 ) ) ;
#10985 = FACE_OUTER_BOUND ( 'NONE', #1187, .T. ) ;
#10986 = ORIENTED_EDGE ( 'NONE', *, *, #1249, .F. ) ;
#10987 = EDGE_CURVE ( 'NONE', #2978, #4854, #5890, .T. ) ;
#10988 = EDGE_CURVE ( 'NONE', #2804, #9944, #6850, .T. ) ;
#10989 = EDGE_CURVE ( 'NONE', #7417, #8270, #3303, .T. ) ;
#10990 = CARTESIAN_POINT ( 'NONE',  ( -24.15000000000000568, 0.5000000000000000000, 12.09999999999999964 ) ) ;
#10991 = PLANE ( 'NONE',  #763 ) ;
#10992 = LINE ( 'NONE', #1105, #7774 ) ;
#10993 = FACE_OUTER_BOUND ( 'NONE', #6288, .T. ) ;
#10994 = CARTESIAN_POINT ( 'NONE',  ( -16.54999999999999716, 7.600000000000003197, -5.400000000000000355 ) ) ;
#10995 = ADVANCED_FACE ( 'NONE', ( #1510 ), #7021, .F. ) ;
#10996 = VERTEX_POINT ( 'NONE', #6121 ) ;
#10997 = AXIS2_PLACEMENT_3D ( 'NONE', #103, #9993, #8243 ) ;
#10998 = ORIENTED_EDGE ( 'NONE', *, *, #170, .T. ) ;
#10999 = DIRECTION ( 'NONE',  ( 2.282859610154041239E-32, -1.000000000000000000, 1.283079494065685941E-16 ) ) ;
#11000 = ORIENTED_EDGE ( 'NONE', *, *, #7473, .T. ) ;
#11001 = EDGE_CURVE ( 'NONE', #7624, #3116, #7392, .T. ) ;
#11002 = CARTESIAN_POINT ( 'NONE',  ( -4.699999999999995737, 2.499999999999999556, 5.599999999999998757 ) ) ;
#11003 = ORIENTED_EDGE ( 'NONE', *, *, #7840, .F. ) ;
#11004 = CARTESIAN_POINT ( 'NONE',  ( -47.67189334955345004, 8.099999999999999645, 7.400000000000004796 ) ) ;
#11005 = DIRECTION ( 'NONE',  ( 0.000000000000000000, -0.000000000000000000, 1.000000000000000000 ) ) ;
#11006 = CARTESIAN_POINT ( 'NONE',  ( 8.000000000000000000, 2.499999999999998668, -7.400000000000010125 ) ) ;
#11007 = CARTESIAN_POINT ( 'NONE',  ( -6.349999999999997868, 9.400000000000002132, 1.019953154856734144E-15 ) ) ;
#11008 = SURFACE_STYLE_USAGE ( .BOTH. , #5670 ) ;
#11009 = VECTOR ( 'NONE', #7286, 1000.000000000000114 ) ;
#11010 = CARTESIAN_POINT ( 'NONE',  ( 6.350000000000001421, 11.40000000000000213, -8.639603194080566470E-15 ) ) ;
#11011 = ORIENTED_EDGE ( 'NONE', *, *, #3712, .T. ) ;
#11012 = AXIS2_PLACEMENT_3D ( 'NONE', #5273, #8940, #11093 ) ;
#11013 = CARTESIAN_POINT ( 'NONE',  ( -3.850000000000009859, 3.499999999999998668, -5.600000000000003197 ) ) ;
#11014 = CIRCLE ( 'NONE', #7565, 1.750000000000000444 ) ;
#11015 = ORIENTED_EDGE ( 'NONE', *, *, #1603, .F. ) ;
#11016 = VERTEX_POINT ( 'NONE', #15 ) ;
#11017 = EDGE_CURVE ( 'NONE', #5097, #3518, #11824, .T. ) ;
#11018 = CARTESIAN_POINT ( 'NONE',  ( -21.55000000000000071, 9.400000000000002132, -5.499999999999996447 ) ) ;
#11019 = CYLINDRICAL_SURFACE ( 'NONE', #1287, 1.999999999999999112 ) ;
#11020 = CARTESIAN_POINT ( 'NONE',  ( 4.699999999999999289, -3.450504516109081710, -5.500000000000000000 ) ) ;
#11021 = VECTOR ( 'NONE', #10413, 1000.000000000000000 ) ;
#11022 = CIRCLE ( 'NONE', #8333, 3.500000000000000000 ) ;
#11023 = ORIENTED_EDGE ( 'NONE', *, *, #5891, .T. ) ;
#11024 = AXIS2_PLACEMENT_3D ( 'NONE', #5519, #1755, #11832 ) ;
#11025 = AXIS2_PLACEMENT_3D ( 'NONE', #2366, #11483, #7876 ) ;
#11026 = CARTESIAN_POINT ( 'NONE',  ( 6.850000000000004974, 11.40000000000000391, -0.5000000000000052180 ) ) ;
#11027 = ORIENTED_EDGE ( 'NONE', *, *, #6354, .F. ) ;
#11028 = VECTOR ( 'NONE', #133, 1000.000000000000000 ) ;
#11029 = ORIENTED_EDGE ( 'NONE', *, *, #3117, .T. ) ;
#11030 = CARTESIAN_POINT ( 'NONE',  ( -16.54999999999999361, 5.900000000000003020, 3.000000000000003109 ) ) ;
#11031 = VECTOR ( 'NONE', #9491, 1000.000000000000000 ) ;
#11032 = VERTEX_POINT ( 'NONE', #3642 ) ;
#11033 = PLANE ( 'NONE',  #5754 ) ;
#11034 = DIRECTION ( 'NONE',  ( -1.000000000000000000, 0.000000000000000000, -0.000000000000000000 ) ) ;
#11035 = ORIENTED_EDGE ( 'NONE', *, *, #11062, .T. ) ;
#11036 = AXIS2_PLACEMENT_3D ( 'NONE', #11007, #6454, #1661 ) ;
#11037 =( LENGTH_UNIT ( ) NAMED_UNIT ( * ) SI_UNIT ( .MILLI., .METRE. ) );
#11038 = LINE ( 'NONE', #10012, #4693 ) ;
#11039 = CARTESIAN_POINT ( 'NONE',  ( -8.000000000000000000, 7.600000000000004086, -3.300000000000001155 ) ) ;
#11040 = STYLED_ITEM ( 'NONE', ( #11386 ), #4934 ) ;
#11041 = LINE ( 'NONE', #6358, #1061 ) ;
#11042 = ADVANCED_FACE ( 'NONE', ( #10013 ), #9051, .F. ) ;
#11043 = VECTOR ( 'NONE', #8858, 1000.000000000000000 ) ;
#11044 = ORIENTED_EDGE ( 'NONE', *, *, #3925, .T. ) ;
#11045 = CARTESIAN_POINT ( 'NONE',  ( -19.04999999999999716, -3.358379542590069988, -2.000000000000000000 ) ) ;
#11046 = ORIENTED_EDGE ( 'NONE', *, *, #11785, .T. ) ;
#11047 = DIRECTION ( 'NONE',  ( 0.000000000000000000, 0.000000000000000000, 1.000000000000000000 ) ) ;
#11048 = ORIENTED_EDGE ( 'NONE', *, *, #1693, .T. ) ;
#11049 = CARTESIAN_POINT ( 'NONE',  ( 6.350000000000001421, 0.000000000000000000, 0.4999999999999913403 ) ) ;
#11050 = VERTEX_POINT ( 'NONE', #7980 ) ;
#11051 = DIRECTION ( 'NONE',  ( -1.000000000000000000, 0.000000000000000000, -3.491481338843133355E-15 ) ) ;
#11052 = ORIENTED_EDGE ( 'NONE', *, *, #10418, .F. ) ;
#11053 = AXIS2_PLACEMENT_3D ( 'NONE', #10733, #6055, #3345 ) ;
#11054 = DIRECTION ( 'NONE',  ( 0.000000000000000000, 0.000000000000000000, 1.000000000000000000 ) ) ;
#11055 = DIRECTION ( 'NONE',  ( 0.000000000000000000, 0.000000000000000000, -1.000000000000000000 ) ) ;
#11056 = CARTESIAN_POINT ( 'NONE',  ( 4.699999999999999289, 0.5000000000000000000, 0.000000000000000000 ) ) ;
#11057 = CARTESIAN_POINT ( 'NONE',  ( 19.05000000000000071, 12.30000000000000249, -2.300000000000007816 ) ) ;
#11058 = ADVANCED_FACE ( 'NONE', ( #1691 ), #10744, .F. ) ;
#11059 = CARTESIAN_POINT ( 'NONE',  ( 6.350000000000001421, 12.30000000000000071, 3.499999999999991562 ) ) ;
#11060 = ORIENTED_EDGE ( 'NONE', *, *, #6451, .T. ) ;
#11061 = ADVANCED_FACE ( 'NONE', ( #1803 ), #5276, .T. ) ;
#11062 = EDGE_CURVE ( 'NONE', #8084, #8639, #7256, .T. ) ;
#11063 = VERTEX_POINT ( 'NONE', #2524 ) ;
#11064 = PLANE ( 'NONE',  #2309 ) ;
#11065 = ORIENTED_EDGE ( 'NONE', *, *, #1818, .F. ) ;
#11066 = LINE ( 'NONE', #10163, #2900 ) ;
#11067 = VERTEX_POINT ( 'NONE', #8942 ) ;
#11068 = DIRECTION ( 'NONE',  ( 2.282859610154041239E-32, -1.000000000000000000, 0.000000000000000000 ) ) ;
#11069 =( NAMED_UNIT ( * ) PLANE_ANGLE_UNIT ( ) SI_UNIT ( $, .RADIAN. ) );
#11070 = ADVANCED_FACE ( 'NONE', ( #10973 ), #731, .F. ) ;
#11071 = ADVANCED_FACE ( 'NONE', ( #841 ), #121, .T. ) ;
#11072 =( LENGTH_UNIT ( ) NAMED_UNIT ( * ) SI_UNIT ( .MILLI., .METRE. ) );
#11073 = DIRECTION ( 'NONE',  ( 0.000000000000000000, 0.000000000000000000, -1.000000000000000000 ) ) ;
#11074 = DIRECTION ( 'NONE',  ( 0.000000000000000000, 1.000000000000000000, 0.000000000000000000 ) ) ;
#11075 = VECTOR ( 'NONE', #6406, 1000.000000000000000 ) ;
#11076 = VECTOR ( 'NONE', #8482, 1000.000000000000000 ) ;
#11077 = PLANE ( 'NONE',  #5835 ) ;
#11078 = DIRECTION ( 'NONE',  ( 1.000000000000000000, -1.967058844685892396E-32, 8.031127203596331834E-17 ) ) ;
#11079 = ORIENTED_EDGE ( 'NONE', *, *, #9603, .F. ) ;
#11080 = DIRECTION ( 'NONE',  ( 8.031127203596330602E-17, 0.000000000000000000, -1.000000000000000000 ) ) ;
#11081 = ORIENTED_EDGE ( 'NONE', *, *, #7304, .T. ) ;
#11082 = ORIENTED_EDGE ( 'NONE', *, *, #441, .F. ) ;
#11083 = LINE ( 'NONE', #7352, #7195 ) ;
#11084 = CARTESIAN_POINT ( 'NONE',  ( 6.850000000000002309, 0.000000000000000000, -0.5000000000000069944 ) ) ;
#11085 = EDGE_CURVE ( 'NONE', #10251, #4906, #9906, .T. ) ;
#11086 = CARTESIAN_POINT ( 'NONE',  ( 3.849999999999999201, 2.499999999999998668, -5.600000000000006750 ) ) ;
#11087 = ORIENTED_EDGE ( 'NONE', *, *, #4520, .F. ) ;
#11088 = DIRECTION ( 'NONE',  ( 0.000000000000000000, -1.000000000000000000, 0.000000000000000000 ) ) ;
#11089 = VERTEX_POINT ( 'NONE', #3467 ) ;
#11090 = ORIENTED_EDGE ( 'NONE', *, *, #289, .T. ) ;
#11091 = ORIENTED_EDGE ( 'NONE', *, *, #9386, .F. ) ;
#11092 = CARTESIAN_POINT ( 'NONE',  ( 6.850000000000004086, 13.38118413515584848, 2.794543685082603979 ) ) ;
#11093 = DIRECTION ( 'NONE',  ( 1.000000000000000000, 0.000000000000000000, 3.491481338843133355E-15 ) ) ;
#11094 = ORIENTED_EDGE ( 'NONE', *, *, #11356, .T. ) ;
#11095 = FACE_OUTER_BOUND ( 'NONE', #8996, .T. ) ;
#11096 = DIRECTION ( 'NONE',  ( 2.282859610154040965E-32, -1.000000000000000000, 1.283079494065685694E-16 ) ) ;
#11097 = DIRECTION ( 'NONE',  ( -0.000000000000000000, -1.000000000000000000, -0.000000000000000000 ) ) ;
#11098 = EDGE_LOOP ( 'NONE', ( #1670, #2062, #6008, #8090 ) ) ;
#11099 = LINE ( 'NONE', #4538, #10763 ) ;
#11100 = VECTOR ( 'NONE', #1723, 1000.000000000000000 ) ;
#11101 = EDGE_LOOP ( 'NONE', ( #8487, #3979, #1382, #9775 ) ) ;
#11102 = FACE_BOUND ( 'NONE', #1390, .T. ) ;
#11103 = AXIS2_PLACEMENT_3D ( 'NONE', #1762, #9919, #5346 ) ;
#11104 = DIRECTION ( 'NONE',  ( 0.000000000000000000, 1.000000000000000000, 0.000000000000000000 ) ) ;
#11105 = ORIENTED_EDGE ( 'NONE', *, *, #5256, .F. ) ;
#11106 = DIRECTION ( 'NONE',  ( 0.000000000000000000, 0.7071067811865483499, 0.7071067811865466846 ) ) ;
#11107 = ORIENTED_EDGE ( 'NONE', *, *, #10245, .F. ) ;
#11108 = CARTESIAN_POINT ( 'NONE',  ( 6.350000000000001421, 3.650000000000002132, -8.639603194080566470E-15 ) ) ;
#11109 = ORIENTED_EDGE ( 'NONE', *, *, #2757, .T. ) ;
#11110 = VECTOR ( 'NONE', #5233, 1000.000000000000000 ) ;
#11111 = DIRECTION ( 'NONE',  ( 0.000000000000000000, 0.000000000000000000, -1.000000000000000000 ) ) ;
#11112 = PLANE ( 'NONE',  #1344 ) ;
#11113 = DIRECTION ( 'NONE',  ( 0.000000000000000000, 0.000000000000000000, 1.000000000000000000 ) ) ;
#11114 = CARTESIAN_POINT ( 'NONE',  ( -47.67189334955345004, 8.099999999999999645, 7.400000000000004796 ) ) ;
#11115 = ADVANCED_FACE ( 'NONE', ( #899 ), #8992, .T. ) ;
#11116 = DIRECTION ( 'NONE',  ( 0.000000000000000000, 0.000000000000000000, 1.000000000000000000 ) ) ;
#11117 = VECTOR ( 'NONE', #9972, 1000.000000000000000 ) ;
#11118 = ORIENTED_EDGE ( 'NONE', *, *, #3427, .T. ) ;
#11119 = ORIENTED_EDGE ( 'NONE', *, *, #4585, .T. ) ;
#11120 = LINE ( 'NONE', #1043, #9760 ) ;
#11121 = ORIENTED_EDGE ( 'NONE', *, *, #7105, .F. ) ;
#11122 = CARTESIAN_POINT ( 'NONE',  ( -6.349999999999997868, 3.900000000000002576, -1.999999999999999112 ) ) ;
#11123 = EDGE_LOOP ( 'NONE', ( #10911, #769, #5819, #936 ) ) ;
#11124 = LINE ( 'NONE', #5600, #9189 ) ;
#11125 = DIRECTION ( 'NONE',  ( 1.000000000000000000, -5.473822126268816683E-48, 8.031127203596331834E-17 ) ) ;
#11126 = VECTOR ( 'NONE', #9588, 1000.000000000000000 ) ;
#11127 = DIRECTION ( 'NONE',  ( -1.000000000000000000, -2.282859610154040965E-32, 0.000000000000000000 ) ) ;
#11128 = CARTESIAN_POINT ( 'NONE',  ( 8.850000000000003197, 7.300000000000003375, 2.999999999999994227 ) ) ;
#11129 = LINE ( 'NONE', #8425, #6235 ) ;
#11130 = EDGE_CURVE ( 'NONE', #7089, #3514, #3589, .T. ) ;
#11131 = CARTESIAN_POINT ( 'NONE',  ( 6.350000000000001421, 12.30000000000000071, -3.500000000000008882 ) ) ;
#11132 = CARTESIAN_POINT ( 'NONE',  ( 3.849999999999999201, 9.400000000000002132, -5.500000000000005329 ) ) ;
#11133 = ORIENTED_EDGE ( 'NONE', *, *, #2809, .T. ) ;
#11134 = ADVANCED_FACE ( 'NONE', ( #1866 ), #6638, .T. ) ;
#11135 = ADVANCED_FACE ( 'NONE', ( #2582 ), #11760, .F. ) ;
#11136 = DIRECTION ( 'NONE',  ( -0.000000000000000000, 0.5735764363510434949, 0.8191520442889935749 ) ) ;
#11137 = ORIENTED_EDGE ( 'NONE', *, *, #5205, .F. ) ;
#11138 = ORIENTED_EDGE ( 'NONE', *, *, #4411, .T. ) ;
#11139 = VECTOR ( 'NONE', #11780, 1000.000000000000000 ) ;
#11140 = EDGE_CURVE ( 'NONE', #9182, #11245, #7073, .T. ) ;
#11141 = DIRECTION ( 'NONE',  ( 0.000000000000000000, 0.000000000000000000, 1.000000000000000000 ) ) ;
#11142 = DIRECTION ( 'NONE',  ( 1.000000000000000000, -0.000000000000000000, -1.779203565104417621E-16 ) ) ;
#11143 = DIRECTION ( 'NONE',  ( 4.066575051493318340E-32, -1.000000000000000000, -1.172110456741085828E-16 ) ) ;
#11144 = VERTEX_POINT ( 'NONE', #2644 ) ;
#11145 = VECTOR ( 'NONE', #2060, 1000.000000000000000 ) ;
#11146 = ADVANCED_FACE ( 'NONE', ( #250 ), #6538, .F. ) ;
#11147 = EDGE_LOOP ( 'NONE', ( #6734, #6580, #5374, #7294, #10819, #7074 ) ) ;
#11148 = AXIS2_PLACEMENT_3D ( 'NONE', #5176, #6867, #636 ) ;
#11149 = CARTESIAN_POINT ( 'NONE',  ( -19.04999999999999716, 12.30000000000000249, -2.299999999999999822 ) ) ;
#11150 = DIRECTION ( 'NONE',  ( 0.000000000000000000, 1.000000000000000000, -1.283079494065685941E-16 ) ) ;
#11151 = DIRECTION ( 'NONE',  ( 0.000000000000000000, 0.000000000000000000, -1.000000000000000000 ) ) ;
#11152 = DIRECTION ( 'NONE',  ( 0.000000000000000000, -1.000000000000000000, 0.000000000000000000 ) ) ;
#11153 = VERTEX_POINT ( 'NONE', #9418 ) ;
#11154 = DIRECTION ( 'NONE',  ( 0.000000000000000000, 0.000000000000000000, -1.000000000000000000 ) ) ;
#11155 = DIRECTION ( 'NONE',  ( -1.000000000000000000, -1.967058844685892396E-32, -8.031127203596331834E-17 ) ) ;
#11156 = FACE_OUTER_BOUND ( 'NONE', #381, .T. ) ;
#11157 = CARTESIAN_POINT ( 'NONE',  ( 8.950000000000013500, 8.099999999999999645, 7.399999999999994138 ) ) ;
#11158 = ORIENTED_EDGE ( 'NONE', *, *, #10337, .T. ) ;
#11159 = DIRECTION ( 'NONE',  ( 0.000000000000000000, -1.000000000000000000, -3.097720492815726673E-16 ) ) ;
#11160 = VERTEX_POINT ( 'NONE', #5632 ) ;
#11161 = DIRECTION ( 'NONE',  ( -3.491481338843133355E-15, 0.000000000000000000, 1.000000000000000000 ) ) ;
#11162 = CARTESIAN_POINT ( 'NONE',  ( -3.849999999999999201, 7.300000000000003375, -3.000000000000001776 ) ) ;
#11163 = ORIENTED_EDGE ( 'NONE', *, *, #10304, .T. ) ;
#11164 = CARTESIAN_POINT ( 'NONE',  ( -3.749999999999992895, 9.399999999999996803, -7.400000000000003908 ) ) ;
#11165 = ORIENTED_EDGE ( 'NONE', *, *, #11182, .T. ) ;
#11166 = CARTESIAN_POINT ( 'NONE',  ( -17.39999999999999858, 2.499999999999998668, -5.499999999999996447 ) ) ;
#11167 = ORIENTED_EDGE ( 'NONE', *, *, #10857, .T. ) ;
#11168 = DIRECTION ( 'NONE',  ( -0.000000000000000000, -0.000000000000000000, -1.000000000000000000 ) ) ;
#11169 = CARTESIAN_POINT ( 'NONE',  ( -8.849999999999999645, 7.400000000000004796, -5.400000000000003908 ) ) ;
#11170 = CARTESIAN_POINT ( 'NONE',  ( -11.45000000000000462, 22.60000000000000142, 12.09999999999999787 ) ) ;
#11171 = CONICAL_SURFACE ( 'NONE', #4635, 2.000000000000000000, 0.7853981633974471688 ) ;
#11172 = PLANE ( 'NONE',  #7138 ) ;
#11173 = EDGE_CURVE ( 'NONE', #11176, #5776, #7368, .T. ) ;
#11174 = CARTESIAN_POINT ( 'NONE',  ( -13.95000000000000462, 44.34419462753220387, 10.10000000000000675 ) ) ;
#11175 = VERTEX_POINT ( 'NONE', #307 ) ;
#11176 = VERTEX_POINT ( 'NONE', #1019 ) ;
#11178 = DIRECTION ( 'NONE',  ( 3.558407130208835242E-16, -0.000000000000000000, 1.000000000000000000 ) ) ;
#11177 = AXIS2_PLACEMENT_3D ( 'NONE', #356, #11326, #5012 ) ;
#11179 = ORIENTED_EDGE ( 'NONE', *, *, #3158, .T. ) ;
#11180 = DIRECTION ( 'NONE',  ( 1.000000000000000000, -0.000000000000000000, -1.779203565104417621E-16 ) ) ;
#11181 = EDGE_CURVE ( 'NONE', #4922, #9069, #693, .T. ) ;
#11182 = EDGE_CURVE ( 'NONE', #8610, #2532, #10468, .T. ) ;
#11183 = ORIENTED_EDGE ( 'NONE', *, *, #1233, .F. ) ;
#11184 = DIRECTION ( 'NONE',  ( -1.000000000000000000, -2.282859610154041239E-32, 2.675763620333430081E-48 ) ) ;
#11185 = DIRECTION ( 'NONE',  ( 0.000000000000000000, -1.000000000000000000, 0.000000000000000000 ) ) ;
#11186 = CARTESIAN_POINT ( 'NONE',  ( 5.850000000000001421, 0.000000000000000000, -8.679758830098549109E-15 ) ) ;
#11187 = LINE ( 'NONE', #6748, #2668 ) ;
#11188 = CARTESIAN_POINT ( 'NONE',  ( -26.65000000000000213, 19.60000000000000142, 12.09999999999999964 ) ) ;
#11189 =( NAMED_UNIT ( * ) SI_UNIT ( $, .STERADIAN. ) SOLID_ANGLE_UNIT ( ) );
#11190 = VECTOR ( 'NONE', #8371, 1000.000000000000000 ) ;
#11191 = FACE_OUTER_BOUND ( 'NONE', #7629, .T. ) ;
#11192 = VERTEX_POINT ( 'NONE', #6600 ) ;
#11193 = ADVANCED_FACE ( 'NONE', ( #188 ), #10261, .F. ) ;
#11194 = DIRECTION ( 'NONE',  ( 1.000000000000000000, 0.000000000000000000, 8.031127203596330602E-17 ) ) ;
#11195 = ORIENTED_EDGE ( 'NONE', *, *, #3798, .T. ) ;
#11196 = ORIENTED_EDGE ( 'NONE', *, *, #9583, .F. ) ;
#11197 = LINE ( 'NONE', #287, #2208 ) ;
#11198 = DIRECTION ( 'NONE',  ( 0.000000000000000000, -1.000000000000000000, 0.000000000000000000 ) ) ;
#11199 = LINE ( 'NONE', #8677, #3319 ) ;
#11200 = EDGE_CURVE ( 'NONE', #4142, #11160, #959, .T. ) ;
#11201 = VERTEX_POINT ( 'NONE', #1927 ) ;
#11202 = ADVANCED_FACE ( 'NONE', ( #2878 ), #1085, .F. ) ;
#11203 = VECTOR ( 'NONE', #10198, 1000.000000000000000 ) ;
#11204 = AXIS2_PLACEMENT_3D ( 'NONE', #4904, #8577, #2167 ) ;
#11205 = EDGE_CURVE ( 'NONE', #11739, #379, #8389, .T. ) ;
#11206 = ADVANCED_FACE ( 'NONE', ( #5572 ), #3824, .F. ) ;
#11207 = ORIENTED_EDGE ( 'NONE', *, *, #2466, .T. ) ;
#11208 = LINE ( 'NONE', #4715, #3930 ) ;
#11209 = VERTEX_POINT ( 'NONE', #7551 ) ;
#11210 = CARTESIAN_POINT ( 'NONE',  ( 6.850000000000005862, 13.13009837299679816, 3.138264838880527652 ) ) ;
#11211 = DIRECTION ( 'NONE',  ( 0.000000000000000000, 0.000000000000000000, -1.000000000000000000 ) ) ;
#11212 = ORIENTED_EDGE ( 'NONE', *, *, #7897, .T. ) ;
#11213 = ADVANCED_FACE ( 'NONE', ( #9237 ), #8267, .F. ) ;
#11214 = ADVANCED_FACE ( 'NONE', ( #11156 ), #6478, .F. ) ;
#11215 = DIRECTION ( 'NONE',  ( 1.000000000000000000, -0.000000000000000000, -1.020425574104004492E-16 ) ) ;
#11216 = CARTESIAN_POINT ( 'NONE',  ( 19.55000000000000071, 11.40000000000000391, -0.5000000000000042188 ) ) ;
#11217 = UNCERTAINTY_MEASURE_WITH_UNIT (LENGTH_MEASURE( 1.000000000000000082E-05 ), #6988, 'distance_accuracy_value', 'NONE');
#11218 = PLANE ( 'NONE',  #2037 ) ;
#11219 = AXIS2_PLACEMENT_3D ( 'NONE', #10587, #3977, #4870 ) ;
#11220 = DIRECTION ( 'NONE',  ( 0.000000000000000000, 1.000000000000000000, 0.000000000000000000 ) ) ;
#11221 = AXIS2_PLACEMENT_3D ( 'NONE', #1729, #9036, #1785 ) ;
#11222 = EDGE_CURVE ( 'NONE', #8871, #9787, #4779, .T. ) ;
#11223 = ORIENTED_EDGE ( 'NONE', *, *, #2098, .F. ) ;
#11224 = DIRECTION ( 'NONE',  ( 8.031127203596331834E-17, 6.484268945210251886E-17, -1.000000000000000000 ) ) ;
#11225 = CIRCLE ( 'NONE', #10836, 3.000000000000000000 ) ;
#11226 = ORIENTED_EDGE ( 'NONE', *, *, #4045, .T. ) ;
#11227 = LINE ( 'NONE', #4787, #1381 ) ;
#11228 = COLOUR_RGB ( '',0.7921568627450980005, 0.8196078431372548767, 0.9333333333333333481 ) ;
#11229 = DIRECTION ( 'NONE',  ( 0.000000000000000000, 1.000000000000000000, 0.000000000000000000 ) ) ;
#11230 = ORIENTED_EDGE ( 'NONE', *, *, #5062, .T. ) ;
#11231 = AXIS2_PLACEMENT_3D ( 'NONE', #8640, #10276, #2063 ) ;
#11232 = FACE_OUTER_BOUND ( 'NONE', #323, .T. ) ;
#11233 = ORIENTED_EDGE ( 'NONE', *, *, #3494, .T. ) ;
#11234 = LINE ( 'NONE', #3708, #3813 ) ;
#11235 = ORIENTED_EDGE ( 'NONE', *, *, #4970, .F. ) ;
#11236 =( GEOMETRIC_REPRESENTATION_CONTEXT ( 3 ) GLOBAL_UNCERTAINTY_ASSIGNED_CONTEXT ( ( #7615 ) ) GLOBAL_UNIT_ASSIGNED_CONTEXT ( ( #9643, #5134, #6996 ) ) REPRESENTATION_CONTEXT ( 'NONE', 'WORKASPACE' ) );
#11237 = DIRECTION ( 'NONE',  ( 0.000000000000000000, -1.000000000000000000, 0.000000000000000000 ) ) ;
#11238 = DIRECTION ( 'NONE',  ( -1.000000000000000000, 1.967058844685892123E-32, -8.031127203596330602E-17 ) ) ;
#11239 = CARTESIAN_POINT ( 'NONE',  ( -24.15000000000000568, 22.60000000000000142, -7.400000000000000355 ) ) ;
#11240 = DIRECTION ( 'NONE',  ( 0.000000000000000000, -1.000000000000000000, 0.000000000000000000 ) ) ;
#11241 = AXIS2_PLACEMENT_3D ( 'NONE', #4721, #10380, #2050 ) ;
#11242 = ADVANCED_FACE ( 'NONE', ( #3880 ), #11218, .T. ) ;
#11243 = VECTOR ( 'NONE', #2314, 1000.000000000000000 ) ;
#11244 = LINE ( 'NONE', #2129, #3488 ) ;
#11245 = VERTEX_POINT ( 'NONE', #3000 ) ;
#11246 = VERTEX_POINT ( 'NONE', #2166 ) ;
#11247 = CARTESIAN_POINT ( 'NONE',  ( 1.249999999999997558, 9.399999999999995026, 7.399999999999992362 ) ) ;
#11248 = VERTEX_POINT ( 'NONE', #1201 ) ;
#11249 = AXIS2_PLACEMENT_3D ( 'NONE', #8195, #1730, #11683 ) ;
#11250 = LINE ( 'NONE', #8416, #1951 ) ;
#11251 = ORIENTED_EDGE ( 'NONE', *, *, #3864, .T. ) ;
#11252 = CARTESIAN_POINT ( 'NONE',  ( 19.55000000000000071, 13.50000000000000178, -2.387337886821857769 ) ) ;
#11253 = LINE ( 'NONE', #9390, #5672 ) ;
#11254 = CARTESIAN_POINT ( 'NONE',  ( -17.04999999999999361, 12.45031130731456059, -0.4999999999999930611 ) ) ;
#11255 = CARTESIAN_POINT ( 'NONE',  ( -3.849999999999995648, 2.499999999999998668, 5.599999999999998757 ) ) ;
#11256 = CARTESIAN_POINT ( 'NONE',  ( -1.250000000000007994, 8.099999999999999645, 10.09999999999999787 ) ) ;
#11257 = CYLINDRICAL_SURFACE ( 'NONE', #280, 0.2000000000000005107 ) ;
#11258 = VECTOR ( 'NONE', #373, 1000.000000000000000 ) ;
#11259 = EDGE_LOOP ( 'NONE', ( #11803, #4685, #7743, #949 ) ) ;
#11260 = CARTESIAN_POINT ( 'NONE',  ( -18.54999999999998650, 13.02097974195209851, -3.231351419844252337 ) ) ;
#11261 = ORIENTED_EDGE ( 'NONE', *, *, #1314, .T. ) ;
#11262 = AXIS2_PLACEMENT_3D ( 'NONE', #11186, #1958, #5786 ) ;
#11263 = CARTESIAN_POINT ( 'NONE',  ( -10.59999999999999787, 24.33502884254439991, -4.249999999999996447 ) ) ;
#11264 = CARTESIAN_POINT ( 'NONE',  ( -8.350000000000003197, 13.50000000000000178, 0.4999999999999940603 ) ) ;
#11265 = LINE ( 'NONE', #3159, #2560 ) ;
#11266 = VERTEX_POINT ( 'NONE', #9169 ) ;
#11267 = VERTEX_POINT ( 'NONE', #11393 ) ;
#11268 =( NAMED_UNIT ( * ) PLANE_ANGLE_UNIT ( ) SI_UNIT ( $, .RADIAN. ) );
#11269 = DIRECTION ( 'NONE',  ( 0.000000000000000000, 1.000000000000000000, 0.000000000000000000 ) ) ;
#11270 = DIRECTION ( 'NONE',  ( -4.066575051493318340E-32, -1.000000000000000000, 1.172110456741085828E-16 ) ) ;
#11271 = CARTESIAN_POINT ( 'NONE',  ( 10.60000000000000142, 9.400000000000002132, 4.249999999999991118 ) ) ;
#11272 = ORIENTED_EDGE ( 'NONE', *, *, #9909, .T. ) ;
#11273 = CARTESIAN_POINT ( 'NONE',  ( -4.349999999999999645, 12.45031130731456059, -0.4999999999999921174 ) ) ;
#11274 = CARTESIAN_POINT ( 'NONE',  ( 20.70000000000000284, 5.900000000000002132, 2.999999999999990230 ) ) ;
#11275 = CARTESIAN_POINT ( 'NONE',  ( -17.59999999999999787, -3.999999999999999112, -5.599999999999996092 ) ) ;
#11276 = ADVANCED_FACE ( 'NONE', ( #484 ), #2285, .F. ) ;
#11277 = ADVANCED_FACE ( 'NONE', ( #3994 ), #4180, .F. ) ;
#11278 = CARTESIAN_POINT ( 'NONE',  ( -18.54999999999999716, 13.47566243020010290, 2.528827620778223650 ) ) ;
#11279 = ORIENTED_EDGE ( 'NONE', *, *, #3443, .T. ) ;
#11280 = ORIENTED_EDGE ( 'NONE', *, *, #10350, .F. ) ;
#11281 = ADVANCED_FACE ( 'NONE', ( #9712 ), #4959, .F. ) ;
#11282 = CARTESIAN_POINT ( 'NONE',  ( -20.69999999999999929, 0.5000000000000004441, -5.599999999999996092 ) ) ;
#11283 = EDGE_LOOP ( 'NONE', ( #9363, #2301, #2605, #214 ) ) ;
#11284 = DIRECTION ( 'NONE',  ( 0.000000000000000000, -1.000000000000000000, 0.000000000000000000 ) ) ;
#11285 = EDGE_CURVE ( 'NONE', #3137, #1694, #10503, .T. ) ;
#11286 = ORIENTED_EDGE ( 'NONE', *, *, #1238, .T. ) ;
#11287 = FACE_OUTER_BOUND ( 'NONE', #10335, .T. ) ;
#11288 = ORIENTED_EDGE ( 'NONE', *, *, #4584, .T. ) ;
#11289 = CARTESIAN_POINT ( 'NONE',  ( 19.04999999999999716, 0.000000000000000000, 0.4999999999999923395 ) ) ;
#11290 = ORIENTED_EDGE ( 'NONE', *, *, #6145, .T. ) ;
#11291 = CARTESIAN_POINT ( 'NONE',  ( -20.50000000000000000, -4.000000000000000000, -7.199999999999997513 ) ) ;
#11292 = CARTESIAN_POINT ( 'NONE',  ( -47.67189334955345004, 8.099999999999999645, 7.400000000000004796 ) ) ;
#11293 = APPLICATION_CONTEXT ( 'automotive_design' ) ;
#11294 = DIRECTION ( 'NONE',  ( -4.066575051493318340E-32, -1.000000000000000000, 1.172110456741085828E-16 ) ) ;
#11295 = CYLINDRICAL_SURFACE ( 'NONE', #74, 3.500000000000000444 ) ;
#11296 = ADVANCED_FACE ( 'NONE', ( #10674 ), #9650, .F. ) ;
#11297 = CARTESIAN_POINT ( 'NONE',  ( 6.350000000000001421, 11.40000000000000213, 3.499999999999992895 ) ) ;
#11298 = VERTEX_POINT ( 'NONE', #1496 ) ;
#11299 = VECTOR ( 'NONE', #11557, 1000.000000000000114 ) ;
#11300 = VERTEX_POINT ( 'NONE', #9476 ) ;
#11301 = CIRCLE ( 'NONE', #944, 3.483215956619923670 ) ;
#11302 = CARTESIAN_POINT ( 'NONE',  ( 1.249999999999994227, 22.60000000000000142, 12.09999999999999432 ) ) ;
#11303 = ORIENTED_EDGE ( 'NONE', *, *, #9423, .F. ) ;
#11304 = CARTESIAN_POINT ( 'NONE',  ( -21.55000000000000071, 2.499999999999998668, -5.599999999999997868 ) ) ;
#11305 = CIRCLE ( 'NONE', #10539, 3.500000000000001332 ) ;
#11306 = VERTEX_POINT ( 'NONE', #8750 ) ;
#11307 = DIRECTION ( 'NONE',  ( 0.000000000000000000, -0.5735764363510434949, -0.8191520442889935749 ) ) ;
#11308 = EDGE_CURVE ( 'NONE', #430, #2991, #8543, .T. ) ;
#11309 = FACE_OUTER_BOUND ( 'NONE', #8596, .T. ) ;
#11310 = LINE ( 'NONE', #2141, #9978 ) ;
#11311 = CARTESIAN_POINT ( 'NONE',  ( -3.749999999999992895, 9.399999999999996803, -7.400000000000003908 ) ) ;
#11312 = AXIS2_PLACEMENT_3D ( 'NONE', #275, #2255, #4928 ) ;
#11313 = VECTOR ( 'NONE', #202, 1000.000000000000000 ) ;
#11314 = VECTOR ( 'NONE', #4980, 1000.000000000000000 ) ;
#11315 = CARTESIAN_POINT ( 'NONE',  ( -17.57905459164928885, -3.942452963515175490, -5.779054591649288142 ) ) ;
#11316 = EDGE_LOOP ( 'NONE', ( #4782, #3999, #4347, #5654, #9013 ) ) ;
#11317 = VECTOR ( 'NONE', #2813, 1000.000000000000000 ) ;
#11318 = CARTESIAN_POINT ( 'NONE',  ( -8.000000000000000000, -3.999999999999998224, -7.400000000000002132 ) ) ;
#11319 = ORIENTED_EDGE ( 'NONE', *, *, #3940, .F. ) ;
#11320 = CARTESIAN_POINT ( 'NONE',  ( -6.850000000000002309, 11.40000000000000391, 0.4999999999999975020 ) ) ;
#11321 = ORIENTED_EDGE ( 'NONE', *, *, #10363, .T. ) ;
#11322 = DIRECTION ( 'NONE',  ( 0.000000000000000000, -1.000000000000000000, 0.000000000000000000 ) ) ;
#11323 = LINE ( 'NONE', #10425, #337 ) ;
#11324 = CIRCLE ( 'NONE', #2863, 1.999999999999999112 ) ;
#11325 = ADVANCED_FACE ( 'NONE', ( #601 ), #7851, .F. ) ;
#11326 = DIRECTION ( 'NONE',  ( -1.000000000000000000, 0.000000000000000000, 0.000000000000000000 ) ) ;
#11327 = AXIS2_PLACEMENT_3D ( 'NONE', #1933, #11229, #10329 ) ;
#11328 = EDGE_LOOP ( 'NONE', ( #3664, #4100, #1431, #8328 ) ) ;
#11329 = EDGE_CURVE ( 'NONE', #11153, #2133, #8575, .T. ) ;
#11330 = FILL_AREA_STYLE ('',( #7724 ) ) ;
#11331 = CARTESIAN_POINT ( 'NONE',  ( 18.54999999999999716, 13.30983675198806715, -2.920754270978316303 ) ) ;
#11332 = CARTESIAN_POINT ( 'NONE',  ( -13.95000000000000462, 8.100000000000003197, 12.09999999999999964 ) ) ;
#11333 = LINE ( 'NONE', #1137, #6803 ) ;
#11334 = ORIENTED_EDGE ( 'NONE', *, *, #2494, .T. ) ;
#11335 = DIRECTION ( 'NONE',  ( -1.000000000000000000, 1.967058844685892123E-32, -8.031127203596330602E-17 ) ) ;
#11336 = LINE ( 'NONE', #7900, #6991 ) ;
#11337 = LINE ( 'NONE', #3232, #135 ) ;
#11338 = VECTOR ( 'NONE', #6736, 1000.000000000000000 ) ;
#11339 = DIRECTION ( 'NONE',  ( 0.000000000000000000, 0.000000000000000000, 1.000000000000000000 ) ) ;
#11340 = CIRCLE ( 'NONE', #5587, 0.2000000000000005107 ) ;
#11341 = VERTEX_POINT ( 'NONE', #368 ) ;
#11342 = VECTOR ( 'NONE', #7227, 1000.000000000000114 ) ;
#11343 = EDGE_CURVE ( 'NONE', #8376, #5504, #545, .T. ) ;
#11344 = AXIS2_PLACEMENT_3D ( 'NONE', #11665, #5409, #11726 ) ;
#11345 = PLANE ( 'NONE',  #7412 ) ;
#11346 = ORIENTED_EDGE ( 'NONE', *, *, #10237, .T. ) ;
#11347 = ORIENTED_EDGE ( 'NONE', *, *, #6075, .F. ) ;
#11348 = LINE ( 'NONE', #3122, #1459 ) ;
#11349 = EDGE_LOOP ( 'NONE', ( #5869, #2753, #4039, #2641, #6531, #9093, #7096, #8314 ) ) ;
#11350 = CARTESIAN_POINT ( 'NONE',  ( -21.65000000000000924, 8.099999999999999645, 7.400000000000001243 ) ) ;
#11351 = ORIENTED_EDGE ( 'NONE', *, *, #10491, .T. ) ;
#11352 = DIRECTION ( 'NONE',  ( -1.000000000000000000, -1.967058844685892396E-32, -8.031127203596331834E-17 ) ) ;
#11353 = LINE ( 'NONE', #9611, #5066 ) ;
#11354 = LINE ( 'NONE', #444, #6249 ) ;
#11355 = LINE ( 'NONE', #617, #5278 ) ;
#11356 = EDGE_CURVE ( 'NONE', #4631, #5516, #3288, .T. ) ;
#11357 = EDGE_LOOP ( 'NONE', ( #1182, #3633, #5779, #4634 ) ) ;
#11358 = ORIENTED_EDGE ( 'NONE', *, *, #11702, .T. ) ;
#11359 = DIRECTION ( 'NONE',  ( 8.031127203596330602E-17, -3.043374519257555536E-16, -1.000000000000000000 ) ) ;
#11360 = ORIENTED_EDGE ( 'NONE', *, *, #10039, .F. ) ;
#11361 = EDGE_CURVE ( 'NONE', #7794, #4391, #11337, .T. ) ;
#11362 = EDGE_CURVE ( 'NONE', #2532, #8610, #3003, .T. ) ;
#11363 = FACE_BOUND ( 'NONE', #7323, .T. ) ;
#11364 = VERTEX_POINT ( 'NONE', #9595 ) ;
#11365 = CARTESIAN_POINT ( 'NONE',  ( -16.54999999999999361, 7.400000000000004796, 5.400000000000004796 ) ) ;
#11366 = CARTESIAN_POINT ( 'NONE',  ( -16.54999999999999361, 2.500000000000000000, 5.600000000000003197 ) ) ;
#11367 = CARTESIAN_POINT ( 'NONE',  ( -6.849999999999998757, 12.45031130731456059, -1.999999999999999112 ) ) ;
#11368 = VECTOR ( 'NONE', #6489, 1000.000000000000000 ) ;
#11369 = DIRECTION ( 'NONE',  ( -1.000000000000000000, -0.000000000000000000, 6.938893903907233308E-16 ) ) ;
#11370 = LINE ( 'NONE', #1472, #6990 ) ;
#11371 = ADVANCED_FACE ( 'NONE', ( #5876 ), #5022, .F. ) ;
#11372 = EDGE_CURVE ( 'NONE', #9734, #2475, #8630, .T. ) ;
#11373 = DIRECTION ( 'NONE',  ( -8.031127203596330602E-17, -4.818676322157799347E-16, 1.000000000000000000 ) ) ;
#11374 = VERTEX_POINT ( 'NONE', #6891 ) ;
#11375 = AXIS2_PLACEMENT_3D ( 'NONE', #8470, #5718, #1106 ) ;
#11376 = ADVANCED_FACE ( 'NONE', ( #4119 ), #10559, .F. ) ;
#11377 = CARTESIAN_POINT ( 'NONE',  ( -3.849999999999999201, 9.400000000000002132, -2.000000000000000888 ) ) ;
#11378 = EDGE_LOOP ( 'NONE', ( #6641, #4213 ) ) ;
#11379 = CARTESIAN_POINT ( 'NONE',  ( 17.05000000000000071, 13.50000000000000178, -0.5000000000000146549 ) ) ;
#11380 = ORIENTED_EDGE ( 'NONE', *, *, #6918, .F. ) ;
#11381 = VECTOR ( 'NONE', #7783, 1000.000000000000000 ) ;
#11382 = CARTESIAN_POINT ( 'NONE',  ( -6.349999999999997868, 9.400000000000002132, 1.019953154856734144E-15 ) ) ;
#11383 = DIRECTION ( 'NONE',  ( 1.000000000000000000, 4.066575051493318340E-32, 0.000000000000000000 ) ) ;
#11384 = VECTOR ( 'NONE', #1524, 1000.000000000000000 ) ;
#11385 = ORIENTED_EDGE ( 'NONE', *, *, #524, .F. ) ;
#11386 = PRESENTATION_STYLE_ASSIGNMENT (( #6766 ) ) ;
#11387 = CARTESIAN_POINT ( 'NONE',  ( -18.54999999999999361, 13.50000000000000178, 2.244994432064364442 ) ) ;
#11388 = LINE ( 'NONE', #2160, #408 ) ;
#11389 = LINE ( 'NONE', #2102, #1822 ) ;
#11390 = VERTEX_POINT ( 'NONE', #5254 ) ;
#11391 = DIRECTION ( 'NONE',  ( 0.000000000000000000, 0.000000000000000000, 1.000000000000000000 ) ) ;
#11392 = DIRECTION ( 'NONE',  ( -1.000000000000000000, 0.000000000000000000, -3.491481338843133355E-15 ) ) ;
#11393 = CARTESIAN_POINT ( 'NONE',  ( 3.849999999999999201, 2.499999999999998668, -7.400000000000010125 ) ) ;
#11394 = CARTESIAN_POINT ( 'NONE',  ( 11.10000000000000142, 9.400000000000002132, 4.249999999999991118 ) ) ;
#11395 = VECTOR ( 'NONE', #2873, 1000.000000000000000 ) ;
#11396 = VECTOR ( 'NONE', #1775, 1000.000000000000000 ) ;
#11397 = VERTEX_POINT ( 'NONE', #9885 ) ;
#11398 = DIRECTION ( 'NONE',  ( 0.000000000000000000, -1.000000000000000000, 0.000000000000000000 ) ) ;
#11399 = ORIENTED_EDGE ( 'NONE', *, *, #2425, .F. ) ;
#11400 = EDGE_LOOP ( 'NONE', ( #5514, #551, #9166, #726, #10977, #6187, #1918, #5029 ) ) ;
#11401 = DIRECTION ( 'NONE',  ( 0.000000000000000000, 1.000000000000000000, -0.000000000000000000 ) ) ;
#11402 = AXIS2_PLACEMENT_3D ( 'NONE', #363, #4899, #9471 ) ;
#11403 = EDGE_LOOP ( 'NONE', ( #7175, #1040, #1404, #1868, #5110, #4969 ) ) ;
#11404 = DIRECTION ( 'NONE',  ( -1.000000000000000000, 0.000000000000000000, 0.000000000000000000 ) ) ;
#11405 = ORIENTED_EDGE ( 'NONE', *, *, #10838, .F. ) ;
#11406 = AXIS2_PLACEMENT_3D ( 'NONE', #5633, #1804, #5574 ) ;
#11407 = DIRECTION ( 'NONE',  ( -8.031127203596330602E-17, 4.818676322157799347E-16, 1.000000000000000000 ) ) ;
#11408 = LINE ( 'NONE', #7915, #2213 ) ;
#11409 = LINE ( 'NONE', #1216, #9511 ) ;
#11410 = DIRECTION ( 'NONE',  ( 0.000000000000000000, -0.000000000000000000, 1.000000000000000000 ) ) ;
#11411 = EDGE_CURVE ( 'NONE', #9778, #4892, #6106, .T. ) ;
#11412 = PLANE ( 'NONE',  #8903 ) ;
#11413 = ORIENTED_EDGE ( 'NONE', *, *, #11017, .T. ) ;
#11414 = VECTOR ( 'NONE', #9082, 1000.000000000000000 ) ;
#11415 = ORIENTED_EDGE ( 'NONE', *, *, #1167, .T. ) ;
#11416 = VECTOR ( 'NONE', #7850, 1000.000000000000000 ) ;
#11417 = VECTOR ( 'NONE', #2311, 1000.000000000000000 ) ;
#11418 = DIRECTION ( 'NONE',  ( -0.3236155771181862817, -0.8891264907159871500, -0.3236155771181863372 ) ) ;
#11419 = VERTEX_POINT ( 'NONE', #6284 ) ;
#11420 =( GEOMETRIC_REPRESENTATION_CONTEXT ( 3 ) GLOBAL_UNCERTAINTY_ASSIGNED_CONTEXT ( ( #10260 ) ) GLOBAL_UNIT_ASSIGNED_CONTEXT ( ( #276, #11069, #9264 ) ) REPRESENTATION_CONTEXT ( 'NONE', 'WORKASPACE' ) );
#11421 = DIRECTION ( 'NONE',  ( 0.000000000000000000, 0.000000000000000000, 1.000000000000000000 ) ) ;
#11422 = ORIENTED_EDGE ( 'NONE', *, *, #1478, .T. ) ;
#11423 = DIRECTION ( 'NONE',  ( 0.000000000000000000, 1.000000000000000000, 0.000000000000000000 ) ) ;
#11424 = LINE ( 'NONE', #570, #4883 ) ;
#11425 = EDGE_CURVE ( 'NONE', #511, #3353, #652, .T. ) ;
#11426 = PLANE ( 'NONE',  #6466 ) ;
#11427 = DIRECTION ( 'NONE',  ( 0.000000000000000000, 1.000000000000000000, -1.172110456741085828E-16 ) ) ;
#11428 = CARTESIAN_POINT ( 'NONE',  ( 19.05000000000000071, 10.90000000000000213, 1.999999999999992228 ) ) ;
#11429 = AXIS2_PLACEMENT_3D ( 'NONE', #2245, #5827, #7634 ) ;
#11430 = AXIS2_PLACEMENT_3D ( 'NONE', #2426, #6974, #6135 ) ;
#11431 = ADVANCED_FACE ( 'NONE', ( #4407 ), #7057, .T. ) ;
#11432 = VECTOR ( 'NONE', #9531, 1000.000000000000000 ) ;
#11433 = COLOUR_RGB ( '',0.7921568627450980005, 0.8196078431372548767, 0.9333333333333333481 ) ;
#11434 = EDGE_CURVE ( 'NONE', #6409, #9443, #9826, .T. ) ;
#11435 = EDGE_CURVE ( 'NONE', #3967, #8811, #8975, .T. ) ;
#11436 = LINE ( 'NONE', #11487, #1997 ) ;
#11437 = ORIENTED_EDGE ( 'NONE', *, *, #160, .F. ) ;
#11438 = VECTOR ( 'NONE', #11745, 1000.000000000000000 ) ;
#11439 = EDGE_CURVE ( 'NONE', #9262, #8437, #715, .T. ) ;
#11440 = EDGE_CURVE ( 'NONE', #11811, #1590, #1786, .T. ) ;
#11441 = CARTESIAN_POINT ( 'NONE',  ( 18.54999999999999716, 12.50000000000000000, 3.447142787940700615 ) ) ;
#11442 = ORIENTED_EDGE ( 'NONE', *, *, #8422, .T. ) ;
#11443 = DIRECTION ( 'NONE',  ( 0.000000000000000000, -0.000000000000000000, 1.000000000000000000 ) ) ;
#11444 = EDGE_LOOP ( 'NONE', ( #5542, #10247, #261, #201 ) ) ;
#11445 = EDGE_CURVE ( 'NONE', #10080, #7089, #7213, .T. ) ;
#11446 = AXIS2_PLACEMENT_3D ( 'NONE', #6402, #9458, #10906 ) ;
#11447 = LINE ( 'NONE', #7109, #7005 ) ;
#11448 = FACE_OUTER_BOUND ( 'NONE', #9774, .T. ) ;
#11449 = FACE_OUTER_BOUND ( 'NONE', #6561, .T. ) ;
#11450 = ADVANCED_FACE ( 'NONE', ( #11807 ), #4522, .T. ) ;
#11451 = LINE ( 'NONE', #255, #9622 ) ;
#11452 = ORIENTED_EDGE ( 'NONE', *, *, #6224, .T. ) ;
#11453 = FILL_AREA_STYLE ('',( #10605 ) ) ;
#11454 = DIRECTION ( 'NONE',  ( -1.000000000000000000, 0.000000000000000000, -8.031127203596331834E-17 ) ) ;
#11455 = CARTESIAN_POINT ( 'NONE',  ( 11.10000000000000142, 24.33502884254439991, 4.249999999999989342 ) ) ;
#11456 = FACE_OUTER_BOUND ( 'NONE', #3787, .T. ) ;
#11457 = ORIENTED_EDGE ( 'NONE', *, *, #6450, .F. ) ;
#11458 = ADVANCED_FACE ( 'NONE', ( #5315 ), #7962, .T. ) ;
#11459 = FACE_OUTER_BOUND ( 'NONE', #212, .T. ) ;
#11460 = DIRECTION ( 'NONE',  ( -8.031127203596330602E-17, 0.000000000000000000, 1.000000000000000000 ) ) ;
#11461 = DIRECTION ( 'NONE',  ( 1.000000000000000000, -0.000000000000000000, 8.031127203596331834E-17 ) ) ;
#11462 = CARTESIAN_POINT ( 'NONE',  ( -6.849999999999998757, 11.40000000000000391, 0.5000000000000008882 ) ) ;
#11463 = ORIENTED_EDGE ( 'NONE', *, *, #4970, .T. ) ;
#11464 = CARTESIAN_POINT ( 'NONE',  ( -20.69999999999999929, -3.450504516109081710, -5.599999999999996092 ) ) ;
#11465 = ORIENTED_EDGE ( 'NONE', *, *, #6299, .T. ) ;
#11466 = ORIENTED_EDGE ( 'NONE', *, *, #787, .T. ) ;
#11467 = LINE ( 'NONE', #3239, #6822 ) ;
#11468 = ORIENTED_EDGE ( 'NONE', *, *, #6832, .F. ) ;
#11469 = LINE ( 'NONE', #3241, #10730 ) ;
#11470 = ORIENTED_EDGE ( 'NONE', *, *, #4449, .T. ) ;
#11471 = CARTESIAN_POINT ( 'NONE',  ( 20.69999999999999929, 0.5000000000000004441, 7.399999999999995914 ) ) ;
#11472 = CARTESIAN_POINT ( 'NONE',  ( 4.350000000000003197, 12.45031130731456059, 0.4999999999999844014 ) ) ;
#11473 = LINE ( 'NONE', #8527, #11031 ) ;
#11474 = DIRECTION ( 'NONE',  ( 0.000000000000000000, -1.000000000000000000, 0.000000000000000000 ) ) ;
#11475 =( NAMED_UNIT ( * ) SI_UNIT ( $, .STERADIAN. ) SOLID_ANGLE_UNIT ( ) );
#11476 = ORIENTED_EDGE ( 'NONE', *, *, #506, .T. ) ;
#11477 = ORIENTED_EDGE ( 'NONE', *, *, #11574, .T. ) ;
#11478 = LINE ( 'NONE', #2306, #3099 ) ;
#11479 = ORIENTED_EDGE ( 'NONE', *, *, #10161, .T. ) ;
#11480 = LINE ( 'NONE', #6794, #7112 ) ;
#11481 = VERTEX_POINT ( 'NONE', #2508 ) ;
#11482 = LINE ( 'NONE', #10753, #8337 ) ;
#11483 = DIRECTION ( 'NONE',  ( 1.000000000000000000, 0.000000000000000000, 8.031127203596330602E-17 ) ) ;
#11484 = EDGE_CURVE ( 'NONE', #5704, #6722, #10850, .T. ) ;
#11485 = PLANE ( 'NONE',  #10530 ) ;
#11486 = LINE ( 'NONE', #1411, #6034 ) ;
#11487 = CARTESIAN_POINT ( 'NONE',  ( -4.699999999999995737, 5.900000000000002132, 1.999999999999998668 ) ) ;
#11488 = AXIS2_PLACEMENT_3D ( 'NONE', #8954, #3481, #10816 ) ;
#11489 = VERTEX_POINT ( 'NONE', #6166 ) ;
#11490 = VERTEX_POINT ( 'NONE', #11860 ) ;
#11491 = CIRCLE ( 'NONE', #3807, 0.2000000000000005107 ) ;
#11492 = DIRECTION ( 'NONE',  ( 2.344220913482171656E-16, 1.172110456741085828E-16, 1.000000000000000000 ) ) ;
#11493 = ORIENTED_EDGE ( 'NONE', *, *, #3675, .F. ) ;
#11494 = CARTESIAN_POINT ( 'NONE',  ( -18.54999999999999361, 13.47570616345778483, -2.528555156344006072 ) ) ;
#11495 = VECTOR ( 'NONE', #5412, 1000.000000000000000 ) ;
#11496 = EDGE_CURVE ( 'NONE', #5024, #2123, #9766, .T. ) ;
#11497 = VECTOR ( 'NONE', #9430, 1000.000000000000000 ) ;
#11498 = CIRCLE ( 'NONE', #4965, 1.899999999999999689 ) ;
#11499 = CARTESIAN_POINT ( 'NONE',  ( 24.14999999999999858, 9.399999999999989697, 7.399999999999987033 ) ) ;
#11500 = CARTESIAN_POINT ( 'NONE',  ( -16.54999999999999716, 7.500000000000002665, -7.399999999999995914 ) ) ;
#11501 = EDGE_CURVE ( 'NONE', #4749, #8357, #6222, .T. ) ;
#11502 = DIRECTION ( 'NONE',  ( -0.000000000000000000, 0.5735764363510434949, 0.8191520442889935749 ) ) ;
#11503 = VECTOR ( 'NONE', #3282, 1000.000000000000000 ) ;
#11504 = EDGE_CURVE ( 'NONE', #8791, #10684, #9037, .T. ) ;
#11505 = DIRECTION ( 'NONE',  ( -1.000000000000000000, 0.000000000000000000, -8.031127203596331834E-17 ) ) ;
#11506 = EDGE_CURVE ( 'NONE', #6021, #8659, #7123, .T. ) ;
#11507 = EDGE_LOOP ( 'NONE', ( #1289, #3139, #5584, #6714 ) ) ;
#11508 = EDGE_CURVE ( 'NONE', #6527, #8811, #2451, .T. ) ;
#11509 = LINE ( 'NONE', #11455, #2881 ) ;
#11510 = CARTESIAN_POINT ( 'NONE',  ( -24.15000000000000568, 22.60000000000000142, 9.099999999999999645 ) ) ;
#11511 = EDGE_LOOP ( 'NONE', ( #2865, #5452, #5422, #6024 ) ) ;
#11512 = VECTOR ( 'NONE', #9509, 1000.000000000000000 ) ;
#11513 = DIRECTION ( 'NONE',  ( -1.000000000000000000, 0.000000000000000000, -8.031127203596330602E-17 ) ) ;
#11514 = CARTESIAN_POINT ( 'NONE',  ( 6.850000000000002309, 11.40000000000000391, -0.5000000000000085487 ) ) ;
#11515 = DIRECTION ( 'NONE',  ( 0.8191520442889935749, 0.5735764363510434949, 2.860054076310225049E-15 ) ) ;
#11516 = EDGE_CURVE ( 'NONE', #9225, #5520, #1673, .T. ) ;
#11517 = CARTESIAN_POINT ( 'NONE',  ( 6.350000000000001421, 9.400000000000002132, 1.999999999999990452 ) ) ;
#11518 = ORIENTED_EDGE ( 'NONE', *, *, #7280, .F. ) ;
#11519 = EDGE_CURVE ( 'NONE', #7641, #11298, #1066, .T. ) ;
#11520 = DIRECTION ( 'NONE',  ( 0.000000000000000000, 0.000000000000000000, -1.000000000000000000 ) ) ;
#11521 = ORIENTED_EDGE ( 'NONE', *, *, #8214, .T. ) ;
#11522 = VERTEX_POINT ( 'NONE', #6582 ) ;
#11523 = CARTESIAN_POINT ( 'NONE',  ( 21.55000000000000426, 2.499999999999998668, 5.599999999999990763 ) ) ;
#11524 = EDGE_LOOP ( 'NONE', ( #7397, #6650, #6338, #213, #1442, #5005 ) ) ;
#11525 = DIRECTION ( 'NONE',  ( 1.000000000000000000, -1.967058844685892396E-32, 8.031127203596331834E-17 ) ) ;
#11526 = VERTEX_POINT ( 'NONE', #2029 ) ;
#11527 = VECTOR ( 'NONE', #2755, 1000.000000000000000 ) ;
#11528 = SURFACE_SIDE_STYLE ('',( #8701 ) ) ;
#11529 = CARTESIAN_POINT ( 'NONE',  ( 19.55000000000000071, 12.50000000000000000, 1.999999999999992228 ) ) ;
#11530 = LINE ( 'NONE', #7197, #5667 ) ;
#11531 = DIRECTION ( 'NONE',  ( 1.000000000000000000, 0.000000000000000000, -6.938893903907233308E-16 ) ) ;
#11532 = AXIS2_PLACEMENT_3D ( 'NONE', #5957, #4146, #6012 ) ;
#11533 = FILL_AREA_STYLE_COLOUR ( '', #4701 ) ;
#11534 = VERTEX_POINT ( 'NONE', #7536 ) ;
#11535 = LINE ( 'NONE', #2360, #1186 ) ;
#11536 = ORIENTED_EDGE ( 'NONE', *, *, #234, .T. ) ;
#11537 = CARTESIAN_POINT ( 'NONE',  ( 6.350000000000001421, 12.50000000000000000, 3.483215956619914788 ) ) ;
#11538 = ORIENTED_EDGE ( 'NONE', *, *, #2468, .T. ) ;
#11539 = FACE_OUTER_BOUND ( 'NONE', #4337, .T. ) ;
#11540 = PLANE ( 'NONE',  #11605 ) ;
#11541 = EDGE_CURVE ( 'NONE', #2249, #9331, #5555, .T. ) ;
#11542 = DIRECTION ( 'NONE',  ( -1.000000000000000000, 0.000000000000000000, -3.491481338843133355E-15 ) ) ;
#11543 = DIRECTION ( 'NONE',  ( -1.000000000000000000, 0.000000000000000000, -8.031127203596330602E-17 ) ) ;
#11544 = DIRECTION ( 'NONE',  ( 0.000000000000000000, 0.000000000000000000, -1.000000000000000000 ) ) ;
#11545 = ORIENTED_EDGE ( 'NONE', *, *, #9321, .F. ) ;
#11546 = ORIENTED_EDGE ( 'NONE', *, *, #4739, .F. ) ;
#11547 = EDGE_CURVE ( 'NONE', #8659, #7832, #10958, .T. ) ;
#11548 = CARTESIAN_POINT ( 'NONE',  ( 18.54999999999999716, 13.50000000000000178, 2.244994432064355117 ) ) ;
#11549 = VERTEX_POINT ( 'NONE', #10311 ) ;
#11550 = CARTESIAN_POINT ( 'NONE',  ( -5.849999999999997868, 12.50000000000000000, -3.447142787940708164 ) ) ;
#11551 = CARTESIAN_POINT ( 'NONE',  ( 8.850000000000003197, 7.600000000000004974, 5.399999999999995914 ) ) ;
#11552 =( NAMED_UNIT ( * ) PLANE_ANGLE_UNIT ( ) SI_UNIT ( $, .RADIAN. ) );
#11553 = VECTOR ( 'NONE', #8902, 1000.000000000000000 ) ;
#11554 = EDGE_CURVE ( 'NONE', #6525, #1128, #10054, .T. ) ;
#11555 = CARTESIAN_POINT ( 'NONE',  ( -8.849999999999999645, 3.499999999999998668, -5.600000000000002309 ) ) ;
#11556 = VECTOR ( 'NONE', #56, 1000.000000000000000 ) ;
#11557 = DIRECTION ( 'NONE',  ( -0.8191520442889935749, 0.5735764363510434949, -2.860054076310225049E-15 ) ) ;
#11558 = ORIENTED_EDGE ( 'NONE', *, *, #7766, .T. ) ;
#11559 = SURFACE_SIDE_STYLE ('',( #5978 ) ) ;
#11560 = CARTESIAN_POINT ( 'NONE',  ( 17.40000000000000213, 2.499999999999998668, 7.399999999999993250 ) ) ;
#11561 = EDGE_LOOP ( 'NONE', ( #5164, #1482, #3458, #818, #3516 ) ) ;
#11562 = ADVANCED_FACE ( 'NONE', ( #112 ), #11019, .F. ) ;
#11563 = CARTESIAN_POINT ( 'NONE',  ( 52.05000000000000426, 3.499999999999998668, 5.599999999999998757 ) ) ;
#11564 = DIRECTION ( 'NONE',  ( 0.000000000000000000, 2.449293598294701484E-16, -1.000000000000000000 ) ) ;
#11565 = CARTESIAN_POINT ( 'NONE',  ( -47.67189334955345004, 8.099999999999999645, 7.400000000000004796 ) ) ;
#11566 = DIRECTION ( 'NONE',  ( -4.066575051493318340E-32, -1.000000000000000000, 1.172110456741085828E-16 ) ) ;
#11567 = VECTOR ( 'NONE', #9742, 1000.000000000000000 ) ;
#11568 = EDGE_CURVE ( 'NONE', #3648, #11709, #10183, .T. ) ;
#11569 = EDGE_CURVE ( 'NONE', #7985, #9734, #9347, .T. ) ;
#11570 = EDGE_LOOP ( 'NONE', ( #1902, #11380, #9900, #2578, #5313, #10035, #5093, #1349, #4305, #334, #10907, #9409 ) ) ;
#11571 = DIRECTION ( 'NONE',  ( 0.000000000000000000, 0.000000000000000000, -1.000000000000000000 ) ) ;
#11572 = EDGE_LOOP ( 'NONE', ( #10962, #9670, #6678, #1757 ) ) ;
#11573 = EDGE_CURVE ( 'NONE', #4651, #7141, #6462, .T. ) ;
#11574 = EDGE_CURVE ( 'NONE', #2780, #2880, #6398, .T. ) ;
#11575 = ORIENTED_EDGE ( 'NONE', *, *, #8191, .F. ) ;
#11576 = PLANE ( 'NONE',  #9513 ) ;
#11577 = EDGE_LOOP ( 'NONE', ( #2868, #7954, #5815, #10655, #3663, #6131, #7894 ) ) ;
#11578 = LINE ( 'NONE', #9487, #7663 ) ;
#11579 = EDGE_LOOP ( 'NONE', ( #9994, #542, #8729, #11087, #1828, #8913 ) ) ;
#11580 = FILL_AREA_STYLE_COLOUR ( '', #957 ) ;
#11581 = CARTESIAN_POINT ( 'NONE',  ( -21.54999999999999716, 7.500000000000004441, 7.400000000000000355 ) ) ;
#11582 = CARTESIAN_POINT ( 'NONE',  ( 4.699999999999999289, 0.5000000000000004441, -5.599999999999996092 ) ) ;
#11583 = FACE_OUTER_BOUND ( 'NONE', #4357, .T. ) ;
#11584 = EDGE_CURVE ( 'NONE', #8323, #8928, #3923, .T. ) ;
#11585 = VECTOR ( 'NONE', #9346, 1000.000000000000000 ) ;
#11586 = CARTESIAN_POINT ( 'NONE',  ( 1.249999999999994227, 44.34419462753220387, 12.09999999999999432 ) ) ;
#11587 = EDGE_LOOP ( 'NONE', ( #7958, #10577, #10637, #8354, #8778, #10874 ) ) ;
#11588 = MECHANICAL_DESIGN_GEOMETRIC_PRESENTATION_REPRESENTATION (  '', ( #8516 ), #272 ) ;
#11589 = LINE ( 'NONE', #7496, #4802 ) ;
#11590 = AXIS2_PLACEMENT_3D ( 'NONE', #11641, #7978, #4309 ) ;
#11591 = ORIENTED_EDGE ( 'NONE', *, *, #6804, .F. ) ;
#11592 = VECTOR ( 'NONE', #3643, 1000.000000000000000 ) ;
#11593 = CARTESIAN_POINT ( 'NONE',  ( -6.349999999999997868, 10.90000000000000213, -1.999999999999999112 ) ) ;
#11594 = ORIENTED_EDGE ( 'NONE', *, *, #6661, .T. ) ;
#11595 = DIRECTION ( 'NONE',  ( 8.031127203596330602E-17, 0.000000000000000000, -1.000000000000000000 ) ) ;
#11596 = CARTESIAN_POINT ( 'NONE',  ( 3.850000000000002753, 5.900000000000003020, 2.999999999999993783 ) ) ;
#11597 = FACE_OUTER_BOUND ( 'NONE', #1112, .T. ) ;
#11598 = FACE_OUTER_BOUND ( 'NONE', #10046, .T. ) ;
#11599 = DIRECTION ( 'NONE',  ( -0.000000000000000000, 0.000000000000000000, -1.000000000000000000 ) ) ;
#11600 = EDGE_CURVE ( 'NONE', #4772, #2475, #1852, .T. ) ;
#11601 = AXIS2_PLACEMENT_3D ( 'NONE', #1774, #2726, #3496 ) ;
#11602 = FACE_OUTER_BOUND ( 'NONE', #6134, .T. ) ;
#11603 = AXIS2_PLACEMENT_3D ( 'NONE', #898, #1801, #5443 ) ;
#11604 = VERTEX_POINT ( 'NONE', #3867 ) ;
#11605 = AXIS2_PLACEMENT_3D ( 'NONE', #6015, #9563, #3141 ) ;
#11606 = VERTEX_POINT ( 'NONE', #9215 ) ;
#11607 = CARTESIAN_POINT ( 'NONE',  ( 8.849999999999999645, 7.400000000000003020, -5.400000000000009237 ) ) ;
#11608 = AXIS2_PLACEMENT_3D ( 'NONE', #4311, #3413, #3524 ) ;
#11609 = FACE_OUTER_BOUND ( 'NONE', #8670, .T. ) ;
#11610 = ORIENTED_EDGE ( 'NONE', *, *, #3575, .F. ) ;
#11611 = VECTOR ( 'NONE', #1509, 1000.000000000000000 ) ;
#11612 = DIRECTION ( 'NONE',  ( 0.000000000000000000, 0.000000000000000000, -1.000000000000000000 ) ) ;
#11613 = VECTOR ( 'NONE', #7480, 1000.000000000000114 ) ;
#11614 = DIRECTION ( 'NONE',  ( 0.000000000000000000, 0.000000000000000000, 1.000000000000000000 ) ) ;
#11615 =( GEOMETRIC_REPRESENTATION_CONTEXT ( 3 ) GLOBAL_UNCERTAINTY_ASSIGNED_CONTEXT ( ( #8451 ) ) GLOBAL_UNIT_ASSIGNED_CONTEXT ( ( #9821, #10496, #3396 ) ) REPRESENTATION_CONTEXT ( 'NONE', 'WORKASPACE' ) );
#11616 = PLANE ( 'NONE',  #5865 ) ;
#11617 = AXIS2_PLACEMENT_3D ( 'NONE', #2339, #11626, #2628 ) ;
#11618 = LINE ( 'NONE', #5307, #8501 ) ;
#11619 = DIRECTION ( 'NONE',  ( 2.282859610154041239E-32, -1.000000000000000000, 1.548860246407864076E-16 ) ) ;
#11620 = AXIS2_PLACEMENT_3D ( 'NONE', #5184, #6096, #3327 ) ;
#11621 = ORIENTED_EDGE ( 'NONE', *, *, #7146, .T. ) ;
#11622 = CARTESIAN_POINT ( 'NONE',  ( -8.849999999999999645, 7.500000000000004441, -7.399999999999999467 ) ) ;
#11623 = LINE ( 'NONE', #8914, #211 ) ;
#11624 = ORIENTED_EDGE ( 'NONE', *, *, #4838, .T. ) ;
#11625 = DIRECTION ( 'NONE',  ( -1.000000000000000000, 0.000000000000000000, -8.031127203596330602E-17 ) ) ;
#11626 = DIRECTION ( 'NONE',  ( -8.031127203596330602E-17, -3.043374519257555536E-16, 1.000000000000000000 ) ) ;
#11627 = CARTESIAN_POINT ( 'NONE',  ( 21.55000000000000426, 9.400000000000002132, 1.999999999999990452 ) ) ;
#11628 = ORIENTED_EDGE ( 'NONE', *, *, #920, .T. ) ;
#11629 = FACE_OUTER_BOUND ( 'NONE', #3885, .T. ) ;
#11630 = ORIENTED_EDGE ( 'NONE', *, *, #3931, .F. ) ;
#11631 = EDGE_CURVE ( 'NONE', #11846, #8695, #8439, .T. ) ;
#11632 = ORIENTED_EDGE ( 'NONE', *, *, #2357, .T. ) ;
#11633 = FACE_OUTER_BOUND ( 'NONE', #1849, .T. ) ;
#11634 = ORIENTED_EDGE ( 'NONE', *, *, #4076, .T. ) ;
#11635 = LINE ( 'NONE', #836, #4211 ) ;
#11636 = ORIENTED_EDGE ( 'NONE', *, *, #9938, .T. ) ;
#11637 = VECTOR ( 'NONE', #11454, 1000.000000000000000 ) ;
#11638 = EDGE_CURVE ( 'NONE', #5893, #6842, #1002, .T. ) ;
#11639 = VECTOR ( 'NONE', #4931, 1000.000000000000000 ) ;
#11640 =( LENGTH_UNIT ( ) NAMED_UNIT ( * ) SI_UNIT ( .MILLI., .METRE. ) );
#11641 = CARTESIAN_POINT ( 'NONE',  ( -19.04999999999999716, 24.33502884254439991, -1.750550347807600487E-15 ) ) ;
#11642 = CARTESIAN_POINT ( 'NONE',  ( 6.850000000000002309, 12.50000000000000000, 1.999999999999991340 ) ) ;
#11643 = DIRECTION ( 'NONE',  ( -1.000000000000000000, 0.000000000000000000, -8.031127203596330602E-17 ) ) ;
#11644 = FILL_AREA_STYLE ('',( #7919 ) ) ;
#11645 = EDGE_CURVE ( 'NONE', #3954, #2871, #1130, .T. ) ;
#11646 = ORIENTED_EDGE ( 'NONE', *, *, #3361, .F. ) ;
#11647 = EDGE_CURVE ( 'NONE', #10007, #1199, #1971, .T. ) ;
#11648 = CARTESIAN_POINT ( 'NONE',  ( 17.05000000000000071, 12.45031130731456059, -0.5000000000000146549 ) ) ;
#11649 = ORIENTED_EDGE ( 'NONE', *, *, #3490, .T. ) ;
#11650 = CARTESIAN_POINT ( 'NONE',  ( -16.54999999999999361, 9.400000000000002132, 2.000000000000002220 ) ) ;
#11651 = VERTEX_POINT ( 'NONE', #2980 ) ;
#11652 = CARTESIAN_POINT ( 'NONE',  ( 19.05000000000000071, 13.50000000000000178, 2.299999999999992273 ) ) ;
#11653 = PLANE ( 'NONE',  #5160 ) ;
#11654 = ORIENTED_EDGE ( 'NONE', *, *, #10250, .T. ) ;
#11655 = ADVANCED_FACE ( 'NONE', ( #3683 ), #5613, .F. ) ;
#11656 = EDGE_CURVE ( 'NONE', #3121, #11144, #7022, .T. ) ;
#11657 = PLANE ( 'NONE',  #2997 ) ;
#11658 = CARTESIAN_POINT ( 'NONE',  ( -19.04999999999999716, 13.50000000000000178, -2.299999999999999822 ) ) ;
#11659 = DIRECTION ( 'NONE',  ( -0.000000000000000000, 0.000000000000000000, 1.000000000000000000 ) ) ;
#11660 = DIRECTION ( 'NONE',  ( 1.000000000000000000, -1.967058844685892396E-32, 8.031127203596331834E-17 ) ) ;
#11661 = ORIENTED_EDGE ( 'NONE', *, *, #2277, .F. ) ;
#11662 = EDGE_LOOP ( 'NONE', ( #9383, #2720, #9914, #10088 ) ) ;
#11663 = DIRECTION ( 'NONE',  ( -1.284980352575412305E-15, 0.000000000000000000, -1.000000000000000000 ) ) ;
#11664 = ADVANCED_FACE ( 'NONE', ( #1190 ), #10667, .T. ) ;
#11665 = CARTESIAN_POINT ( 'NONE',  ( 20.70000000000000284, -3.450504516109081710, 5.599999999999988987 ) ) ;
#11666 = EDGE_LOOP ( 'NONE', ( #5796, #6680, #5377, #6484 ) ) ;
#11667 = CARTESIAN_POINT ( 'NONE',  ( 0.000000000000000000, 0.5000000000000000000, -5.599999999999996092 ) ) ;
#11668 = CARTESIAN_POINT ( 'NONE',  ( 3.469446951953614189E-15, 12.50000000000000000, -7.619650039223833312E-15 ) ) ;
#11669 = CARTESIAN_POINT ( 'NONE',  ( 26.65000000000000924, 0.000000000000000000, 12.09999999999999254 ) ) ;
#11670 = DIRECTION ( 'NONE',  ( -8.031127203596331834E-17, 3.097720492815726673E-16, 1.000000000000000000 ) ) ;
#11671 = DIRECTION ( 'NONE',  ( 8.031127203596330602E-17, 0.000000000000000000, -1.000000000000000000 ) ) ;
#11672 = ORIENTED_EDGE ( 'NONE', *, *, #2912, .T. ) ;
#11673 = VECTOR ( 'NONE', #820, 1000.000000000000000 ) ;
#11674 = AXIS2_PLACEMENT_3D ( 'NONE', #683, #7930, #460 ) ;
#11675 = LINE ( 'NONE', #5246, #11100 ) ;
#11676 = ORIENTED_EDGE ( 'NONE', *, *, #2835, .F. ) ;
#11677 = VECTOR ( 'NONE', #7156, 1000.000000000000000 ) ;
#11678 =( NAMED_UNIT ( * ) PLANE_ANGLE_UNIT ( ) SI_UNIT ( $, .RADIAN. ) );
#11679 = CARTESIAN_POINT ( 'NONE',  ( -4.699999999999995737, 7.600000000000002309, 3.299999999999998490 ) ) ;
#11680 = VERTEX_POINT ( 'NONE', #7780 ) ;
#11681 = ADVANCED_FACE ( 'NONE', ( #1420 ), #3102, .F. ) ;
#11682 = CARTESIAN_POINT ( 'NONE',  ( -6.850000000000002309, 13.13100522817846283, 3.137350752173956536 ) ) ;
#11683 = DIRECTION ( 'NONE',  ( 0.000000000000000000, 0.000000000000000000, -1.000000000000000000 ) ) ;
#11684 = CARTESIAN_POINT ( 'NONE',  ( -8.849999999999996092, 7.500000000000002665, 7.399999999999996803 ) ) ;
#11685 = VECTOR ( 'NONE', #3069, 1000.000000000000000 ) ;
#11686 = VECTOR ( 'NONE', #11407, 1000.000000000000000 ) ;
#11687 = EDGE_LOOP ( 'NONE', ( #9517, #7860, #5560, #2168 ) ) ;
#11688 = ADVANCED_FACE ( 'NONE', ( #4944 ), #3985, .T. ) ;
#11689 = DIRECTION ( 'NONE',  ( 0.000000000000000000, 0.000000000000000000, -1.000000000000000000 ) ) ;
#11690 = VERTEX_POINT ( 'NONE', #8614 ) ;
#11691 = ORIENTED_EDGE ( 'NONE', *, *, #11001, .T. ) ;
#11692 = VECTOR ( 'NONE', #10131, 1000.000000000000000 ) ;
#11693 = DIRECTION ( 'NONE',  ( 1.000000000000000000, 0.000000000000000000, 3.491481338843133355E-15 ) ) ;
#11694 = VERTEX_POINT ( 'NONE', #4885 ) ;
#11695 = LINE ( 'NONE', #3461, #8239 ) ;
#11696 = VERTEX_POINT ( 'NONE', #1364 ) ;
#11697 = CARTESIAN_POINT ( 'NONE',  ( 2.100000000000004530, 9.400000000000002132, -4.750000000000006217 ) ) ;
#11698 = DIRECTION ( 'NONE',  ( 2.344220913482171656E-16, 1.172110456741085828E-16, 1.000000000000000000 ) ) ;
#11699 = DIRECTION ( 'NONE',  ( 0.000000000000000000, 0.000000000000000000, 1.000000000000000000 ) ) ;
#11700 = DIRECTION ( 'NONE',  ( 0.000000000000000000, 1.000000000000000000, 0.000000000000000000 ) ) ;
#11701 =( NAMED_UNIT ( * ) PLANE_ANGLE_UNIT ( ) SI_UNIT ( $, .RADIAN. ) );
#11702 = EDGE_CURVE ( 'NONE', #9980, #3258, #6817, .T. ) ;
#11703 = VECTOR ( 'NONE', #10483, 1000.000000000000000 ) ;
#11704 = ORIENTED_EDGE ( 'NONE', *, *, #6565, .T. ) ;
#11705 = EDGE_CURVE ( 'NONE', #7815, #7413, #10368, .T. ) ;
#11706 = FACE_OUTER_BOUND ( 'NONE', #8024, .T. ) ;
#11707 = ORIENTED_EDGE ( 'NONE', *, *, #247, .T. ) ;
#11708 = CARTESIAN_POINT ( 'NONE',  ( 5.850000000000001421, 11.40000000000000391, -0.5000000000000086597 ) ) ;
#11709 = VERTEX_POINT ( 'NONE', #11500 ) ;
#11710 = DIRECTION ( 'NONE',  ( -0.000000000000000000, -1.000000000000000000, 0.000000000000000000 ) ) ;
#11711 = LINE ( 'NONE', #7325, #773 ) ;
#11712 = ORIENTED_EDGE ( 'NONE', *, *, #7530, .F. ) ;
#11713 = AXIS2_PLACEMENT_3D ( 'NONE', #10873, #6186, #7208 ) ;
#11714 = CARTESIAN_POINT ( 'NONE',  ( 19.55000000000000071, 0.000000000000000000, -7.579494403205850673E-15 ) ) ;
#11715 = CARTESIAN_POINT ( 'NONE',  ( -18.54999999999999361, 11.40000000000000391, -0.4999999999999965583 ) ) ;
#11716 = PLANE ( 'NONE',  #10269 ) ;
#11717 = EDGE_CURVE ( 'NONE', #8476, #6899, #10598, .T. ) ;
#11718 = DIRECTION ( 'NONE',  ( 0.000000000000000000, 1.172110456741085828E-16, 1.000000000000000000 ) ) ;
#11719 = VECTOR ( 'NONE', #9620, 1000.000000000000000 ) ;
#11720 = VERTEX_POINT ( 'NONE', #2380 ) ;
#11721 = EDGE_CURVE ( 'NONE', #7684, #5339, #8559, .T. ) ;
#11722 = EDGE_CURVE ( 'NONE', #6670, #6842, #8674, .T. ) ;
#11723 = VECTOR ( 'NONE', #7498, 1000.000000000000000 ) ;
#11724 = EDGE_LOOP ( 'NONE', ( #9270, #11023, #8883, #9425 ) ) ;
#11725 = PLANE ( 'NONE',  #11866 ) ;
#11726 = DIRECTION ( 'NONE',  ( -1.000000000000000000, 0.000000000000000000, -8.031127203596330602E-17 ) ) ;
#11727 = AXIS2_PLACEMENT_3D ( 'NONE', #4336, #6324, #3554 ) ;
#11728 = ORIENTED_EDGE ( 'NONE', *, *, #7835, .F. ) ;
#11729 = CARTESIAN_POINT ( 'NONE',  ( -19.54999999999999716, 12.50000000000000000, -3.447142787940709052 ) ) ;
#11730 = ADVANCED_FACE ( 'NONE', ( #6696 ), #7837, .T. ) ;
#11731 = EDGE_CURVE ( 'NONE', #3035, #3505, #11323, .T. ) ;
#11732 = DIRECTION ( 'NONE',  ( 0.000000000000000000, 1.000000000000000000, -2.449293598294701484E-16 ) ) ;
#11733 = FACE_OUTER_BOUND ( 'NONE', #754, .T. ) ;
#11734 = CARTESIAN_POINT ( 'NONE',  ( -13.95000000000000462, 9.399999999999998579, -7.400000000000001243 ) ) ;
#11735 = FILL_AREA_STYLE ('',( #8067 ) ) ;
#11736 = ADVANCED_FACE ( 'NONE', ( #11448 ), #3041, .T. ) ;
#11737 = CARTESIAN_POINT ( 'NONE',  ( -19.54999999999999716, 12.45031130731456059, 2.000000000000000000 ) ) ;
#11738 = CARTESIAN_POINT ( 'NONE',  ( -19.54999999999999716, 12.45031130731456059, -2.000000000000000000 ) ) ;
#11739 = VERTEX_POINT ( 'NONE', #4043 ) ;
#11740 = VECTOR ( 'NONE', #10398, 1000.000000000000000 ) ;
#11741 = SURFACE_SIDE_STYLE ('',( #7118 ) ) ;
#11742 = DIRECTION ( 'NONE',  ( -0.000000000000000000, -2.449293598294701484E-16, 1.000000000000000000 ) ) ;
#11743 = ORIENTED_EDGE ( 'NONE', *, *, #10094, .F. ) ;
#11744 = CARTESIAN_POINT ( 'NONE',  ( -6.850000000000002309, 13.50000000000000178, 2.244994432064363554 ) ) ;
#11745 = DIRECTION ( 'NONE',  ( -1.606225440719265381E-16, 0.000000000000000000, -1.000000000000000000 ) ) ;
#11746 = CARTESIAN_POINT ( 'NONE',  ( -8.950000000000009948, 9.399999999999998579, 7.399999999999996803 ) ) ;
#11747 = ORIENTED_EDGE ( 'NONE', *, *, #6808, .T. ) ;
#11748 = VECTOR ( 'NONE', #7891, 1000.000000000000000 ) ;
#11749 = DIRECTION ( 'NONE',  ( 0.000000000000000000, 0.5735764363510434949, 0.8191520442889935749 ) ) ;
#11750 = ORIENTED_EDGE ( 'NONE', *, *, #1747, .F. ) ;
#11751 = ORIENTED_EDGE ( 'NONE', *, *, #4362, .T. ) ;
#11752 = DIRECTION ( 'NONE',  ( 0.000000000000000000, 0.000000000000000000, -1.000000000000000000 ) ) ;
#11753 = ORIENTED_EDGE ( 'NONE', *, *, #11862, .F. ) ;
#11754 = CARTESIAN_POINT ( 'NONE',  ( -4.699999999999999289, 0.5000000000000004441, 7.399999999999995914 ) ) ;
#11755 = CARTESIAN_POINT ( 'NONE',  ( 19.05000000000000071, 12.50000000000000000, -7.619650039223833312E-15 ) ) ;
#11756 = VERTEX_POINT ( 'NONE', #7719 ) ;
#11757 = LINE ( 'NONE', #5442, #4290 ) ;
#11758 = CARTESIAN_POINT ( 'NONE',  ( 3.850000000000002753, 7.600000000000004974, 5.399999999999995914 ) ) ;
#11759 = TOROIDAL_SURFACE ( 'NONE', #5239, 3.000000000000000000, 0.5000000000000011102 ) ;
#11760 = CYLINDRICAL_SURFACE ( 'NONE', #11608, 0.3000000000000003775 ) ;
#11761 = SURFACE_STYLE_USAGE ( .BOTH. , #10631 ) ;
#11762 = ORIENTED_EDGE ( 'NONE', *, *, #935, .T. ) ;
#11764 = DIRECTION ( 'NONE',  ( 0.000000000000000000, 1.000000000000000000, -1.283079494065685941E-16 ) ) ;
#11763 = CIRCLE ( 'NONE', #6599, 0.5000000000000000000 ) ;
#11765 = ORIENTED_EDGE ( 'NONE', *, *, #9007, .F. ) ;
#11766 = DIRECTION ( 'NONE',  ( -1.000000000000000000, 0.000000000000000000, -8.031127203596331834E-17 ) ) ;
#11767 = ORIENTED_EDGE ( 'NONE', *, *, #7814, .T. ) ;
#11768 = CARTESIAN_POINT ( 'NONE',  ( -6.349999999999997868, 12.30000000000000249, 2.300000000000000711 ) ) ;
#11769 = DIRECTION ( 'NONE',  ( 0.000000000000000000, 0.000000000000000000, -1.000000000000000000 ) ) ;
#11770 = ORIENTED_EDGE ( 'NONE', *, *, #9399, .F. ) ;
#11771 = PLANE ( 'NONE',  #4130 ) ;
#11772 = DIRECTION ( 'NONE',  ( 0.000000000000000000, -1.000000000000000000, -0.000000000000000000 ) ) ;
#11773 = DIRECTION ( 'NONE',  ( 0.000000000000000000, 0.5735764363510434949, -0.8191520442889935749 ) ) ;
#11774 = LINE ( 'NONE', #4550, #5059 ) ;
#11775 = ORIENTED_EDGE ( 'NONE', *, *, #5616, .T. ) ;
#11776 = AXIS2_PLACEMENT_3D ( 'NONE', #4981, #8702, #2354 ) ;
#11777 = CIRCLE ( 'NONE', #10448, 1.899999999999999689 ) ;
#11778 = ORIENTED_EDGE ( 'NONE', *, *, #8485, .T. ) ;
#11779 = CARTESIAN_POINT ( 'NONE',  ( -21.54999999999999716, 5.900000000000003020, 3.000000000000002665 ) ) ;
#11780 = DIRECTION ( 'NONE',  ( -1.000000000000000000, 0.000000000000000000, -8.031127203596331834E-17 ) ) ;
#11781 = EDGE_CURVE ( 'NONE', #8285, #6857, #10078, .T. ) ;
#11782 = ORIENTED_EDGE ( 'NONE', *, *, #8178, .T. ) ;
#11783 = CARTESIAN_POINT ( 'NONE',  ( -14.79999999999999716, 10.90000000000000036, 4.750000000000000000 ) ) ;
#11784 = FACE_OUTER_BOUND ( 'NONE', #8042, .T. ) ;
#11785 = EDGE_CURVE ( 'NONE', #9828, #3806, #2151, .T. ) ;
#11786 = LINE ( 'NONE', #10608, #3531 ) ;
#11787 = VECTOR ( 'NONE', #3797, 1000.000000000000000 ) ;
#11788 = ADVANCED_FACE ( 'NONE', ( #2326 ), #9698, .F. ) ;
#11789 = FACE_OUTER_BOUND ( 'NONE', #4440, .T. ) ;
#11790 =( NAMED_UNIT ( * ) PLANE_ANGLE_UNIT ( ) SI_UNIT ( $, .RADIAN. ) );
#11791 = CARTESIAN_POINT ( 'NONE',  ( -14.29999999999999716, 24.33502884254439991, 4.249999999999997335 ) ) ;
#11792 = ORIENTED_EDGE ( 'NONE', *, *, #5850, .T. ) ;
#11793 = EDGE_CURVE ( 'NONE', #11680, #5351, #1487, .T. ) ;
#11794 = EDGE_CURVE ( 'NONE', #1515, #8952, #2617, .T. ) ;
#11795 = TOROIDAL_SURFACE ( 'NONE', #5083, 2.299999999999999822, 1.199999999999999956 ) ;
#11796 = AXIS2_PLACEMENT_3D ( 'NONE', #5630, #4720, #8388 ) ;
#11797 = EDGE_CURVE ( 'NONE', #2, #10442, #4397, .T. ) ;
#11798 = VECTOR ( 'NONE', #2120, 1000.000000000000000 ) ;
#11799 = CARTESIAN_POINT ( 'NONE',  ( 8.850000000000003197, 7.500000000000004441, 5.499999999999992006 ) ) ;
#11800 = AXIS2_PLACEMENT_3D ( 'NONE', #8772, #2474, #4027 ) ;
#11801 = ORIENTED_EDGE ( 'NONE', *, *, #10250, .F. ) ;
#11802 = LINE ( 'NONE', #4461, #8434 ) ;
#11803 = ORIENTED_EDGE ( 'NONE', *, *, #11205, .T. ) ;
#11804 = AXIS2_PLACEMENT_3D ( 'NONE', #10452, #10630, #11410 ) ;
#11805 = EDGE_CURVE ( 'NONE', #9763, #2929, #6275, .T. ) ;
#11806 = DIRECTION ( 'NONE',  ( 0.000000000000000000, -1.000000000000000000, 0.000000000000000000 ) ) ;
#11807 = FACE_OUTER_BOUND ( 'NONE', #11316, .T. ) ;
#11808 = VECTOR ( 'NONE', #666, 1000.000000000000000 ) ;
#11809 = CONICAL_SURFACE ( 'NONE', #7205, 2.000000000000000000, 0.7853981633974471688 ) ;
#11810 = CARTESIAN_POINT ( 'NONE',  ( -23.29999999999999361, 9.400000000000002132, 4.250000000000000888 ) ) ;
#11811 = VERTEX_POINT ( 'NONE', #5360 ) ;
#11812 = VECTOR ( 'NONE', #3451, 1000.000000000000000 ) ;
#11813 = DIRECTION ( 'NONE',  ( 0.000000000000000000, 0.000000000000000000, 1.000000000000000000 ) ) ;
#11814 = ORIENTED_EDGE ( 'NONE', *, *, #9668, .F. ) ;
#11815 = EDGE_CURVE ( 'NONE', #11419, #3629, #1856, .T. ) ;
#11816 = ORIENTED_EDGE ( 'NONE', *, *, #9658, .T. ) ;
#11817 = DIRECTION ( 'NONE',  ( 0.000000000000000000, 0.000000000000000000, -1.000000000000000000 ) ) ;
#11818 = EDGE_LOOP ( 'NONE', ( #6259, #5595, #5506, #7207 ) ) ;
#11819 = DIRECTION ( 'NONE',  ( 0.000000000000000000, -1.283079494065685694E-16, -1.000000000000000000 ) ) ;
#11820 = CARTESIAN_POINT ( 'NONE',  ( 11.44999999999999574, 19.60000000000000142, 12.09999999999998899 ) ) ;
#11821 = ORIENTED_EDGE ( 'NONE', *, *, #8120, .T. ) ;
#11822 = LINE ( 'NONE', #2579, #1536 ) ;
#11823 = CARTESIAN_POINT ( 'NONE',  ( 24.15000000000001279, 0.000000000000000000, 12.09999999999999432 ) ) ;
#11824 = LINE ( 'NONE', #6302, #9507 ) ;
#11825 = DIRECTION ( 'NONE',  ( 8.031127203596330602E-17, -2.449293598294701484E-16, -1.000000000000000000 ) ) ;
#11826 = AXIS2_PLACEMENT_3D ( 'NONE', #6898, #11398, #10564 ) ;
#11827 = ORIENTED_EDGE ( 'NONE', *, *, #9744, .F. ) ;
#11828 = CARTESIAN_POINT ( 'NONE',  ( -14.79999999999999716, 10.90000000000000036, -4.249999999999998224 ) ) ;
#11829 = VERTEX_POINT ( 'NONE', #8967 ) ;
#11830 = CARTESIAN_POINT ( 'NONE',  ( -11.09999999999999787, 9.400000000000002132, -4.249999999999998224 ) ) ;
#11831 = ORIENTED_EDGE ( 'NONE', *, *, #10786, .F. ) ;
#11832 = DIRECTION ( 'NONE',  ( 0.000000000000000000, -1.000000000000000000, 3.097720492815726673E-16 ) ) ;
#11833 = LINE ( 'NONE', #794, #2305 ) ;
#11834 = ORIENTED_EDGE ( 'NONE', *, *, #9290, .T. ) ;
#11835 = DIRECTION ( 'NONE',  ( -1.000000000000000000, 0.000000000000000000, 6.938893903907233308E-16 ) ) ;
#11836 = LINE ( 'NONE', #7270, #10143 ) ;
#11837 = DIRECTION ( 'NONE',  ( 0.000000000000000000, 4.818676322157799347E-16, 1.000000000000000000 ) ) ;
#11838 = DIRECTION ( 'NONE',  ( 0.000000000000000000, -1.283079494065685694E-16, -1.000000000000000000 ) ) ;
#11839 = ADVANCED_FACE ( 'NONE', ( #5416 ), #5242, .T. ) ;
#11840 = DIRECTION ( 'NONE',  ( 0.000000000000000000, 0.000000000000000000, -1.000000000000000000 ) ) ;
#11841 = ORIENTED_EDGE ( 'NONE', *, *, #5934, .T. ) ;
#11842 = VERTEX_POINT ( 'NONE', #10891 ) ;
#11843 = DIRECTION ( 'NONE',  ( -8.031127203596330602E-17, 4.818676322157799347E-16, 1.000000000000000000 ) ) ;
#11844 = DIRECTION ( 'NONE',  ( -1.000000000000000000, -6.699696681973820339E-33, 1.257045997084642858E-16 ) ) ;
#11845 = EDGE_CURVE ( 'NONE', #4768, #11481, #7945, .T. ) ;
#11846 = VERTEX_POINT ( 'NONE', #7049 ) ;
#11847 = CARTESIAN_POINT ( 'NONE',  ( 26.65000000000000924, 0.000000000000000000, 12.09999999999999254 ) ) ;
#11848 = CARTESIAN_POINT ( 'NONE',  ( 21.65000000000000924, 9.399999999999989697, 7.399999999999987033 ) ) ;
#11849 = CARTESIAN_POINT ( 'NONE',  ( -24.15000000000000213, 9.400000000000002132, 7.400000000000001243 ) ) ;
#11850 = CARTESIAN_POINT ( 'NONE',  ( -24.15000000000000568, 2.499999999999998668, -7.400000000000000355 ) ) ;
#11851 = DIRECTION ( 'NONE',  ( -0.000000000000000000, -1.000000000000000000, -0.000000000000000000 ) ) ;
#11852 = ORIENTED_EDGE ( 'NONE', *, *, #9817, .T. ) ;
#11853 = ADVANCED_FACE ( 'NONE', ( #10833 ), #1717, .F. ) ;
#11854 = ADVANCED_FACE ( 'NONE', ( #7230 ), #4453, .F. ) ;
#11855 = DIRECTION ( 'NONE',  ( 0.000000000000000000, -1.000000000000000000, 0.000000000000000000 ) ) ;
#11856 = EDGE_LOOP ( 'NONE', ( #1573, #395, #7828, #11003, #4861, #3829, #240, #173 ) ) ;
#11857 = VERTEX_POINT ( 'NONE', #2669 ) ;
#11858 = EDGE_CURVE ( 'NONE', #8607, #3648, #6232, .T. ) ;
#11859 = CARTESIAN_POINT ( 'NONE',  ( 5.850000000000001421, 11.40000000000000391, 0.4999999999999878431 ) ) ;
#11860 = CARTESIAN_POINT ( 'NONE',  ( -3.849999999999995648, 5.900000000000002132, 2.999999999999999112 ) ) ;
#11861 = PLANE ( 'NONE',  #1789 ) ;
#11862 = EDGE_CURVE ( 'NONE', #2991, #11201, #4277, .T. ) ;
#11863 = AXIS2_PLACEMENT_3D ( 'NONE', #2085, #7647, #4031 ) ;
#11864 = ORIENTED_EDGE ( 'NONE', *, *, #1759, .T. ) ;
#11865 = EDGE_CURVE ( 'NONE', #3820, #2830, #2030, .T. ) ;
#11866 = AXIS2_PLACEMENT_3D ( 'NONE', #2544, #2661, #11843 ) ;
ENDSEC;
END-ISO-10303-21;
