ISO-10303-21;
HEADER;
/* Generated by software containing ST-Developer
 * from STEP Tools, Inc. (www.steptools.com) 
 */
/* OPTION: strings as raw bytes, not using required /X/ escapes */

FILE_DESCRIPTION(
/* description */ ('Unknown'),
/* implementation_level */ '2;1');

FILE_NAME(
/* name */ '691137710003',
/* time_stamp */ '2020-09-03T14:25:35+02:00',
/* author */ ('Unknown'),
/* organization */ ('Unknown'),
/* preprocessor_version */ 'ST-DEVELOPER v16.7',
/* originating_system */ 'DEX',
/* authorisation */ $);

FILE_SCHEMA (('AUTOMOTIVE_DESIGN {1 0 10303 214 3 1 1}'));
ENDSEC;

DATA;
#10=PROPERTY_DEFINITION_REPRESENTATION(#14,#12);
#11=PROPERTY_DEFINITION_REPRESENTATION(#15,#13);
#12=REPRESENTATION('',(#16),#12185);
#13=REPRESENTATION('',(#17),#12185);
#14=PROPERTY_DEFINITION('pmi validation property','',#12196);
#15=PROPERTY_DEFINITION('pmi validation property','',#12196);
#16=VALUE_REPRESENTATION_ITEM('number of annotations',COUNT_MEASURE(0.));
#17=VALUE_REPRESENTATION_ITEM('number of views',COUNT_MEASURE(0.));
#18=CONTEXT_DEPENDENT_SHAPE_REPRESENTATION(#24,#12198);
#19=CONTEXT_DEPENDENT_SHAPE_REPRESENTATION(#25,#12200);
#20=CONTEXT_DEPENDENT_SHAPE_REPRESENTATION(#26,#12202);
#21=NEXT_ASSEMBLY_USAGE_OCCURRENCE('6911377100xx_DX','6911377100xx_DX',
'6911377100xx_DX',#12203,#12204,'');
#22=NEXT_ASSEMBLY_USAGE_OCCURRENCE('6911377100xx_SX','6911377100xx_SX',
'6911377100xx_SX',#12203,#12205,'');
#23=NEXT_ASSEMBLY_USAGE_OCCURRENCE('6911377100xx_CNT',
'6911377100xx_CNT','6911377100xx_CNT',#12203,#12206,'');
#24=(
REPRESENTATION_RELATIONSHIP(' ',' ',#7814,#7815)
REPRESENTATION_RELATIONSHIP_WITH_TRANSFORMATION(#27)
SHAPE_REPRESENTATION_RELATIONSHIP()
);
#25=(
REPRESENTATION_RELATIONSHIP(' ',' ',#7816,#7815)
REPRESENTATION_RELATIONSHIP_WITH_TRANSFORMATION(#28)
SHAPE_REPRESENTATION_RELATIONSHIP()
);
#26=(
REPRESENTATION_RELATIONSHIP(' ',' ',#7817,#7815)
REPRESENTATION_RELATIONSHIP_WITH_TRANSFORMATION(#29)
SHAPE_REPRESENTATION_RELATIONSHIP()
);
#27=ITEM_DEFINED_TRANSFORMATION(' ',' ',#7818,#7964);
#28=ITEM_DEFINED_TRANSFORMATION(' ',' ',#7818,#8110);
#29=ITEM_DEFINED_TRANSFORMATION(' ',' ',#7818,#8256);
#30=SHAPE_REPRESENTATION_RELATIONSHIP('','',#7814,#33);
#31=SHAPE_REPRESENTATION_RELATIONSHIP('','',#7816,#34);
#32=SHAPE_REPRESENTATION_RELATIONSHIP('','',#7817,#35);
#33=ADVANCED_BREP_SHAPE_REPRESENTATION('',(#7807),#12186);
#34=ADVANCED_BREP_SHAPE_REPRESENTATION('',(#7808),#12187);
#35=ADVANCED_BREP_SHAPE_REPRESENTATION('',(#7809),#12188);
#36=CONICAL_SURFACE('',#7907,0.85,0.610865238198016);
#37=CONICAL_SURFACE('',#7912,0.85,0.610865238198016);
#38=CONICAL_SURFACE('',#8004,0.85,0.610865238198016);
#39=CONICAL_SURFACE('',#8065,0.85,0.610865238198016);
#40=CONICAL_SURFACE('',#8202,0.85,0.610865238198016);
#41=CONICAL_SURFACE('',#8241,0.85,0.610865238198016);
#42=B_SPLINE_CURVE_WITH_KNOTS('',3,(#10090,#10091,#10092,#10093,#10094,
#10095,#10096,#10097,#10098,#10099,#10100,#10101,#10102,#10103,#10104,#10105,
#10106,#10107,#10108,#10109,#10110,#10111,#10112,#10113,#10114,#10115,#10116,
#10117,#10118,#10119,#10120,#10121,#10122,#10123,#10124,#10125,#10126,#10127,
#10128,#10129,#10130,#10131,#10132,#10133,#10134,#10135,#10136,#10137,#10138,
#10139,#10140,#10141,#10142,#10143,#10144,#10145,#10146,#10147,#10148,#10149,
#10150,#10151,#10152,#10153,#10154,#10155),.UNSPECIFIED.,.F.,.F.,(4,2,2,
2,2,2,2,2,2,2,2,2,2,2,2,2,2,2,2,2,2,2,2,2,2,2,2,2,2,2,2,2,4),(0.,0.0509781889416397,
0.10195635555309,0.152934512449961,0.203912674140606,0.254890858101114,
0.305869086147579,0.356847386080785,0.40781716046256,0.458767120841721,
0.509717030033767,0.5606669035635,0.611616759727611,0.662566620392812,0.713516511789624,
0.764466465273581,0.815416517911889,0.866366570550176,0.917316524034118,
0.968266415426233,1.01921627608208,1.07016613223686,1.12111600575727,1.1720659149479,
1.22301587533358,1.27398564971723,1.3249639496384,1.37594217765504,1.42692036158488,
1.47789852325255,1.52887668012647,1.57985484671984,1.63083303565254),
 .UNSPECIFIED.);
#43=B_SPLINE_CURVE_WITH_KNOTS('',3,(#10205,#10206,#10207,#10208,#10209,
#10210,#10211,#10212,#10213,#10214,#10215,#10216,#10217,#10218,#10219,#10220,
#10221,#10222,#10223,#10224,#10225,#10226,#10227,#10228,#10229,#10230,#10231,
#10232,#10233,#10234,#10235,#10236,#10237,#10238,#10239,#10240,#10241,#10242,
#10243,#10244,#10245,#10246,#10247,#10248,#10249,#10250,#10251,#10252,#10253,
#10254,#10255,#10256,#10257,#10258,#10259,#10260,#10261,#10262,#10263,#10264,
#10265,#10266,#10267,#10268,#10269,#10270,#10271),.UNSPECIFIED.,.F.,.F.,
(4,3,3,3,3,3,3,3,3,3,3,3,3,3,3,3,3,3,3,3,3,3,4),(0.,0.0800350732974958,
0.159982733033227,0.239808903991472,0.319766528787812,0.400095434925197,
0.440266576537004,0.480385825729069,0.520426502192917,0.560377491045105,
0.600298159262728,0.640348007205917,0.680515656236807,0.72076400127472,
0.761045138282222,0.801303706859412,0.841479710320857,0.881511216984553,
0.961329921701543,1.04132777487583,1.12151027265313,1.20173084040333,1.28172331489373),
 .UNSPECIFIED.);
#44=B_SPLINE_CURVE_WITH_KNOTS('',3,(#10307,#10308,#10309,#10310,#10311,
#10312,#10313,#10314,#10315,#10316,#10317,#10318,#10319,#10320,#10321,#10322,
#10323,#10324,#10325,#10326,#10327,#10328,#10329,#10330,#10331,#10332,#10333,
#10334,#10335,#10336,#10337,#10338,#10339,#10340,#10341,#10342,#10343,#10344,
#10345,#10346,#10347,#10348,#10349,#10350,#10351,#10352,#10353,#10354,#10355,
#10356,#10357,#10358,#10359,#10360,#10361,#10362,#10363,#10364,#10365,#10366,
#10367,#10368,#10369,#10370,#10371,#10372,#10373),.UNSPECIFIED.,.F.,.F.,
(4,3,3,3,3,3,3,3,3,3,3,3,3,3,3,3,3,3,3,3,3,3,4),(0.,0.0800350732974943,
0.159982733033226,0.239808903991469,0.319766528787808,0.400095434925194,
0.440266576537006,0.480385825729075,0.520426502192923,0.56037749104511,
0.600298159262733,0.64034800720592,0.680515656236811,0.720764001274724,
0.761045138282219,0.801303706859401,0.841479710320843,0.881511216984538,
0.961329921701528,1.04132777487582,1.12151027265311,1.20173084040331,1.28172331489371),
 .UNSPECIFIED.);
#45=B_SPLINE_CURVE_WITH_KNOTS('',3,(#10381,#10382,#10383,#10384,#10385,
#10386,#10387,#10388,#10389,#10390,#10391,#10392,#10393,#10394,#10395,#10396,
#10397,#10398,#10399,#10400,#10401,#10402,#10403,#10404,#10405,#10406,#10407,
#10408,#10409,#10410,#10411,#10412,#10413,#10414,#10415,#10416,#10417,#10418,
#10419,#10420,#10421,#10422,#10423),.UNSPECIFIED.,.F.,.F.,(4,3,3,3,3,3,
3,3,3,3,3,3,3,3,4),(0.,0.0313385970800763,0.0626555046292097,0.125256225398296,
0.156553426306328,0.187850981563624,0.219146746805203,0.250443064785871,
0.281739382766539,0.313035148008113,0.344332703265408,0.375629904173441,
0.438230624942529,0.469547532491658,0.500886129571739),.UNSPECIFIED.);
#46=B_SPLINE_CURVE_WITH_KNOTS('',3,(#10466,#10467,#10468,#10469),
 .UNSPECIFIED.,.F.,.F.,(4,4),(0.,1.),.UNSPECIFIED.);
#47=B_SPLINE_CURVE_WITH_KNOTS('',3,(#10686,#10687,#10688,#10689,#10690,
#10691,#10692,#10693,#10694,#10695,#10696,#10697,#10698,#10699,#10700,#10701,
#10702,#10703,#10704,#10705,#10706,#10707,#10708,#10709,#10710,#10711,#10712,
#10713,#10714,#10715,#10716,#10717,#10718,#10719,#10720,#10721,#10722,#10723,
#10724,#10725,#10726,#10727,#10728,#10729,#10730,#10731,#10732,#10733,#10734,
#10735,#10736,#10737,#10738,#10739,#10740,#10741,#10742,#10743,#10744,#10745,
#10746,#10747,#10748,#10749,#10750,#10751,#10752),.UNSPECIFIED.,.F.,.F.,
(4,3,3,3,3,3,3,3,3,3,3,3,3,3,3,3,3,3,3,3,3,3,4),(0.,0.0800350732974882,
0.159982733033216,0.23980890399146,0.319766528787801,0.400095434925188,
0.440266576536996,0.480385825729056,0.520426502192904,0.560377491045096,
0.600298159262719,0.640348007205907,0.680515656236798,0.720764001274708,
0.761045138282206,0.801303706859396,0.841479710320841,0.881511216984539,
0.961329921701532,1.04132777487582,1.12151027265312,1.20173084040333,1.28172331489372),
 .UNSPECIFIED.);
#48=B_SPLINE_CURVE_WITH_KNOTS('',3,(#10900,#10901,#10902,#10903),
 .UNSPECIFIED.,.F.,.F.,(4,4),(0.,1.),.UNSPECIFIED.);
#49=B_SPLINE_CURVE_WITH_KNOTS('',3,(#11081,#11082,#11083,#11084,#11085,
#11086,#11087,#11088,#11089,#11090,#11091,#11092,#11093,#11094,#11095,#11096,
#11097,#11098,#11099,#11100,#11101,#11102,#11103,#11104,#11105,#11106,#11107,
#11108,#11109,#11110,#11111,#11112,#11113,#11114,#11115,#11116,#11117,#11118,
#11119,#11120,#11121,#11122,#11123,#11124,#11125,#11126,#11127,#11128,#11129,
#11130,#11131,#11132,#11133,#11134,#11135,#11136,#11137,#11138,#11139,#11140,
#11141,#11142,#11143,#11144,#11145,#11146),.UNSPECIFIED.,.F.,.F.,(4,2,2,
2,2,2,2,2,2,2,2,2,2,2,2,2,2,2,2,2,2,2,2,2,2,2,2,2,2,2,2,2,4),(0.,0.0509781889416397,
0.10195635555309,0.152934512449961,0.203912674140606,0.254890858101114,
0.305869086147579,0.356847386080785,0.40781716046256,0.458767120841721,
0.509717030033767,0.5606669035635,0.611616759727611,0.662566620392812,0.713516511789624,
0.764466465273581,0.815416517911889,0.866366570550176,0.917316524034118,
0.968266415426233,1.01921627608208,1.07016613223686,1.12111600575727,1.1720659149479,
1.22301587533358,1.27398564971723,1.3249639496384,1.37594217765504,1.42692036158488,
1.47789852325255,1.52887668012647,1.57985484671984,1.63083303565254),
 .UNSPECIFIED.);
#50=B_SPLINE_CURVE_WITH_KNOTS('',3,(#11173,#11174,#11175,#11176,#11177,
#11178,#11179,#11180,#11181,#11182,#11183,#11184,#11185,#11186,#11187,#11188,
#11189,#11190,#11191,#11192,#11193,#11194,#11195,#11196,#11197,#11198,#11199,
#11200,#11201,#11202,#11203,#11204,#11205,#11206,#11207,#11208,#11209,#11210,
#11211,#11212,#11213,#11214,#11215),.UNSPECIFIED.,.F.,.F.,(4,3,3,3,3,3,
3,3,3,3,3,3,3,3,4),(0.,0.0313385970800761,0.0626555046292047,0.125256225398296,
0.156553426306329,0.187850981563619,0.219146746805198,0.250443064785866,
0.281739382766534,0.313035148008108,0.344332703265399,0.375629904173431,
0.438230624942523,0.469547532491657,0.500886129571738),.UNSPECIFIED.);
#51=B_SPLINE_CURVE_WITH_KNOTS('',3,(#11224,#11225,#11226,#11227,#11228,
#11229,#11230,#11231,#11232,#11233,#11234,#11235,#11236,#11237,#11238,#11239,
#11240,#11241,#11242,#11243,#11244,#11245,#11246,#11247,#11248,#11249,#11250,
#11251,#11252,#11253,#11254,#11255,#11256,#11257,#11258,#11259,#11260,#11261,
#11262,#11263,#11264,#11265,#11266,#11267,#11268,#11269,#11270,#11271,#11272,
#11273,#11274,#11275,#11276,#11277,#11278,#11279,#11280,#11281,#11282,#11283,
#11284,#11285,#11286,#11287,#11288,#11289,#11290),.UNSPECIFIED.,.F.,.F.,
(4,3,3,3,3,3,3,3,3,3,3,3,3,3,3,3,3,3,3,3,3,3,4),(0.,0.0800350732974909,
0.159982733033219,0.239808903991457,0.319766528787791,0.400095434925173,
0.440266576536981,0.480385825729042,0.52042650219289,0.56037749104508,0.600298159262703,
0.64034800720589,0.680515656236781,0.720764001274695,0.761045138282191,
0.801303706859377,0.84147971032082,0.881511216984514,0.961329921701503,
1.04132777487579,1.12151027265308,1.20173084040328,1.28172331489368),
 .UNSPECIFIED.);
#52=B_SPLINE_CURVE_WITH_KNOTS('',3,(#11487,#11488,#11489,#11490,#11491,
#11492,#11493,#11494,#11495,#11496,#11497,#11498,#11499,#11500,#11501,#11502,
#11503,#11504,#11505,#11506,#11507,#11508,#11509,#11510,#11511,#11512,#11513,
#11514,#11515,#11516,#11517,#11518,#11519,#11520,#11521,#11522,#11523,#11524,
#11525,#11526,#11527,#11528,#11529,#11530,#11531,#11532,#11533,#11534,#11535,
#11536,#11537,#11538,#11539,#11540,#11541,#11542,#11543,#11544,#11545,#11546,
#11547,#11548,#11549,#11550,#11551,#11552),.UNSPECIFIED.,.F.,.F.,(4,2,2,
2,2,2,2,2,2,2,2,2,2,2,2,2,2,2,2,2,2,2,2,2,2,2,2,2,2,2,2,2,4),(0.,0.0509781889416397,
0.10195635555309,0.152934512449961,0.203912674140606,0.254890858101114,
0.305869086147579,0.356847386080785,0.40781716046256,0.458767120841721,
0.509717030033767,0.5606669035635,0.611616759727611,0.662566620392812,0.713516511789624,
0.764466465273581,0.815416517911889,0.866366570550176,0.917316524034118,
0.968266415426233,1.01921627608208,1.07016613223686,1.12111600575727,1.1720659149479,
1.22301587533358,1.27398564971723,1.3249639496384,1.37594217765504,1.42692036158488,
1.47789852325255,1.52887668012647,1.57985484671984,1.63083303565254),
 .UNSPECIFIED.);
#53=B_SPLINE_CURVE_WITH_KNOTS('',3,(#11618,#11619,#11620,#11621,#11622,
#11623,#11624,#11625,#11626,#11627,#11628,#11629,#11630,#11631,#11632,#11633,
#11634,#11635,#11636,#11637,#11638,#11639,#11640,#11641,#11642,#11643,#11644,
#11645,#11646,#11647,#11648,#11649,#11650,#11651,#11652,#11653,#11654,#11655,
#11656,#11657,#11658,#11659,#11660,#11661,#11662,#11663,#11664,#11665,#11666,
#11667,#11668,#11669,#11670,#11671,#11672,#11673,#11674,#11675,#11676,#11677,
#11678,#11679,#11680,#11681,#11682,#11683,#11684),.UNSPECIFIED.,.F.,.F.,
(4,3,3,3,3,3,3,3,3,3,3,3,3,3,3,3,3,3,3,3,3,3,4),(0.,0.0800350732974944,
0.159982733033226,0.239808903991469,0.319766528787808,0.400095434925194,
0.440266576537004,0.480385825729069,0.520426502192915,0.560377491045103,
0.600298159262726,0.640348007205913,0.680515656236804,0.720764001274718,
0.761045138282212,0.801303706859395,0.841479710320836,0.881511216984531,
0.961329921701521,1.04132777487581,1.1215102726531,1.2017308404033,1.2817233148937),
 .UNSPECIFIED.);
#54=B_SPLINE_CURVE_WITH_KNOTS('',3,(#11899,#11900,#11901,#11902,#11903,
#11904,#11905,#11906,#11907,#11908,#11909,#11910,#11911,#11912,#11913,#11914,
#11915,#11916,#11917,#11918,#11919,#11920,#11921,#11922,#11923,#11924,#11925,
#11926,#11927,#11928,#11929,#11930,#11931,#11932,#11933,#11934,#11935,#11936,
#11937,#11938,#11939,#11940,#11941,#11942,#11943,#11944,#11945,#11946,#11947,
#11948,#11949,#11950,#11951,#11952,#11953,#11954,#11955,#11956,#11957,#11958,
#11959,#11960,#11961,#11962,#11963,#11964,#11965),.UNSPECIFIED.,.F.,.F.,
(4,3,3,3,3,3,3,3,3,3,3,3,3,3,3,3,3,3,3,3,3,3,4),(0.,0.0800350732974933,
0.159982733033222,0.239808903991465,0.319766528787805,0.400095434925188,
0.440266576536996,0.480385825729061,0.520426502192909,0.560377491045097,
0.60029815926272,0.640348007205908,0.680515656236799,0.720764001274712,
0.761045138282214,0.801303706859404,0.841479710320849,0.881511216984545,
0.961329921701535,1.04132777487582,1.12151027265312,1.20173084040332,1.28172331489372),
 .UNSPECIFIED.);
#55=B_SPLINE_CURVE_WITH_KNOTS('',3,(#12040,#12041,#12042,#12043),
 .UNSPECIFIED.,.F.,.F.,(4,4),(0.,1.),.UNSPECIFIED.);
#56=B_SPLINE_CURVE_WITH_KNOTS('',3,(#12063,#12064,#12065,#12066,#12067,
#12068,#12069,#12070,#12071,#12072,#12073,#12074,#12075,#12076,#12077,#12078,
#12079,#12080,#12081,#12082,#12083,#12084,#12085,#12086,#12087,#12088,#12089,
#12090,#12091,#12092,#12093,#12094,#12095,#12096,#12097,#12098,#12099,#12100,
#12101,#12102,#12103,#12104,#12105),.UNSPECIFIED.,.F.,.F.,(4,3,3,3,3,3,
3,3,3,3,3,3,3,3,4),(0.,0.0313385970800763,0.06265550462921,0.125256225398299,
0.156553426306337,0.187850981563632,0.219146746805217,0.25044306478589,
0.281739382766563,0.313035148008142,0.344332703265438,0.375629904173476,
0.438230624942565,0.469547532491704,0.500886129571794),.UNSPECIFIED.);
#57=CYLINDRICAL_SURFACE('',#7838,1.85);
#58=CYLINDRICAL_SURFACE('',#7845,0.5);
#59=CYLINDRICAL_SURFACE('',#7853,1.);
#60=CYLINDRICAL_SURFACE('',#7858,0.199999999999999);
#61=CYLINDRICAL_SURFACE('',#7862,0.2);
#62=CYLINDRICAL_SURFACE('',#7866,0.200000000000001);
#63=CYLINDRICAL_SURFACE('',#7870,0.1);
#64=CYLINDRICAL_SURFACE('',#7873,0.1);
#65=CYLINDRICAL_SURFACE('',#7879,0.1);
#66=CYLINDRICAL_SURFACE('',#7883,0.799999999999989);
#67=CYLINDRICAL_SURFACE('',#7886,0.2);
#68=CYLINDRICAL_SURFACE('',#7904,0.1);
#69=CYLINDRICAL_SURFACE('',#7909,1.25);
#70=CYLINDRICAL_SURFACE('',#7914,1.25);
#71=CYLINDRICAL_SURFACE('',#7916,1.45);
#72=CYLINDRICAL_SURFACE('',#7920,0.15);
#73=CYLINDRICAL_SURFACE('',#7922,0.8);
#74=CYLINDRICAL_SURFACE('',#7925,0.8);
#75=CYLINDRICAL_SURFACE('',#7927,0.8);
#76=CYLINDRICAL_SURFACE('',#7934,0.15);
#77=CYLINDRICAL_SURFACE('',#7939,0.8);
#78=CYLINDRICAL_SURFACE('',#7941,0.8);
#79=CYLINDRICAL_SURFACE('',#7981,0.2);
#80=CYLINDRICAL_SURFACE('',#7984,0.199999999999999);
#81=CYLINDRICAL_SURFACE('',#7987,1.);
#82=CYLINDRICAL_SURFACE('',#7994,0.1);
#83=CYLINDRICAL_SURFACE('',#7999,0.1);
#84=CYLINDRICAL_SURFACE('',#8006,1.25);
#85=CYLINDRICAL_SURFACE('',#8012,0.15);
#86=CYLINDRICAL_SURFACE('',#8019,0.8);
#87=CYLINDRICAL_SURFACE('',#8026,0.8);
#88=CYLINDRICAL_SURFACE('',#8032,1.85);
#89=CYLINDRICAL_SURFACE('',#8038,0.8);
#90=CYLINDRICAL_SURFACE('',#8043,0.5);
#91=CYLINDRICAL_SURFACE('',#8047,0.200000000000001);
#92=CYLINDRICAL_SURFACE('',#8051,0.2);
#93=CYLINDRICAL_SURFACE('',#8054,0.799999999999989);
#94=CYLINDRICAL_SURFACE('',#8062,0.1);
#95=CYLINDRICAL_SURFACE('',#8067,1.25);
#96=CYLINDRICAL_SURFACE('',#8069,0.8);
#97=CYLINDRICAL_SURFACE('',#8071,1.45);
#98=CYLINDRICAL_SURFACE('',#8076,0.1);
#99=CYLINDRICAL_SURFACE('',#8104,0.8);
#100=CYLINDRICAL_SURFACE('',#8108,0.15);
#101=CYLINDRICAL_SURFACE('',#8123,1.45);
#102=CYLINDRICAL_SURFACE('',#8131,0.1);
#103=CYLINDRICAL_SURFACE('',#8140,1.);
#104=CYLINDRICAL_SURFACE('',#8158,0.5);
#105=CYLINDRICAL_SURFACE('',#8172,1.85);
#106=CYLINDRICAL_SURFACE('',#8185,0.8);
#107=CYLINDRICAL_SURFACE('',#8194,0.1);
#108=CYLINDRICAL_SURFACE('',#8198,0.1);
#109=CYLINDRICAL_SURFACE('',#8204,1.25);
#110=CYLINDRICAL_SURFACE('',#8209,0.8);
#111=CYLINDRICAL_SURFACE('',#8210,0.15);
#112=CYLINDRICAL_SURFACE('',#8212,0.15);
#113=CYLINDRICAL_SURFACE('',#8216,1.25);
#114=CYLINDRICAL_SURFACE('',#8220,0.8);
#115=CYLINDRICAL_SURFACE('',#8223,0.199999999999999);
#116=CYLINDRICAL_SURFACE('',#8228,0.799999999999989);
#117=CYLINDRICAL_SURFACE('',#8235,0.8);
#118=CYLINDRICAL_SURFACE('',#8242,0.2);
#119=CYLINDRICAL_SURFACE('',#8248,0.2);
#120=CYLINDRICAL_SURFACE('',#8250,0.1);
#121=CYLINDRICAL_SURFACE('',#8252,0.200000000000001);
#122=CYLINDRICAL_SURFACE('',#8253,0.8);
#123=CIRCLE('',#7830,1.85);
#124=CIRCLE('',#7832,1.85);
#125=CIRCLE('',#7835,1.85);
#126=CIRCLE('',#7836,1.85);
#127=CIRCLE('',#7839,1.85);
#128=CIRCLE('',#7843,0.5);
#129=CIRCLE('',#7846,0.5);
#130=CIRCLE('',#7852,1.25);
#131=CIRCLE('',#7854,1.);
#132=CIRCLE('',#7855,1.);
#133=CIRCLE('',#7859,0.199999999999999);
#134=CIRCLE('',#7860,0.199999999999999);
#135=CIRCLE('',#7863,0.2);
#136=CIRCLE('',#7864,0.2);
#137=CIRCLE('',#7867,0.200000000000001);
#138=CIRCLE('',#7868,0.200000000000001);
#139=CIRCLE('',#7871,0.1);
#140=CIRCLE('',#7872,0.0999999999999995);
#141=CIRCLE('',#7874,0.1);
#142=CIRCLE('',#7875,0.0999999999999095);
#143=CIRCLE('',#7880,0.1);
#144=CIRCLE('',#7881,0.1);
#145=CIRCLE('',#7884,0.800000000000001);
#146=CIRCLE('',#7885,0.799999999999989);
#147=CIRCLE('',#7887,0.2);
#148=CIRCLE('',#7888,0.2);
#149=CIRCLE('',#7895,0.0999999999999615);
#150=CIRCLE('',#7902,0.0999999999999996);
#151=CIRCLE('',#7906,1.25);
#152=CIRCLE('',#7908,1.25);
#153=CIRCLE('',#7911,1.25);
#154=CIRCLE('',#7913,1.25);
#155=CIRCLE('',#7917,1.45);
#156=CIRCLE('',#7923,0.8);
#157=CIRCLE('',#7924,0.8);
#158=CIRCLE('',#7928,0.8);
#159=CIRCLE('',#7931,0.15);
#160=CIRCLE('',#7942,0.8);
#161=CIRCLE('',#7970,1.85);
#162=CIRCLE('',#7976,0.2);
#163=CIRCLE('',#7977,0.199999999999999);
#164=CIRCLE('',#7978,1.);
#165=CIRCLE('',#7980,0.1);
#166=CIRCLE('',#7982,0.2);
#167=CIRCLE('',#7985,0.199999999999999);
#168=CIRCLE('',#7988,1.);
#169=CIRCLE('',#7991,0.0999999999999095);
#170=CIRCLE('',#7992,0.0999999999999615);
#171=CIRCLE('',#7993,0.0999999999999995);
#172=CIRCLE('',#7995,0.1);
#173=CIRCLE('',#8000,0.1);
#174=CIRCLE('',#8003,1.25);
#175=CIRCLE('',#8005,1.25);
#176=CIRCLE('',#8008,0.1);
#177=CIRCLE('',#8009,0.8);
#178=CIRCLE('',#8010,0.8);
#179=CIRCLE('',#8011,0.8);
#180=CIRCLE('',#8013,0.15);
#181=CIRCLE('',#8018,0.8);
#182=CIRCLE('',#8033,1.85);
#183=CIRCLE('',#8034,1.85);
#184=CIRCLE('',#8035,1.85);
#185=CIRCLE('',#8036,1.85);
#186=CIRCLE('',#8044,0.5);
#187=CIRCLE('',#8045,0.5);
#188=CIRCLE('',#8048,0.200000000000001);
#189=CIRCLE('',#8049,0.200000000000001);
#190=CIRCLE('',#8052,0.2);
#191=CIRCLE('',#8053,0.2);
#192=CIRCLE('',#8055,0.800000000000001);
#193=CIRCLE('',#8056,0.799999999999989);
#194=CIRCLE('',#8059,0.0999999999999996);
#195=CIRCLE('',#8061,1.25);
#196=CIRCLE('',#8064,1.25);
#197=CIRCLE('',#8066,1.25);
#198=CIRCLE('',#8072,1.45);
#199=CIRCLE('',#8116,1.85);
#200=CIRCLE('',#8124,1.45);
#201=CIRCLE('',#8127,0.799999999999989);
#202=CIRCLE('',#8129,0.2);
#203=CIRCLE('',#8130,0.200000000000001);
#204=CIRCLE('',#8132,0.1);
#205=CIRCLE('',#8133,0.0999999999999995);
#206=CIRCLE('',#8135,1.);
#207=CIRCLE('',#8136,0.199999999999999);
#208=CIRCLE('',#8137,0.2);
#209=CIRCLE('',#8141,1.);
#210=CIRCLE('',#8147,0.0999999999999095);
#211=CIRCLE('',#8148,0.0999999999999615);
#212=CIRCLE('',#8151,0.8);
#213=CIRCLE('',#8152,0.8);
#214=CIRCLE('',#8153,0.8);
#215=CIRCLE('',#8154,0.1);
#216=CIRCLE('',#8155,0.1);
#217=CIRCLE('',#8159,0.5);
#218=CIRCLE('',#8160,0.5);
#219=CIRCLE('',#8165,1.85);
#220=CIRCLE('',#8167,1.85);
#221=CIRCLE('',#8168,1.85);
#222=CIRCLE('',#8171,1.85);
#223=CIRCLE('',#8189,0.2);
#224=CIRCLE('',#8190,0.199999999999999);
#225=CIRCLE('',#8192,0.1);
#226=CIRCLE('',#8201,1.25);
#227=CIRCLE('',#8203,1.25);
#228=CIRCLE('',#8207,0.8);
#229=CIRCLE('',#8208,0.15);
#230=CIRCLE('',#8217,1.25);
#231=CIRCLE('',#8218,1.25);
#232=CIRCLE('',#8219,1.25);
#233=CIRCLE('',#8229,0.800000000000001);
#234=CIRCLE('',#8234,0.0999999999999996);
#235=CIRCLE('',#8245,0.200000000000001);
#236=CIRCLE('',#8246,0.2);
#237=ELLIPSE('',#7826,0.85134221798073,0.8);
#238=ELLIPSE('',#7827,0.168704904832168,0.15);
#239=ELLIPSE('',#7828,0.85134221798073,0.8);
#240=ELLIPSE('',#7921,0.154339019842384,0.15);
#241=ELLIPSE('',#7926,0.812341289508596,0.8);
#242=ELLIPSE('',#7933,0.438570660024463,0.15);
#243=ELLIPSE('',#7935,0.438570660024463,0.15);
#244=ELLIPSE('',#7940,0.812341289508596,0.8);
#245=ELLIPSE('',#7966,0.85134221798073,0.8);
#246=ELLIPSE('',#7967,0.168704904832168,0.15);
#247=ELLIPSE('',#7968,0.85134221798073,0.8);
#248=ELLIPSE('',#8014,0.438570660024463,0.15);
#249=ELLIPSE('',#8015,0.154339019842384,0.15);
#250=ELLIPSE('',#8016,0.438570660024463,0.15);
#251=ELLIPSE('',#8027,0.812341289508596,0.8);
#252=ELLIPSE('',#8039,0.812341289508596,0.8);
#253=ELLIPSE('',#8112,0.85134221798073,0.8);
#254=ELLIPSE('',#8113,0.168704904832168,0.15);
#255=ELLIPSE('',#8114,0.85134221798073,0.8);
#256=ELLIPSE('',#8186,0.812341289508596,0.8);
#257=ELLIPSE('',#8211,0.154339019842384,0.15);
#258=ELLIPSE('',#8213,0.438570660024463,0.15);
#259=ELLIPSE('',#8214,0.438570660024463,0.15);
#260=ELLIPSE('',#8236,0.812341289508596,0.8);
#261=ORIENTED_EDGE('',*,*,#1899,.T.);
#262=ORIENTED_EDGE('',*,*,#1900,.T.);
#263=ORIENTED_EDGE('',*,*,#1901,.F.);
#264=ORIENTED_EDGE('',*,*,#1902,.F.);
#265=ORIENTED_EDGE('',*,*,#1903,.F.);
#266=ORIENTED_EDGE('',*,*,#1904,.T.);
#267=ORIENTED_EDGE('',*,*,#1905,.F.);
#268=ORIENTED_EDGE('',*,*,#1906,.F.);
#269=ORIENTED_EDGE('',*,*,#1907,.F.);
#270=ORIENTED_EDGE('',*,*,#1908,.T.);
#271=ORIENTED_EDGE('',*,*,#1909,.F.);
#272=ORIENTED_EDGE('',*,*,#1910,.T.);
#273=ORIENTED_EDGE('',*,*,#1911,.F.);
#274=ORIENTED_EDGE('',*,*,#1912,.T.);
#275=ORIENTED_EDGE('',*,*,#1913,.F.);
#276=ORIENTED_EDGE('',*,*,#1914,.F.);
#277=ORIENTED_EDGE('',*,*,#1915,.F.);
#278=ORIENTED_EDGE('',*,*,#1916,.F.);
#279=ORIENTED_EDGE('',*,*,#1917,.T.);
#280=ORIENTED_EDGE('',*,*,#1918,.T.);
#281=ORIENTED_EDGE('',*,*,#1919,.F.);
#282=ORIENTED_EDGE('',*,*,#1920,.F.);
#283=ORIENTED_EDGE('',*,*,#1921,.F.);
#284=ORIENTED_EDGE('',*,*,#1903,.T.);
#285=ORIENTED_EDGE('',*,*,#1922,.T.);
#286=ORIENTED_EDGE('',*,*,#1919,.T.);
#287=ORIENTED_EDGE('',*,*,#1901,.T.);
#288=ORIENTED_EDGE('',*,*,#1923,.T.);
#289=ORIENTED_EDGE('',*,*,#1924,.F.);
#290=ORIENTED_EDGE('',*,*,#1925,.F.);
#291=ORIENTED_EDGE('',*,*,#1926,.F.);
#292=ORIENTED_EDGE('',*,*,#1917,.F.);
#293=ORIENTED_EDGE('',*,*,#1927,.T.);
#294=ORIENTED_EDGE('',*,*,#1928,.T.);
#295=ORIENTED_EDGE('',*,*,#1929,.F.);
#296=ORIENTED_EDGE('',*,*,#1899,.F.);
#297=ORIENTED_EDGE('',*,*,#1930,.F.);
#298=ORIENTED_EDGE('',*,*,#1915,.T.);
#299=ORIENTED_EDGE('',*,*,#1931,.F.);
#300=ORIENTED_EDGE('',*,*,#1932,.T.);
#301=ORIENTED_EDGE('',*,*,#1933,.F.);
#302=ORIENTED_EDGE('',*,*,#1934,.F.);
#303=ORIENTED_EDGE('',*,*,#1935,.F.);
#304=ORIENTED_EDGE('',*,*,#1936,.T.);
#305=ORIENTED_EDGE('',*,*,#1937,.F.);
#306=ORIENTED_EDGE('',*,*,#1938,.T.);
#307=ORIENTED_EDGE('',*,*,#1939,.F.);
#308=ORIENTED_EDGE('',*,*,#1940,.F.);
#309=ORIENTED_EDGE('',*,*,#1941,.T.);
#310=ORIENTED_EDGE('',*,*,#1942,.F.);
#311=ORIENTED_EDGE('',*,*,#1905,.T.);
#312=ORIENTED_EDGE('',*,*,#1943,.T.);
#313=ORIENTED_EDGE('',*,*,#1944,.F.);
#314=ORIENTED_EDGE('',*,*,#1945,.T.);
#315=ORIENTED_EDGE('',*,*,#1946,.F.);
#316=ORIENTED_EDGE('',*,*,#1947,.F.);
#317=ORIENTED_EDGE('',*,*,#1948,.F.);
#318=ORIENTED_EDGE('',*,*,#1949,.T.);
#319=ORIENTED_EDGE('',*,*,#1946,.T.);
#320=ORIENTED_EDGE('',*,*,#1950,.T.);
#321=ORIENTED_EDGE('',*,*,#1948,.T.);
#322=ORIENTED_EDGE('',*,*,#1951,.T.);
#323=ORIENTED_EDGE('',*,*,#1952,.T.);
#324=ORIENTED_EDGE('',*,*,#1953,.F.);
#325=ORIENTED_EDGE('',*,*,#1952,.F.);
#326=ORIENTED_EDGE('',*,*,#1954,.T.);
#327=ORIENTED_EDGE('',*,*,#1944,.T.);
#328=ORIENTED_EDGE('',*,*,#1955,.T.);
#329=ORIENTED_EDGE('',*,*,#1953,.T.);
#330=ORIENTED_EDGE('',*,*,#1943,.F.);
#331=ORIENTED_EDGE('',*,*,#1954,.F.);
#332=ORIENTED_EDGE('',*,*,#1951,.F.);
#333=ORIENTED_EDGE('',*,*,#1947,.T.);
#334=ORIENTED_EDGE('',*,*,#1945,.F.);
#335=ORIENTED_EDGE('',*,*,#1949,.F.);
#336=ORIENTED_EDGE('',*,*,#1950,.F.);
#337=ORIENTED_EDGE('',*,*,#1956,.F.);
#338=ORIENTED_EDGE('',*,*,#1928,.F.);
#339=ORIENTED_EDGE('',*,*,#1957,.F.);
#340=ORIENTED_EDGE('',*,*,#1924,.T.);
#341=ORIENTED_EDGE('',*,*,#1955,.F.);
#342=ORIENTED_EDGE('',*,*,#1958,.T.);
#343=ORIENTED_EDGE('',*,*,#1959,.F.);
#344=ORIENTED_EDGE('',*,*,#1960,.F.);
#345=ORIENTED_EDGE('',*,*,#1908,.F.);
#346=ORIENTED_EDGE('',*,*,#1911,.T.);
#347=ORIENTED_EDGE('',*,*,#1961,.T.);
#348=ORIENTED_EDGE('',*,*,#1962,.T.);
#349=ORIENTED_EDGE('',*,*,#1963,.F.);
#350=ORIENTED_EDGE('',*,*,#1910,.F.);
#351=ORIENTED_EDGE('',*,*,#1964,.F.);
#352=ORIENTED_EDGE('',*,*,#1965,.T.);
#353=ORIENTED_EDGE('',*,*,#1961,.F.);
#354=ORIENTED_EDGE('',*,*,#1962,.F.);
#355=ORIENTED_EDGE('',*,*,#1965,.F.);
#356=ORIENTED_EDGE('',*,*,#1966,.F.);
#357=ORIENTED_EDGE('',*,*,#1967,.T.);
#358=ORIENTED_EDGE('',*,*,#1968,.T.);
#359=ORIENTED_EDGE('',*,*,#1969,.T.);
#360=ORIENTED_EDGE('',*,*,#1970,.T.);
#361=ORIENTED_EDGE('',*,*,#1971,.T.);
#362=ORIENTED_EDGE('',*,*,#1912,.F.);
#363=ORIENTED_EDGE('',*,*,#1972,.T.);
#364=ORIENTED_EDGE('',*,*,#1968,.F.);
#365=ORIENTED_EDGE('',*,*,#1973,.T.);
#366=ORIENTED_EDGE('',*,*,#1974,.T.);
#367=ORIENTED_EDGE('',*,*,#1966,.T.);
#368=ORIENTED_EDGE('',*,*,#1964,.T.);
#369=ORIENTED_EDGE('',*,*,#1909,.T.);
#370=ORIENTED_EDGE('',*,*,#1975,.F.);
#371=ORIENTED_EDGE('',*,*,#1940,.T.);
#372=ORIENTED_EDGE('',*,*,#1976,.F.);
#373=ORIENTED_EDGE('',*,*,#1977,.F.);
#374=ORIENTED_EDGE('',*,*,#1978,.F.);
#375=ORIENTED_EDGE('',*,*,#1979,.T.);
#376=ORIENTED_EDGE('',*,*,#1980,.T.);
#377=ORIENTED_EDGE('',*,*,#1981,.F.);
#378=ORIENTED_EDGE('',*,*,#1982,.T.);
#379=ORIENTED_EDGE('',*,*,#1983,.T.);
#380=ORIENTED_EDGE('',*,*,#1984,.F.);
#381=ORIENTED_EDGE('',*,*,#1985,.F.);
#382=ORIENTED_EDGE('',*,*,#1984,.T.);
#383=ORIENTED_EDGE('',*,*,#1986,.F.);
#384=ORIENTED_EDGE('',*,*,#1987,.F.);
#385=ORIENTED_EDGE('',*,*,#1988,.F.);
#386=ORIENTED_EDGE('',*,*,#1989,.T.);
#387=ORIENTED_EDGE('',*,*,#1990,.F.);
#388=ORIENTED_EDGE('',*,*,#1982,.F.);
#389=ORIENTED_EDGE('',*,*,#1991,.T.);
#390=ORIENTED_EDGE('',*,*,#1992,.T.);
#391=ORIENTED_EDGE('',*,*,#1989,.F.);
#392=ORIENTED_EDGE('',*,*,#1993,.F.);
#393=ORIENTED_EDGE('',*,*,#1991,.F.);
#394=ORIENTED_EDGE('',*,*,#1994,.T.);
#395=ORIENTED_EDGE('',*,*,#1995,.F.);
#396=ORIENTED_EDGE('',*,*,#1996,.T.);
#397=ORIENTED_EDGE('',*,*,#1997,.F.);
#398=ORIENTED_EDGE('',*,*,#1998,.T.);
#399=ORIENTED_EDGE('',*,*,#1999,.T.);
#400=ORIENTED_EDGE('',*,*,#2000,.F.);
#401=ORIENTED_EDGE('',*,*,#2001,.T.);
#402=ORIENTED_EDGE('',*,*,#2002,.T.);
#403=ORIENTED_EDGE('',*,*,#2003,.T.);
#404=ORIENTED_EDGE('',*,*,#1998,.F.);
#405=ORIENTED_EDGE('',*,*,#2004,.T.);
#406=ORIENTED_EDGE('',*,*,#2005,.T.);
#407=ORIENTED_EDGE('',*,*,#2006,.F.);
#408=ORIENTED_EDGE('',*,*,#2002,.F.);
#409=ORIENTED_EDGE('',*,*,#2007,.T.);
#410=ORIENTED_EDGE('',*,*,#2008,.F.);
#411=ORIENTED_EDGE('',*,*,#2009,.F.);
#412=ORIENTED_EDGE('',*,*,#1999,.F.);
#413=ORIENTED_EDGE('',*,*,#2003,.F.);
#414=ORIENTED_EDGE('',*,*,#2006,.T.);
#415=ORIENTED_EDGE('',*,*,#2010,.F.);
#416=ORIENTED_EDGE('',*,*,#2011,.F.);
#417=ORIENTED_EDGE('',*,*,#2012,.T.);
#418=ORIENTED_EDGE('',*,*,#2013,.F.);
#419=ORIENTED_EDGE('',*,*,#2014,.F.);
#420=ORIENTED_EDGE('',*,*,#2011,.T.);
#421=ORIENTED_EDGE('',*,*,#2015,.F.);
#422=ORIENTED_EDGE('',*,*,#2016,.F.);
#423=ORIENTED_EDGE('',*,*,#2017,.T.);
#424=ORIENTED_EDGE('',*,*,#2018,.F.);
#425=ORIENTED_EDGE('',*,*,#2019,.F.);
#426=ORIENTED_EDGE('',*,*,#2020,.T.);
#427=ORIENTED_EDGE('',*,*,#2021,.F.);
#428=ORIENTED_EDGE('',*,*,#2022,.T.);
#429=ORIENTED_EDGE('',*,*,#2023,.F.);
#430=ORIENTED_EDGE('',*,*,#2024,.F.);
#431=ORIENTED_EDGE('',*,*,#2025,.T.);
#432=ORIENTED_EDGE('',*,*,#2021,.T.);
#433=ORIENTED_EDGE('',*,*,#2026,.F.);
#434=ORIENTED_EDGE('',*,*,#2027,.T.);
#435=ORIENTED_EDGE('',*,*,#2028,.F.);
#436=ORIENTED_EDGE('',*,*,#2022,.F.);
#437=ORIENTED_EDGE('',*,*,#2025,.F.);
#438=ORIENTED_EDGE('',*,*,#2029,.F.);
#439=ORIENTED_EDGE('',*,*,#2030,.F.);
#440=ORIENTED_EDGE('',*,*,#2016,.T.);
#441=ORIENTED_EDGE('',*,*,#2031,.T.);
#442=ORIENTED_EDGE('',*,*,#2027,.F.);
#443=ORIENTED_EDGE('',*,*,#2032,.F.);
#444=ORIENTED_EDGE('',*,*,#2033,.T.);
#445=ORIENTED_EDGE('',*,*,#2018,.T.);
#446=ORIENTED_EDGE('',*,*,#2034,.F.);
#447=ORIENTED_EDGE('',*,*,#2013,.T.);
#448=ORIENTED_EDGE('',*,*,#2035,.T.);
#449=ORIENTED_EDGE('',*,*,#2036,.T.);
#450=ORIENTED_EDGE('',*,*,#2037,.T.);
#451=ORIENTED_EDGE('',*,*,#2038,.F.);
#452=ORIENTED_EDGE('',*,*,#2039,.F.);
#453=ORIENTED_EDGE('',*,*,#2040,.F.);
#454=ORIENTED_EDGE('',*,*,#2041,.F.);
#455=ORIENTED_EDGE('',*,*,#2042,.T.);
#456=ORIENTED_EDGE('',*,*,#2043,.F.);
#457=ORIENTED_EDGE('',*,*,#2044,.T.);
#458=ORIENTED_EDGE('',*,*,#1995,.T.);
#459=ORIENTED_EDGE('',*,*,#2045,.F.);
#460=ORIENTED_EDGE('',*,*,#2046,.F.);
#461=ORIENTED_EDGE('',*,*,#2047,.T.);
#462=ORIENTED_EDGE('',*,*,#2048,.F.);
#463=ORIENTED_EDGE('',*,*,#2049,.T.);
#464=ORIENTED_EDGE('',*,*,#2050,.T.);
#465=ORIENTED_EDGE('',*,*,#2051,.F.);
#466=ORIENTED_EDGE('',*,*,#2052,.T.);
#467=ORIENTED_EDGE('',*,*,#2047,.F.);
#468=ORIENTED_EDGE('',*,*,#2053,.T.);
#469=ORIENTED_EDGE('',*,*,#2050,.F.);
#470=ORIENTED_EDGE('',*,*,#2046,.T.);
#471=ORIENTED_EDGE('',*,*,#2054,.F.);
#472=ORIENTED_EDGE('',*,*,#2055,.F.);
#473=ORIENTED_EDGE('',*,*,#2051,.T.);
#474=ORIENTED_EDGE('',*,*,#2053,.F.);
#475=ORIENTED_EDGE('',*,*,#2056,.T.);
#476=ORIENTED_EDGE('',*,*,#2055,.T.);
#477=ORIENTED_EDGE('',*,*,#2057,.F.);
#478=ORIENTED_EDGE('',*,*,#2048,.T.);
#479=ORIENTED_EDGE('',*,*,#2052,.F.);
#480=ORIENTED_EDGE('',*,*,#2054,.T.);
#481=ORIENTED_EDGE('',*,*,#2049,.F.);
#482=ORIENTED_EDGE('',*,*,#2057,.T.);
#483=ORIENTED_EDGE('',*,*,#2056,.F.);
#484=ORIENTED_EDGE('',*,*,#1987,.T.);
#485=ORIENTED_EDGE('',*,*,#2058,.F.);
#486=ORIENTED_EDGE('',*,*,#2059,.T.);
#487=ORIENTED_EDGE('',*,*,#2060,.F.);
#488=ORIENTED_EDGE('',*,*,#2007,.F.);
#489=ORIENTED_EDGE('',*,*,#2014,.T.);
#490=ORIENTED_EDGE('',*,*,#2034,.T.);
#491=ORIENTED_EDGE('',*,*,#2017,.F.);
#492=ORIENTED_EDGE('',*,*,#2030,.T.);
#493=ORIENTED_EDGE('',*,*,#2061,.T.);
#494=ORIENTED_EDGE('',*,*,#2062,.F.);
#495=ORIENTED_EDGE('',*,*,#2062,.T.);
#496=ORIENTED_EDGE('',*,*,#2063,.F.);
#497=ORIENTED_EDGE('',*,*,#2064,.T.);
#498=ORIENTED_EDGE('',*,*,#2065,.T.);
#499=ORIENTED_EDGE('',*,*,#2066,.F.);
#500=ORIENTED_EDGE('',*,*,#2067,.F.);
#501=ORIENTED_EDGE('',*,*,#2023,.T.);
#502=ORIENTED_EDGE('',*,*,#2020,.F.);
#503=ORIENTED_EDGE('',*,*,#2068,.F.);
#504=ORIENTED_EDGE('',*,*,#2069,.F.);
#505=ORIENTED_EDGE('',*,*,#2045,.T.);
#506=ORIENTED_EDGE('',*,*,#1994,.F.);
#507=ORIENTED_EDGE('',*,*,#1993,.T.);
#508=ORIENTED_EDGE('',*,*,#1988,.T.);
#509=ORIENTED_EDGE('',*,*,#1981,.T.);
#510=ORIENTED_EDGE('',*,*,#1985,.T.);
#511=ORIENTED_EDGE('',*,*,#2068,.T.);
#512=ORIENTED_EDGE('',*,*,#2019,.T.);
#513=ORIENTED_EDGE('',*,*,#2028,.T.);
#514=ORIENTED_EDGE('',*,*,#2031,.F.);
#515=ORIENTED_EDGE('',*,*,#2070,.T.);
#516=ORIENTED_EDGE('',*,*,#2071,.F.);
#517=ORIENTED_EDGE('',*,*,#2072,.T.);
#518=ORIENTED_EDGE('',*,*,#2043,.T.);
#519=ORIENTED_EDGE('',*,*,#2069,.T.);
#520=ORIENTED_EDGE('',*,*,#2070,.F.);
#521=ORIENTED_EDGE('',*,*,#2033,.F.);
#522=ORIENTED_EDGE('',*,*,#2073,.T.);
#523=ORIENTED_EDGE('',*,*,#2074,.F.);
#524=ORIENTED_EDGE('',*,*,#2075,.T.);
#525=ORIENTED_EDGE('',*,*,#2076,.T.);
#526=ORIENTED_EDGE('',*,*,#2077,.T.);
#527=ORIENTED_EDGE('',*,*,#2071,.T.);
#528=ORIENTED_EDGE('',*,*,#2078,.F.);
#529=ORIENTED_EDGE('',*,*,#2079,.F.);
#530=ORIENTED_EDGE('',*,*,#2076,.F.);
#531=ORIENTED_EDGE('',*,*,#2038,.T.);
#532=ORIENTED_EDGE('',*,*,#2080,.F.);
#533=ORIENTED_EDGE('',*,*,#1979,.F.);
#534=ORIENTED_EDGE('',*,*,#2081,.T.);
#535=ORIENTED_EDGE('',*,*,#2080,.T.);
#536=ORIENTED_EDGE('',*,*,#2037,.F.);
#537=ORIENTED_EDGE('',*,*,#2082,.T.);
#538=ORIENTED_EDGE('',*,*,#2000,.T.);
#539=ORIENTED_EDGE('',*,*,#2009,.T.);
#540=ORIENTED_EDGE('',*,*,#2083,.T.);
#541=ORIENTED_EDGE('',*,*,#2058,.T.);
#542=ORIENTED_EDGE('',*,*,#1986,.T.);
#543=ORIENTED_EDGE('',*,*,#1983,.F.);
#544=ORIENTED_EDGE('',*,*,#1990,.T.);
#545=ORIENTED_EDGE('',*,*,#1992,.F.);
#546=ORIENTED_EDGE('',*,*,#1996,.F.);
#547=ORIENTED_EDGE('',*,*,#2044,.F.);
#548=ORIENTED_EDGE('',*,*,#2072,.F.);
#549=ORIENTED_EDGE('',*,*,#2077,.F.);
#550=ORIENTED_EDGE('',*,*,#2079,.T.);
#551=ORIENTED_EDGE('',*,*,#2081,.F.);
#552=ORIENTED_EDGE('',*,*,#1978,.T.);
#553=ORIENTED_EDGE('',*,*,#2084,.T.);
#554=ORIENTED_EDGE('',*,*,#2085,.T.);
#555=ORIENTED_EDGE('',*,*,#2086,.F.);
#556=ORIENTED_EDGE('',*,*,#2087,.T.);
#557=ORIENTED_EDGE('',*,*,#2088,.F.);
#558=ORIENTED_EDGE('',*,*,#2089,.T.);
#559=ORIENTED_EDGE('',*,*,#1980,.F.);
#560=ORIENTED_EDGE('',*,*,#2083,.F.);
#561=ORIENTED_EDGE('',*,*,#2008,.T.);
#562=ORIENTED_EDGE('',*,*,#2060,.T.);
#563=ORIENTED_EDGE('',*,*,#2088,.T.);
#564=ORIENTED_EDGE('',*,*,#2059,.F.);
#565=ORIENTED_EDGE('',*,*,#2087,.F.);
#566=ORIENTED_EDGE('',*,*,#2090,.F.);
#567=ORIENTED_EDGE('',*,*,#2085,.F.);
#568=ORIENTED_EDGE('',*,*,#2091,.T.);
#569=ORIENTED_EDGE('',*,*,#2086,.T.);
#570=ORIENTED_EDGE('',*,*,#2091,.F.);
#571=ORIENTED_EDGE('',*,*,#2084,.F.);
#572=ORIENTED_EDGE('',*,*,#1977,.T.);
#573=ORIENTED_EDGE('',*,*,#2089,.F.);
#574=ORIENTED_EDGE('',*,*,#2090,.T.);
#575=ORIENTED_EDGE('',*,*,#2063,.T.);
#576=ORIENTED_EDGE('',*,*,#2061,.F.);
#577=ORIENTED_EDGE('',*,*,#2029,.T.);
#578=ORIENTED_EDGE('',*,*,#2024,.T.);
#579=ORIENTED_EDGE('',*,*,#2067,.T.);
#580=ORIENTED_EDGE('',*,*,#2092,.F.);
#581=ORIENTED_EDGE('',*,*,#2065,.F.);
#582=ORIENTED_EDGE('',*,*,#2093,.T.);
#583=ORIENTED_EDGE('',*,*,#2066,.T.);
#584=ORIENTED_EDGE('',*,*,#2093,.F.);
#585=ORIENTED_EDGE('',*,*,#2064,.F.);
#586=ORIENTED_EDGE('',*,*,#2092,.T.);
#587=ORIENTED_EDGE('',*,*,#2094,.F.);
#588=ORIENTED_EDGE('',*,*,#2095,.T.);
#589=ORIENTED_EDGE('',*,*,#2004,.F.);
#590=ORIENTED_EDGE('',*,*,#2001,.F.);
#591=ORIENTED_EDGE('',*,*,#1997,.T.);
#592=ORIENTED_EDGE('',*,*,#2082,.F.);
#593=ORIENTED_EDGE('',*,*,#2036,.F.);
#594=ORIENTED_EDGE('',*,*,#2096,.T.);
#595=ORIENTED_EDGE('',*,*,#2097,.F.);
#596=ORIENTED_EDGE('',*,*,#2078,.T.);
#597=ORIENTED_EDGE('',*,*,#2074,.T.);
#598=ORIENTED_EDGE('',*,*,#2098,.T.);
#599=ORIENTED_EDGE('',*,*,#2099,.F.);
#600=ORIENTED_EDGE('',*,*,#2100,.T.);
#601=ORIENTED_EDGE('',*,*,#2101,.F.);
#602=ORIENTED_EDGE('',*,*,#2040,.T.);
#603=ORIENTED_EDGE('',*,*,#2097,.T.);
#604=ORIENTED_EDGE('',*,*,#2102,.F.);
#605=ORIENTED_EDGE('',*,*,#2041,.T.);
#606=ORIENTED_EDGE('',*,*,#2101,.T.);
#607=ORIENTED_EDGE('',*,*,#2039,.T.);
#608=ORIENTED_EDGE('',*,*,#2075,.F.);
#609=ORIENTED_EDGE('',*,*,#2042,.F.);
#610=ORIENTED_EDGE('',*,*,#2102,.T.);
#611=ORIENTED_EDGE('',*,*,#2096,.F.);
#612=ORIENTED_EDGE('',*,*,#2103,.F.);
#613=ORIENTED_EDGE('',*,*,#2104,.T.);
#614=ORIENTED_EDGE('',*,*,#2105,.T.);
#615=ORIENTED_EDGE('',*,*,#1937,.T.);
#616=ORIENTED_EDGE('',*,*,#2106,.F.);
#617=ORIENTED_EDGE('',*,*,#2107,.T.);
#618=ORIENTED_EDGE('',*,*,#2108,.T.);
#619=ORIENTED_EDGE('',*,*,#2109,.F.);
#620=ORIENTED_EDGE('',*,*,#2110,.T.);
#621=ORIENTED_EDGE('',*,*,#2111,.T.);
#622=ORIENTED_EDGE('',*,*,#2112,.F.);
#623=ORIENTED_EDGE('',*,*,#2113,.F.);
#624=ORIENTED_EDGE('',*,*,#1976,.T.);
#625=ORIENTED_EDGE('',*,*,#1939,.T.);
#626=ORIENTED_EDGE('',*,*,#2114,.T.);
#627=ORIENTED_EDGE('',*,*,#2113,.T.);
#628=ORIENTED_EDGE('',*,*,#2115,.F.);
#629=ORIENTED_EDGE('',*,*,#2116,.F.);
#630=ORIENTED_EDGE('',*,*,#2117,.F.);
#631=ORIENTED_EDGE('',*,*,#2118,.T.);
#632=ORIENTED_EDGE('',*,*,#2119,.T.);
#633=ORIENTED_EDGE('',*,*,#2106,.T.);
#634=ORIENTED_EDGE('',*,*,#2120,.T.);
#635=ORIENTED_EDGE('',*,*,#2115,.T.);
#636=ORIENTED_EDGE('',*,*,#2107,.F.);
#637=ORIENTED_EDGE('',*,*,#2119,.F.);
#638=ORIENTED_EDGE('',*,*,#2121,.F.);
#639=ORIENTED_EDGE('',*,*,#2122,.T.);
#640=ORIENTED_EDGE('',*,*,#2112,.T.);
#641=ORIENTED_EDGE('',*,*,#1938,.F.);
#642=ORIENTED_EDGE('',*,*,#2105,.F.);
#643=ORIENTED_EDGE('',*,*,#2123,.F.);
#644=ORIENTED_EDGE('',*,*,#2117,.T.);
#645=ORIENTED_EDGE('',*,*,#2124,.T.);
#646=ORIENTED_EDGE('',*,*,#2121,.T.);
#647=ORIENTED_EDGE('',*,*,#2118,.F.);
#648=ORIENTED_EDGE('',*,*,#2123,.T.);
#649=ORIENTED_EDGE('',*,*,#2104,.F.);
#650=ORIENTED_EDGE('',*,*,#2125,.T.);
#651=ORIENTED_EDGE('',*,*,#2124,.F.);
#652=ORIENTED_EDGE('',*,*,#2126,.F.);
#653=ORIENTED_EDGE('',*,*,#2099,.T.);
#654=ORIENTED_EDGE('',*,*,#2127,.T.);
#655=ORIENTED_EDGE('',*,*,#2110,.F.);
#656=ORIENTED_EDGE('',*,*,#2109,.T.);
#657=ORIENTED_EDGE('',*,*,#2108,.F.);
#658=ORIENTED_EDGE('',*,*,#2122,.F.);
#659=ORIENTED_EDGE('',*,*,#2103,.T.);
#660=ORIENTED_EDGE('',*,*,#1936,.F.);
#661=ORIENTED_EDGE('',*,*,#2128,.T.);
#662=ORIENTED_EDGE('',*,*,#2126,.T.);
#663=ORIENTED_EDGE('',*,*,#2125,.F.);
#664=ORIENTED_EDGE('',*,*,#2129,.T.);
#665=ORIENTED_EDGE('',*,*,#2100,.F.);
#666=ORIENTED_EDGE('',*,*,#2128,.F.);
#667=ORIENTED_EDGE('',*,*,#1935,.T.);
#668=ORIENTED_EDGE('',*,*,#2129,.F.);
#669=ORIENTED_EDGE('',*,*,#1934,.T.);
#670=ORIENTED_EDGE('',*,*,#2130,.T.);
#671=ORIENTED_EDGE('',*,*,#2131,.T.);
#672=ORIENTED_EDGE('',*,*,#2094,.T.);
#673=ORIENTED_EDGE('',*,*,#2131,.F.);
#674=ORIENTED_EDGE('',*,*,#2132,.F.);
#675=ORIENTED_EDGE('',*,*,#2133,.F.);
#676=ORIENTED_EDGE('',*,*,#2127,.F.);
#677=ORIENTED_EDGE('',*,*,#2098,.F.);
#678=ORIENTED_EDGE('',*,*,#2073,.F.);
#679=ORIENTED_EDGE('',*,*,#2032,.T.);
#680=ORIENTED_EDGE('',*,*,#2026,.T.);
#681=ORIENTED_EDGE('',*,*,#2015,.T.);
#682=ORIENTED_EDGE('',*,*,#2035,.F.);
#683=ORIENTED_EDGE('',*,*,#2012,.F.);
#684=ORIENTED_EDGE('',*,*,#2010,.T.);
#685=ORIENTED_EDGE('',*,*,#2005,.F.);
#686=ORIENTED_EDGE('',*,*,#2095,.F.);
#687=ORIENTED_EDGE('',*,*,#2133,.T.);
#688=ORIENTED_EDGE('',*,*,#2134,.T.);
#689=ORIENTED_EDGE('',*,*,#2116,.T.);
#690=ORIENTED_EDGE('',*,*,#2120,.F.);
#691=ORIENTED_EDGE('',*,*,#2111,.F.);
#692=ORIENTED_EDGE('',*,*,#2135,.T.);
#693=ORIENTED_EDGE('',*,*,#2136,.F.);
#694=ORIENTED_EDGE('',*,*,#2134,.F.);
#695=ORIENTED_EDGE('',*,*,#2137,.T.);
#696=ORIENTED_EDGE('',*,*,#2138,.T.);
#697=ORIENTED_EDGE('',*,*,#2139,.F.);
#698=ORIENTED_EDGE('',*,*,#2140,.F.);
#699=ORIENTED_EDGE('',*,*,#2141,.F.);
#700=ORIENTED_EDGE('',*,*,#2138,.F.);
#701=ORIENTED_EDGE('',*,*,#2142,.F.);
#702=ORIENTED_EDGE('',*,*,#2143,.F.);
#703=ORIENTED_EDGE('',*,*,#2144,.F.);
#704=ORIENTED_EDGE('',*,*,#2139,.T.);
#705=ORIENTED_EDGE('',*,*,#2144,.T.);
#706=ORIENTED_EDGE('',*,*,#2145,.T.);
#707=ORIENTED_EDGE('',*,*,#2146,.F.);
#708=ORIENTED_EDGE('',*,*,#2147,.T.);
#709=ORIENTED_EDGE('',*,*,#2148,.T.);
#710=ORIENTED_EDGE('',*,*,#2141,.T.);
#711=ORIENTED_EDGE('',*,*,#2149,.T.);
#712=ORIENTED_EDGE('',*,*,#2150,.F.);
#713=ORIENTED_EDGE('',*,*,#2151,.F.);
#714=ORIENTED_EDGE('',*,*,#2135,.F.);
#715=ORIENTED_EDGE('',*,*,#2148,.F.);
#716=ORIENTED_EDGE('',*,*,#1941,.F.);
#717=ORIENTED_EDGE('',*,*,#1975,.T.);
#718=ORIENTED_EDGE('',*,*,#2114,.F.);
#719=ORIENTED_EDGE('',*,*,#2136,.T.);
#720=ORIENTED_EDGE('',*,*,#2151,.T.);
#721=ORIENTED_EDGE('',*,*,#2152,.T.);
#722=ORIENTED_EDGE('',*,*,#2153,.T.);
#723=ORIENTED_EDGE('',*,*,#1906,.T.);
#724=ORIENTED_EDGE('',*,*,#1942,.T.);
#725=ORIENTED_EDGE('',*,*,#2153,.F.);
#726=ORIENTED_EDGE('',*,*,#2154,.F.);
#727=ORIENTED_EDGE('',*,*,#1958,.F.);
#728=ORIENTED_EDGE('',*,*,#1907,.T.);
#729=ORIENTED_EDGE('',*,*,#2154,.T.);
#730=ORIENTED_EDGE('',*,*,#2155,.F.);
#731=ORIENTED_EDGE('',*,*,#2156,.T.);
#732=ORIENTED_EDGE('',*,*,#2157,.F.);
#733=ORIENTED_EDGE('',*,*,#2158,.F.);
#734=ORIENTED_EDGE('',*,*,#2156,.F.);
#735=ORIENTED_EDGE('',*,*,#2159,.F.);
#736=ORIENTED_EDGE('',*,*,#2160,.T.);
#737=ORIENTED_EDGE('',*,*,#2158,.T.);
#738=ORIENTED_EDGE('',*,*,#2161,.T.);
#739=ORIENTED_EDGE('',*,*,#1959,.T.);
#740=ORIENTED_EDGE('',*,*,#2157,.T.);
#741=ORIENTED_EDGE('',*,*,#2162,.F.);
#742=ORIENTED_EDGE('',*,*,#2149,.F.);
#743=ORIENTED_EDGE('',*,*,#2140,.T.);
#744=ORIENTED_EDGE('',*,*,#2146,.T.);
#745=ORIENTED_EDGE('',*,*,#2163,.F.);
#746=ORIENTED_EDGE('',*,*,#2164,.T.);
#747=ORIENTED_EDGE('',*,*,#1969,.F.);
#748=ORIENTED_EDGE('',*,*,#1972,.F.);
#749=ORIENTED_EDGE('',*,*,#1963,.T.);
#750=ORIENTED_EDGE('',*,*,#1967,.F.);
#751=ORIENTED_EDGE('',*,*,#1974,.F.);
#752=ORIENTED_EDGE('',*,*,#1960,.T.);
#753=ORIENTED_EDGE('',*,*,#2161,.F.);
#754=ORIENTED_EDGE('',*,*,#2160,.F.);
#755=ORIENTED_EDGE('',*,*,#2143,.T.);
#756=ORIENTED_EDGE('',*,*,#2165,.T.);
#757=ORIENTED_EDGE('',*,*,#2166,.T.);
#758=ORIENTED_EDGE('',*,*,#2167,.T.);
#759=ORIENTED_EDGE('',*,*,#2163,.T.);
#760=ORIENTED_EDGE('',*,*,#2145,.F.);
#761=ORIENTED_EDGE('',*,*,#1914,.T.);
#762=ORIENTED_EDGE('',*,*,#2168,.F.);
#763=ORIENTED_EDGE('',*,*,#2169,.T.);
#764=ORIENTED_EDGE('',*,*,#1931,.T.);
#765=ORIENTED_EDGE('',*,*,#2170,.F.);
#766=ORIENTED_EDGE('',*,*,#2130,.F.);
#767=ORIENTED_EDGE('',*,*,#1933,.T.);
#768=ORIENTED_EDGE('',*,*,#1932,.F.);
#769=ORIENTED_EDGE('',*,*,#2169,.F.);
#770=ORIENTED_EDGE('',*,*,#2165,.F.);
#771=ORIENTED_EDGE('',*,*,#2142,.T.);
#772=ORIENTED_EDGE('',*,*,#2137,.F.);
#773=ORIENTED_EDGE('',*,*,#2132,.T.);
#774=ORIENTED_EDGE('',*,*,#2170,.T.);
#775=ORIENTED_EDGE('',*,*,#1916,.T.);
#776=ORIENTED_EDGE('',*,*,#1930,.T.);
#777=ORIENTED_EDGE('',*,*,#1902,.T.);
#778=ORIENTED_EDGE('',*,*,#1925,.T.);
#779=ORIENTED_EDGE('',*,*,#1957,.T.);
#780=ORIENTED_EDGE('',*,*,#1927,.F.);
#781=ORIENTED_EDGE('',*,*,#1920,.T.);
#782=ORIENTED_EDGE('',*,*,#1922,.F.);
#783=ORIENTED_EDGE('',*,*,#1970,.F.);
#784=ORIENTED_EDGE('',*,*,#2164,.F.);
#785=ORIENTED_EDGE('',*,*,#2167,.F.);
#786=ORIENTED_EDGE('',*,*,#2171,.T.);
#787=ORIENTED_EDGE('',*,*,#2152,.F.);
#788=ORIENTED_EDGE('',*,*,#2150,.T.);
#789=ORIENTED_EDGE('',*,*,#2147,.F.);
#790=ORIENTED_EDGE('',*,*,#2162,.T.);
#791=ORIENTED_EDGE('',*,*,#2159,.T.);
#792=ORIENTED_EDGE('',*,*,#2155,.T.);
#793=ORIENTED_EDGE('',*,*,#2168,.T.);
#794=ORIENTED_EDGE('',*,*,#1913,.T.);
#795=ORIENTED_EDGE('',*,*,#1973,.F.);
#796=ORIENTED_EDGE('',*,*,#1971,.F.);
#797=ORIENTED_EDGE('',*,*,#2171,.F.);
#798=ORIENTED_EDGE('',*,*,#2166,.F.);
#799=ORIENTED_EDGE('',*,*,#1921,.T.);
#800=ORIENTED_EDGE('',*,*,#1918,.F.);
#801=ORIENTED_EDGE('',*,*,#1926,.T.);
#802=ORIENTED_EDGE('',*,*,#1956,.T.);
#803=ORIENTED_EDGE('',*,*,#1923,.F.);
#804=ORIENTED_EDGE('',*,*,#1900,.F.);
#805=ORIENTED_EDGE('',*,*,#1929,.T.);
#806=ORIENTED_EDGE('',*,*,#1904,.F.);
#807=ORIENTED_EDGE('',*,*,#2172,.F.);
#808=ORIENTED_EDGE('',*,*,#2173,.T.);
#809=ORIENTED_EDGE('',*,*,#2174,.T.);
#810=ORIENTED_EDGE('',*,*,#2175,.F.);
#811=ORIENTED_EDGE('',*,*,#2176,.T.);
#812=ORIENTED_EDGE('',*,*,#2177,.F.);
#813=ORIENTED_EDGE('',*,*,#2178,.F.);
#814=ORIENTED_EDGE('',*,*,#2179,.F.);
#815=ORIENTED_EDGE('',*,*,#2180,.T.);
#816=ORIENTED_EDGE('',*,*,#2181,.F.);
#817=ORIENTED_EDGE('',*,*,#2182,.T.);
#818=ORIENTED_EDGE('',*,*,#2183,.F.);
#819=ORIENTED_EDGE('',*,*,#2184,.F.);
#820=ORIENTED_EDGE('',*,*,#2185,.T.);
#821=ORIENTED_EDGE('',*,*,#2186,.F.);
#822=ORIENTED_EDGE('',*,*,#2187,.T.);
#823=ORIENTED_EDGE('',*,*,#2188,.F.);
#824=ORIENTED_EDGE('',*,*,#2189,.F.);
#825=ORIENTED_EDGE('',*,*,#2190,.F.);
#826=ORIENTED_EDGE('',*,*,#2191,.T.);
#827=ORIENTED_EDGE('',*,*,#2192,.T.);
#828=ORIENTED_EDGE('',*,*,#2193,.T.);
#829=ORIENTED_EDGE('',*,*,#2194,.F.);
#830=ORIENTED_EDGE('',*,*,#2195,.T.);
#831=ORIENTED_EDGE('',*,*,#2196,.F.);
#832=ORIENTED_EDGE('',*,*,#2197,.T.);
#833=ORIENTED_EDGE('',*,*,#2198,.T.);
#834=ORIENTED_EDGE('',*,*,#2195,.F.);
#835=ORIENTED_EDGE('',*,*,#2199,.T.);
#836=ORIENTED_EDGE('',*,*,#2200,.F.);
#837=ORIENTED_EDGE('',*,*,#2199,.F.);
#838=ORIENTED_EDGE('',*,*,#2194,.T.);
#839=ORIENTED_EDGE('',*,*,#2201,.F.);
#840=ORIENTED_EDGE('',*,*,#2202,.T.);
#841=ORIENTED_EDGE('',*,*,#2203,.T.);
#842=ORIENTED_EDGE('',*,*,#2204,.T.);
#843=ORIENTED_EDGE('',*,*,#2205,.F.);
#844=ORIENTED_EDGE('',*,*,#2206,.F.);
#845=ORIENTED_EDGE('',*,*,#2207,.T.);
#846=ORIENTED_EDGE('',*,*,#2208,.F.);
#847=ORIENTED_EDGE('',*,*,#2209,.F.);
#848=ORIENTED_EDGE('',*,*,#2210,.T.);
#849=ORIENTED_EDGE('',*,*,#2211,.T.);
#850=ORIENTED_EDGE('',*,*,#2212,.F.);
#851=ORIENTED_EDGE('',*,*,#2213,.T.);
#852=ORIENTED_EDGE('',*,*,#2214,.T.);
#853=ORIENTED_EDGE('',*,*,#2215,.F.);
#854=ORIENTED_EDGE('',*,*,#2216,.F.);
#855=ORIENTED_EDGE('',*,*,#2217,.T.);
#856=ORIENTED_EDGE('',*,*,#2218,.F.);
#857=ORIENTED_EDGE('',*,*,#2219,.F.);
#858=ORIENTED_EDGE('',*,*,#2204,.F.);
#859=ORIENTED_EDGE('',*,*,#2220,.T.);
#860=ORIENTED_EDGE('',*,*,#2221,.F.);
#861=ORIENTED_EDGE('',*,*,#2222,.T.);
#862=ORIENTED_EDGE('',*,*,#2223,.T.);
#863=ORIENTED_EDGE('',*,*,#2224,.T.);
#864=ORIENTED_EDGE('',*,*,#2225,.T.);
#865=ORIENTED_EDGE('',*,*,#2219,.T.);
#866=ORIENTED_EDGE('',*,*,#2226,.T.);
#867=ORIENTED_EDGE('',*,*,#2227,.T.);
#868=ORIENTED_EDGE('',*,*,#2228,.F.);
#869=ORIENTED_EDGE('',*,*,#2205,.T.);
#870=ORIENTED_EDGE('',*,*,#2203,.F.);
#871=ORIENTED_EDGE('',*,*,#2229,.T.);
#872=ORIENTED_EDGE('',*,*,#2230,.T.);
#873=ORIENTED_EDGE('',*,*,#2220,.F.);
#874=ORIENTED_EDGE('',*,*,#2231,.F.);
#875=ORIENTED_EDGE('',*,*,#2221,.T.);
#876=ORIENTED_EDGE('',*,*,#2230,.F.);
#877=ORIENTED_EDGE('',*,*,#2232,.T.);
#878=ORIENTED_EDGE('',*,*,#2233,.F.);
#879=ORIENTED_EDGE('',*,*,#2222,.F.);
#880=ORIENTED_EDGE('',*,*,#2231,.T.);
#881=ORIENTED_EDGE('',*,*,#2234,.T.);
#882=ORIENTED_EDGE('',*,*,#2223,.F.);
#883=ORIENTED_EDGE('',*,*,#2233,.T.);
#884=ORIENTED_EDGE('',*,*,#2235,.F.);
#885=ORIENTED_EDGE('',*,*,#2236,.F.);
#886=ORIENTED_EDGE('',*,*,#2224,.F.);
#887=ORIENTED_EDGE('',*,*,#2236,.T.);
#888=ORIENTED_EDGE('',*,*,#2237,.T.);
#889=ORIENTED_EDGE('',*,*,#2238,.F.);
#890=ORIENTED_EDGE('',*,*,#2225,.F.);
#891=ORIENTED_EDGE('',*,*,#2238,.T.);
#892=ORIENTED_EDGE('',*,*,#2239,.F.);
#893=ORIENTED_EDGE('',*,*,#2240,.F.);
#894=ORIENTED_EDGE('',*,*,#2241,.T.);
#895=ORIENTED_EDGE('',*,*,#2242,.F.);
#896=ORIENTED_EDGE('',*,*,#2243,.T.);
#897=ORIENTED_EDGE('',*,*,#2244,.T.);
#898=ORIENTED_EDGE('',*,*,#2211,.F.);
#899=ORIENTED_EDGE('',*,*,#2240,.T.);
#900=ORIENTED_EDGE('',*,*,#2245,.F.);
#901=ORIENTED_EDGE('',*,*,#2246,.T.);
#902=ORIENTED_EDGE('',*,*,#2247,.F.);
#903=ORIENTED_EDGE('',*,*,#2248,.F.);
#904=ORIENTED_EDGE('',*,*,#2249,.T.);
#905=ORIENTED_EDGE('',*,*,#2250,.T.);
#906=ORIENTED_EDGE('',*,*,#2251,.F.);
#907=ORIENTED_EDGE('',*,*,#2201,.T.);
#908=ORIENTED_EDGE('',*,*,#2197,.F.);
#909=ORIENTED_EDGE('',*,*,#2252,.F.);
#910=ORIENTED_EDGE('',*,*,#2253,.F.);
#911=ORIENTED_EDGE('',*,*,#2242,.T.);
#912=ORIENTED_EDGE('',*,*,#2254,.F.);
#913=ORIENTED_EDGE('',*,*,#2226,.F.);
#914=ORIENTED_EDGE('',*,*,#2218,.T.);
#915=ORIENTED_EDGE('',*,*,#2255,.F.);
#916=ORIENTED_EDGE('',*,*,#2256,.T.);
#917=ORIENTED_EDGE('',*,*,#2217,.F.);
#918=ORIENTED_EDGE('',*,*,#2257,.F.);
#919=ORIENTED_EDGE('',*,*,#2258,.T.);
#920=ORIENTED_EDGE('',*,*,#2255,.T.);
#921=ORIENTED_EDGE('',*,*,#2259,.F.);
#922=ORIENTED_EDGE('',*,*,#2260,.T.);
#923=ORIENTED_EDGE('',*,*,#2227,.F.);
#924=ORIENTED_EDGE('',*,*,#2256,.F.);
#925=ORIENTED_EDGE('',*,*,#2258,.F.);
#926=ORIENTED_EDGE('',*,*,#2261,.F.);
#927=ORIENTED_EDGE('',*,*,#2243,.F.);
#928=ORIENTED_EDGE('',*,*,#2253,.T.);
#929=ORIENTED_EDGE('',*,*,#2228,.T.);
#930=ORIENTED_EDGE('',*,*,#2260,.F.);
#931=ORIENTED_EDGE('',*,*,#2262,.F.);
#932=ORIENTED_EDGE('',*,*,#2206,.T.);
#933=ORIENTED_EDGE('',*,*,#2254,.T.);
#934=ORIENTED_EDGE('',*,*,#2241,.F.);
#935=ORIENTED_EDGE('',*,*,#2263,.T.);
#936=ORIENTED_EDGE('',*,*,#2264,.T.);
#937=ORIENTED_EDGE('',*,*,#2212,.T.);
#938=ORIENTED_EDGE('',*,*,#2244,.F.);
#939=ORIENTED_EDGE('',*,*,#2261,.T.);
#940=ORIENTED_EDGE('',*,*,#2257,.T.);
#941=ORIENTED_EDGE('',*,*,#2216,.T.);
#942=ORIENTED_EDGE('',*,*,#2265,.F.);
#943=ORIENTED_EDGE('',*,*,#2214,.F.);
#944=ORIENTED_EDGE('',*,*,#2266,.T.);
#945=ORIENTED_EDGE('',*,*,#2215,.T.);
#946=ORIENTED_EDGE('',*,*,#2266,.F.);
#947=ORIENTED_EDGE('',*,*,#2213,.F.);
#948=ORIENTED_EDGE('',*,*,#2265,.T.);
#949=ORIENTED_EDGE('',*,*,#2267,.F.);
#950=ORIENTED_EDGE('',*,*,#2268,.F.);
#951=ORIENTED_EDGE('',*,*,#2207,.F.);
#952=ORIENTED_EDGE('',*,*,#2262,.T.);
#953=ORIENTED_EDGE('',*,*,#2259,.T.);
#954=ORIENTED_EDGE('',*,*,#2252,.T.);
#955=ORIENTED_EDGE('',*,*,#2264,.F.);
#956=ORIENTED_EDGE('',*,*,#2269,.F.);
#957=ORIENTED_EDGE('',*,*,#2270,.T.);
#958=ORIENTED_EDGE('',*,*,#2271,.F.);
#959=ORIENTED_EDGE('',*,*,#2272,.F.);
#960=ORIENTED_EDGE('',*,*,#2273,.T.);
#961=ORIENTED_EDGE('',*,*,#2274,.T.);
#962=ORIENTED_EDGE('',*,*,#2275,.T.);
#963=ORIENTED_EDGE('',*,*,#2276,.F.);
#964=ORIENTED_EDGE('',*,*,#2277,.F.);
#965=ORIENTED_EDGE('',*,*,#2278,.T.);
#966=ORIENTED_EDGE('',*,*,#2279,.T.);
#967=ORIENTED_EDGE('',*,*,#2280,.F.);
#968=ORIENTED_EDGE('',*,*,#2281,.T.);
#969=ORIENTED_EDGE('',*,*,#2282,.F.);
#970=ORIENTED_EDGE('',*,*,#2283,.T.);
#971=ORIENTED_EDGE('',*,*,#2284,.F.);
#972=ORIENTED_EDGE('',*,*,#2285,.F.);
#973=ORIENTED_EDGE('',*,*,#2279,.F.);
#974=ORIENTED_EDGE('',*,*,#2286,.T.);
#975=ORIENTED_EDGE('',*,*,#2287,.F.);
#976=ORIENTED_EDGE('',*,*,#2284,.T.);
#977=ORIENTED_EDGE('',*,*,#2288,.T.);
#978=ORIENTED_EDGE('',*,*,#2289,.F.);
#979=ORIENTED_EDGE('',*,*,#2290,.T.);
#980=ORIENTED_EDGE('',*,*,#2277,.T.);
#981=ORIENTED_EDGE('',*,*,#2278,.F.);
#982=ORIENTED_EDGE('',*,*,#2291,.F.);
#983=ORIENTED_EDGE('',*,*,#2292,.T.);
#984=ORIENTED_EDGE('',*,*,#2267,.T.);
#985=ORIENTED_EDGE('',*,*,#2290,.F.);
#986=ORIENTED_EDGE('',*,*,#2289,.T.);
#987=ORIENTED_EDGE('',*,*,#2288,.F.);
#988=ORIENTED_EDGE('',*,*,#2286,.F.);
#989=ORIENTED_EDGE('',*,*,#2293,.T.);
#990=ORIENTED_EDGE('',*,*,#2180,.F.);
#991=ORIENTED_EDGE('',*,*,#2294,.T.);
#992=ORIENTED_EDGE('',*,*,#2291,.T.);
#993=ORIENTED_EDGE('',*,*,#2283,.F.);
#994=ORIENTED_EDGE('',*,*,#2295,.F.);
#995=ORIENTED_EDGE('',*,*,#2172,.T.);
#996=ORIENTED_EDGE('',*,*,#2296,.F.);
#997=ORIENTED_EDGE('',*,*,#2297,.F.);
#998=ORIENTED_EDGE('',*,*,#2298,.F.);
#999=ORIENTED_EDGE('',*,*,#2299,.F.);
#1000=ORIENTED_EDGE('',*,*,#2300,.T.);
#1001=ORIENTED_EDGE('',*,*,#2301,.T.);
#1002=ORIENTED_EDGE('',*,*,#2302,.F.);
#1003=ORIENTED_EDGE('',*,*,#2303,.F.);
#1004=ORIENTED_EDGE('',*,*,#2304,.T.);
#1005=ORIENTED_EDGE('',*,*,#2305,.F.);
#1006=ORIENTED_EDGE('',*,*,#2306,.T.);
#1007=ORIENTED_EDGE('',*,*,#2307,.F.);
#1008=ORIENTED_EDGE('',*,*,#2274,.F.);
#1009=ORIENTED_EDGE('',*,*,#2308,.T.);
#1010=ORIENTED_EDGE('',*,*,#2309,.T.);
#1011=ORIENTED_EDGE('',*,*,#2310,.F.);
#1012=ORIENTED_EDGE('',*,*,#2311,.F.);
#1013=ORIENTED_EDGE('',*,*,#2312,.F.);
#1014=ORIENTED_EDGE('',*,*,#2313,.T.);
#1015=ORIENTED_EDGE('',*,*,#2314,.T.);
#1016=ORIENTED_EDGE('',*,*,#2315,.F.);
#1017=ORIENTED_EDGE('',*,*,#2275,.F.);
#1018=ORIENTED_EDGE('',*,*,#2316,.F.);
#1019=ORIENTED_EDGE('',*,*,#2317,.F.);
#1020=ORIENTED_EDGE('',*,*,#2318,.F.);
#1021=ORIENTED_EDGE('',*,*,#2187,.F.);
#1022=ORIENTED_EDGE('',*,*,#2319,.F.);
#1023=ORIENTED_EDGE('',*,*,#2320,.F.);
#1024=ORIENTED_EDGE('',*,*,#2321,.T.);
#1025=ORIENTED_EDGE('',*,*,#2322,.F.);
#1026=ORIENTED_EDGE('',*,*,#2302,.T.);
#1027=ORIENTED_EDGE('',*,*,#2323,.F.);
#1028=ORIENTED_EDGE('',*,*,#2324,.T.);
#1029=ORIENTED_EDGE('',*,*,#2325,.F.);
#1030=ORIENTED_EDGE('',*,*,#2326,.F.);
#1031=ORIENTED_EDGE('',*,*,#2174,.F.);
#1032=ORIENTED_EDGE('',*,*,#2250,.F.);
#1033=ORIENTED_EDGE('',*,*,#2196,.T.);
#1034=ORIENTED_EDGE('',*,*,#2198,.F.);
#1035=ORIENTED_EDGE('',*,*,#2327,.T.);
#1036=ORIENTED_EDGE('',*,*,#2328,.F.);
#1037=ORIENTED_EDGE('',*,*,#2329,.F.);
#1038=ORIENTED_EDGE('',*,*,#2311,.T.);
#1039=ORIENTED_EDGE('',*,*,#2330,.T.);
#1040=ORIENTED_EDGE('',*,*,#2331,.F.);
#1041=ORIENTED_EDGE('',*,*,#2332,.T.);
#1042=ORIENTED_EDGE('',*,*,#2333,.F.);
#1043=ORIENTED_EDGE('',*,*,#2334,.F.);
#1044=ORIENTED_EDGE('',*,*,#2335,.T.);
#1045=ORIENTED_EDGE('',*,*,#2336,.F.);
#1046=ORIENTED_EDGE('',*,*,#2337,.F.);
#1047=ORIENTED_EDGE('',*,*,#2338,.T.);
#1048=ORIENTED_EDGE('',*,*,#2339,.F.);
#1049=ORIENTED_EDGE('',*,*,#2340,.F.);
#1050=ORIENTED_EDGE('',*,*,#2341,.F.);
#1051=ORIENTED_EDGE('',*,*,#2342,.T.);
#1052=ORIENTED_EDGE('',*,*,#2343,.F.);
#1053=ORIENTED_EDGE('',*,*,#2344,.F.);
#1054=ORIENTED_EDGE('',*,*,#2189,.T.);
#1055=ORIENTED_EDGE('',*,*,#2345,.T.);
#1056=ORIENTED_EDGE('',*,*,#2346,.F.);
#1057=ORIENTED_EDGE('',*,*,#2347,.F.);
#1058=ORIENTED_EDGE('',*,*,#2348,.F.);
#1059=ORIENTED_EDGE('',*,*,#2298,.T.);
#1060=ORIENTED_EDGE('',*,*,#2349,.F.);
#1061=ORIENTED_EDGE('',*,*,#2300,.F.);
#1062=ORIENTED_EDGE('',*,*,#2350,.F.);
#1063=ORIENTED_EDGE('',*,*,#2317,.T.);
#1064=ORIENTED_EDGE('',*,*,#2351,.T.);
#1065=ORIENTED_EDGE('',*,*,#2344,.T.);
#1066=ORIENTED_EDGE('',*,*,#2352,.F.);
#1067=ORIENTED_EDGE('',*,*,#2353,.F.);
#1068=ORIENTED_EDGE('',*,*,#2178,.T.);
#1069=ORIENTED_EDGE('',*,*,#2354,.T.);
#1070=ORIENTED_EDGE('',*,*,#2355,.T.);
#1071=ORIENTED_EDGE('',*,*,#2353,.T.);
#1072=ORIENTED_EDGE('',*,*,#2356,.F.);
#1073=ORIENTED_EDGE('',*,*,#2294,.F.);
#1074=ORIENTED_EDGE('',*,*,#2179,.T.);
#1075=ORIENTED_EDGE('',*,*,#2357,.T.);
#1076=ORIENTED_EDGE('',*,*,#2358,.T.);
#1077=ORIENTED_EDGE('',*,*,#2312,.T.);
#1078=ORIENTED_EDGE('',*,*,#2329,.T.);
#1079=ORIENTED_EDGE('',*,*,#2359,.F.);
#1080=ORIENTED_EDGE('',*,*,#2320,.T.);
#1081=ORIENTED_EDGE('',*,*,#2360,.T.);
#1082=ORIENTED_EDGE('',*,*,#2361,.F.);
#1083=ORIENTED_EDGE('',*,*,#2362,.T.);
#1084=ORIENTED_EDGE('',*,*,#2363,.F.);
#1085=ORIENTED_EDGE('',*,*,#2304,.F.);
#1086=ORIENTED_EDGE('',*,*,#2364,.F.);
#1087=ORIENTED_EDGE('',*,*,#2336,.T.);
#1088=ORIENTED_EDGE('',*,*,#2365,.F.);
#1089=ORIENTED_EDGE('',*,*,#2359,.T.);
#1090=ORIENTED_EDGE('',*,*,#2366,.F.);
#1091=ORIENTED_EDGE('',*,*,#2338,.F.);
#1092=ORIENTED_EDGE('',*,*,#2321,.F.);
#1093=ORIENTED_EDGE('',*,*,#2367,.T.);
#1094=ORIENTED_EDGE('',*,*,#2271,.T.);
#1095=ORIENTED_EDGE('',*,*,#2368,.F.);
#1096=ORIENTED_EDGE('',*,*,#2369,.F.);
#1097=ORIENTED_EDGE('',*,*,#2370,.T.);
#1098=ORIENTED_EDGE('',*,*,#2369,.T.);
#1099=ORIENTED_EDGE('',*,*,#2371,.T.);
#1100=ORIENTED_EDGE('',*,*,#2372,.F.);
#1101=ORIENTED_EDGE('',*,*,#2373,.F.);
#1102=ORIENTED_EDGE('',*,*,#2372,.T.);
#1103=ORIENTED_EDGE('',*,*,#2374,.T.);
#1104=ORIENTED_EDGE('',*,*,#2375,.F.);
#1105=ORIENTED_EDGE('',*,*,#2376,.T.);
#1106=ORIENTED_EDGE('',*,*,#2377,.T.);
#1107=ORIENTED_EDGE('',*,*,#2378,.F.);
#1108=ORIENTED_EDGE('',*,*,#2379,.F.);
#1109=ORIENTED_EDGE('',*,*,#2380,.F.);
#1110=ORIENTED_EDGE('',*,*,#2381,.F.);
#1111=ORIENTED_EDGE('',*,*,#2382,.T.);
#1112=ORIENTED_EDGE('',*,*,#2383,.F.);
#1113=ORIENTED_EDGE('',*,*,#2384,.F.);
#1114=ORIENTED_EDGE('',*,*,#2378,.T.);
#1115=ORIENTED_EDGE('',*,*,#2385,.F.);
#1116=ORIENTED_EDGE('',*,*,#2386,.F.);
#1117=ORIENTED_EDGE('',*,*,#2387,.T.);
#1118=ORIENTED_EDGE('',*,*,#2385,.T.);
#1119=ORIENTED_EDGE('',*,*,#2377,.F.);
#1120=ORIENTED_EDGE('',*,*,#2388,.T.);
#1121=ORIENTED_EDGE('',*,*,#2375,.T.);
#1122=ORIENTED_EDGE('',*,*,#2389,.T.);
#1123=ORIENTED_EDGE('',*,*,#2390,.T.);
#1124=ORIENTED_EDGE('',*,*,#2391,.T.);
#1125=ORIENTED_EDGE('',*,*,#2246,.F.);
#1126=ORIENTED_EDGE('',*,*,#2392,.F.);
#1127=ORIENTED_EDGE('',*,*,#2393,.F.);
#1128=ORIENTED_EDGE('',*,*,#2391,.F.);
#1129=ORIENTED_EDGE('',*,*,#2394,.T.);
#1130=ORIENTED_EDGE('',*,*,#2395,.F.);
#1131=ORIENTED_EDGE('',*,*,#2390,.F.);
#1132=ORIENTED_EDGE('',*,*,#2396,.T.);
#1133=ORIENTED_EDGE('',*,*,#2247,.T.);
#1134=ORIENTED_EDGE('',*,*,#2397,.F.);
#1135=ORIENTED_EDGE('',*,*,#2398,.F.);
#1136=ORIENTED_EDGE('',*,*,#2386,.T.);
#1137=ORIENTED_EDGE('',*,*,#2395,.T.);
#1138=ORIENTED_EDGE('',*,*,#2399,.F.);
#1139=ORIENTED_EDGE('',*,*,#2400,.T.);
#1140=ORIENTED_EDGE('',*,*,#2401,.T.);
#1141=ORIENTED_EDGE('',*,*,#2400,.F.);
#1142=ORIENTED_EDGE('',*,*,#2402,.F.);
#1143=ORIENTED_EDGE('',*,*,#2397,.T.);
#1144=ORIENTED_EDGE('',*,*,#2394,.F.);
#1145=ORIENTED_EDGE('',*,*,#2393,.T.);
#1146=ORIENTED_EDGE('',*,*,#2403,.T.);
#1147=ORIENTED_EDGE('',*,*,#2384,.T.);
#1148=ORIENTED_EDGE('',*,*,#2404,.T.);
#1149=ORIENTED_EDGE('',*,*,#2209,.T.);
#1150=ORIENTED_EDGE('',*,*,#2405,.F.);
#1151=ORIENTED_EDGE('',*,*,#2406,.T.);
#1152=ORIENTED_EDGE('',*,*,#2355,.F.);
#1153=ORIENTED_EDGE('',*,*,#2407,.F.);
#1154=ORIENTED_EDGE('',*,*,#2273,.F.);
#1155=ORIENTED_EDGE('',*,*,#2406,.F.);
#1156=ORIENTED_EDGE('',*,*,#2272,.T.);
#1157=ORIENTED_EDGE('',*,*,#2367,.F.);
#1158=ORIENTED_EDGE('',*,*,#2370,.F.);
#1159=ORIENTED_EDGE('',*,*,#2373,.T.);
#1160=ORIENTED_EDGE('',*,*,#2388,.F.);
#1161=ORIENTED_EDGE('',*,*,#2376,.F.);
#1162=ORIENTED_EDGE('',*,*,#2408,.T.);
#1163=ORIENTED_EDGE('',*,*,#2409,.F.);
#1164=ORIENTED_EDGE('',*,*,#2405,.T.);
#1165=ORIENTED_EDGE('',*,*,#2208,.T.);
#1166=ORIENTED_EDGE('',*,*,#2268,.T.);
#1167=ORIENTED_EDGE('',*,*,#2292,.F.);
#1168=ORIENTED_EDGE('',*,*,#2356,.T.);
#1169=ORIENTED_EDGE('',*,*,#2410,.F.);
#1170=ORIENTED_EDGE('',*,*,#2380,.T.);
#1171=ORIENTED_EDGE('',*,*,#2409,.T.);
#1172=ORIENTED_EDGE('',*,*,#2411,.F.);
#1173=ORIENTED_EDGE('',*,*,#2381,.T.);
#1174=ORIENTED_EDGE('',*,*,#2410,.T.);
#1175=ORIENTED_EDGE('',*,*,#2379,.T.);
#1176=ORIENTED_EDGE('',*,*,#2403,.F.);
#1177=ORIENTED_EDGE('',*,*,#2382,.F.);
#1178=ORIENTED_EDGE('',*,*,#2411,.T.);
#1179=ORIENTED_EDGE('',*,*,#2408,.F.);
#1180=ORIENTED_EDGE('',*,*,#2248,.T.);
#1181=ORIENTED_EDGE('',*,*,#2396,.F.);
#1182=ORIENTED_EDGE('',*,*,#2389,.F.);
#1183=ORIENTED_EDGE('',*,*,#2374,.F.);
#1184=ORIENTED_EDGE('',*,*,#2371,.F.);
#1185=ORIENTED_EDGE('',*,*,#2368,.T.);
#1186=ORIENTED_EDGE('',*,*,#2270,.F.);
#1187=ORIENTED_EDGE('',*,*,#2412,.F.);
#1188=ORIENTED_EDGE('',*,*,#2269,.T.);
#1189=ORIENTED_EDGE('',*,*,#2263,.F.);
#1190=ORIENTED_EDGE('',*,*,#2249,.F.);
#1191=ORIENTED_EDGE('',*,*,#2412,.T.);
#1192=ORIENTED_EDGE('',*,*,#2245,.T.);
#1193=ORIENTED_EDGE('',*,*,#2239,.T.);
#1194=ORIENTED_EDGE('',*,*,#2237,.F.);
#1195=ORIENTED_EDGE('',*,*,#2235,.T.);
#1196=ORIENTED_EDGE('',*,*,#2234,.F.);
#1197=ORIENTED_EDGE('',*,*,#2232,.F.);
#1198=ORIENTED_EDGE('',*,*,#2229,.F.);
#1199=ORIENTED_EDGE('',*,*,#2210,.F.);
#1200=ORIENTED_EDGE('',*,*,#2404,.F.);
#1201=ORIENTED_EDGE('',*,*,#2383,.T.);
#1202=ORIENTED_EDGE('',*,*,#2387,.F.);
#1203=ORIENTED_EDGE('',*,*,#2398,.T.);
#1204=ORIENTED_EDGE('',*,*,#2402,.T.);
#1205=ORIENTED_EDGE('',*,*,#2399,.T.);
#1206=ORIENTED_EDGE('',*,*,#2401,.F.);
#1207=ORIENTED_EDGE('',*,*,#2392,.T.);
#1208=ORIENTED_EDGE('',*,*,#2296,.T.);
#1209=ORIENTED_EDGE('',*,*,#2188,.T.);
#1210=ORIENTED_EDGE('',*,*,#2318,.T.);
#1211=ORIENTED_EDGE('',*,*,#2352,.T.);
#1212=ORIENTED_EDGE('',*,*,#2343,.T.);
#1213=ORIENTED_EDGE('',*,*,#2413,.T.);
#1214=ORIENTED_EDGE('',*,*,#2193,.F.);
#1215=ORIENTED_EDGE('',*,*,#2414,.F.);
#1216=ORIENTED_EDGE('',*,*,#2415,.T.);
#1217=ORIENTED_EDGE('',*,*,#2339,.T.);
#1218=ORIENTED_EDGE('',*,*,#2366,.T.);
#1219=ORIENTED_EDGE('',*,*,#2363,.T.);
#1220=ORIENTED_EDGE('',*,*,#2416,.F.);
#1221=ORIENTED_EDGE('',*,*,#2346,.T.);
#1222=ORIENTED_EDGE('',*,*,#2417,.F.);
#1223=ORIENTED_EDGE('',*,*,#2418,.F.);
#1224=ORIENTED_EDGE('',*,*,#2306,.F.);
#1225=ORIENTED_EDGE('',*,*,#2358,.F.);
#1226=ORIENTED_EDGE('',*,*,#2419,.F.);
#1227=ORIENTED_EDGE('',*,*,#2297,.T.);
#1228=ORIENTED_EDGE('',*,*,#2414,.T.);
#1229=ORIENTED_EDGE('',*,*,#2192,.F.);
#1230=ORIENTED_EDGE('',*,*,#2327,.F.);
#1231=ORIENTED_EDGE('',*,*,#2200,.T.);
#1232=ORIENTED_EDGE('',*,*,#2202,.F.);
#1233=ORIENTED_EDGE('',*,*,#2251,.T.);
#1234=ORIENTED_EDGE('',*,*,#2349,.T.);
#1235=ORIENTED_EDGE('',*,*,#2301,.F.);
#1236=ORIENTED_EDGE('',*,*,#2337,.T.);
#1237=ORIENTED_EDGE('',*,*,#2364,.T.);
#1238=ORIENTED_EDGE('',*,*,#2303,.T.);
#1239=ORIENTED_EDGE('',*,*,#2322,.T.);
#1240=ORIENTED_EDGE('',*,*,#2420,.F.);
#1241=ORIENTED_EDGE('',*,*,#2347,.T.);
#1242=ORIENTED_EDGE('',*,*,#2416,.T.);
#1243=ORIENTED_EDGE('',*,*,#2345,.F.);
#1244=ORIENTED_EDGE('',*,*,#2421,.F.);
#1245=ORIENTED_EDGE('',*,*,#2184,.T.);
#1246=ORIENTED_EDGE('',*,*,#2422,.F.);
#1247=ORIENTED_EDGE('',*,*,#2423,.F.);
#1248=ORIENTED_EDGE('',*,*,#2332,.F.);
#1249=ORIENTED_EDGE('',*,*,#2424,.F.);
#1250=ORIENTED_EDGE('',*,*,#2425,.T.);
#1251=ORIENTED_EDGE('',*,*,#2426,.T.);
#1252=ORIENTED_EDGE('',*,*,#2325,.T.);
#1253=ORIENTED_EDGE('',*,*,#2427,.F.);
#1254=ORIENTED_EDGE('',*,*,#2428,.F.);
#1255=ORIENTED_EDGE('',*,*,#2425,.F.);
#1256=ORIENTED_EDGE('',*,*,#2429,.F.);
#1257=ORIENTED_EDGE('',*,*,#2415,.F.);
#1258=ORIENTED_EDGE('',*,*,#2362,.F.);
#1259=ORIENTED_EDGE('',*,*,#2430,.F.);
#1260=ORIENTED_EDGE('',*,*,#2340,.T.);
#1261=ORIENTED_EDGE('',*,*,#2323,.T.);
#1262=ORIENTED_EDGE('',*,*,#2305,.T.);
#1263=ORIENTED_EDGE('',*,*,#2365,.T.);
#1264=ORIENTED_EDGE('',*,*,#2335,.F.);
#1265=ORIENTED_EDGE('',*,*,#2185,.F.);
#1266=ORIENTED_EDGE('',*,*,#2421,.T.);
#1267=ORIENTED_EDGE('',*,*,#2313,.F.);
#1268=ORIENTED_EDGE('',*,*,#2307,.T.);
#1269=ORIENTED_EDGE('',*,*,#2418,.T.);
#1270=ORIENTED_EDGE('',*,*,#2431,.T.);
#1271=ORIENTED_EDGE('',*,*,#2432,.T.);
#1272=ORIENTED_EDGE('',*,*,#2324,.F.);
#1273=ORIENTED_EDGE('',*,*,#2334,.T.);
#1274=ORIENTED_EDGE('',*,*,#2433,.F.);
#1275=ORIENTED_EDGE('',*,*,#2427,.T.);
#1276=ORIENTED_EDGE('',*,*,#2433,.T.);
#1277=ORIENTED_EDGE('',*,*,#2333,.T.);
#1278=ORIENTED_EDGE('',*,*,#2423,.T.);
#1279=ORIENTED_EDGE('',*,*,#2428,.T.);
#1280=ORIENTED_EDGE('',*,*,#2309,.F.);
#1281=ORIENTED_EDGE('',*,*,#2434,.F.);
#1282=ORIENTED_EDGE('',*,*,#2435,.F.);
#1283=ORIENTED_EDGE('',*,*,#2436,.F.);
#1284=ORIENTED_EDGE('',*,*,#2310,.T.);
#1285=ORIENTED_EDGE('',*,*,#2436,.T.);
#1286=ORIENTED_EDGE('',*,*,#2437,.T.);
#1287=ORIENTED_EDGE('',*,*,#2330,.F.);
#1288=ORIENTED_EDGE('',*,*,#2438,.F.);
#1289=ORIENTED_EDGE('',*,*,#2280,.T.);
#1290=ORIENTED_EDGE('',*,*,#2285,.T.);
#1291=ORIENTED_EDGE('',*,*,#2287,.T.);
#1292=ORIENTED_EDGE('',*,*,#2276,.T.);
#1293=ORIENTED_EDGE('',*,*,#2315,.T.);
#1294=ORIENTED_EDGE('',*,*,#2435,.T.);
#1295=ORIENTED_EDGE('',*,*,#2439,.T.);
#1296=ORIENTED_EDGE('',*,*,#2429,.T.);
#1297=ORIENTED_EDGE('',*,*,#2424,.T.);
#1298=ORIENTED_EDGE('',*,*,#2331,.T.);
#1299=ORIENTED_EDGE('',*,*,#2437,.F.);
#1300=ORIENTED_EDGE('',*,*,#2326,.T.);
#1301=ORIENTED_EDGE('',*,*,#2426,.F.);
#1302=ORIENTED_EDGE('',*,*,#2440,.T.);
#1303=ORIENTED_EDGE('',*,*,#2175,.T.);
#1304=ORIENTED_EDGE('',*,*,#2441,.F.);
#1305=ORIENTED_EDGE('',*,*,#2354,.F.);
#1306=ORIENTED_EDGE('',*,*,#2177,.T.);
#1307=ORIENTED_EDGE('',*,*,#2176,.F.);
#1308=ORIENTED_EDGE('',*,*,#2440,.F.);
#1309=ORIENTED_EDGE('',*,*,#2439,.F.);
#1310=ORIENTED_EDGE('',*,*,#2434,.T.);
#1311=ORIENTED_EDGE('',*,*,#2308,.F.);
#1312=ORIENTED_EDGE('',*,*,#2407,.T.);
#1313=ORIENTED_EDGE('',*,*,#2441,.T.);
#1314=ORIENTED_EDGE('',*,*,#2342,.F.);
#1315=ORIENTED_EDGE('',*,*,#2442,.T.);
#1316=ORIENTED_EDGE('',*,*,#2190,.T.);
#1317=ORIENTED_EDGE('',*,*,#2413,.F.);
#1318=ORIENTED_EDGE('',*,*,#2443,.T.);
#1319=ORIENTED_EDGE('',*,*,#2182,.F.);
#1320=ORIENTED_EDGE('',*,*,#2444,.F.);
#1321=ORIENTED_EDGE('',*,*,#2281,.F.);
#1322=ORIENTED_EDGE('',*,*,#2438,.T.);
#1323=ORIENTED_EDGE('',*,*,#2443,.F.);
#1324=ORIENTED_EDGE('',*,*,#2314,.F.);
#1325=ORIENTED_EDGE('',*,*,#2422,.T.);
#1326=ORIENTED_EDGE('',*,*,#2183,.T.);
#1327=ORIENTED_EDGE('',*,*,#2319,.T.);
#1328=ORIENTED_EDGE('',*,*,#2186,.T.);
#1329=ORIENTED_EDGE('',*,*,#2432,.F.);
#1330=ORIENTED_EDGE('',*,*,#2360,.F.);
#1331=ORIENTED_EDGE('',*,*,#2299,.T.);
#1332=ORIENTED_EDGE('',*,*,#2348,.T.);
#1333=ORIENTED_EDGE('',*,*,#2420,.T.);
#1334=ORIENTED_EDGE('',*,*,#2350,.T.);
#1335=ORIENTED_EDGE('',*,*,#2431,.F.);
#1336=ORIENTED_EDGE('',*,*,#2417,.T.);
#1337=ORIENTED_EDGE('',*,*,#2357,.F.);
#1338=ORIENTED_EDGE('',*,*,#2328,.T.);
#1339=ORIENTED_EDGE('',*,*,#2430,.T.);
#1340=ORIENTED_EDGE('',*,*,#2361,.T.);
#1341=ORIENTED_EDGE('',*,*,#2293,.F.);
#1342=ORIENTED_EDGE('',*,*,#2282,.T.);
#1343=ORIENTED_EDGE('',*,*,#2444,.T.);
#1344=ORIENTED_EDGE('',*,*,#2181,.T.);
#1345=ORIENTED_EDGE('',*,*,#2316,.T.);
#1346=ORIENTED_EDGE('',*,*,#2173,.F.);
#1347=ORIENTED_EDGE('',*,*,#2295,.T.);
#1348=ORIENTED_EDGE('',*,*,#2419,.T.);
#1349=ORIENTED_EDGE('',*,*,#2191,.F.);
#1350=ORIENTED_EDGE('',*,*,#2442,.F.);
#1351=ORIENTED_EDGE('',*,*,#2341,.T.);
#1352=ORIENTED_EDGE('',*,*,#2351,.F.);
#1353=ORIENTED_EDGE('',*,*,#2445,.F.);
#1354=ORIENTED_EDGE('',*,*,#2446,.T.);
#1355=ORIENTED_EDGE('',*,*,#2447,.T.);
#1356=ORIENTED_EDGE('',*,*,#2448,.F.);
#1357=ORIENTED_EDGE('',*,*,#2449,.T.);
#1358=ORIENTED_EDGE('',*,*,#2450,.F.);
#1359=ORIENTED_EDGE('',*,*,#2451,.F.);
#1360=ORIENTED_EDGE('',*,*,#2452,.F.);
#1361=ORIENTED_EDGE('',*,*,#2453,.T.);
#1362=ORIENTED_EDGE('',*,*,#2454,.F.);
#1363=ORIENTED_EDGE('',*,*,#2455,.T.);
#1364=ORIENTED_EDGE('',*,*,#2456,.F.);
#1365=ORIENTED_EDGE('',*,*,#2457,.F.);
#1366=ORIENTED_EDGE('',*,*,#2458,.T.);
#1367=ORIENTED_EDGE('',*,*,#2459,.F.);
#1368=ORIENTED_EDGE('',*,*,#2460,.T.);
#1369=ORIENTED_EDGE('',*,*,#2461,.F.);
#1370=ORIENTED_EDGE('',*,*,#2462,.F.);
#1371=ORIENTED_EDGE('',*,*,#2463,.F.);
#1372=ORIENTED_EDGE('',*,*,#2464,.T.);
#1373=ORIENTED_EDGE('',*,*,#2465,.T.);
#1374=ORIENTED_EDGE('',*,*,#2466,.F.);
#1375=ORIENTED_EDGE('',*,*,#2467,.F.);
#1376=ORIENTED_EDGE('',*,*,#2445,.T.);
#1377=ORIENTED_EDGE('',*,*,#2468,.T.);
#1378=ORIENTED_EDGE('',*,*,#2469,.F.);
#1379=ORIENTED_EDGE('',*,*,#2470,.F.);
#1380=ORIENTED_EDGE('',*,*,#2471,.F.);
#1381=ORIENTED_EDGE('',*,*,#2472,.T.);
#1382=ORIENTED_EDGE('',*,*,#2460,.F.);
#1383=ORIENTED_EDGE('',*,*,#2473,.F.);
#1384=ORIENTED_EDGE('',*,*,#2474,.F.);
#1385=ORIENTED_EDGE('',*,*,#2475,.T.);
#1386=ORIENTED_EDGE('',*,*,#2476,.F.);
#1387=ORIENTED_EDGE('',*,*,#2477,.T.);
#1388=ORIENTED_EDGE('',*,*,#2478,.F.);
#1389=ORIENTED_EDGE('',*,*,#2479,.T.);
#1390=ORIENTED_EDGE('',*,*,#2480,.F.);
#1391=ORIENTED_EDGE('',*,*,#2481,.F.);
#1392=ORIENTED_EDGE('',*,*,#2447,.F.);
#1393=ORIENTED_EDGE('',*,*,#2482,.F.);
#1394=ORIENTED_EDGE('',*,*,#2483,.T.);
#1395=ORIENTED_EDGE('',*,*,#2484,.T.);
#1396=ORIENTED_EDGE('',*,*,#2485,.F.);
#1397=ORIENTED_EDGE('',*,*,#2471,.T.);
#1398=ORIENTED_EDGE('',*,*,#2486,.T.);
#1399=ORIENTED_EDGE('',*,*,#2485,.T.);
#1400=ORIENTED_EDGE('',*,*,#2487,.F.);
#1401=ORIENTED_EDGE('',*,*,#2488,.F.);
#1402=ORIENTED_EDGE('',*,*,#2469,.T.);
#1403=ORIENTED_EDGE('',*,*,#2489,.T.);
#1404=ORIENTED_EDGE('',*,*,#2465,.F.);
#1405=ORIENTED_EDGE('',*,*,#2483,.F.);
#1406=ORIENTED_EDGE('',*,*,#2490,.T.);
#1407=ORIENTED_EDGE('',*,*,#2463,.T.);
#1408=ORIENTED_EDGE('',*,*,#2491,.F.);
#1409=ORIENTED_EDGE('',*,*,#2492,.F.);
#1410=ORIENTED_EDGE('',*,*,#2493,.T.);
#1411=ORIENTED_EDGE('',*,*,#2494,.T.);
#1412=ORIENTED_EDGE('',*,*,#2495,.F.);
#1413=ORIENTED_EDGE('',*,*,#2496,.T.);
#1414=ORIENTED_EDGE('',*,*,#2492,.T.);
#1415=ORIENTED_EDGE('',*,*,#2497,.T.);
#1416=ORIENTED_EDGE('',*,*,#2498,.F.);
#1417=ORIENTED_EDGE('',*,*,#2499,.F.);
#1418=ORIENTED_EDGE('',*,*,#2495,.T.);
#1419=ORIENTED_EDGE('',*,*,#2500,.F.);
#1420=ORIENTED_EDGE('',*,*,#2501,.T.);
#1421=ORIENTED_EDGE('',*,*,#2502,.F.);
#1422=ORIENTED_EDGE('',*,*,#2503,.F.);
#1423=ORIENTED_EDGE('',*,*,#2504,.F.);
#1424=ORIENTED_EDGE('',*,*,#2505,.F.);
#1425=ORIENTED_EDGE('',*,*,#2506,.T.);
#1426=ORIENTED_EDGE('',*,*,#2507,.F.);
#1427=ORIENTED_EDGE('',*,*,#2508,.F.);
#1428=ORIENTED_EDGE('',*,*,#2509,.T.);
#1429=ORIENTED_EDGE('',*,*,#2510,.F.);
#1430=ORIENTED_EDGE('',*,*,#2511,.F.);
#1431=ORIENTED_EDGE('',*,*,#2508,.T.);
#1432=ORIENTED_EDGE('',*,*,#2512,.T.);
#1433=ORIENTED_EDGE('',*,*,#2513,.T.);
#1434=ORIENTED_EDGE('',*,*,#2514,.F.);
#1435=ORIENTED_EDGE('',*,*,#2515,.T.);
#1436=ORIENTED_EDGE('',*,*,#2516,.F.);
#1437=ORIENTED_EDGE('',*,*,#2517,.F.);
#1438=ORIENTED_EDGE('',*,*,#2518,.F.);
#1439=ORIENTED_EDGE('',*,*,#2519,.F.);
#1440=ORIENTED_EDGE('',*,*,#2520,.F.);
#1441=ORIENTED_EDGE('',*,*,#2521,.T.);
#1442=ORIENTED_EDGE('',*,*,#2522,.F.);
#1443=ORIENTED_EDGE('',*,*,#2523,.T.);
#1444=ORIENTED_EDGE('',*,*,#2524,.T.);
#1445=ORIENTED_EDGE('',*,*,#2525,.T.);
#1446=ORIENTED_EDGE('',*,*,#2526,.F.);
#1447=ORIENTED_EDGE('',*,*,#2527,.T.);
#1448=ORIENTED_EDGE('',*,*,#2528,.T.);
#1449=ORIENTED_EDGE('',*,*,#2515,.F.);
#1450=ORIENTED_EDGE('',*,*,#2529,.F.);
#1451=ORIENTED_EDGE('',*,*,#2530,.F.);
#1452=ORIENTED_EDGE('',*,*,#2531,.T.);
#1453=ORIENTED_EDGE('',*,*,#2513,.F.);
#1454=ORIENTED_EDGE('',*,*,#2532,.F.);
#1455=ORIENTED_EDGE('',*,*,#2533,.F.);
#1456=ORIENTED_EDGE('',*,*,#2529,.T.);
#1457=ORIENTED_EDGE('',*,*,#2514,.T.);
#1458=ORIENTED_EDGE('',*,*,#2531,.F.);
#1459=ORIENTED_EDGE('',*,*,#2534,.F.);
#1460=ORIENTED_EDGE('',*,*,#2535,.T.);
#1461=ORIENTED_EDGE('',*,*,#2536,.F.);
#1462=ORIENTED_EDGE('',*,*,#2537,.T.);
#1463=ORIENTED_EDGE('',*,*,#2538,.F.);
#1464=ORIENTED_EDGE('',*,*,#2539,.T.);
#1465=ORIENTED_EDGE('',*,*,#2540,.F.);
#1466=ORIENTED_EDGE('',*,*,#2541,.T.);
#1467=ORIENTED_EDGE('',*,*,#2537,.F.);
#1468=ORIENTED_EDGE('',*,*,#2539,.F.);
#1469=ORIENTED_EDGE('',*,*,#2536,.T.);
#1470=ORIENTED_EDGE('',*,*,#2542,.F.);
#1471=ORIENTED_EDGE('',*,*,#2543,.T.);
#1472=ORIENTED_EDGE('',*,*,#2542,.T.);
#1473=ORIENTED_EDGE('',*,*,#2535,.F.);
#1474=ORIENTED_EDGE('',*,*,#2544,.T.);
#1475=ORIENTED_EDGE('',*,*,#2545,.F.);
#1476=ORIENTED_EDGE('',*,*,#2546,.T.);
#1477=ORIENTED_EDGE('',*,*,#2547,.F.);
#1478=ORIENTED_EDGE('',*,*,#2548,.T.);
#1479=ORIENTED_EDGE('',*,*,#2549,.T.);
#1480=ORIENTED_EDGE('',*,*,#2550,.F.);
#1481=ORIENTED_EDGE('',*,*,#2532,.T.);
#1482=ORIENTED_EDGE('',*,*,#2512,.F.);
#1483=ORIENTED_EDGE('',*,*,#2551,.T.);
#1484=ORIENTED_EDGE('',*,*,#2552,.F.);
#1485=ORIENTED_EDGE('',*,*,#2501,.F.);
#1486=ORIENTED_EDGE('',*,*,#2511,.T.);
#1487=ORIENTED_EDGE('',*,*,#2540,.T.);
#1488=ORIENTED_EDGE('',*,*,#2543,.F.);
#1489=ORIENTED_EDGE('',*,*,#2545,.T.);
#1490=ORIENTED_EDGE('',*,*,#2553,.F.);
#1491=ORIENTED_EDGE('',*,*,#2546,.F.);
#1492=ORIENTED_EDGE('',*,*,#2510,.T.);
#1493=ORIENTED_EDGE('',*,*,#2554,.T.);
#1494=ORIENTED_EDGE('',*,*,#2555,.T.);
#1495=ORIENTED_EDGE('',*,*,#2554,.F.);
#1496=ORIENTED_EDGE('',*,*,#2509,.F.);
#1497=ORIENTED_EDGE('',*,*,#2507,.T.);
#1498=ORIENTED_EDGE('',*,*,#2556,.F.);
#1499=ORIENTED_EDGE('',*,*,#2557,.F.);
#1500=ORIENTED_EDGE('',*,*,#2558,.T.);
#1501=ORIENTED_EDGE('',*,*,#2559,.T.);
#1502=ORIENTED_EDGE('',*,*,#2560,.T.);
#1503=ORIENTED_EDGE('',*,*,#2561,.F.);
#1504=ORIENTED_EDGE('',*,*,#2562,.F.);
#1505=ORIENTED_EDGE('',*,*,#2563,.F.);
#1506=ORIENTED_EDGE('',*,*,#2564,.F.);
#1507=ORIENTED_EDGE('',*,*,#2565,.F.);
#1508=ORIENTED_EDGE('',*,*,#2566,.T.);
#1509=ORIENTED_EDGE('',*,*,#2567,.T.);
#1510=ORIENTED_EDGE('',*,*,#2568,.T.);
#1511=ORIENTED_EDGE('',*,*,#2569,.F.);
#1512=ORIENTED_EDGE('',*,*,#2570,.F.);
#1513=ORIENTED_EDGE('',*,*,#2571,.F.);
#1514=ORIENTED_EDGE('',*,*,#2572,.T.);
#1515=ORIENTED_EDGE('',*,*,#2573,.T.);
#1516=ORIENTED_EDGE('',*,*,#2480,.T.);
#1517=ORIENTED_EDGE('',*,*,#2574,.F.);
#1518=ORIENTED_EDGE('',*,*,#2575,.F.);
#1519=ORIENTED_EDGE('',*,*,#2572,.F.);
#1520=ORIENTED_EDGE('',*,*,#2576,.F.);
#1521=ORIENTED_EDGE('',*,*,#2577,.F.);
#1522=ORIENTED_EDGE('',*,*,#2578,.F.);
#1523=ORIENTED_EDGE('',*,*,#2579,.F.);
#1524=ORIENTED_EDGE('',*,*,#2580,.T.);
#1525=ORIENTED_EDGE('',*,*,#2478,.T.);
#1526=ORIENTED_EDGE('',*,*,#2581,.T.);
#1527=ORIENTED_EDGE('',*,*,#2577,.T.);
#1528=ORIENTED_EDGE('',*,*,#2582,.F.);
#1529=ORIENTED_EDGE('',*,*,#2477,.F.);
#1530=ORIENTED_EDGE('',*,*,#2583,.F.);
#1531=ORIENTED_EDGE('',*,*,#2578,.T.);
#1532=ORIENTED_EDGE('',*,*,#2581,.F.);
#1533=ORIENTED_EDGE('',*,*,#2584,.F.);
#1534=ORIENTED_EDGE('',*,*,#2585,.T.);
#1535=ORIENTED_EDGE('',*,*,#2586,.T.);
#1536=ORIENTED_EDGE('',*,*,#2587,.F.);
#1537=ORIENTED_EDGE('',*,*,#2586,.F.);
#1538=ORIENTED_EDGE('',*,*,#2588,.T.);
#1539=ORIENTED_EDGE('',*,*,#2589,.T.);
#1540=ORIENTED_EDGE('',*,*,#2584,.T.);
#1541=ORIENTED_EDGE('',*,*,#2590,.T.);
#1542=ORIENTED_EDGE('',*,*,#2591,.T.);
#1543=ORIENTED_EDGE('',*,*,#2592,.F.);
#1544=ORIENTED_EDGE('',*,*,#2591,.F.);
#1545=ORIENTED_EDGE('',*,*,#2593,.T.);
#1546=ORIENTED_EDGE('',*,*,#2594,.T.);
#1547=ORIENTED_EDGE('',*,*,#2595,.T.);
#1548=ORIENTED_EDGE('',*,*,#2594,.F.);
#1549=ORIENTED_EDGE('',*,*,#2462,.T.);
#1550=ORIENTED_EDGE('',*,*,#2588,.F.);
#1551=ORIENTED_EDGE('',*,*,#2585,.F.);
#1552=ORIENTED_EDGE('',*,*,#2589,.F.);
#1553=ORIENTED_EDGE('',*,*,#2592,.T.);
#1554=ORIENTED_EDGE('',*,*,#2595,.F.);
#1555=ORIENTED_EDGE('',*,*,#2593,.F.);
#1556=ORIENTED_EDGE('',*,*,#2590,.F.);
#1557=ORIENTED_EDGE('',*,*,#2587,.T.);
#1558=ORIENTED_EDGE('',*,*,#2479,.F.);
#1559=ORIENTED_EDGE('',*,*,#2596,.T.);
#1560=ORIENTED_EDGE('',*,*,#2597,.F.);
#1561=ORIENTED_EDGE('',*,*,#2574,.T.);
#1562=ORIENTED_EDGE('',*,*,#2597,.T.);
#1563=ORIENTED_EDGE('',*,*,#2598,.T.);
#1564=ORIENTED_EDGE('',*,*,#2569,.T.);
#1565=ORIENTED_EDGE('',*,*,#2575,.T.);
#1566=ORIENTED_EDGE('',*,*,#2599,.F.);
#1567=ORIENTED_EDGE('',*,*,#2600,.F.);
#1568=ORIENTED_EDGE('',*,*,#2601,.F.);
#1569=ORIENTED_EDGE('',*,*,#2602,.F.);
#1570=ORIENTED_EDGE('',*,*,#2603,.T.);
#1571=ORIENTED_EDGE('',*,*,#2602,.T.);
#1572=ORIENTED_EDGE('',*,*,#2604,.T.);
#1573=ORIENTED_EDGE('',*,*,#2605,.F.);
#1574=ORIENTED_EDGE('',*,*,#2606,.T.);
#1575=ORIENTED_EDGE('',*,*,#2605,.T.);
#1576=ORIENTED_EDGE('',*,*,#2607,.F.);
#1577=ORIENTED_EDGE('',*,*,#2570,.T.);
#1578=ORIENTED_EDGE('',*,*,#2598,.F.);
#1579=ORIENTED_EDGE('',*,*,#2596,.F.);
#1580=ORIENTED_EDGE('',*,*,#2582,.T.);
#1581=ORIENTED_EDGE('',*,*,#2580,.F.);
#1582=ORIENTED_EDGE('',*,*,#2608,.F.);
#1583=ORIENTED_EDGE('',*,*,#2609,.T.);
#1584=ORIENTED_EDGE('',*,*,#2610,.F.);
#1585=ORIENTED_EDGE('',*,*,#2611,.F.);
#1586=ORIENTED_EDGE('',*,*,#2612,.F.);
#1587=ORIENTED_EDGE('',*,*,#2613,.F.);
#1588=ORIENTED_EDGE('',*,*,#2601,.T.);
#1589=ORIENTED_EDGE('',*,*,#2614,.T.);
#1590=ORIENTED_EDGE('',*,*,#2576,.T.);
#1591=ORIENTED_EDGE('',*,*,#2571,.T.);
#1592=ORIENTED_EDGE('',*,*,#2607,.T.);
#1593=ORIENTED_EDGE('',*,*,#2604,.F.);
#1594=ORIENTED_EDGE('',*,*,#2481,.T.);
#1595=ORIENTED_EDGE('',*,*,#2573,.F.);
#1596=ORIENTED_EDGE('',*,*,#2615,.T.);
#1597=ORIENTED_EDGE('',*,*,#2448,.T.);
#1598=ORIENTED_EDGE('',*,*,#2616,.F.);
#1599=ORIENTED_EDGE('',*,*,#2617,.F.);
#1600=ORIENTED_EDGE('',*,*,#2450,.T.);
#1601=ORIENTED_EDGE('',*,*,#2449,.F.);
#1602=ORIENTED_EDGE('',*,*,#2615,.F.);
#1603=ORIENTED_EDGE('',*,*,#2614,.F.);
#1604=ORIENTED_EDGE('',*,*,#2600,.T.);
#1605=ORIENTED_EDGE('',*,*,#2618,.F.);
#1606=ORIENTED_EDGE('',*,*,#2619,.T.);
#1607=ORIENTED_EDGE('',*,*,#2616,.T.);
#1608=ORIENTED_EDGE('',*,*,#2559,.F.);
#1609=ORIENTED_EDGE('',*,*,#2618,.T.);
#1610=ORIENTED_EDGE('',*,*,#2599,.T.);
#1611=ORIENTED_EDGE('',*,*,#2603,.F.);
#1612=ORIENTED_EDGE('',*,*,#2606,.F.);
#1613=ORIENTED_EDGE('',*,*,#2620,.F.);
#1614=ORIENTED_EDGE('',*,*,#2621,.T.);
#1615=ORIENTED_EDGE('',*,*,#2622,.F.);
#1616=ORIENTED_EDGE('',*,*,#2458,.F.);
#1617=ORIENTED_EDGE('',*,*,#2623,.T.);
#1618=ORIENTED_EDGE('',*,*,#2624,.F.);
#1619=ORIENTED_EDGE('',*,*,#2622,.T.);
#1620=ORIENTED_EDGE('',*,*,#2625,.T.);
#1621=ORIENTED_EDGE('',*,*,#2626,.T.);
#1622=ORIENTED_EDGE('',*,*,#2627,.T.);
#1623=ORIENTED_EDGE('',*,*,#2623,.F.);
#1624=ORIENTED_EDGE('',*,*,#2457,.T.);
#1625=ORIENTED_EDGE('',*,*,#2628,.F.);
#1626=ORIENTED_EDGE('',*,*,#2624,.T.);
#1627=ORIENTED_EDGE('',*,*,#2629,.T.);
#1628=ORIENTED_EDGE('',*,*,#2630,.F.);
#1629=ORIENTED_EDGE('',*,*,#2560,.F.);
#1630=ORIENTED_EDGE('',*,*,#2544,.F.);
#1631=ORIENTED_EDGE('',*,*,#2538,.T.);
#1632=ORIENTED_EDGE('',*,*,#2541,.F.);
#1633=ORIENTED_EDGE('',*,*,#2553,.T.);
#1634=ORIENTED_EDGE('',*,*,#2550,.T.);
#1635=ORIENTED_EDGE('',*,*,#2631,.F.);
#1636=ORIENTED_EDGE('',*,*,#2632,.T.);
#1637=ORIENTED_EDGE('',*,*,#2633,.T.);
#1638=ORIENTED_EDGE('',*,*,#2634,.F.);
#1639=ORIENTED_EDGE('',*,*,#2635,.F.);
#1640=ORIENTED_EDGE('',*,*,#2636,.T.);
#1641=ORIENTED_EDGE('',*,*,#2637,.F.);
#1642=ORIENTED_EDGE('',*,*,#2638,.F.);
#1643=ORIENTED_EDGE('',*,*,#2639,.F.);
#1644=ORIENTED_EDGE('',*,*,#2640,.T.);
#1645=ORIENTED_EDGE('',*,*,#2641,.F.);
#1646=ORIENTED_EDGE('',*,*,#2642,.T.);
#1647=ORIENTED_EDGE('',*,*,#2530,.T.);
#1648=ORIENTED_EDGE('',*,*,#2534,.T.);
#1649=ORIENTED_EDGE('',*,*,#2533,.T.);
#1650=ORIENTED_EDGE('',*,*,#2638,.T.);
#1651=ORIENTED_EDGE('',*,*,#2643,.T.);
#1652=ORIENTED_EDGE('',*,*,#2644,.T.);
#1653=ORIENTED_EDGE('',*,*,#2645,.F.);
#1654=ORIENTED_EDGE('',*,*,#2646,.T.);
#1655=ORIENTED_EDGE('',*,*,#2647,.F.);
#1656=ORIENTED_EDGE('',*,*,#2519,.T.);
#1657=ORIENTED_EDGE('',*,*,#2648,.T.);
#1658=ORIENTED_EDGE('',*,*,#2639,.T.);
#1659=ORIENTED_EDGE('',*,*,#2646,.F.);
#1660=ORIENTED_EDGE('',*,*,#2649,.F.);
#1661=ORIENTED_EDGE('',*,*,#2565,.T.);
#1662=ORIENTED_EDGE('',*,*,#2650,.F.);
#1663=ORIENTED_EDGE('',*,*,#2568,.F.);
#1664=ORIENTED_EDGE('',*,*,#2651,.F.);
#1665=ORIENTED_EDGE('',*,*,#2547,.T.);
#1666=ORIENTED_EDGE('',*,*,#2555,.F.);
#1667=ORIENTED_EDGE('',*,*,#2643,.F.);
#1668=ORIENTED_EDGE('',*,*,#2637,.T.);
#1669=ORIENTED_EDGE('',*,*,#2652,.F.);
#1670=ORIENTED_EDGE('',*,*,#2653,.T.);
#1671=ORIENTED_EDGE('',*,*,#2636,.F.);
#1672=ORIENTED_EDGE('',*,*,#2654,.F.);
#1673=ORIENTED_EDGE('',*,*,#2655,.T.);
#1674=ORIENTED_EDGE('',*,*,#2652,.T.);
#1675=ORIENTED_EDGE('',*,*,#2567,.F.);
#1676=ORIENTED_EDGE('',*,*,#2656,.T.);
#1677=ORIENTED_EDGE('',*,*,#2644,.F.);
#1678=ORIENTED_EDGE('',*,*,#2653,.F.);
#1679=ORIENTED_EDGE('',*,*,#2655,.F.);
#1680=ORIENTED_EDGE('',*,*,#2657,.F.);
#1681=ORIENTED_EDGE('',*,*,#2548,.F.);
#1682=ORIENTED_EDGE('',*,*,#2651,.T.);
#1683=ORIENTED_EDGE('',*,*,#2645,.T.);
#1684=ORIENTED_EDGE('',*,*,#2656,.F.);
#1685=ORIENTED_EDGE('',*,*,#2566,.F.);
#1686=ORIENTED_EDGE('',*,*,#2649,.T.);
#1687=ORIENTED_EDGE('',*,*,#2658,.T.);
#1688=ORIENTED_EDGE('',*,*,#2659,.T.);
#1689=ORIENTED_EDGE('',*,*,#2505,.T.);
#1690=ORIENTED_EDGE('',*,*,#2660,.F.);
#1691=ORIENTED_EDGE('',*,*,#2631,.T.);
#1692=ORIENTED_EDGE('',*,*,#2549,.F.);
#1693=ORIENTED_EDGE('',*,*,#2657,.T.);
#1694=ORIENTED_EDGE('',*,*,#2654,.T.);
#1695=ORIENTED_EDGE('',*,*,#2635,.T.);
#1696=ORIENTED_EDGE('',*,*,#2661,.F.);
#1697=ORIENTED_EDGE('',*,*,#2633,.F.);
#1698=ORIENTED_EDGE('',*,*,#2662,.T.);
#1699=ORIENTED_EDGE('',*,*,#2634,.T.);
#1700=ORIENTED_EDGE('',*,*,#2662,.F.);
#1701=ORIENTED_EDGE('',*,*,#2632,.F.);
#1702=ORIENTED_EDGE('',*,*,#2661,.T.);
#1703=ORIENTED_EDGE('',*,*,#2663,.F.);
#1704=ORIENTED_EDGE('',*,*,#2664,.T.);
#1705=ORIENTED_EDGE('',*,*,#2665,.T.);
#1706=ORIENTED_EDGE('',*,*,#2666,.T.);
#1707=ORIENTED_EDGE('',*,*,#2561,.T.);
#1708=ORIENTED_EDGE('',*,*,#2630,.T.);
#1709=ORIENTED_EDGE('',*,*,#2667,.F.);
#1710=ORIENTED_EDGE('',*,*,#2665,.F.);
#1711=ORIENTED_EDGE('',*,*,#2668,.F.);
#1712=ORIENTED_EDGE('',*,*,#2669,.T.);
#1713=ORIENTED_EDGE('',*,*,#2666,.F.);
#1714=ORIENTED_EDGE('',*,*,#2667,.T.);
#1715=ORIENTED_EDGE('',*,*,#2670,.T.);
#1716=ORIENTED_EDGE('',*,*,#2671,.T.);
#1717=ORIENTED_EDGE('',*,*,#2672,.T.);
#1718=ORIENTED_EDGE('',*,*,#2562,.T.);
#1719=ORIENTED_EDGE('',*,*,#2673,.F.);
#1720=ORIENTED_EDGE('',*,*,#2674,.T.);
#1721=ORIENTED_EDGE('',*,*,#2675,.T.);
#1722=ORIENTED_EDGE('',*,*,#2454,.T.);
#1723=ORIENTED_EDGE('',*,*,#2676,.T.);
#1724=ORIENTED_EDGE('',*,*,#2668,.T.);
#1725=ORIENTED_EDGE('',*,*,#2664,.F.);
#1726=ORIENTED_EDGE('',*,*,#2677,.T.);
#1727=ORIENTED_EDGE('',*,*,#2674,.F.);
#1728=ORIENTED_EDGE('',*,*,#2678,.T.);
#1729=ORIENTED_EDGE('',*,*,#2679,.T.);
#1730=ORIENTED_EDGE('',*,*,#2455,.F.);
#1731=ORIENTED_EDGE('',*,*,#2675,.F.);
#1732=ORIENTED_EDGE('',*,*,#2677,.F.);
#1733=ORIENTED_EDGE('',*,*,#2663,.T.);
#1734=ORIENTED_EDGE('',*,*,#2526,.T.);
#1735=ORIENTED_EDGE('',*,*,#2680,.F.);
#1736=ORIENTED_EDGE('',*,*,#2524,.F.);
#1737=ORIENTED_EDGE('',*,*,#2681,.T.);
#1738=ORIENTED_EDGE('',*,*,#2682,.F.);
#1739=ORIENTED_EDGE('',*,*,#2683,.T.);
#1740=ORIENTED_EDGE('',*,*,#2679,.F.);
#1741=ORIENTED_EDGE('',*,*,#2629,.F.);
#1742=ORIENTED_EDGE('',*,*,#2628,.T.);
#1743=ORIENTED_EDGE('',*,*,#2456,.T.);
#1744=ORIENTED_EDGE('',*,*,#2684,.F.);
#1745=ORIENTED_EDGE('',*,*,#2625,.F.);
#1746=ORIENTED_EDGE('',*,*,#2621,.F.);
#1747=ORIENTED_EDGE('',*,*,#2685,.F.);
#1748=ORIENTED_EDGE('',*,*,#2686,.T.);
#1749=ORIENTED_EDGE('',*,*,#2685,.T.);
#1750=ORIENTED_EDGE('',*,*,#2620,.T.);
#1751=ORIENTED_EDGE('',*,*,#2613,.T.);
#1752=ORIENTED_EDGE('',*,*,#2687,.T.);
#1753=ORIENTED_EDGE('',*,*,#2516,.T.);
#1754=ORIENTED_EDGE('',*,*,#2528,.F.);
#1755=ORIENTED_EDGE('',*,*,#2642,.F.);
#1756=ORIENTED_EDGE('',*,*,#2688,.F.);
#1757=ORIENTED_EDGE('',*,*,#2689,.F.);
#1758=ORIENTED_EDGE('',*,*,#2690,.F.);
#1759=ORIENTED_EDGE('',*,*,#2611,.T.);
#1760=ORIENTED_EDGE('',*,*,#2691,.T.);
#1761=ORIENTED_EDGE('',*,*,#2692,.F.);
#1762=ORIENTED_EDGE('',*,*,#2609,.F.);
#1763=ORIENTED_EDGE('',*,*,#2475,.F.);
#1764=ORIENTED_EDGE('',*,*,#2688,.T.);
#1765=ORIENTED_EDGE('',*,*,#2610,.T.);
#1766=ORIENTED_EDGE('',*,*,#2692,.T.);
#1767=ORIENTED_EDGE('',*,*,#2693,.T.);
#1768=ORIENTED_EDGE('',*,*,#2608,.T.);
#1769=ORIENTED_EDGE('',*,*,#2579,.T.);
#1770=ORIENTED_EDGE('',*,*,#2583,.T.);
#1771=ORIENTED_EDGE('',*,*,#2476,.T.);
#1772=ORIENTED_EDGE('',*,*,#2694,.T.);
#1773=ORIENTED_EDGE('',*,*,#2695,.T.);
#1774=ORIENTED_EDGE('',*,*,#2696,.F.);
#1775=ORIENTED_EDGE('',*,*,#2497,.F.);
#1776=ORIENTED_EDGE('',*,*,#2493,.F.);
#1777=ORIENTED_EDGE('',*,*,#2496,.F.);
#1778=ORIENTED_EDGE('',*,*,#2499,.T.);
#1779=ORIENTED_EDGE('',*,*,#2473,.T.);
#1780=ORIENTED_EDGE('',*,*,#2459,.T.);
#1781=ORIENTED_EDGE('',*,*,#2627,.F.);
#1782=ORIENTED_EDGE('',*,*,#2697,.F.);
#1783=ORIENTED_EDGE('',*,*,#2691,.F.);
#1784=ORIENTED_EDGE('',*,*,#2474,.T.);
#1785=ORIENTED_EDGE('',*,*,#2697,.T.);
#1786=ORIENTED_EDGE('',*,*,#2698,.F.);
#1787=ORIENTED_EDGE('',*,*,#2689,.T.);
#1788=ORIENTED_EDGE('',*,*,#2693,.F.);
#1789=ORIENTED_EDGE('',*,*,#2626,.F.);
#1790=ORIENTED_EDGE('',*,*,#2684,.T.);
#1791=ORIENTED_EDGE('',*,*,#2686,.F.);
#1792=ORIENTED_EDGE('',*,*,#2612,.T.);
#1793=ORIENTED_EDGE('',*,*,#2690,.T.);
#1794=ORIENTED_EDGE('',*,*,#2698,.T.);
#1795=ORIENTED_EDGE('',*,*,#2699,.F.);
#1796=ORIENTED_EDGE('',*,*,#2522,.T.);
#1797=ORIENTED_EDGE('',*,*,#2700,.T.);
#1798=ORIENTED_EDGE('',*,*,#2695,.F.);
#1799=ORIENTED_EDGE('',*,*,#2701,.T.);
#1800=ORIENTED_EDGE('',*,*,#2702,.T.);
#1801=ORIENTED_EDGE('',*,*,#2503,.T.);
#1802=ORIENTED_EDGE('',*,*,#2703,.T.);
#1803=ORIENTED_EDGE('',*,*,#2704,.T.);
#1804=ORIENTED_EDGE('',*,*,#2705,.F.);
#1805=ORIENTED_EDGE('',*,*,#2619,.F.);
#1806=ORIENTED_EDGE('',*,*,#2558,.F.);
#1807=ORIENTED_EDGE('',*,*,#2681,.F.);
#1808=ORIENTED_EDGE('',*,*,#2523,.F.);
#1809=ORIENTED_EDGE('',*,*,#2699,.T.);
#1810=ORIENTED_EDGE('',*,*,#2706,.T.);
#1811=ORIENTED_EDGE('',*,*,#2707,.T.);
#1812=ORIENTED_EDGE('',*,*,#2708,.F.);
#1813=ORIENTED_EDGE('',*,*,#2709,.F.);
#1814=ORIENTED_EDGE('',*,*,#2452,.T.);
#1815=ORIENTED_EDGE('',*,*,#2710,.T.);
#1816=ORIENTED_EDGE('',*,*,#2551,.F.);
#1817=ORIENTED_EDGE('',*,*,#2527,.F.);
#1818=ORIENTED_EDGE('',*,*,#2683,.F.);
#1819=ORIENTED_EDGE('',*,*,#2453,.F.);
#1820=ORIENTED_EDGE('',*,*,#2709,.T.);
#1821=ORIENTED_EDGE('',*,*,#2711,.T.);
#1822=ORIENTED_EDGE('',*,*,#2678,.F.);
#1823=ORIENTED_EDGE('',*,*,#2673,.T.);
#1824=ORIENTED_EDGE('',*,*,#2525,.F.);
#1825=ORIENTED_EDGE('',*,*,#2680,.T.);
#1826=ORIENTED_EDGE('',*,*,#2648,.F.);
#1827=ORIENTED_EDGE('',*,*,#2518,.T.);
#1828=ORIENTED_EDGE('',*,*,#2712,.T.);
#1829=ORIENTED_EDGE('',*,*,#2640,.F.);
#1830=ORIENTED_EDGE('',*,*,#2521,.F.);
#1831=ORIENTED_EDGE('',*,*,#2713,.F.);
#1832=ORIENTED_EDGE('',*,*,#2696,.T.);
#1833=ORIENTED_EDGE('',*,*,#2700,.F.);
#1834=ORIENTED_EDGE('',*,*,#2704,.F.);
#1835=ORIENTED_EDGE('',*,*,#2557,.T.);
#1836=ORIENTED_EDGE('',*,*,#2714,.F.);
#1837=ORIENTED_EDGE('',*,*,#2658,.F.);
#1838=ORIENTED_EDGE('',*,*,#2715,.T.);
#1839=ORIENTED_EDGE('',*,*,#2701,.F.);
#1840=ORIENTED_EDGE('',*,*,#2694,.F.);
#1841=ORIENTED_EDGE('',*,*,#2500,.T.);
#1842=ORIENTED_EDGE('',*,*,#2494,.F.);
#1843=ORIENTED_EDGE('',*,*,#2716,.T.);
#1844=ORIENTED_EDGE('',*,*,#2650,.T.);
#1845=ORIENTED_EDGE('',*,*,#2564,.T.);
#1846=ORIENTED_EDGE('',*,*,#2717,.F.);
#1847=ORIENTED_EDGE('',*,*,#2708,.T.);
#1848=ORIENTED_EDGE('',*,*,#2711,.F.);
#1849=ORIENTED_EDGE('',*,*,#2717,.T.);
#1850=ORIENTED_EDGE('',*,*,#2563,.T.);
#1851=ORIENTED_EDGE('',*,*,#2672,.F.);
#1852=ORIENTED_EDGE('',*,*,#2671,.F.);
#1853=ORIENTED_EDGE('',*,*,#2670,.F.);
#1854=ORIENTED_EDGE('',*,*,#2669,.F.);
#1855=ORIENTED_EDGE('',*,*,#2676,.F.);
#1856=ORIENTED_EDGE('',*,*,#2715,.F.);
#1857=ORIENTED_EDGE('',*,*,#2660,.T.);
#1858=ORIENTED_EDGE('',*,*,#2504,.T.);
#1859=ORIENTED_EDGE('',*,*,#2702,.F.);
#1860=ORIENTED_EDGE('',*,*,#2498,.T.);
#1861=ORIENTED_EDGE('',*,*,#2713,.T.);
#1862=ORIENTED_EDGE('',*,*,#2520,.T.);
#1863=ORIENTED_EDGE('',*,*,#2647,.T.);
#1864=ORIENTED_EDGE('',*,*,#2716,.F.);
#1865=ORIENTED_EDGE('',*,*,#2710,.F.);
#1866=ORIENTED_EDGE('',*,*,#2682,.T.);
#1867=ORIENTED_EDGE('',*,*,#2706,.F.);
#1868=ORIENTED_EDGE('',*,*,#2703,.F.);
#1869=ORIENTED_EDGE('',*,*,#2502,.T.);
#1870=ORIENTED_EDGE('',*,*,#2552,.T.);
#1871=ORIENTED_EDGE('',*,*,#2687,.F.);
#1872=ORIENTED_EDGE('',*,*,#2641,.T.);
#1873=ORIENTED_EDGE('',*,*,#2712,.F.);
#1874=ORIENTED_EDGE('',*,*,#2517,.T.);
#1875=ORIENTED_EDGE('',*,*,#2714,.T.);
#1876=ORIENTED_EDGE('',*,*,#2556,.T.);
#1877=ORIENTED_EDGE('',*,*,#2506,.F.);
#1878=ORIENTED_EDGE('',*,*,#2659,.F.);
#1879=ORIENTED_EDGE('',*,*,#2707,.F.);
#1880=ORIENTED_EDGE('',*,*,#2451,.T.);
#1881=ORIENTED_EDGE('',*,*,#2617,.T.);
#1882=ORIENTED_EDGE('',*,*,#2705,.T.);
#1883=ORIENTED_EDGE('',*,*,#2487,.T.);
#1884=ORIENTED_EDGE('',*,*,#2484,.F.);
#1885=ORIENTED_EDGE('',*,*,#2491,.T.);
#1886=ORIENTED_EDGE('',*,*,#2466,.T.);
#1887=ORIENTED_EDGE('',*,*,#2489,.F.);
#1888=ORIENTED_EDGE('',*,*,#2468,.F.);
#1889=ORIENTED_EDGE('',*,*,#2461,.T.);
#1890=ORIENTED_EDGE('',*,*,#2472,.F.);
#1891=ORIENTED_EDGE('',*,*,#2470,.T.);
#1892=ORIENTED_EDGE('',*,*,#2446,.F.);
#1893=ORIENTED_EDGE('',*,*,#2467,.T.);
#1894=ORIENTED_EDGE('',*,*,#2488,.T.);
#1895=ORIENTED_EDGE('',*,*,#2464,.F.);
#1896=ORIENTED_EDGE('',*,*,#2490,.F.);
#1897=ORIENTED_EDGE('',*,*,#2482,.T.);
#1898=ORIENTED_EDGE('',*,*,#2486,.F.);
#1899=EDGE_CURVE('',#2718,#2719,#3255,.T.);
#1900=EDGE_CURVE('',#2719,#2720,#3256,.T.);
#1901=EDGE_CURVE('',#2721,#2720,#3257,.T.);
#1902=EDGE_CURVE('',#2718,#2721,#3258,.T.);
#1903=EDGE_CURVE('',#2722,#2723,#3259,.T.);
#1904=EDGE_CURVE('',#2722,#2724,#3260,.T.);
#1905=EDGE_CURVE('',#2725,#2724,#3261,.T.);
#1906=EDGE_CURVE('',#2726,#2725,#3262,.T.);
#1907=EDGE_CURVE('',#2727,#2726,#3263,.T.);
#1908=EDGE_CURVE('',#2727,#2728,#3264,.T.);
#1909=EDGE_CURVE('',#2729,#2728,#3265,.T.);
#1910=EDGE_CURVE('',#2729,#2730,#3266,.T.);
#1911=EDGE_CURVE('',#2731,#2730,#3267,.T.);
#1912=EDGE_CURVE('',#2731,#2732,#3268,.T.);
#1913=EDGE_CURVE('',#2733,#2732,#3269,.T.);
#1914=EDGE_CURVE('',#2734,#2733,#3270,.T.);
#1915=EDGE_CURVE('',#2735,#2734,#3271,.T.);
#1916=EDGE_CURVE('',#2723,#2735,#3272,.T.);
#1917=EDGE_CURVE('',#2736,#2737,#3273,.T.);
#1918=EDGE_CURVE('',#2737,#2738,#3274,.T.);
#1919=EDGE_CURVE('',#2739,#2738,#3275,.T.);
#1920=EDGE_CURVE('',#2736,#2739,#3276,.T.);
#1921=EDGE_CURVE('',#2722,#2738,#3277,.T.);
#1922=EDGE_CURVE('',#2723,#2739,#3278,.T.);
#1923=EDGE_CURVE('',#2720,#2740,#3279,.T.);
#1924=EDGE_CURVE('',#2741,#2740,#3280,.T.);
#1925=EDGE_CURVE('',#2721,#2741,#3281,.T.);
#1926=EDGE_CURVE('',#2737,#2742,#3282,.T.);
#1927=EDGE_CURVE('',#2736,#2743,#3283,.T.);
#1928=EDGE_CURVE('',#2743,#2742,#3284,.T.);
#1929=EDGE_CURVE('',#2719,#2724,#3285,.T.);
#1930=EDGE_CURVE('',#2735,#2718,#3286,.T.);
#1931=EDGE_CURVE('',#2744,#2734,#3287,.T.);
#1932=EDGE_CURVE('',#2744,#2745,#3288,.T.);
#1933=EDGE_CURVE('',#2746,#2745,#3289,.T.);
#1934=EDGE_CURVE('',#2747,#2746,#237,.T.);
#1935=EDGE_CURVE('',#2748,#2747,#3290,.T.);
#1936=EDGE_CURVE('',#2748,#2749,#3291,.T.);
#1937=EDGE_CURVE('',#2750,#2749,#238,.T.);
#1938=EDGE_CURVE('',#2750,#2751,#3292,.T.);
#1939=EDGE_CURVE('',#2752,#2751,#239,.T.);
#1940=EDGE_CURVE('',#2753,#2752,#3293,.T.);
#1941=EDGE_CURVE('',#2753,#2754,#3294,.T.);
#1942=EDGE_CURVE('',#2725,#2754,#3295,.T.);
#1943=EDGE_CURVE('',#2755,#2756,#123,.T.);
#1944=EDGE_CURVE('',#2755,#2756,#3296,.T.);
#1945=EDGE_CURVE('',#2757,#2758,#124,.T.);
#1946=EDGE_CURVE('',#2757,#2758,#3297,.T.);
#1947=EDGE_CURVE('',#2759,#2758,#3298,.T.);
#1948=EDGE_CURVE('',#2760,#2759,#3299,.T.);
#1949=EDGE_CURVE('',#2760,#2757,#3300,.T.);
#1950=EDGE_CURVE('',#2761,#2760,#125,.T.);
#1951=EDGE_CURVE('',#2759,#2762,#126,.T.);
#1952=EDGE_CURVE('',#2762,#2761,#3301,.T.);
#1953=EDGE_CURVE('',#2761,#2756,#3302,.T.);
#1954=EDGE_CURVE('',#2762,#2755,#3303,.T.);
#1955=EDGE_CURVE('',#2763,#2763,#127,.T.);
#1956=EDGE_CURVE('',#2742,#2740,#3304,.T.);
#1957=EDGE_CURVE('',#2741,#2743,#3305,.T.);
#1958=EDGE_CURVE('',#2727,#2764,#3306,.T.);
#1959=EDGE_CURVE('',#2765,#2764,#3307,.T.);
#1960=EDGE_CURVE('',#2728,#2765,#3308,.T.);
#1961=EDGE_CURVE('',#2730,#2766,#3309,.T.);
#1962=EDGE_CURVE('',#2766,#2767,#128,.T.);
#1963=EDGE_CURVE('',#2731,#2767,#3310,.T.);
#1964=EDGE_CURVE('',#2768,#2729,#3311,.T.);
#1965=EDGE_CURVE('',#2768,#2766,#3312,.T.);
#1966=EDGE_CURVE('',#2769,#2768,#129,.T.);
#1967=EDGE_CURVE('',#2769,#2767,#3313,.T.);
#1968=EDGE_CURVE('',#2770,#2771,#3314,.T.);
#1969=EDGE_CURVE('',#2771,#2772,#3315,.T.);
#1970=EDGE_CURVE('',#2772,#2773,#3316,.T.);
#1971=EDGE_CURVE('',#2773,#2770,#3317,.T.);
#1972=EDGE_CURVE('',#2731,#2771,#3318,.T.);
#1973=EDGE_CURVE('',#2770,#2732,#3319,.T.);
#1974=EDGE_CURVE('',#2728,#2769,#3320,.T.);
#1975=EDGE_CURVE('',#2753,#2774,#3321,.T.);
#1976=EDGE_CURVE('',#2774,#2752,#3322,.T.);
#1977=EDGE_CURVE('',#2775,#2776,#130,.T.);
#1978=EDGE_CURVE('',#2777,#2775,#3323,.T.);
#1979=EDGE_CURVE('',#2777,#2778,#3324,.T.);
#1980=EDGE_CURVE('',#2778,#2776,#3325,.T.);
#1981=EDGE_CURVE('',#2779,#2780,#131,.T.);
#1982=EDGE_CURVE('',#2779,#2781,#3326,.T.);
#1983=EDGE_CURVE('',#2781,#2782,#132,.T.);
#1984=EDGE_CURVE('',#2780,#2782,#3327,.T.);
#1985=EDGE_CURVE('',#2780,#2783,#3328,.T.);
#1986=EDGE_CURVE('',#2784,#2782,#3329,.T.);
#1987=EDGE_CURVE('',#2783,#2784,#3330,.T.);
#1988=EDGE_CURVE('',#2785,#2779,#3331,.T.);
#1989=EDGE_CURVE('',#2785,#2786,#3332,.T.);
#1990=EDGE_CURVE('',#2781,#2786,#3333,.T.);
#1991=EDGE_CURVE('',#2787,#2788,#3334,.T.);
#1992=EDGE_CURVE('',#2788,#2786,#133,.T.);
#1993=EDGE_CURVE('',#2787,#2785,#134,.T.);
#1994=EDGE_CURVE('',#2787,#2789,#3335,.T.);
#1995=EDGE_CURVE('',#2790,#2789,#3336,.T.);
#1996=EDGE_CURVE('',#2790,#2788,#3337,.T.);
#1997=EDGE_CURVE('',#2791,#2792,#135,.T.);
#1998=EDGE_CURVE('',#2791,#2793,#3338,.T.);
#1999=EDGE_CURVE('',#2793,#2794,#136,.T.);
#2000=EDGE_CURVE('',#2792,#2794,#3339,.T.);
#2001=EDGE_CURVE('',#2791,#2795,#3340,.T.);
#2002=EDGE_CURVE('',#2795,#2796,#3341,.T.);
#2003=EDGE_CURVE('',#2796,#2793,#3342,.T.);
#2004=EDGE_CURVE('',#2795,#2797,#137,.T.);
#2005=EDGE_CURVE('',#2797,#2798,#3343,.T.);
#2006=EDGE_CURVE('',#2796,#2798,#138,.T.);
#2007=EDGE_CURVE('',#2799,#2800,#3344,.T.);
#2008=EDGE_CURVE('',#2801,#2800,#3345,.T.);
#2009=EDGE_CURVE('',#2794,#2801,#3346,.T.);
#2010=EDGE_CURVE('',#2802,#2798,#3347,.T.);
#2011=EDGE_CURVE('',#2799,#2802,#3348,.T.);
#2012=EDGE_CURVE('',#2802,#2803,#139,.T.);
#2013=EDGE_CURVE('',#2804,#2803,#3349,.T.);
#2014=EDGE_CURVE('',#2799,#2804,#140,.T.);
#2015=EDGE_CURVE('',#2805,#2806,#141,.T.);
#2016=EDGE_CURVE('',#2807,#2805,#3350,.T.);
#2017=EDGE_CURVE('',#2807,#2808,#142,.T.);
#2018=EDGE_CURVE('',#2806,#2808,#3351,.T.);
#2019=EDGE_CURVE('',#2809,#2810,#3352,.T.);
#2020=EDGE_CURVE('',#2809,#2811,#3353,.T.);
#2021=EDGE_CURVE('',#2812,#2811,#3354,.T.);
#2022=EDGE_CURVE('',#2812,#2810,#3355,.T.);
#2023=EDGE_CURVE('',#2813,#2811,#3356,.T.);
#2024=EDGE_CURVE('',#2814,#2813,#3357,.T.);
#2025=EDGE_CURVE('',#2814,#2812,#3358,.T.);
#2026=EDGE_CURVE('',#2815,#2805,#3359,.T.);
#2027=EDGE_CURVE('',#2815,#2816,#3360,.T.);
#2028=EDGE_CURVE('',#2810,#2816,#3361,.T.);
#2029=EDGE_CURVE('',#2817,#2814,#3362,.T.);
#2030=EDGE_CURVE('',#2807,#2817,#3363,.T.);
#2031=EDGE_CURVE('',#2818,#2816,#143,.T.);
#2032=EDGE_CURVE('',#2819,#2815,#144,.T.);
#2033=EDGE_CURVE('',#2819,#2818,#3364,.T.);
#2034=EDGE_CURVE('',#2804,#2808,#3365,.T.);
#2035=EDGE_CURVE('',#2803,#2806,#3366,.T.);
#2036=EDGE_CURVE('',#2820,#2821,#3367,.T.);
#2037=EDGE_CURVE('',#2821,#2822,#145,.T.);
#2038=EDGE_CURVE('',#2823,#2822,#3368,.T.);
#2039=EDGE_CURVE('',#2824,#2823,#3369,.T.);
#2040=EDGE_CURVE('',#2825,#2824,#42,.T.);
#2041=EDGE_CURVE('',#2826,#2825,#3370,.T.);
#2042=EDGE_CURVE('',#2826,#2820,#146,.T.);
#2043=EDGE_CURVE('',#2827,#2828,#3371,.T.);
#2044=EDGE_CURVE('',#2827,#2790,#147,.T.);
#2045=EDGE_CURVE('',#2828,#2789,#148,.T.);
#2046=EDGE_CURVE('',#2829,#2830,#3372,.T.);
#2047=EDGE_CURVE('',#2829,#2831,#3373,.T.);
#2048=EDGE_CURVE('',#2832,#2831,#3374,.T.);
#2049=EDGE_CURVE('',#2832,#2830,#3375,.T.);
#2050=EDGE_CURVE('',#2829,#2833,#3376,.T.);
#2051=EDGE_CURVE('',#2834,#2833,#3377,.T.);
#2052=EDGE_CURVE('',#2834,#2831,#3378,.T.);
#2053=EDGE_CURVE('',#2835,#2833,#3379,.T.);
#2054=EDGE_CURVE('',#2835,#2830,#3380,.T.);
#2055=EDGE_CURVE('',#2834,#2836,#3381,.T.);
#2056=EDGE_CURVE('',#2835,#2836,#3382,.T.);
#2057=EDGE_CURVE('',#2832,#2836,#3383,.T.);
#2058=EDGE_CURVE('',#2837,#2784,#3384,.T.);
#2059=EDGE_CURVE('',#2837,#2838,#3385,.T.);
#2060=EDGE_CURVE('',#2800,#2838,#149,.T.);
#2061=EDGE_CURVE('',#2817,#2839,#3386,.T.);
#2062=EDGE_CURVE('',#2783,#2839,#3387,.T.);
#2063=EDGE_CURVE('',#2840,#2839,#3388,.T.);
#2064=EDGE_CURVE('',#2840,#2841,#3389,.T.);
#2065=EDGE_CURVE('',#2841,#2842,#43,.T.);
#2066=EDGE_CURVE('',#2843,#2842,#3390,.T.);
#2067=EDGE_CURVE('',#2813,#2843,#3391,.T.);
#2068=EDGE_CURVE('',#2844,#2809,#3392,.T.);
#2069=EDGE_CURVE('',#2828,#2844,#3393,.T.);
#2070=EDGE_CURVE('',#2818,#2844,#3394,.T.);
#2071=EDGE_CURVE('',#2845,#2846,#3395,.T.);
#2072=EDGE_CURVE('',#2845,#2827,#3396,.T.);
#2073=EDGE_CURVE('',#2819,#2847,#3397,.T.);
#2074=EDGE_CURVE('',#2846,#2847,#3398,.T.);
#2075=EDGE_CURVE('',#2848,#2823,#3399,.T.);
#2076=EDGE_CURVE('',#2823,#2849,#3400,.T.);
#2077=EDGE_CURVE('',#2849,#2845,#3401,.T.);
#2078=EDGE_CURVE('',#2848,#2846,#3402,.T.);
#2079=EDGE_CURVE('',#2849,#2850,#3403,.T.);
#2080=EDGE_CURVE('',#2850,#2822,#3404,.T.);
#2081=EDGE_CURVE('',#2777,#2850,#3405,.T.);
#2082=EDGE_CURVE('',#2821,#2792,#3406,.T.);
#2083=EDGE_CURVE('',#2801,#2778,#150,.T.);
#2084=EDGE_CURVE('',#2775,#2851,#3407,.T.);
#2085=EDGE_CURVE('',#2851,#2852,#44,.T.);
#2086=EDGE_CURVE('',#2853,#2852,#3408,.T.);
#2087=EDGE_CURVE('',#2853,#2837,#3409,.T.);
#2088=EDGE_CURVE('',#2854,#2838,#3410,.T.);
#2089=EDGE_CURVE('',#2854,#2776,#45,.T.);
#2090=EDGE_CURVE('',#2854,#2853,#151,.T.);
#2091=EDGE_CURVE('',#2851,#2852,#152,.T.);
#2092=EDGE_CURVE('',#2840,#2843,#153,.T.);
#2093=EDGE_CURVE('',#2841,#2842,#154,.T.);
#2094=EDGE_CURVE('',#2855,#2856,#3411,.T.);
#2095=EDGE_CURVE('',#2855,#2797,#3412,.T.);
#2096=EDGE_CURVE('',#2820,#2857,#3413,.T.);
#2097=EDGE_CURVE('',#2848,#2857,#3414,.T.);
#2098=EDGE_CURVE('',#2847,#2858,#3415,.T.);
#2099=EDGE_CURVE('',#2859,#2858,#3416,.T.);
#2100=EDGE_CURVE('',#2859,#2856,#3417,.T.);
#2101=EDGE_CURVE('',#2825,#2824,#155,.T.);
#2102=EDGE_CURVE('',#2826,#2857,#3418,.T.);
#2103=EDGE_CURVE('',#2860,#2749,#3419,.T.);
#2104=EDGE_CURVE('',#2860,#2861,#240,.T.);
#2105=EDGE_CURVE('',#2861,#2750,#3420,.T.);
#2106=EDGE_CURVE('',#2862,#2863,#3421,.T.);
#2107=EDGE_CURVE('',#2862,#2864,#156,.T.);
#2108=EDGE_CURVE('',#2864,#2865,#3422,.T.);
#2109=EDGE_CURVE('',#2866,#2865,#46,.T.);
#2110=EDGE_CURVE('',#2866,#2867,#3423,.T.);
#2111=EDGE_CURVE('',#2867,#2863,#157,.T.);
#2112=EDGE_CURVE('',#2868,#2751,#3424,.T.);
#2113=EDGE_CURVE('',#2774,#2868,#241,.T.);
#2114=EDGE_CURVE('',#2869,#2774,#3425,.T.);
#2115=EDGE_CURVE('',#2870,#2868,#3426,.T.);
#2116=EDGE_CURVE('',#2869,#2870,#158,.T.);
#2117=EDGE_CURVE('',#2871,#2868,#3427,.T.);
#2118=EDGE_CURVE('',#2871,#2872,#3428,.T.);
#2119=EDGE_CURVE('',#2872,#2862,#3429,.T.);
#2120=EDGE_CURVE('',#2863,#2870,#3430,.T.);
#2121=EDGE_CURVE('',#2873,#2872,#159,.T.);
#2122=EDGE_CURVE('',#2873,#2864,#3431,.T.);
#2123=EDGE_CURVE('',#2871,#2861,#242,.T.);
#2124=EDGE_CURVE('',#2874,#2873,#3432,.T.);
#2125=EDGE_CURVE('',#2860,#2874,#243,.T.);
#2126=EDGE_CURVE('',#2859,#2874,#3433,.T.);
#2127=EDGE_CURVE('',#2858,#2867,#3434,.T.);
#2128=EDGE_CURVE('',#2748,#2859,#3435,.T.);
#2129=EDGE_CURVE('',#2747,#2856,#3436,.T.);
#2130=EDGE_CURVE('',#2746,#2875,#3437,.T.);
#2131=EDGE_CURVE('',#2875,#2856,#244,.T.);
#2132=EDGE_CURVE('',#2876,#2875,#3438,.T.);
#2133=EDGE_CURVE('',#2855,#2876,#160,.T.);
#2134=EDGE_CURVE('',#2876,#2869,#3439,.T.);
#2135=EDGE_CURVE('',#2877,#2878,#3440,.T.);
#2136=EDGE_CURVE('',#2869,#2878,#3441,.T.);
#2137=EDGE_CURVE('',#2876,#2879,#3442,.T.);
#2138=EDGE_CURVE('',#2879,#2880,#3443,.T.);
#2139=EDGE_CURVE('',#2881,#2880,#3444,.T.);
#2140=EDGE_CURVE('',#2882,#2881,#3445,.T.);
#2141=EDGE_CURVE('',#2877,#2882,#3446,.T.);
#2142=EDGE_CURVE('',#2883,#2879,#3447,.T.);
#2143=EDGE_CURVE('',#2884,#2883,#3448,.T.);
#2144=EDGE_CURVE('',#2880,#2884,#3449,.T.);
#2145=EDGE_CURVE('',#2884,#2885,#3450,.T.);
#2146=EDGE_CURVE('',#2881,#2885,#3451,.T.);
#2147=EDGE_CURVE('',#2886,#2887,#3452,.T.);
#2148=EDGE_CURVE('',#2887,#2877,#3453,.T.);
#2149=EDGE_CURVE('',#2882,#2886,#3454,.T.);
#2150=EDGE_CURVE('',#2888,#2887,#3455,.T.);
#2151=EDGE_CURVE('',#2878,#2888,#3456,.T.);
#2152=EDGE_CURVE('',#2888,#2889,#3457,.T.);
#2153=EDGE_CURVE('',#2889,#2754,#3458,.T.);
#2154=EDGE_CURVE('',#2726,#2889,#3459,.T.);
#2155=EDGE_CURVE('',#2890,#2889,#3460,.T.);
#2156=EDGE_CURVE('',#2890,#2891,#3461,.T.);
#2157=EDGE_CURVE('',#2764,#2891,#3462,.T.);
#2158=EDGE_CURVE('',#2891,#2892,#3463,.T.);
#2159=EDGE_CURVE('',#2893,#2890,#3464,.T.);
#2160=EDGE_CURVE('',#2893,#2892,#3465,.T.);
#2161=EDGE_CURVE('',#2892,#2765,#3466,.T.);
#2162=EDGE_CURVE('',#2886,#2893,#3467,.T.);
#2163=EDGE_CURVE('',#2894,#2885,#3468,.T.);
#2164=EDGE_CURVE('',#2894,#2772,#3469,.T.);
#2165=EDGE_CURVE('',#2883,#2895,#3470,.T.);
#2166=EDGE_CURVE('',#2895,#2896,#3471,.T.);
#2167=EDGE_CURVE('',#2896,#2894,#3472,.T.);
#2168=EDGE_CURVE('',#2895,#2733,#3473,.T.);
#2169=EDGE_CURVE('',#2895,#2744,#3474,.T.);
#2170=EDGE_CURVE('',#2875,#2745,#3475,.T.);
#2171=EDGE_CURVE('',#2896,#2773,#3476,.T.);
#2172=EDGE_CURVE('',#2897,#2898,#3477,.T.);
#2173=EDGE_CURVE('',#2897,#2899,#3478,.T.);
#2174=EDGE_CURVE('',#2899,#2900,#3479,.T.);
#2175=EDGE_CURVE('',#2901,#2900,#3480,.T.);
#2176=EDGE_CURVE('',#2901,#2902,#3481,.T.);
#2177=EDGE_CURVE('',#2903,#2902,#3482,.T.);
#2178=EDGE_CURVE('',#2904,#2903,#245,.T.);
#2179=EDGE_CURVE('',#2905,#2904,#3483,.T.);
#2180=EDGE_CURVE('',#2905,#2906,#3484,.T.);
#2181=EDGE_CURVE('',#2907,#2906,#246,.T.);
#2182=EDGE_CURVE('',#2907,#2908,#3485,.T.);
#2183=EDGE_CURVE('',#2909,#2908,#247,.T.);
#2184=EDGE_CURVE('',#2910,#2909,#3486,.T.);
#2185=EDGE_CURVE('',#2910,#2911,#3487,.T.);
#2186=EDGE_CURVE('',#2912,#2911,#3488,.T.);
#2187=EDGE_CURVE('',#2912,#2913,#3489,.T.);
#2188=EDGE_CURVE('',#2898,#2913,#3490,.T.);
#2189=EDGE_CURVE('',#2914,#2914,#161,.T.);
#2190=EDGE_CURVE('',#2915,#2916,#3491,.T.);
#2191=EDGE_CURVE('',#2915,#2917,#3492,.T.);
#2192=EDGE_CURVE('',#2917,#2918,#3493,.T.);
#2193=EDGE_CURVE('',#2918,#2916,#3494,.T.);
#2194=EDGE_CURVE('',#2919,#2920,#3495,.T.);
#2195=EDGE_CURVE('',#2919,#2921,#3496,.T.);
#2196=EDGE_CURVE('',#2922,#2921,#3497,.T.);
#2197=EDGE_CURVE('',#2922,#2920,#3498,.T.);
#2198=EDGE_CURVE('',#2923,#2921,#3499,.T.);
#2199=EDGE_CURVE('',#2919,#2924,#3500,.T.);
#2200=EDGE_CURVE('',#2923,#2924,#3501,.T.);
#2201=EDGE_CURVE('',#2925,#2920,#3502,.T.);
#2202=EDGE_CURVE('',#2925,#2924,#3503,.T.);
#2203=EDGE_CURVE('',#2926,#2927,#3504,.T.);
#2204=EDGE_CURVE('',#2927,#2928,#3505,.T.);
#2205=EDGE_CURVE('',#2929,#2928,#3506,.T.);
#2206=EDGE_CURVE('',#2930,#2929,#3507,.T.);
#2207=EDGE_CURVE('',#2930,#2931,#3508,.T.);
#2208=EDGE_CURVE('',#2932,#2931,#3509,.T.);
#2209=EDGE_CURVE('',#2933,#2932,#3510,.T.);
#2210=EDGE_CURVE('',#2933,#2926,#3511,.T.);
#2211=EDGE_CURVE('',#2934,#2935,#3512,.T.);
#2212=EDGE_CURVE('',#2936,#2935,#3513,.T.);
#2213=EDGE_CURVE('',#2936,#2937,#3514,.T.);
#2214=EDGE_CURVE('',#2937,#2938,#47,.T.);
#2215=EDGE_CURVE('',#2939,#2938,#3515,.T.);
#2216=EDGE_CURVE('',#2940,#2939,#3516,.T.);
#2217=EDGE_CURVE('',#2940,#2941,#3517,.T.);
#2218=EDGE_CURVE('',#2942,#2941,#3518,.T.);
#2219=EDGE_CURVE('',#2928,#2942,#3519,.T.);
#2220=EDGE_CURVE('',#2927,#2943,#162,.T.);
#2221=EDGE_CURVE('',#2944,#2943,#3520,.T.);
#2222=EDGE_CURVE('',#2944,#2945,#163,.T.);
#2223=EDGE_CURVE('',#2945,#2946,#3521,.T.);
#2224=EDGE_CURVE('',#2946,#2947,#164,.T.);
#2225=EDGE_CURVE('',#2947,#2934,#3522,.T.);
#2226=EDGE_CURVE('',#2942,#2948,#3523,.T.);
#2227=EDGE_CURVE('',#2948,#2949,#3524,.T.);
#2228=EDGE_CURVE('',#2929,#2949,#165,.T.);
#2229=EDGE_CURVE('',#2926,#2950,#166,.T.);
#2230=EDGE_CURVE('',#2950,#2943,#3525,.T.);
#2231=EDGE_CURVE('',#2944,#2951,#3526,.T.);
#2232=EDGE_CURVE('',#2950,#2951,#3527,.T.);
#2233=EDGE_CURVE('',#2945,#2952,#3528,.T.);
#2234=EDGE_CURVE('',#2951,#2952,#167,.T.);
#2235=EDGE_CURVE('',#2953,#2952,#3529,.T.);
#2236=EDGE_CURVE('',#2946,#2953,#3530,.T.);
#2237=EDGE_CURVE('',#2953,#2954,#168,.T.);
#2238=EDGE_CURVE('',#2947,#2954,#3531,.T.);
#2239=EDGE_CURVE('',#2955,#2954,#3532,.T.);
#2240=EDGE_CURVE('',#2934,#2955,#3533,.T.);
#2241=EDGE_CURVE('',#2956,#2957,#3534,.T.);
#2242=EDGE_CURVE('',#2958,#2957,#169,.T.);
#2243=EDGE_CURVE('',#2958,#2959,#3535,.T.);
#2244=EDGE_CURVE('',#2959,#2935,#3536,.T.);
#2245=EDGE_CURVE('',#2960,#2955,#3537,.T.);
#2246=EDGE_CURVE('',#2960,#2961,#3538,.T.);
#2247=EDGE_CURVE('',#2962,#2961,#170,.T.);
#2248=EDGE_CURVE('',#2963,#2962,#3539,.T.);
#2249=EDGE_CURVE('',#2963,#2956,#171,.T.);
#2250=EDGE_CURVE('',#2922,#2964,#3540,.T.);
#2251=EDGE_CURVE('',#2925,#2964,#3541,.T.);
#2252=EDGE_CURVE('',#2965,#2966,#172,.T.);
#2253=EDGE_CURVE('',#2958,#2965,#3542,.T.);
#2254=EDGE_CURVE('',#2966,#2957,#3543,.T.);
#2255=EDGE_CURVE('',#2967,#2941,#3544,.T.);
#2256=EDGE_CURVE('',#2967,#2948,#3545,.T.);
#2257=EDGE_CURVE('',#2968,#2940,#3546,.T.);
#2258=EDGE_CURVE('',#2968,#2967,#3547,.T.);
#2259=EDGE_CURVE('',#2969,#2965,#3548,.T.);
#2260=EDGE_CURVE('',#2969,#2949,#3549,.T.);
#2261=EDGE_CURVE('',#2959,#2968,#3550,.T.);
#2262=EDGE_CURVE('',#2930,#2969,#173,.T.);
#2263=EDGE_CURVE('',#2956,#2970,#3551,.T.);
#2264=EDGE_CURVE('',#2970,#2966,#3552,.T.);
#2265=EDGE_CURVE('',#2936,#2939,#174,.T.);
#2266=EDGE_CURVE('',#2937,#2938,#175,.T.);
#2267=EDGE_CURVE('',#2971,#2972,#3553,.T.);
#2268=EDGE_CURVE('',#2931,#2971,#3554,.T.);
#2269=EDGE_CURVE('',#2973,#2970,#176,.T.);
#2270=EDGE_CURVE('',#2973,#2974,#3555,.T.);
#2271=EDGE_CURVE('',#2975,#2974,#3556,.T.);
#2272=EDGE_CURVE('',#2976,#2975,#3557,.T.);
#2273=EDGE_CURVE('',#2976,#2977,#177,.T.);
#2274=EDGE_CURVE('',#2977,#2978,#3558,.T.);
#2275=EDGE_CURVE('',#2978,#2979,#178,.T.);
#2276=EDGE_CURVE('',#2980,#2979,#3559,.T.);
#2277=EDGE_CURVE('',#2972,#2980,#179,.T.);
#2278=EDGE_CURVE('',#2981,#2982,#3560,.T.);
#2279=EDGE_CURVE('',#2982,#2983,#180,.T.);
#2280=EDGE_CURVE('',#2984,#2983,#3561,.T.);
#2281=EDGE_CURVE('',#2984,#2985,#248,.T.);
#2282=EDGE_CURVE('',#2986,#2985,#249,.T.);
#2283=EDGE_CURVE('',#2986,#2981,#250,.T.);
#2284=EDGE_CURVE('',#2987,#2988,#181,.T.);
#2285=EDGE_CURVE('',#2983,#2987,#3562,.T.);
#2286=EDGE_CURVE('',#2982,#2988,#3563,.T.);
#2287=EDGE_CURVE('',#2987,#2980,#3564,.T.);
#2288=EDGE_CURVE('',#2988,#2989,#3565,.T.);
#2289=EDGE_CURVE('',#2990,#2989,#48,.T.);
#2290=EDGE_CURVE('',#2990,#2972,#3566,.T.);
#2291=EDGE_CURVE('',#2991,#2981,#3567,.T.);
#2292=EDGE_CURVE('',#2991,#2971,#3568,.T.);
#2293=EDGE_CURVE('',#2986,#2906,#3569,.T.);
#2294=EDGE_CURVE('',#2905,#2991,#3570,.T.);
#2295=EDGE_CURVE('',#2897,#2992,#3571,.T.);
#2296=EDGE_CURVE('',#2993,#2898,#3572,.T.);
#2297=EDGE_CURVE('',#2992,#2993,#3573,.T.);
#2298=EDGE_CURVE('',#2994,#2995,#3574,.T.);
#2299=EDGE_CURVE('',#2996,#2994,#3575,.T.);
#2300=EDGE_CURVE('',#2996,#2997,#3576,.T.);
#2301=EDGE_CURVE('',#2997,#2995,#3577,.T.);
#2302=EDGE_CURVE('',#2998,#2999,#3578,.T.);
#2303=EDGE_CURVE('',#3000,#2998,#3579,.T.);
#2304=EDGE_CURVE('',#3000,#3001,#3580,.T.);
#2305=EDGE_CURVE('',#2999,#3001,#3581,.T.);
#2306=EDGE_CURVE('',#3002,#3003,#3582,.T.);
#2307=EDGE_CURVE('',#2978,#3003,#3583,.T.);
#2308=EDGE_CURVE('',#2977,#3004,#3584,.T.);
#2309=EDGE_CURVE('',#3004,#3005,#3585,.T.);
#2310=EDGE_CURVE('',#3006,#3005,#3586,.T.);
#2311=EDGE_CURVE('',#3007,#3006,#3587,.T.);
#2312=EDGE_CURVE('',#3002,#3007,#3588,.T.);
#2313=EDGE_CURVE('',#2978,#3008,#3589,.T.);
#2314=EDGE_CURVE('',#3008,#3009,#251,.T.);
#2315=EDGE_CURVE('',#2979,#3009,#3590,.T.);
#2316=EDGE_CURVE('',#3010,#2899,#3591,.T.);
#2317=EDGE_CURVE('',#3011,#3010,#3592,.T.);
#2318=EDGE_CURVE('',#2913,#3011,#3593,.T.);
#2319=EDGE_CURVE('',#3012,#2912,#3594,.T.);
#2320=EDGE_CURVE('',#3013,#3012,#3595,.T.);
#2321=EDGE_CURVE('',#3013,#3014,#3596,.T.);
#2322=EDGE_CURVE('',#2998,#3014,#3597,.T.);
#2323=EDGE_CURVE('',#3015,#2999,#3598,.T.);
#2324=EDGE_CURVE('',#3015,#3016,#3599,.T.);
#2325=EDGE_CURVE('',#3017,#3016,#3600,.T.);
#2326=EDGE_CURVE('',#2900,#3017,#3601,.T.);
#2327=EDGE_CURVE('',#2923,#2964,#3602,.T.);
#2328=EDGE_CURVE('',#3018,#3019,#3603,.T.);
#2329=EDGE_CURVE('',#3007,#3018,#3604,.T.);
#2330=EDGE_CURVE('',#3006,#3020,#3605,.T.);
#2331=EDGE_CURVE('',#3021,#3020,#3606,.T.);
#2332=EDGE_CURVE('',#3021,#3022,#3607,.T.);
#2333=EDGE_CURVE('',#3023,#3022,#3608,.T.);
#2334=EDGE_CURVE('',#3015,#3023,#3609,.T.);
#2335=EDGE_CURVE('',#3015,#3024,#3610,.T.);
#2336=EDGE_CURVE('',#3025,#3024,#3611,.T.);
#2337=EDGE_CURVE('',#3014,#3025,#3612,.T.);
#2338=EDGE_CURVE('',#3014,#3026,#3613,.T.);
#2339=EDGE_CURVE('',#3027,#3026,#3614,.T.);
#2340=EDGE_CURVE('',#3019,#3027,#3615,.T.);
#2341=EDGE_CURVE('',#3028,#3029,#3616,.T.);
#2342=EDGE_CURVE('',#3028,#3030,#3617,.T.);
#2343=EDGE_CURVE('',#3031,#3030,#3618,.T.);
#2344=EDGE_CURVE('',#3029,#3031,#3619,.T.);
#2345=EDGE_CURVE('',#3032,#3033,#3620,.T.);
#2346=EDGE_CURVE('',#3034,#3033,#182,.T.);
#2347=EDGE_CURVE('',#3035,#3034,#3621,.T.);
#2348=EDGE_CURVE('',#2994,#3035,#183,.T.);
#2349=EDGE_CURVE('',#2997,#2995,#184,.T.);
#2350=EDGE_CURVE('',#3032,#2996,#185,.T.);
#2351=EDGE_CURVE('',#3010,#3029,#3622,.T.);
#2352=EDGE_CURVE('',#3011,#3031,#3623,.T.);
#2353=EDGE_CURVE('',#2904,#3036,#3624,.T.);
#2354=EDGE_CURVE('',#2903,#3037,#3625,.T.);
#2355=EDGE_CURVE('',#3037,#3036,#252,.T.);
#2356=EDGE_CURVE('',#2991,#3036,#3626,.T.);
#2357=EDGE_CURVE('',#3018,#3038,#3627,.T.);
#2358=EDGE_CURVE('',#3038,#3002,#3628,.T.);
#2359=EDGE_CURVE('',#3013,#3039,#3629,.T.);
#2360=EDGE_CURVE('',#3012,#3040,#3630,.T.);
#2361=EDGE_CURVE('',#3041,#3040,#3631,.T.);
#2362=EDGE_CURVE('',#3041,#3042,#3632,.T.);
#2363=EDGE_CURVE('',#3039,#3042,#3633,.T.);
#2364=EDGE_CURVE('',#3025,#3000,#186,.T.);
#2365=EDGE_CURVE('',#3001,#3024,#187,.T.);
#2366=EDGE_CURVE('',#3026,#3039,#3634,.T.);
#2367=EDGE_CURVE('',#3043,#2975,#188,.T.);
#2368=EDGE_CURVE('',#3044,#2974,#189,.T.);
#2369=EDGE_CURVE('',#3043,#3044,#3635,.T.);
#2370=EDGE_CURVE('',#3045,#3043,#3636,.T.);
#2371=EDGE_CURVE('',#3044,#3046,#3637,.T.);
#2372=EDGE_CURVE('',#3045,#3046,#3638,.T.);
#2373=EDGE_CURVE('',#3045,#3047,#190,.T.);
#2374=EDGE_CURVE('',#3046,#3048,#191,.T.);
#2375=EDGE_CURVE('',#3047,#3048,#3639,.T.);
#2376=EDGE_CURVE('',#3049,#3050,#3640,.T.);
#2377=EDGE_CURVE('',#3050,#3051,#192,.T.);
#2378=EDGE_CURVE('',#3052,#3051,#3641,.T.);
#2379=EDGE_CURVE('',#3053,#3052,#3642,.T.);
#2380=EDGE_CURVE('',#3054,#3053,#49,.T.);
#2381=EDGE_CURVE('',#3055,#3054,#3643,.T.);
#2382=EDGE_CURVE('',#3055,#3049,#193,.T.);
#2383=EDGE_CURVE('',#3056,#3057,#3644,.T.);
#2384=EDGE_CURVE('',#3052,#3056,#3645,.T.);
#2385=EDGE_CURVE('',#3057,#3051,#3646,.T.);
#2386=EDGE_CURVE('',#3058,#3059,#3647,.T.);
#2387=EDGE_CURVE('',#3058,#3057,#3648,.T.);
#2388=EDGE_CURVE('',#3050,#3047,#3649,.T.);
#2389=EDGE_CURVE('',#3048,#3060,#3650,.T.);
#2390=EDGE_CURVE('',#3060,#3059,#194,.T.);
#2391=EDGE_CURVE('',#3061,#2961,#3651,.T.);
#2392=EDGE_CURVE('',#3062,#2960,#3652,.T.);
#2393=EDGE_CURVE('',#3061,#3062,#195,.T.);
#2394=EDGE_CURVE('',#3061,#3063,#50,.T.);
#2395=EDGE_CURVE('',#3059,#3063,#3653,.T.);
#2396=EDGE_CURVE('',#3060,#2962,#3654,.T.);
#2397=EDGE_CURVE('',#3064,#3063,#196,.T.);
#2398=EDGE_CURVE('',#3058,#3064,#3655,.T.);
#2399=EDGE_CURVE('',#3065,#3066,#51,.T.);
#2400=EDGE_CURVE('',#3065,#3066,#197,.T.);
#2401=EDGE_CURVE('',#3062,#3066,#3656,.T.);
#2402=EDGE_CURVE('',#3064,#3065,#3657,.T.);
#2403=EDGE_CURVE('',#3067,#3052,#3658,.T.);
#2404=EDGE_CURVE('',#3056,#2933,#3659,.T.);
#2405=EDGE_CURVE('',#3067,#2932,#3660,.T.);
#2406=EDGE_CURVE('',#2976,#3036,#3661,.T.);
#2407=EDGE_CURVE('',#2977,#3037,#3662,.T.);
#2408=EDGE_CURVE('',#3049,#3068,#3663,.T.);
#2409=EDGE_CURVE('',#3067,#3068,#3664,.T.);
#2410=EDGE_CURVE('',#3054,#3053,#198,.T.);
#2411=EDGE_CURVE('',#3055,#3068,#3665,.T.);
#2412=EDGE_CURVE('',#2963,#2973,#3666,.T.);
#2413=EDGE_CURVE('',#3030,#2916,#3667,.T.);
#2414=EDGE_CURVE('',#2993,#2918,#3668,.T.);
#2415=EDGE_CURVE('',#3042,#3027,#3669,.T.);
#2416=EDGE_CURVE('',#3034,#3033,#3670,.T.);
#2417=EDGE_CURVE('',#3069,#3038,#3671,.T.);
#2418=EDGE_CURVE('',#3003,#3069,#3672,.T.);
#2419=EDGE_CURVE('',#2992,#2917,#3673,.T.);
#2420=EDGE_CURVE('',#3035,#3032,#3674,.T.);
#2421=EDGE_CURVE('',#2910,#3008,#3675,.T.);
#2422=EDGE_CURVE('',#3008,#2909,#3676,.T.);
#2423=EDGE_CURVE('',#3022,#3070,#3677,.T.);
#2424=EDGE_CURVE('',#3071,#3021,#3678,.T.);
#2425=EDGE_CURVE('',#3071,#3070,#3679,.T.);
#2426=EDGE_CURVE('',#3072,#3017,#3680,.T.);
#2427=EDGE_CURVE('',#3073,#3016,#3681,.T.);
#2428=EDGE_CURVE('',#3070,#3073,#3682,.T.);
#2429=EDGE_CURVE('',#3072,#3071,#3683,.T.);
#2430=EDGE_CURVE('',#3019,#3041,#3684,.T.);
#2431=EDGE_CURVE('',#3069,#3040,#3685,.T.);
#2432=EDGE_CURVE('',#3040,#2911,#3686,.T.);
#2433=EDGE_CURVE('',#3073,#3023,#3687,.T.);
#2434=EDGE_CURVE('',#3074,#3004,#3688,.T.);
#2435=EDGE_CURVE('',#3075,#3074,#3689,.T.);
#2436=EDGE_CURVE('',#3005,#3075,#3690,.T.);
#2437=EDGE_CURVE('',#3075,#3020,#3691,.T.);
#2438=EDGE_CURVE('',#2984,#3009,#3692,.T.);
#2439=EDGE_CURVE('',#3074,#3072,#3693,.T.);
#2440=EDGE_CURVE('',#3072,#2901,#3694,.T.);
#2441=EDGE_CURVE('',#3037,#2902,#3695,.T.);
#2442=EDGE_CURVE('',#3028,#2915,#3696,.T.);
#2443=EDGE_CURVE('',#3009,#2908,#3697,.T.);
#2444=EDGE_CURVE('',#2985,#2907,#3698,.T.);
#2445=EDGE_CURVE('',#3076,#3077,#3699,.T.);
#2446=EDGE_CURVE('',#3076,#3078,#3700,.T.);
#2447=EDGE_CURVE('',#3078,#3079,#3701,.T.);
#2448=EDGE_CURVE('',#3080,#3079,#3702,.T.);
#2449=EDGE_CURVE('',#3080,#3081,#3703,.T.);
#2450=EDGE_CURVE('',#3082,#3081,#3704,.T.);
#2451=EDGE_CURVE('',#3083,#3082,#253,.T.);
#2452=EDGE_CURVE('',#3084,#3083,#3705,.T.);
#2453=EDGE_CURVE('',#3084,#3085,#3706,.T.);
#2454=EDGE_CURVE('',#3086,#3085,#254,.T.);
#2455=EDGE_CURVE('',#3086,#3087,#3707,.T.);
#2456=EDGE_CURVE('',#3088,#3087,#255,.T.);
#2457=EDGE_CURVE('',#3089,#3088,#3708,.T.);
#2458=EDGE_CURVE('',#3089,#3090,#3709,.T.);
#2459=EDGE_CURVE('',#3091,#3090,#3710,.T.);
#2460=EDGE_CURVE('',#3091,#3092,#3711,.T.);
#2461=EDGE_CURVE('',#3077,#3092,#3712,.T.);
#2462=EDGE_CURVE('',#3093,#3093,#199,.T.);
#2463=EDGE_CURVE('',#3094,#3095,#3713,.T.);
#2464=EDGE_CURVE('',#3094,#3096,#3714,.T.);
#2465=EDGE_CURVE('',#3096,#3097,#3715,.T.);
#2466=EDGE_CURVE('',#3095,#3097,#3716,.T.);
#2467=EDGE_CURVE('',#3076,#3098,#3717,.T.);
#2468=EDGE_CURVE('',#3077,#3099,#3718,.T.);
#2469=EDGE_CURVE('',#3098,#3099,#3719,.T.);
#2470=EDGE_CURVE('',#3100,#3078,#3720,.T.);
#2471=EDGE_CURVE('',#3101,#3100,#3721,.T.);
#2472=EDGE_CURVE('',#3101,#3092,#3722,.T.);
#2473=EDGE_CURVE('',#3102,#3091,#3723,.T.);
#2474=EDGE_CURVE('',#3103,#3102,#3724,.T.);
#2475=EDGE_CURVE('',#3103,#3104,#3725,.T.);
#2476=EDGE_CURVE('',#3105,#3104,#3726,.T.);
#2477=EDGE_CURVE('',#3105,#3106,#3727,.T.);
#2478=EDGE_CURVE('',#3107,#3106,#3728,.T.);
#2479=EDGE_CURVE('',#3107,#3108,#3729,.T.);
#2480=EDGE_CURVE('',#3109,#3108,#3730,.T.);
#2481=EDGE_CURVE('',#3079,#3109,#3731,.T.);
#2482=EDGE_CURVE('',#3110,#3111,#3732,.T.);
#2483=EDGE_CURVE('',#3110,#3112,#3733,.T.);
#2484=EDGE_CURVE('',#3112,#3113,#3734,.T.);
#2485=EDGE_CURVE('',#3111,#3113,#3735,.T.);
#2486=EDGE_CURVE('',#3100,#3111,#3736,.T.);
#2487=EDGE_CURVE('',#3101,#3113,#3737,.T.);
#2488=EDGE_CURVE('',#3098,#3096,#3738,.T.);
#2489=EDGE_CURVE('',#3099,#3097,#3739,.T.);
#2490=EDGE_CURVE('',#3110,#3094,#3740,.T.);
#2491=EDGE_CURVE('',#3112,#3095,#3741,.T.);
#2492=EDGE_CURVE('',#3114,#3115,#200,.T.);
#2493=EDGE_CURVE('',#3114,#3115,#52,.T.);
#2494=EDGE_CURVE('',#3116,#3117,#3742,.T.);
#2495=EDGE_CURVE('',#3118,#3117,#3743,.T.);
#2496=EDGE_CURVE('',#3118,#3114,#3744,.T.);
#2497=EDGE_CURVE('',#3115,#3119,#3745,.T.);
#2498=EDGE_CURVE('',#3116,#3119,#3746,.T.);
#2499=EDGE_CURVE('',#3118,#3120,#201,.T.);
#2500=EDGE_CURVE('',#3120,#3117,#3747,.T.);
#2501=EDGE_CURVE('',#3121,#3122,#3748,.T.);
#2502=EDGE_CURVE('',#3123,#3122,#3749,.T.);
#2503=EDGE_CURVE('',#3124,#3123,#3750,.T.);
#2504=EDGE_CURVE('',#3125,#3124,#202,.T.);
#2505=EDGE_CURVE('',#3126,#3125,#3751,.T.);
#2506=EDGE_CURVE('',#3126,#3127,#203,.T.);
#2507=EDGE_CURVE('',#3128,#3127,#3752,.T.);
#2508=EDGE_CURVE('',#3121,#3128,#3753,.T.);
#2509=EDGE_CURVE('',#3128,#3129,#204,.T.);
#2510=EDGE_CURVE('',#3130,#3129,#3754,.T.);
#2511=EDGE_CURVE('',#3121,#3130,#205,.T.);
#2512=EDGE_CURVE('',#3131,#3132,#3755,.T.);
#2513=EDGE_CURVE('',#3132,#3133,#3756,.T.);
#2514=EDGE_CURVE('',#3134,#3133,#206,.T.);
#2515=EDGE_CURVE('',#3134,#3135,#3757,.T.);
#2516=EDGE_CURVE('',#3136,#3135,#207,.T.);
#2517=EDGE_CURVE('',#3137,#3136,#3758,.T.);
#2518=EDGE_CURVE('',#3138,#3137,#208,.T.);
#2519=EDGE_CURVE('',#3139,#3138,#3759,.T.);
#2520=EDGE_CURVE('',#3140,#3139,#3760,.T.);
#2521=EDGE_CURVE('',#3140,#3141,#3761,.T.);
#2522=EDGE_CURVE('',#3142,#3141,#3762,.T.);
#2523=EDGE_CURVE('',#3142,#3143,#3763,.T.);
#2524=EDGE_CURVE('',#3143,#3144,#3764,.T.);
#2525=EDGE_CURVE('',#3144,#3145,#53,.T.);
#2526=EDGE_CURVE('',#3146,#3145,#3765,.T.);
#2527=EDGE_CURVE('',#3146,#3131,#3766,.T.);
#2528=EDGE_CURVE('',#3147,#3135,#3767,.T.);
#2529=EDGE_CURVE('',#3148,#3134,#3768,.T.);
#2530=EDGE_CURVE('',#3147,#3148,#3769,.T.);
#2531=EDGE_CURVE('',#3149,#3133,#3770,.T.);
#2532=EDGE_CURVE('',#3150,#3132,#3771,.T.);
#2533=EDGE_CURVE('',#3149,#3150,#3772,.T.);
#2534=EDGE_CURVE('',#3148,#3149,#209,.T.);
#2535=EDGE_CURVE('',#3151,#3152,#3773,.T.);
#2536=EDGE_CURVE('',#3153,#3152,#3774,.T.);
#2537=EDGE_CURVE('',#3153,#3154,#3775,.T.);
#2538=EDGE_CURVE('',#3151,#3154,#3776,.T.);
#2539=EDGE_CURVE('',#3153,#3155,#3777,.T.);
#2540=EDGE_CURVE('',#3156,#3155,#3778,.T.);
#2541=EDGE_CURVE('',#3156,#3154,#3779,.T.);
#2542=EDGE_CURVE('',#3157,#3152,#3780,.T.);
#2543=EDGE_CURVE('',#3157,#3155,#3781,.T.);
#2544=EDGE_CURVE('',#3151,#3158,#3782,.T.);
#2545=EDGE_CURVE('',#3157,#3158,#3783,.T.);
#2546=EDGE_CURVE('',#3130,#3159,#3784,.T.);
#2547=EDGE_CURVE('',#3160,#3159,#210,.T.);
#2548=EDGE_CURVE('',#3160,#3161,#3785,.T.);
#2549=EDGE_CURVE('',#3161,#3162,#3786,.T.);
#2550=EDGE_CURVE('',#3150,#3162,#3787,.T.);
#2551=EDGE_CURVE('',#3131,#3163,#3788,.T.);
#2552=EDGE_CURVE('',#3122,#3163,#211,.T.);
#2553=EDGE_CURVE('',#3156,#3158,#3789,.T.);
#2554=EDGE_CURVE('',#3129,#3164,#3790,.T.);
#2555=EDGE_CURVE('',#3164,#3159,#3791,.T.);
#2556=EDGE_CURVE('',#3165,#3127,#3792,.T.);
#2557=EDGE_CURVE('',#3166,#3165,#3793,.T.);
#2558=EDGE_CURVE('',#3166,#3167,#212,.T.);
#2559=EDGE_CURVE('',#3167,#3168,#3794,.T.);
#2560=EDGE_CURVE('',#3168,#3169,#213,.T.);
#2561=EDGE_CURVE('',#3170,#3169,#3795,.T.);
#2562=EDGE_CURVE('',#3171,#3170,#214,.T.);
#2563=EDGE_CURVE('',#3172,#3171,#3796,.T.);
#2564=EDGE_CURVE('',#3173,#3172,#3797,.T.);
#2565=EDGE_CURVE('',#3174,#3173,#3798,.T.);
#2566=EDGE_CURVE('',#3174,#3175,#215,.T.);
#2567=EDGE_CURVE('',#3175,#3176,#3799,.T.);
#2568=EDGE_CURVE('',#3176,#3164,#216,.T.);
#2569=EDGE_CURVE('',#3177,#3178,#3800,.T.);
#2570=EDGE_CURVE('',#3179,#3177,#3801,.T.);
#2571=EDGE_CURVE('',#3180,#3179,#3802,.T.);
#2572=EDGE_CURVE('',#3180,#3178,#3803,.T.);
#2573=EDGE_CURVE('',#3181,#3109,#3804,.T.);
#2574=EDGE_CURVE('',#3182,#3108,#3805,.T.);
#2575=EDGE_CURVE('',#3178,#3182,#3806,.T.);
#2576=EDGE_CURVE('',#3181,#3180,#3807,.T.);
#2577=EDGE_CURVE('',#3183,#3184,#217,.T.);
#2578=EDGE_CURVE('',#3185,#3183,#3808,.T.);
#2579=EDGE_CURVE('',#3186,#3185,#218,.T.);
#2580=EDGE_CURVE('',#3186,#3184,#3809,.T.);
#2581=EDGE_CURVE('',#3106,#3183,#3810,.T.);
#2582=EDGE_CURVE('',#3107,#3184,#3811,.T.);
#2583=EDGE_CURVE('',#3185,#3105,#3812,.T.);
#2584=EDGE_CURVE('',#3187,#3188,#3813,.T.);
#2585=EDGE_CURVE('',#3187,#3189,#3814,.T.);
#2586=EDGE_CURVE('',#3189,#3190,#3815,.T.);
#2587=EDGE_CURVE('',#3188,#3190,#3816,.T.);
#2588=EDGE_CURVE('',#3189,#3190,#219,.T.);
#2589=EDGE_CURVE('',#3191,#3187,#220,.T.);
#2590=EDGE_CURVE('',#3188,#3192,#221,.T.);
#2591=EDGE_CURVE('',#3192,#3191,#3817,.T.);
#2592=EDGE_CURVE('',#3191,#3193,#3818,.T.);
#2593=EDGE_CURVE('',#3192,#3194,#3819,.T.);
#2594=EDGE_CURVE('',#3194,#3193,#3820,.T.);
#2595=EDGE_CURVE('',#3194,#3193,#222,.T.);
#2596=EDGE_CURVE('',#3107,#3195,#3821,.T.);
#2597=EDGE_CURVE('',#3182,#3195,#3822,.T.);
#2598=EDGE_CURVE('',#3195,#3177,#3823,.T.);
#2599=EDGE_CURVE('',#3196,#3197,#3824,.T.);
#2600=EDGE_CURVE('',#3198,#3196,#3825,.T.);
#2601=EDGE_CURVE('',#3199,#3198,#3826,.T.);
#2602=EDGE_CURVE('',#3197,#3199,#3827,.T.);
#2603=EDGE_CURVE('',#3200,#3197,#3828,.T.);
#2604=EDGE_CURVE('',#3199,#3201,#3829,.T.);
#2605=EDGE_CURVE('',#3200,#3201,#3830,.T.);
#2606=EDGE_CURVE('',#3202,#3200,#3831,.T.);
#2607=EDGE_CURVE('',#3179,#3201,#3832,.T.);
#2608=EDGE_CURVE('',#3104,#3186,#3833,.T.);
#2609=EDGE_CURVE('',#3104,#3203,#3834,.T.);
#2610=EDGE_CURVE('',#3204,#3203,#3835,.T.);
#2611=EDGE_CURVE('',#3205,#3204,#3836,.T.);
#2612=EDGE_CURVE('',#3206,#3205,#3837,.T.);
#2613=EDGE_CURVE('',#3202,#3206,#3838,.T.);
#2614=EDGE_CURVE('',#3198,#3181,#3839,.T.);
#2615=EDGE_CURVE('',#3181,#3080,#3840,.T.);
#2616=EDGE_CURVE('',#3207,#3081,#3841,.T.);
#2617=EDGE_CURVE('',#3082,#3207,#3842,.T.);
#2618=EDGE_CURVE('',#3167,#3196,#3843,.T.);
#2619=EDGE_CURVE('',#3167,#3207,#3844,.T.);
#2620=EDGE_CURVE('',#3208,#3202,#3845,.T.);
#2621=EDGE_CURVE('',#3208,#3209,#3846,.T.);
#2622=EDGE_CURVE('',#3168,#3209,#3847,.T.);
#2623=EDGE_CURVE('',#3089,#3210,#3848,.T.);
#2624=EDGE_CURVE('',#3168,#3210,#3849,.T.);
#2625=EDGE_CURVE('',#3209,#3211,#3850,.T.);
#2626=EDGE_CURVE('',#3211,#3212,#3851,.T.);
#2627=EDGE_CURVE('',#3212,#3090,#3852,.T.);
#2628=EDGE_CURVE('',#3210,#3088,#3853,.T.);
#2629=EDGE_CURVE('',#3210,#3213,#256,.T.);
#2630=EDGE_CURVE('',#3169,#3213,#3854,.T.);
#2631=EDGE_CURVE('',#3214,#3162,#3855,.T.);
#2632=EDGE_CURVE('',#3214,#3215,#3856,.T.);
#2633=EDGE_CURVE('',#3215,#3216,#54,.T.);
#2634=EDGE_CURVE('',#3217,#3216,#3857,.T.);
#2635=EDGE_CURVE('',#3218,#3217,#3858,.T.);
#2636=EDGE_CURVE('',#3218,#3219,#3859,.T.);
#2637=EDGE_CURVE('',#3220,#3219,#3860,.T.);
#2638=EDGE_CURVE('',#3221,#3220,#3861,.T.);
#2639=EDGE_CURVE('',#3222,#3221,#3862,.T.);
#2640=EDGE_CURVE('',#3222,#3223,#223,.T.);
#2641=EDGE_CURVE('',#3224,#3223,#3863,.T.);
#2642=EDGE_CURVE('',#3224,#3147,#224,.T.);
#2643=EDGE_CURVE('',#3220,#3225,#3864,.T.);
#2644=EDGE_CURVE('',#3225,#3226,#3865,.T.);
#2645=EDGE_CURVE('',#3227,#3226,#225,.T.);
#2646=EDGE_CURVE('',#3227,#3221,#3866,.T.);
#2647=EDGE_CURVE('',#3139,#3228,#3867,.T.);
#2648=EDGE_CURVE('',#3138,#3222,#3868,.T.);
#2649=EDGE_CURVE('',#3174,#3227,#3869,.T.);
#2650=EDGE_CURVE('',#3228,#3173,#3870,.T.);
#2651=EDGE_CURVE('',#3160,#3176,#3871,.T.);
#2652=EDGE_CURVE('',#3229,#3219,#3872,.T.);
#2653=EDGE_CURVE('',#3229,#3225,#3873,.T.);
#2654=EDGE_CURVE('',#3230,#3218,#3874,.T.);
#2655=EDGE_CURVE('',#3230,#3229,#3875,.T.);
#2656=EDGE_CURVE('',#3175,#3226,#3876,.T.);
#2657=EDGE_CURVE('',#3161,#3230,#3877,.T.);
#2658=EDGE_CURVE('',#3231,#3232,#3878,.T.);
#2659=EDGE_CURVE('',#3232,#3126,#3879,.T.);
#2660=EDGE_CURVE('',#3231,#3125,#3880,.T.);
#2661=EDGE_CURVE('',#3214,#3217,#226,.T.);
#2662=EDGE_CURVE('',#3215,#3216,#227,.T.);
#2663=EDGE_CURVE('',#3233,#3213,#3881,.T.);
#2664=EDGE_CURVE('',#3233,#3234,#3882,.T.);
#2665=EDGE_CURVE('',#3234,#3235,#3883,.T.);
#2666=EDGE_CURVE('',#3235,#3170,#3884,.T.);
#2667=EDGE_CURVE('',#3235,#3236,#228,.T.);
#2668=EDGE_CURVE('',#3237,#3234,#229,.T.);
#2669=EDGE_CURVE('',#3237,#3236,#3885,.T.);
#2670=EDGE_CURVE('',#3236,#3238,#3886,.T.);
#2671=EDGE_CURVE('',#3238,#3239,#55,.F.);
#2672=EDGE_CURVE('',#3239,#3171,#3887,.T.);
#2673=EDGE_CURVE('',#3240,#3085,#3888,.T.);
#2674=EDGE_CURVE('',#3240,#3241,#257,.T.);
#2675=EDGE_CURVE('',#3241,#3086,#3889,.T.);
#2676=EDGE_CURVE('',#3242,#3237,#3890,.T.);
#2677=EDGE_CURVE('',#3233,#3241,#258,.T.);
#2678=EDGE_CURVE('',#3240,#3242,#259,.T.);
#2679=EDGE_CURVE('',#3213,#3087,#3891,.T.);
#2680=EDGE_CURVE('',#3144,#3145,#230,.T.);
#2681=EDGE_CURVE('',#3143,#3243,#231,.T.);
#2682=EDGE_CURVE('',#3244,#3243,#56,.T.);
#2683=EDGE_CURVE('',#3244,#3146,#232,.T.);
#2684=EDGE_CURVE('',#3211,#3245,#3892,.T.);
#2685=EDGE_CURVE('',#3245,#3208,#3893,.T.);
#2686=EDGE_CURVE('',#3206,#3245,#3894,.T.);
#2687=EDGE_CURVE('',#3224,#3136,#3895,.T.);
#2688=EDGE_CURVE('',#3246,#3204,#3896,.T.);
#2689=EDGE_CURVE('',#3247,#3246,#3897,.T.);
#2690=EDGE_CURVE('',#3205,#3247,#3898,.T.);
#2691=EDGE_CURVE('',#3103,#3248,#3899,.T.);
#2692=EDGE_CURVE('',#3203,#3248,#3900,.T.);
#2693=EDGE_CURVE('',#3248,#3246,#3901,.T.);
#2694=EDGE_CURVE('',#3120,#3249,#3902,.T.);
#2695=EDGE_CURVE('',#3249,#3250,#233,.T.);
#2696=EDGE_CURVE('',#3119,#3250,#3903,.T.);
#2697=EDGE_CURVE('',#3102,#3212,#3904,.T.);
#2698=EDGE_CURVE('',#3247,#3212,#3905,.T.);
#2699=EDGE_CURVE('',#3142,#3251,#3906,.T.);
#2700=EDGE_CURVE('',#3141,#3250,#3907,.T.);
#2701=EDGE_CURVE('',#3249,#3252,#3908,.T.);
#2702=EDGE_CURVE('',#3252,#3124,#3909,.T.);
#2703=EDGE_CURVE('',#3123,#3251,#234,.T.);
#2704=EDGE_CURVE('',#3166,#3253,#3910,.T.);
#2705=EDGE_CURVE('',#3207,#3253,#260,.T.);
#2706=EDGE_CURVE('',#3251,#3243,#3911,.T.);
#2707=EDGE_CURVE('',#3083,#3253,#3912,.T.);
#2708=EDGE_CURVE('',#3254,#3253,#3913,.T.);
#2709=EDGE_CURVE('',#3084,#3254,#3914,.T.);
#2710=EDGE_CURVE('',#3244,#3163,#3915,.T.);
#2711=EDGE_CURVE('',#3254,#3242,#3916,.T.);
#2712=EDGE_CURVE('',#3137,#3223,#3917,.T.);
#2713=EDGE_CURVE('',#3119,#3140,#3918,.T.);
#2714=EDGE_CURVE('',#3232,#3165,#235,.T.);
#2715=EDGE_CURVE('',#3231,#3252,#236,.T.);
#2716=EDGE_CURVE('',#3116,#3228,#3919,.T.);
#2717=EDGE_CURVE('',#3254,#3172,#3920,.T.);
#2718=VERTEX_POINT('',#9804);
#2719=VERTEX_POINT('',#9805);
#2720=VERTEX_POINT('',#9807);
#2721=VERTEX_POINT('',#9809);
#2722=VERTEX_POINT('',#9813);
#2723=VERTEX_POINT('',#9814);
#2724=VERTEX_POINT('',#9816);
#2725=VERTEX_POINT('',#9818);
#2726=VERTEX_POINT('',#9820);
#2727=VERTEX_POINT('',#9822);
#2728=VERTEX_POINT('',#9824);
#2729=VERTEX_POINT('',#9826);
#2730=VERTEX_POINT('',#9828);
#2731=VERTEX_POINT('',#9830);
#2732=VERTEX_POINT('',#9832);
#2733=VERTEX_POINT('',#9834);
#2734=VERTEX_POINT('',#9836);
#2735=VERTEX_POINT('',#9838);
#2736=VERTEX_POINT('',#9842);
#2737=VERTEX_POINT('',#9843);
#2738=VERTEX_POINT('',#9845);
#2739=VERTEX_POINT('',#9847);
#2740=VERTEX_POINT('',#9854);
#2741=VERTEX_POINT('',#9856);
#2742=VERTEX_POINT('',#9860);
#2743=VERTEX_POINT('',#9862);
#2744=VERTEX_POINT('',#9868);
#2745=VERTEX_POINT('',#9870);
#2746=VERTEX_POINT('',#9872);
#2747=VERTEX_POINT('',#9874);
#2748=VERTEX_POINT('',#9876);
#2749=VERTEX_POINT('',#9878);
#2750=VERTEX_POINT('',#9880);
#2751=VERTEX_POINT('',#9882);
#2752=VERTEX_POINT('',#9884);
#2753=VERTEX_POINT('',#9886);
#2754=VERTEX_POINT('',#9888);
#2755=VERTEX_POINT('',#9892);
#2756=VERTEX_POINT('',#9893);
#2757=VERTEX_POINT('',#9897);
#2758=VERTEX_POINT('',#9898);
#2759=VERTEX_POINT('',#9902);
#2760=VERTEX_POINT('',#9904);
#2761=VERTEX_POINT('',#9908);
#2762=VERTEX_POINT('',#9910);
#2763=VERTEX_POINT('',#9917);
#2764=VERTEX_POINT('',#9923);
#2765=VERTEX_POINT('',#9925);
#2766=VERTEX_POINT('',#9929);
#2767=VERTEX_POINT('',#9931);
#2768=VERTEX_POINT('',#9935);
#2769=VERTEX_POINT('',#9939);
#2770=VERTEX_POINT('',#9943);
#2771=VERTEX_POINT('',#9944);
#2772=VERTEX_POINT('',#9946);
#2773=VERTEX_POINT('',#9948);
#2774=VERTEX_POINT('',#9957);
#2775=VERTEX_POINT('',#9961);
#2776=VERTEX_POINT('',#9962);
#2777=VERTEX_POINT('',#9964);
#2778=VERTEX_POINT('',#9966);
#2779=VERTEX_POINT('',#9970);
#2780=VERTEX_POINT('',#9971);
#2781=VERTEX_POINT('',#9973);
#2782=VERTEX_POINT('',#9975);
#2783=VERTEX_POINT('',#9979);
#2784=VERTEX_POINT('',#9981);
#2785=VERTEX_POINT('',#9985);
#2786=VERTEX_POINT('',#9987);
#2787=VERTEX_POINT('',#9991);
#2788=VERTEX_POINT('',#9992);
#2789=VERTEX_POINT('',#9997);
#2790=VERTEX_POINT('',#9999);
#2791=VERTEX_POINT('',#10003);
#2792=VERTEX_POINT('',#10004);
#2793=VERTEX_POINT('',#10006);
#2794=VERTEX_POINT('',#10008);
#2795=VERTEX_POINT('',#10012);
#2796=VERTEX_POINT('',#10014);
#2797=VERTEX_POINT('',#10018);
#2798=VERTEX_POINT('',#10020);
#2799=VERTEX_POINT('',#10024);
#2800=VERTEX_POINT('',#10025);
#2801=VERTEX_POINT('',#10027);
#2802=VERTEX_POINT('',#10030);
#2803=VERTEX_POINT('',#10034);
#2804=VERTEX_POINT('',#10036);
#2805=VERTEX_POINT('',#10040);
#2806=VERTEX_POINT('',#10041);
#2807=VERTEX_POINT('',#10043);
#2808=VERTEX_POINT('',#10045);
#2809=VERTEX_POINT('',#10049);
#2810=VERTEX_POINT('',#10050);
#2811=VERTEX_POINT('',#10052);
#2812=VERTEX_POINT('',#10054);
#2813=VERTEX_POINT('',#10058);
#2814=VERTEX_POINT('',#10060);
#2815=VERTEX_POINT('',#10064);
#2816=VERTEX_POINT('',#10066);
#2817=VERTEX_POINT('',#10069);
#2818=VERTEX_POINT('',#10073);
#2819=VERTEX_POINT('',#10075);
#2820=VERTEX_POINT('',#10082);
#2821=VERTEX_POINT('',#10083);
#2822=VERTEX_POINT('',#10085);
#2823=VERTEX_POINT('',#10087);
#2824=VERTEX_POINT('',#10089);
#2825=VERTEX_POINT('',#10156);
#2826=VERTEX_POINT('',#10158);
#2827=VERTEX_POINT('',#10162);
#2828=VERTEX_POINT('',#10163);
#2829=VERTEX_POINT('',#10168);
#2830=VERTEX_POINT('',#10169);
#2831=VERTEX_POINT('',#10171);
#2832=VERTEX_POINT('',#10173);
#2833=VERTEX_POINT('',#10177);
#2834=VERTEX_POINT('',#10179);
#2835=VERTEX_POINT('',#10183);
#2836=VERTEX_POINT('',#10187);
#2837=VERTEX_POINT('',#10193);
#2838=VERTEX_POINT('',#10195);
#2839=VERTEX_POINT('',#10198);
#2840=VERTEX_POINT('',#10202);
#2841=VERTEX_POINT('',#10204);
#2842=VERTEX_POINT('',#10272);
#2843=VERTEX_POINT('',#10274);
#2844=VERTEX_POINT('',#10277);
#2845=VERTEX_POINT('',#10283);
#2846=VERTEX_POINT('',#10284);
#2847=VERTEX_POINT('',#10287);
#2848=VERTEX_POINT('',#10291);
#2849=VERTEX_POINT('',#10293);
#2850=VERTEX_POINT('',#10298);
#2851=VERTEX_POINT('',#10306);
#2852=VERTEX_POINT('',#10374);
#2853=VERTEX_POINT('',#10376);
#2854=VERTEX_POINT('',#10380);
#2855=VERTEX_POINT('',#10436);
#2856=VERTEX_POINT('',#10437);
#2857=VERTEX_POINT('',#10440);
#2858=VERTEX_POINT('',#10443);
#2859=VERTEX_POINT('',#10445);
#2860=VERTEX_POINT('',#10454);
#2861=VERTEX_POINT('',#10456);
#2862=VERTEX_POINT('',#10460);
#2863=VERTEX_POINT('',#10461);
#2864=VERTEX_POINT('',#10463);
#2865=VERTEX_POINT('',#10465);
#2866=VERTEX_POINT('',#10470);
#2867=VERTEX_POINT('',#10472);
#2868=VERTEX_POINT('',#10476);
#2869=VERTEX_POINT('',#10480);
#2870=VERTEX_POINT('',#10482);
#2871=VERTEX_POINT('',#10486);
#2872=VERTEX_POINT('',#10488);
#2873=VERTEX_POINT('',#10493);
#2874=VERTEX_POINT('',#10499);
#2875=VERTEX_POINT('',#10510);
#2876=VERTEX_POINT('',#10514);
#2877=VERTEX_POINT('',#10520);
#2878=VERTEX_POINT('',#10521);
#2879=VERTEX_POINT('',#10524);
#2880=VERTEX_POINT('',#10526);
#2881=VERTEX_POINT('',#10528);
#2882=VERTEX_POINT('',#10530);
#2883=VERTEX_POINT('',#10534);
#2884=VERTEX_POINT('',#10536);
#2885=VERTEX_POINT('',#10540);
#2886=VERTEX_POINT('',#10544);
#2887=VERTEX_POINT('',#10545);
#2888=VERTEX_POINT('',#10550);
#2889=VERTEX_POINT('',#10554);
#2890=VERTEX_POINT('',#10560);
#2891=VERTEX_POINT('',#10562);
#2892=VERTEX_POINT('',#10566);
#2893=VERTEX_POINT('',#10568);
#2894=VERTEX_POINT('',#10575);
#2895=VERTEX_POINT('',#10579);
#2896=VERTEX_POINT('',#10581);
#2897=VERTEX_POINT('',#10598);
#2898=VERTEX_POINT('',#10599);
#2899=VERTEX_POINT('',#10601);
#2900=VERTEX_POINT('',#10603);
#2901=VERTEX_POINT('',#10605);
#2902=VERTEX_POINT('',#10607);
#2903=VERTEX_POINT('',#10609);
#2904=VERTEX_POINT('',#10611);
#2905=VERTEX_POINT('',#10613);
#2906=VERTEX_POINT('',#10615);
#2907=VERTEX_POINT('',#10617);
#2908=VERTEX_POINT('',#10619);
#2909=VERTEX_POINT('',#10621);
#2910=VERTEX_POINT('',#10623);
#2911=VERTEX_POINT('',#10625);
#2912=VERTEX_POINT('',#10627);
#2913=VERTEX_POINT('',#10629);
#2914=VERTEX_POINT('',#10633);
#2915=VERTEX_POINT('',#10635);
#2916=VERTEX_POINT('',#10636);
#2917=VERTEX_POINT('',#10638);
#2918=VERTEX_POINT('',#10640);
#2919=VERTEX_POINT('',#10644);
#2920=VERTEX_POINT('',#10645);
#2921=VERTEX_POINT('',#10647);
#2922=VERTEX_POINT('',#10649);
#2923=VERTEX_POINT('',#10653);
#2924=VERTEX_POINT('',#10655);
#2925=VERTEX_POINT('',#10659);
#2926=VERTEX_POINT('',#10663);
#2927=VERTEX_POINT('',#10664);
#2928=VERTEX_POINT('',#10666);
#2929=VERTEX_POINT('',#10668);
#2930=VERTEX_POINT('',#10670);
#2931=VERTEX_POINT('',#10672);
#2932=VERTEX_POINT('',#10674);
#2933=VERTEX_POINT('',#10676);
#2934=VERTEX_POINT('',#10680);
#2935=VERTEX_POINT('',#10681);
#2936=VERTEX_POINT('',#10683);
#2937=VERTEX_POINT('',#10685);
#2938=VERTEX_POINT('',#10753);
#2939=VERTEX_POINT('',#10755);
#2940=VERTEX_POINT('',#10757);
#2941=VERTEX_POINT('',#10759);
#2942=VERTEX_POINT('',#10761);
#2943=VERTEX_POINT('',#10764);
#2944=VERTEX_POINT('',#10766);
#2945=VERTEX_POINT('',#10768);
#2946=VERTEX_POINT('',#10770);
#2947=VERTEX_POINT('',#10772);
#2948=VERTEX_POINT('',#10776);
#2949=VERTEX_POINT('',#10778);
#2950=VERTEX_POINT('',#10782);
#2951=VERTEX_POINT('',#10786);
#2952=VERTEX_POINT('',#10790);
#2953=VERTEX_POINT('',#10794);
#2954=VERTEX_POINT('',#10798);
#2955=VERTEX_POINT('',#10802);
#2956=VERTEX_POINT('',#10806);
#2957=VERTEX_POINT('',#10807);
#2958=VERTEX_POINT('',#10809);
#2959=VERTEX_POINT('',#10811);
#2960=VERTEX_POINT('',#10814);
#2961=VERTEX_POINT('',#10816);
#2962=VERTEX_POINT('',#10818);
#2963=VERTEX_POINT('',#10820);
#2964=VERTEX_POINT('',#10823);
#2965=VERTEX_POINT('',#10827);
#2966=VERTEX_POINT('',#10828);
#2967=VERTEX_POINT('',#10833);
#2968=VERTEX_POINT('',#10837);
#2969=VERTEX_POINT('',#10841);
#2970=VERTEX_POINT('',#10848);
#2971=VERTEX_POINT('',#10857);
#2972=VERTEX_POINT('',#10858);
#2973=VERTEX_POINT('',#10861);
#2974=VERTEX_POINT('',#10863);
#2975=VERTEX_POINT('',#10865);
#2976=VERTEX_POINT('',#10867);
#2977=VERTEX_POINT('',#10869);
#2978=VERTEX_POINT('',#10871);
#2979=VERTEX_POINT('',#10873);
#2980=VERTEX_POINT('',#10875);
#2981=VERTEX_POINT('',#10879);
#2982=VERTEX_POINT('',#10880);
#2983=VERTEX_POINT('',#10882);
#2984=VERTEX_POINT('',#10884);
#2985=VERTEX_POINT('',#10886);
#2986=VERTEX_POINT('',#10888);
#2987=VERTEX_POINT('',#10892);
#2988=VERTEX_POINT('',#10893);
#2989=VERTEX_POINT('',#10899);
#2990=VERTEX_POINT('',#10904);
#2991=VERTEX_POINT('',#10908);
#2992=VERTEX_POINT('',#10915);
#2993=VERTEX_POINT('',#10917);
#2994=VERTEX_POINT('',#10921);
#2995=VERTEX_POINT('',#10922);
#2996=VERTEX_POINT('',#10924);
#2997=VERTEX_POINT('',#10926);
#2998=VERTEX_POINT('',#10930);
#2999=VERTEX_POINT('',#10931);
#3000=VERTEX_POINT('',#10933);
#3001=VERTEX_POINT('',#10935);
#3002=VERTEX_POINT('',#10939);
#3003=VERTEX_POINT('',#10940);
#3004=VERTEX_POINT('',#10943);
#3005=VERTEX_POINT('',#10945);
#3006=VERTEX_POINT('',#10947);
#3007=VERTEX_POINT('',#10949);
#3008=VERTEX_POINT('',#10953);
#3009=VERTEX_POINT('',#10955);
#3010=VERTEX_POINT('',#10959);
#3011=VERTEX_POINT('',#10961);
#3012=VERTEX_POINT('',#10964);
#3013=VERTEX_POINT('',#10966);
#3014=VERTEX_POINT('',#10968);
#3015=VERTEX_POINT('',#10971);
#3016=VERTEX_POINT('',#10973);
#3017=VERTEX_POINT('',#10975);
#3018=VERTEX_POINT('',#10981);
#3019=VERTEX_POINT('',#10982);
#3020=VERTEX_POINT('',#10985);
#3021=VERTEX_POINT('',#10987);
#3022=VERTEX_POINT('',#10989);
#3023=VERTEX_POINT('',#10991);
#3024=VERTEX_POINT('',#10994);
#3025=VERTEX_POINT('',#10996);
#3026=VERTEX_POINT('',#10999);
#3027=VERTEX_POINT('',#11001);
#3028=VERTEX_POINT('',#11005);
#3029=VERTEX_POINT('',#11006);
#3030=VERTEX_POINT('',#11008);
#3031=VERTEX_POINT('',#11010);
#3032=VERTEX_POINT('',#11014);
#3033=VERTEX_POINT('',#11015);
#3034=VERTEX_POINT('',#11017);
#3035=VERTEX_POINT('',#11019);
#3036=VERTEX_POINT('',#11028);
#3037=VERTEX_POINT('',#11030);
#3038=VERTEX_POINT('',#11036);
#3039=VERTEX_POINT('',#11040);
#3040=VERTEX_POINT('',#11042);
#3041=VERTEX_POINT('',#11044);
#3042=VERTEX_POINT('',#11046);
#3043=VERTEX_POINT('',#11055);
#3044=VERTEX_POINT('',#11057);
#3045=VERTEX_POINT('',#11061);
#3046=VERTEX_POINT('',#11063);
#3047=VERTEX_POINT('',#11067);
#3048=VERTEX_POINT('',#11069);
#3049=VERTEX_POINT('',#11073);
#3050=VERTEX_POINT('',#11074);
#3051=VERTEX_POINT('',#11076);
#3052=VERTEX_POINT('',#11078);
#3053=VERTEX_POINT('',#11080);
#3054=VERTEX_POINT('',#11147);
#3055=VERTEX_POINT('',#11149);
#3056=VERTEX_POINT('',#11153);
#3057=VERTEX_POINT('',#11154);
#3058=VERTEX_POINT('',#11159);
#3059=VERTEX_POINT('',#11160);
#3060=VERTEX_POINT('',#11164);
#3061=VERTEX_POINT('',#11168);
#3062=VERTEX_POINT('',#11170);
#3063=VERTEX_POINT('',#11216);
#3064=VERTEX_POINT('',#11221);
#3065=VERTEX_POINT('',#11291);
#3066=VERTEX_POINT('',#11292);
#3067=VERTEX_POINT('',#11299);
#3068=VERTEX_POINT('',#11307);
#3069=VERTEX_POINT('',#11327);
#3070=VERTEX_POINT('',#11341);
#3071=VERTEX_POINT('',#11343);
#3072=VERTEX_POINT('',#11347);
#3073=VERTEX_POINT('',#11349);
#3074=VERTEX_POINT('',#11363);
#3075=VERTEX_POINT('',#11365);
#3076=VERTEX_POINT('',#11392);
#3077=VERTEX_POINT('',#11393);
#3078=VERTEX_POINT('',#11395);
#3079=VERTEX_POINT('',#11397);
#3080=VERTEX_POINT('',#11399);
#3081=VERTEX_POINT('',#11401);
#3082=VERTEX_POINT('',#11403);
#3083=VERTEX_POINT('',#11405);
#3084=VERTEX_POINT('',#11407);
#3085=VERTEX_POINT('',#11409);
#3086=VERTEX_POINT('',#11411);
#3087=VERTEX_POINT('',#11413);
#3088=VERTEX_POINT('',#11415);
#3089=VERTEX_POINT('',#11417);
#3090=VERTEX_POINT('',#11419);
#3091=VERTEX_POINT('',#11421);
#3092=VERTEX_POINT('',#11423);
#3093=VERTEX_POINT('',#11427);
#3094=VERTEX_POINT('',#11429);
#3095=VERTEX_POINT('',#11430);
#3096=VERTEX_POINT('',#11432);
#3097=VERTEX_POINT('',#11434);
#3098=VERTEX_POINT('',#11438);
#3099=VERTEX_POINT('',#11440);
#3100=VERTEX_POINT('',#11444);
#3101=VERTEX_POINT('',#11446);
#3102=VERTEX_POINT('',#11449);
#3103=VERTEX_POINT('',#11451);
#3104=VERTEX_POINT('',#11453);
#3105=VERTEX_POINT('',#11455);
#3106=VERTEX_POINT('',#11457);
#3107=VERTEX_POINT('',#11459);
#3108=VERTEX_POINT('',#11461);
#3109=VERTEX_POINT('',#11463);
#3110=VERTEX_POINT('',#11467);
#3111=VERTEX_POINT('',#11468);
#3112=VERTEX_POINT('',#11470);
#3113=VERTEX_POINT('',#11472);
#3114=VERTEX_POINT('',#11485);
#3115=VERTEX_POINT('',#11486);
#3116=VERTEX_POINT('',#11555);
#3117=VERTEX_POINT('',#11556);
#3118=VERTEX_POINT('',#11558);
#3119=VERTEX_POINT('',#11561);
#3120=VERTEX_POINT('',#11565);
#3121=VERTEX_POINT('',#11569);
#3122=VERTEX_POINT('',#11570);
#3123=VERTEX_POINT('',#11572);
#3124=VERTEX_POINT('',#11574);
#3125=VERTEX_POINT('',#11576);
#3126=VERTEX_POINT('',#11578);
#3127=VERTEX_POINT('',#11580);
#3128=VERTEX_POINT('',#11582);
#3129=VERTEX_POINT('',#11586);
#3130=VERTEX_POINT('',#11588);
#3131=VERTEX_POINT('',#11592);
#3132=VERTEX_POINT('',#11593);
#3133=VERTEX_POINT('',#11595);
#3134=VERTEX_POINT('',#11597);
#3135=VERTEX_POINT('',#11599);
#3136=VERTEX_POINT('',#11601);
#3137=VERTEX_POINT('',#11603);
#3138=VERTEX_POINT('',#11605);
#3139=VERTEX_POINT('',#11607);
#3140=VERTEX_POINT('',#11609);
#3141=VERTEX_POINT('',#11611);
#3142=VERTEX_POINT('',#11613);
#3143=VERTEX_POINT('',#11615);
#3144=VERTEX_POINT('',#11617);
#3145=VERTEX_POINT('',#11685);
#3146=VERTEX_POINT('',#11687);
#3147=VERTEX_POINT('',#11691);
#3148=VERTEX_POINT('',#11693);
#3149=VERTEX_POINT('',#11697);
#3150=VERTEX_POINT('',#11699);
#3151=VERTEX_POINT('',#11705);
#3152=VERTEX_POINT('',#11706);
#3153=VERTEX_POINT('',#11708);
#3154=VERTEX_POINT('',#11710);
#3155=VERTEX_POINT('',#11714);
#3156=VERTEX_POINT('',#11716);
#3157=VERTEX_POINT('',#11720);
#3158=VERTEX_POINT('',#11724);
#3159=VERTEX_POINT('',#11728);
#3160=VERTEX_POINT('',#11730);
#3161=VERTEX_POINT('',#11732);
#3162=VERTEX_POINT('',#11734);
#3163=VERTEX_POINT('',#11737);
#3164=VERTEX_POINT('',#11742);
#3165=VERTEX_POINT('',#11746);
#3166=VERTEX_POINT('',#11748);
#3167=VERTEX_POINT('',#11750);
#3168=VERTEX_POINT('',#11752);
#3169=VERTEX_POINT('',#11754);
#3170=VERTEX_POINT('',#11756);
#3171=VERTEX_POINT('',#11758);
#3172=VERTEX_POINT('',#11760);
#3173=VERTEX_POINT('',#11762);
#3174=VERTEX_POINT('',#11764);
#3175=VERTEX_POINT('',#11766);
#3176=VERTEX_POINT('',#11768);
#3177=VERTEX_POINT('',#11772);
#3178=VERTEX_POINT('',#11773);
#3179=VERTEX_POINT('',#11775);
#3180=VERTEX_POINT('',#11777);
#3181=VERTEX_POINT('',#11781);
#3182=VERTEX_POINT('',#11783);
#3183=VERTEX_POINT('',#11788);
#3184=VERTEX_POINT('',#11789);
#3185=VERTEX_POINT('',#11791);
#3186=VERTEX_POINT('',#11793);
#3187=VERTEX_POINT('',#11802);
#3188=VERTEX_POINT('',#11803);
#3189=VERTEX_POINT('',#11805);
#3190=VERTEX_POINT('',#11807);
#3191=VERTEX_POINT('',#11813);
#3192=VERTEX_POINT('',#11815);
#3193=VERTEX_POINT('',#11819);
#3194=VERTEX_POINT('',#11821);
#3195=VERTEX_POINT('',#11828);
#3196=VERTEX_POINT('',#11834);
#3197=VERTEX_POINT('',#11835);
#3198=VERTEX_POINT('',#11837);
#3199=VERTEX_POINT('',#11839);
#3200=VERTEX_POINT('',#11843);
#3201=VERTEX_POINT('',#11845);
#3202=VERTEX_POINT('',#11849);
#3203=VERTEX_POINT('',#11853);
#3204=VERTEX_POINT('',#11855);
#3205=VERTEX_POINT('',#11857);
#3206=VERTEX_POINT('',#11859);
#3207=VERTEX_POINT('',#11867);
#3208=VERTEX_POINT('',#11874);
#3209=VERTEX_POINT('',#11876);
#3210=VERTEX_POINT('',#11880);
#3211=VERTEX_POINT('',#11883);
#3212=VERTEX_POINT('',#11885);
#3213=VERTEX_POINT('',#11891);
#3214=VERTEX_POINT('',#11896);
#3215=VERTEX_POINT('',#11898);
#3216=VERTEX_POINT('',#11966);
#3217=VERTEX_POINT('',#11968);
#3218=VERTEX_POINT('',#11970);
#3219=VERTEX_POINT('',#11972);
#3220=VERTEX_POINT('',#11974);
#3221=VERTEX_POINT('',#11976);
#3222=VERTEX_POINT('',#11978);
#3223=VERTEX_POINT('',#11980);
#3224=VERTEX_POINT('',#11982);
#3225=VERTEX_POINT('',#11986);
#3226=VERTEX_POINT('',#11988);
#3227=VERTEX_POINT('',#11990);
#3228=VERTEX_POINT('',#11994);
#3229=VERTEX_POINT('',#12002);
#3230=VERTEX_POINT('',#12006);
#3231=VERTEX_POINT('',#12014);
#3232=VERTEX_POINT('',#12015);
#3233=VERTEX_POINT('',#12025);
#3234=VERTEX_POINT('',#12027);
#3235=VERTEX_POINT('',#12029);
#3236=VERTEX_POINT('',#12033);
#3237=VERTEX_POINT('',#12035);
#3238=VERTEX_POINT('',#12039);
#3239=VERTEX_POINT('',#12044);
#3240=VERTEX_POINT('',#12048);
#3241=VERTEX_POINT('',#12050);
#3242=VERTEX_POINT('',#12054);
#3243=VERTEX_POINT('',#12062);
#3244=VERTEX_POINT('',#12106);
#3245=VERTEX_POINT('',#12111);
#3246=VERTEX_POINT('',#12119);
#3247=VERTEX_POINT('',#12121);
#3248=VERTEX_POINT('',#12125);
#3249=VERTEX_POINT('',#12132);
#3250=VERTEX_POINT('',#12134);
#3251=VERTEX_POINT('',#12143);
#3252=VERTEX_POINT('',#12146);
#3253=VERTEX_POINT('',#12151);
#3254=VERTEX_POINT('',#12158);
#3255=LINE('',#9803,#3921);
#3256=LINE('',#9806,#3922);
#3257=LINE('',#9808,#3923);
#3258=LINE('',#9810,#3924);
#3259=LINE('',#9812,#3925);
#3260=LINE('',#9815,#3926);
#3261=LINE('',#9817,#3927);
#3262=LINE('',#9819,#3928);
#3263=LINE('',#9821,#3929);
#3264=LINE('',#9823,#3930);
#3265=LINE('',#9825,#3931);
#3266=LINE('',#9827,#3932);
#3267=LINE('',#9829,#3933);
#3268=LINE('',#9831,#3934);
#3269=LINE('',#9833,#3935);
#3270=LINE('',#9835,#3936);
#3271=LINE('',#9837,#3937);
#3272=LINE('',#9839,#3938);
#3273=LINE('',#9841,#3939);
#3274=LINE('',#9844,#3940);
#3275=LINE('',#9846,#3941);
#3276=LINE('',#9848,#3942);
#3277=LINE('',#9850,#3943);
#3278=LINE('',#9851,#3944);
#3279=LINE('',#9853,#3945);
#3280=LINE('',#9855,#3946);
#3281=LINE('',#9857,#3947);
#3282=LINE('',#9859,#3948);
#3283=LINE('',#9861,#3949);
#3284=LINE('',#9863,#3950);
#3285=LINE('',#9865,#3951);
#3286=LINE('',#9866,#3952);
#3287=LINE('',#9867,#3953);
#3288=LINE('',#9869,#3954);
#3289=LINE('',#9871,#3955);
#3290=LINE('',#9875,#3956);
#3291=LINE('',#9877,#3957);
#3292=LINE('',#9881,#3958);
#3293=LINE('',#9885,#3959);
#3294=LINE('',#9887,#3960);
#3295=LINE('',#9889,#3961);
#3296=LINE('',#9894,#3962);
#3297=LINE('',#9899,#3963);
#3298=LINE('',#9901,#3964);
#3299=LINE('',#9903,#3965);
#3300=LINE('',#9905,#3966);
#3301=LINE('',#9911,#3967);
#3302=LINE('',#9913,#3968);
#3303=LINE('',#9914,#3969);
#3304=LINE('',#9919,#3970);
#3305=LINE('',#9920,#3971);
#3306=LINE('',#9922,#3972);
#3307=LINE('',#9924,#3973);
#3308=LINE('',#9926,#3974);
#3309=LINE('',#9928,#3975);
#3310=LINE('',#9932,#3976);
#3311=LINE('',#9934,#3977);
#3312=LINE('',#9936,#3978);
#3313=LINE('',#9940,#3979);
#3314=LINE('',#9942,#3980);
#3315=LINE('',#9945,#3981);
#3316=LINE('',#9947,#3982);
#3317=LINE('',#9949,#3983);
#3318=LINE('',#9951,#3984);
#3319=LINE('',#9952,#3985);
#3320=LINE('',#9954,#3986);
#3321=LINE('',#9956,#3987);
#3322=LINE('',#9958,#3988);
#3323=LINE('',#9963,#3989);
#3324=LINE('',#9965,#3990);
#3325=LINE('',#9967,#3991);
#3326=LINE('',#9972,#3992);
#3327=LINE('',#9976,#3993);
#3328=LINE('',#9978,#3994);
#3329=LINE('',#9980,#3995);
#3330=LINE('',#9982,#3996);
#3331=LINE('',#9984,#3997);
#3332=LINE('',#9986,#3998);
#3333=LINE('',#9988,#3999);
#3334=LINE('',#9990,#4000);
#3335=LINE('',#9996,#4001);
#3336=LINE('',#9998,#4002);
#3337=LINE('',#10000,#4003);
#3338=LINE('',#10005,#4004);
#3339=LINE('',#10009,#4005);
#3340=LINE('',#10011,#4006);
#3341=LINE('',#10013,#4007);
#3342=LINE('',#10015,#4008);
#3343=LINE('',#10019,#4009);
#3344=LINE('',#10023,#4010);
#3345=LINE('',#10026,#4011);
#3346=LINE('',#10028,#4012);
#3347=LINE('',#10029,#4013);
#3348=LINE('',#10031,#4014);
#3349=LINE('',#10035,#4015);
#3350=LINE('',#10042,#4016);
#3351=LINE('',#10046,#4017);
#3352=LINE('',#10048,#4018);
#3353=LINE('',#10051,#4019);
#3354=LINE('',#10053,#4020);
#3355=LINE('',#10055,#4021);
#3356=LINE('',#10057,#4022);
#3357=LINE('',#10059,#4023);
#3358=LINE('',#10061,#4024);
#3359=LINE('',#10063,#4025);
#3360=LINE('',#10065,#4026);
#3361=LINE('',#10067,#4027);
#3362=LINE('',#10068,#4028);
#3363=LINE('',#10070,#4029);
#3364=LINE('',#10076,#4030);
#3365=LINE('',#10078,#4031);
#3366=LINE('',#10079,#4032);
#3367=LINE('',#10081,#4033);
#3368=LINE('',#10086,#4034);
#3369=LINE('',#10088,#4035);
#3370=LINE('',#10157,#4036);
#3371=LINE('',#10161,#4037);
#3372=LINE('',#10167,#4038);
#3373=LINE('',#10170,#4039);
#3374=LINE('',#10172,#4040);
#3375=LINE('',#10174,#4041);
#3376=LINE('',#10176,#4042);
#3377=LINE('',#10178,#4043);
#3378=LINE('',#10180,#4044);
#3379=LINE('',#10182,#4045);
#3380=LINE('',#10184,#4046);
#3381=LINE('',#10186,#4047);
#3382=LINE('',#10188,#4048);
#3383=LINE('',#10190,#4049);
#3384=LINE('',#10192,#4050);
#3385=LINE('',#10194,#4051);
#3386=LINE('',#10197,#4052);
#3387=LINE('',#10199,#4053);
#3388=LINE('',#10201,#4054);
#3389=LINE('',#10203,#4055);
#3390=LINE('',#10273,#4056);
#3391=LINE('',#10275,#4057);
#3392=LINE('',#10276,#4058);
#3393=LINE('',#10278,#4059);
#3394=LINE('',#10280,#4060);
#3395=LINE('',#10282,#4061);
#3396=LINE('',#10285,#4062);
#3397=LINE('',#10286,#4063);
#3398=LINE('',#10288,#4064);
#3399=LINE('',#10290,#4065);
#3400=LINE('',#10292,#4066);
#3401=LINE('',#10294,#4067);
#3402=LINE('',#10295,#4068);
#3403=LINE('',#10297,#4069);
#3404=LINE('',#10299,#4070);
#3405=LINE('',#10301,#4071);
#3406=LINE('',#10302,#4072);
#3407=LINE('',#10305,#4073);
#3408=LINE('',#10375,#4074);
#3409=LINE('',#10377,#4075);
#3410=LINE('',#10379,#4076);
#3411=LINE('',#10435,#4077);
#3412=LINE('',#10438,#4078);
#3413=LINE('',#10439,#4079);
#3414=LINE('',#10441,#4080);
#3415=LINE('',#10442,#4081);
#3416=LINE('',#10444,#4082);
#3417=LINE('',#10446,#4083);
#3418=LINE('',#10450,#4084);
#3419=LINE('',#10453,#4085);
#3420=LINE('',#10457,#4086);
#3421=LINE('',#10459,#4087);
#3422=LINE('',#10464,#4088);
#3423=LINE('',#10471,#4089);
#3424=LINE('',#10475,#4090);
#3425=LINE('',#10479,#4091);
#3426=LINE('',#10481,#4092);
#3427=LINE('',#10485,#4093);
#3428=LINE('',#10487,#4094);
#3429=LINE('',#10489,#4095);
#3430=LINE('',#10490,#4096);
#3431=LINE('',#10494,#4097);
#3432=LINE('',#10498,#4098);
#3433=LINE('',#10502,#4099);
#3434=LINE('',#10503,#4100);
#3435=LINE('',#10505,#4101);
#3436=LINE('',#10507,#4102);
#3437=LINE('',#10509,#4103);
#3438=LINE('',#10513,#4104);
#3439=LINE('',#10517,#4105);
#3440=LINE('',#10519,#4106);
#3441=LINE('',#10522,#4107);
#3442=LINE('',#10523,#4108);
#3443=LINE('',#10525,#4109);
#3444=LINE('',#10527,#4110);
#3445=LINE('',#10529,#4111);
#3446=LINE('',#10531,#4112);
#3447=LINE('',#10533,#4113);
#3448=LINE('',#10535,#4114);
#3449=LINE('',#10537,#4115);
#3450=LINE('',#10539,#4116);
#3451=LINE('',#10541,#4117);
#3452=LINE('',#10543,#4118);
#3453=LINE('',#10546,#4119);
#3454=LINE('',#10547,#4120);
#3455=LINE('',#10549,#4121);
#3456=LINE('',#10551,#4122);
#3457=LINE('',#10553,#4123);
#3458=LINE('',#10555,#4124);
#3459=LINE('',#10557,#4125);
#3460=LINE('',#10559,#4126);
#3461=LINE('',#10561,#4127);
#3462=LINE('',#10563,#4128);
#3463=LINE('',#10565,#4129);
#3464=LINE('',#10567,#4130);
#3465=LINE('',#10569,#4131);
#3466=LINE('',#10571,#4132);
#3467=LINE('',#10573,#4133);
#3468=LINE('',#10574,#4134);
#3469=LINE('',#10576,#4135);
#3470=LINE('',#10578,#4136);
#3471=LINE('',#10580,#4137);
#3472=LINE('',#10582,#4138);
#3473=LINE('',#10584,#4139);
#3474=LINE('',#10585,#4140);
#3475=LINE('',#10587,#4141);
#3476=LINE('',#10591,#4142);
#3477=LINE('',#10597,#4143);
#3478=LINE('',#10600,#4144);
#3479=LINE('',#10602,#4145);
#3480=LINE('',#10604,#4146);
#3481=LINE('',#10606,#4147);
#3482=LINE('',#10608,#4148);
#3483=LINE('',#10612,#4149);
#3484=LINE('',#10614,#4150);
#3485=LINE('',#10618,#4151);
#3486=LINE('',#10622,#4152);
#3487=LINE('',#10624,#4153);
#3488=LINE('',#10626,#4154);
#3489=LINE('',#10628,#4155);
#3490=LINE('',#10630,#4156);
#3491=LINE('',#10634,#4157);
#3492=LINE('',#10637,#4158);
#3493=LINE('',#10639,#4159);
#3494=LINE('',#10641,#4160);
#3495=LINE('',#10643,#4161);
#3496=LINE('',#10646,#4162);
#3497=LINE('',#10648,#4163);
#3498=LINE('',#10650,#4164);
#3499=LINE('',#10652,#4165);
#3500=LINE('',#10654,#4166);
#3501=LINE('',#10656,#4167);
#3502=LINE('',#10658,#4168);
#3503=LINE('',#10660,#4169);
#3504=LINE('',#10662,#4170);
#3505=LINE('',#10665,#4171);
#3506=LINE('',#10667,#4172);
#3507=LINE('',#10669,#4173);
#3508=LINE('',#10671,#4174);
#3509=LINE('',#10673,#4175);
#3510=LINE('',#10675,#4176);
#3511=LINE('',#10677,#4177);
#3512=LINE('',#10679,#4178);
#3513=LINE('',#10682,#4179);
#3514=LINE('',#10684,#4180);
#3515=LINE('',#10754,#4181);
#3516=LINE('',#10756,#4182);
#3517=LINE('',#10758,#4183);
#3518=LINE('',#10760,#4184);
#3519=LINE('',#10762,#4185);
#3520=LINE('',#10765,#4186);
#3521=LINE('',#10769,#4187);
#3522=LINE('',#10773,#4188);
#3523=LINE('',#10775,#4189);
#3524=LINE('',#10777,#4190);
#3525=LINE('',#10783,#4191);
#3526=LINE('',#10785,#4192);
#3527=LINE('',#10787,#4193);
#3528=LINE('',#10789,#4194);
#3529=LINE('',#10793,#4195);
#3530=LINE('',#10795,#4196);
#3531=LINE('',#10799,#4197);
#3532=LINE('',#10801,#4198);
#3533=LINE('',#10803,#4199);
#3534=LINE('',#10805,#4200);
#3535=LINE('',#10810,#4201);
#3536=LINE('',#10812,#4202);
#3537=LINE('',#10813,#4203);
#3538=LINE('',#10815,#4204);
#3539=LINE('',#10819,#4205);
#3540=LINE('',#10822,#4206);
#3541=LINE('',#10824,#4207);
#3542=LINE('',#10829,#4208);
#3543=LINE('',#10830,#4209);
#3544=LINE('',#10832,#4210);
#3545=LINE('',#10834,#4211);
#3546=LINE('',#10836,#4212);
#3547=LINE('',#10838,#4213);
#3548=LINE('',#10840,#4214);
#3549=LINE('',#10842,#4215);
#3550=LINE('',#10843,#4216);
#3551=LINE('',#10847,#4217);
#3552=LINE('',#10849,#4218);
#3553=LINE('',#10856,#4219);
#3554=LINE('',#10859,#4220);
#3555=LINE('',#10862,#4221);
#3556=LINE('',#10864,#4222);
#3557=LINE('',#10866,#4223);
#3558=LINE('',#10870,#4224);
#3559=LINE('',#10874,#4225);
#3560=LINE('',#10878,#4226);
#3561=LINE('',#10883,#4227);
#3562=LINE('',#10894,#4228);
#3563=LINE('',#10895,#4229);
#3564=LINE('',#10897,#4230);
#3565=LINE('',#10898,#4231);
#3566=LINE('',#10905,#4232);
#3567=LINE('',#10907,#4233);
#3568=LINE('',#10909,#4234);
#3569=LINE('',#10911,#4235);
#3570=LINE('',#10912,#4236);
#3571=LINE('',#10914,#4237);
#3572=LINE('',#10916,#4238);
#3573=LINE('',#10918,#4239);
#3574=LINE('',#10920,#4240);
#3575=LINE('',#10923,#4241);
#3576=LINE('',#10925,#4242);
#3577=LINE('',#10927,#4243);
#3578=LINE('',#10929,#4244);
#3579=LINE('',#10932,#4245);
#3580=LINE('',#10934,#4246);
#3581=LINE('',#10936,#4247);
#3582=LINE('',#10938,#4248);
#3583=LINE('',#10941,#4249);
#3584=LINE('',#10942,#4250);
#3585=LINE('',#10944,#4251);
#3586=LINE('',#10946,#4252);
#3587=LINE('',#10948,#4253);
#3588=LINE('',#10950,#4254);
#3589=LINE('',#10952,#4255);
#3590=LINE('',#10956,#4256);
#3591=LINE('',#10958,#4257);
#3592=LINE('',#10960,#4258);
#3593=LINE('',#10962,#4259);
#3594=LINE('',#10963,#4260);
#3595=LINE('',#10965,#4261);
#3596=LINE('',#10967,#4262);
#3597=LINE('',#10969,#4263);
#3598=LINE('',#10970,#4264);
#3599=LINE('',#10972,#4265);
#3600=LINE('',#10974,#4266);
#3601=LINE('',#10976,#4267);
#3602=LINE('',#10978,#4268);
#3603=LINE('',#10980,#4269);
#3604=LINE('',#10983,#4270);
#3605=LINE('',#10984,#4271);
#3606=LINE('',#10986,#4272);
#3607=LINE('',#10988,#4273);
#3608=LINE('',#10990,#4274);
#3609=LINE('',#10992,#4275);
#3610=LINE('',#10993,#4276);
#3611=LINE('',#10995,#4277);
#3612=LINE('',#10997,#4278);
#3613=LINE('',#10998,#4279);
#3614=LINE('',#11000,#4280);
#3615=LINE('',#11002,#4281);
#3616=LINE('',#11004,#4282);
#3617=LINE('',#11007,#4283);
#3618=LINE('',#11009,#4284);
#3619=LINE('',#11011,#4285);
#3620=LINE('',#11013,#4286);
#3621=LINE('',#11018,#4287);
#3622=LINE('',#11024,#4288);
#3623=LINE('',#11025,#4289);
#3624=LINE('',#11027,#4290);
#3625=LINE('',#11029,#4291);
#3626=LINE('',#11033,#4292);
#3627=LINE('',#11035,#4293);
#3628=LINE('',#11037,#4294);
#3629=LINE('',#11039,#4295);
#3630=LINE('',#11041,#4296);
#3631=LINE('',#11043,#4297);
#3632=LINE('',#11045,#4298);
#3633=LINE('',#11047,#4299);
#3634=LINE('',#11052,#4300);
#3635=LINE('',#11058,#4301);
#3636=LINE('',#11060,#4302);
#3637=LINE('',#11062,#4303);
#3638=LINE('',#11064,#4304);
#3639=LINE('',#11070,#4305);
#3640=LINE('',#11072,#4306);
#3641=LINE('',#11077,#4307);
#3642=LINE('',#11079,#4308);
#3643=LINE('',#11148,#4309);
#3644=LINE('',#11152,#4310);
#3645=LINE('',#11155,#4311);
#3646=LINE('',#11156,#4312);
#3647=LINE('',#11158,#4313);
#3648=LINE('',#11161,#4314);
#3649=LINE('',#11162,#4315);
#3650=LINE('',#11163,#4316);
#3651=LINE('',#11167,#4317);
#3652=LINE('',#11169,#4318);
#3653=LINE('',#11217,#4319);
#3654=LINE('',#11218,#4320);
#3655=LINE('',#11222,#4321);
#3656=LINE('',#11295,#4322);
#3657=LINE('',#11296,#4323);
#3658=LINE('',#11298,#4324);
#3659=LINE('',#11300,#4325);
#3660=LINE('',#11301,#4326);
#3661=LINE('',#11303,#4327);
#3662=LINE('',#11304,#4328);
#3663=LINE('',#11306,#4329);
#3664=LINE('',#11308,#4330);
#3665=LINE('',#11312,#4331);
#3666=LINE('',#11315,#4332);
#3667=LINE('',#11319,#4333);
#3668=LINE('',#11320,#4334);
#3669=LINE('',#11322,#4335);
#3670=LINE('',#11324,#4336);
#3671=LINE('',#11326,#4337);
#3672=LINE('',#11328,#4338);
#3673=LINE('',#11330,#4339);
#3674=LINE('',#11335,#4340);
#3675=LINE('',#11337,#4341);
#3676=LINE('',#11338,#4342);
#3677=LINE('',#11340,#4343);
#3678=LINE('',#11342,#4344);
#3679=LINE('',#11344,#4345);
#3680=LINE('',#11346,#4346);
#3681=LINE('',#11348,#4347);
#3682=LINE('',#11350,#4348);
#3683=LINE('',#11351,#4349);
#3684=LINE('',#11353,#4350);
#3685=LINE('',#11356,#4351);
#3686=LINE('',#11357,#4352);
#3687=LINE('',#11359,#4353);
#3688=LINE('',#11362,#4354);
#3689=LINE('',#11364,#4355);
#3690=LINE('',#11366,#4356);
#3691=LINE('',#11368,#4357);
#3692=LINE('',#11370,#4358);
#3693=LINE('',#11372,#4359);
#3694=LINE('',#11374,#4360);
#3695=LINE('',#11376,#4361);
#3696=LINE('',#11379,#4362);
#3697=LINE('',#11381,#4363);
#3698=LINE('',#11382,#4364);
#3699=LINE('',#11391,#4365);
#3700=LINE('',#11394,#4366);
#3701=LINE('',#11396,#4367);
#3702=LINE('',#11398,#4368);
#3703=LINE('',#11400,#4369);
#3704=LINE('',#11402,#4370);
#3705=LINE('',#11406,#4371);
#3706=LINE('',#11408,#4372);
#3707=LINE('',#11412,#4373);
#3708=LINE('',#11416,#4374);
#3709=LINE('',#11418,#4375);
#3710=LINE('',#11420,#4376);
#3711=LINE('',#11422,#4377);
#3712=LINE('',#11424,#4378);
#3713=LINE('',#11428,#4379);
#3714=LINE('',#11431,#4380);
#3715=LINE('',#11433,#4381);
#3716=LINE('',#11435,#4382);
#3717=LINE('',#11437,#4383);
#3718=LINE('',#11439,#4384);
#3719=LINE('',#11441,#4385);
#3720=LINE('',#11443,#4386);
#3721=LINE('',#11445,#4387);
#3722=LINE('',#11447,#4388);
#3723=LINE('',#11448,#4389);
#3724=LINE('',#11450,#4390);
#3725=LINE('',#11452,#4391);
#3726=LINE('',#11454,#4392);
#3727=LINE('',#11456,#4393);
#3728=LINE('',#11458,#4394);
#3729=LINE('',#11460,#4395);
#3730=LINE('',#11462,#4396);
#3731=LINE('',#11464,#4397);
#3732=LINE('',#11466,#4398);
#3733=LINE('',#11469,#4399);
#3734=LINE('',#11471,#4400);
#3735=LINE('',#11473,#4401);
#3736=LINE('',#11475,#4402);
#3737=LINE('',#11476,#4403);
#3738=LINE('',#11478,#4404);
#3739=LINE('',#11479,#4405);
#3740=LINE('',#11481,#4406);
#3741=LINE('',#11482,#4407);
#3742=LINE('',#11554,#4408);
#3743=LINE('',#11557,#4409);
#3744=LINE('',#11559,#4410);
#3745=LINE('',#11560,#4411);
#3746=LINE('',#11562,#4412);
#3747=LINE('',#11566,#4413);
#3748=LINE('',#11568,#4414);
#3749=LINE('',#11571,#4415);
#3750=LINE('',#11573,#4416);
#3751=LINE('',#11577,#4417);
#3752=LINE('',#11581,#4418);
#3753=LINE('',#11583,#4419);
#3754=LINE('',#11587,#4420);
#3755=LINE('',#11591,#4421);
#3756=LINE('',#11594,#4422);
#3757=LINE('',#11598,#4423);
#3758=LINE('',#11602,#4424);
#3759=LINE('',#11606,#4425);
#3760=LINE('',#11608,#4426);
#3761=LINE('',#11610,#4427);
#3762=LINE('',#11612,#4428);
#3763=LINE('',#11614,#4429);
#3764=LINE('',#11616,#4430);
#3765=LINE('',#11686,#4431);
#3766=LINE('',#11688,#4432);
#3767=LINE('',#11690,#4433);
#3768=LINE('',#11692,#4434);
#3769=LINE('',#11694,#4435);
#3770=LINE('',#11696,#4436);
#3771=LINE('',#11698,#4437);
#3772=LINE('',#11700,#4438);
#3773=LINE('',#11704,#4439);
#3774=LINE('',#11707,#4440);
#3775=LINE('',#11709,#4441);
#3776=LINE('',#11711,#4442);
#3777=LINE('',#11713,#4443);
#3778=LINE('',#11715,#4444);
#3779=LINE('',#11717,#4445);
#3780=LINE('',#11719,#4446);
#3781=LINE('',#11721,#4447);
#3782=LINE('',#11723,#4448);
#3783=LINE('',#11725,#4449);
#3784=LINE('',#11727,#4450);
#3785=LINE('',#11731,#4451);
#3786=LINE('',#11733,#4452);
#3787=LINE('',#11735,#4453);
#3788=LINE('',#11736,#4454);
#3789=LINE('',#11739,#4455);
#3790=LINE('',#11741,#4456);
#3791=LINE('',#11743,#4457);
#3792=LINE('',#11745,#4458);
#3793=LINE('',#11747,#4459);
#3794=LINE('',#11751,#4460);
#3795=LINE('',#11755,#4461);
#3796=LINE('',#11759,#4462);
#3797=LINE('',#11761,#4463);
#3798=LINE('',#11763,#4464);
#3799=LINE('',#11767,#4465);
#3800=LINE('',#11771,#4466);
#3801=LINE('',#11774,#4467);
#3802=LINE('',#11776,#4468);
#3803=LINE('',#11778,#4469);
#3804=LINE('',#11780,#4470);
#3805=LINE('',#11782,#4471);
#3806=LINE('',#11784,#4472);
#3807=LINE('',#11785,#4473);
#3808=LINE('',#11790,#4474);
#3809=LINE('',#11794,#4475);
#3810=LINE('',#11796,#4476);
#3811=LINE('',#11797,#4477);
#3812=LINE('',#11799,#4478);
#3813=LINE('',#11801,#4479);
#3814=LINE('',#11804,#4480);
#3815=LINE('',#11806,#4481);
#3816=LINE('',#11808,#4482);
#3817=LINE('',#11816,#4483);
#3818=LINE('',#11818,#4484);
#3819=LINE('',#11820,#4485);
#3820=LINE('',#11822,#4486);
#3821=LINE('',#11827,#4487);
#3822=LINE('',#11829,#4488);
#3823=LINE('',#11831,#4489);
#3824=LINE('',#11833,#4490);
#3825=LINE('',#11836,#4491);
#3826=LINE('',#11838,#4492);
#3827=LINE('',#11840,#4493);
#3828=LINE('',#11842,#4494);
#3829=LINE('',#11844,#4495);
#3830=LINE('',#11846,#4496);
#3831=LINE('',#11848,#4497);
#3832=LINE('',#11850,#4498);
#3833=LINE('',#11851,#4499);
#3834=LINE('',#11852,#4500);
#3835=LINE('',#11854,#4501);
#3836=LINE('',#11856,#4502);
#3837=LINE('',#11858,#4503);
#3838=LINE('',#11860,#4504);
#3839=LINE('',#11862,#4505);
#3840=LINE('',#11864,#4506);
#3841=LINE('',#11866,#4507);
#3842=LINE('',#11868,#4508);
#3843=LINE('',#11870,#4509);
#3844=LINE('',#11871,#4510);
#3845=LINE('',#11873,#4511);
#3846=LINE('',#11875,#4512);
#3847=LINE('',#11877,#4513);
#3848=LINE('',#11879,#4514);
#3849=LINE('',#11881,#4515);
#3850=LINE('',#11882,#4516);
#3851=LINE('',#11884,#4517);
#3852=LINE('',#11886,#4518);
#3853=LINE('',#11888,#4519);
#3854=LINE('',#11892,#4520);
#3855=LINE('',#11895,#4521);
#3856=LINE('',#11897,#4522);
#3857=LINE('',#11967,#4523);
#3858=LINE('',#11969,#4524);
#3859=LINE('',#11971,#4525);
#3860=LINE('',#11973,#4526);
#3861=LINE('',#11975,#4527);
#3862=LINE('',#11977,#4528);
#3863=LINE('',#11981,#4529);
#3864=LINE('',#11985,#4530);
#3865=LINE('',#11987,#4531);
#3866=LINE('',#11991,#4532);
#3867=LINE('',#11993,#4533);
#3868=LINE('',#11995,#4534);
#3869=LINE('',#11996,#4535);
#3870=LINE('',#11997,#4536);
#3871=LINE('',#11999,#4537);
#3872=LINE('',#12001,#4538);
#3873=LINE('',#12003,#4539);
#3874=LINE('',#12005,#4540);
#3875=LINE('',#12007,#4541);
#3876=LINE('',#12009,#4542);
#3877=LINE('',#12010,#4543);
#3878=LINE('',#12013,#4544);
#3879=LINE('',#12016,#4545);
#3880=LINE('',#12017,#4546);
#3881=LINE('',#12024,#4547);
#3882=LINE('',#12026,#4548);
#3883=LINE('',#12028,#4549);
#3884=LINE('',#12030,#4550);
#3885=LINE('',#12036,#4551);
#3886=LINE('',#12038,#4552);
#3887=LINE('',#12045,#4553);
#3888=LINE('',#12047,#4554);
#3889=LINE('',#12051,#4555);
#3890=LINE('',#12053,#4556);
#3891=LINE('',#12058,#4557);
#3892=LINE('',#12110,#4558);
#3893=LINE('',#12112,#4559);
#3894=LINE('',#12114,#4560);
#3895=LINE('',#12116,#4561);
#3896=LINE('',#12118,#4562);
#3897=LINE('',#12120,#4563);
#3898=LINE('',#12122,#4564);
#3899=LINE('',#12124,#4565);
#3900=LINE('',#12126,#4566);
#3901=LINE('',#12128,#4567);
#3902=LINE('',#12131,#4568);
#3903=LINE('',#12135,#4569);
#3904=LINE('',#12137,#4570);
#3905=LINE('',#12139,#4571);
#3906=LINE('',#12142,#4572);
#3907=LINE('',#12144,#4573);
#3908=LINE('',#12145,#4574);
#3909=LINE('',#12147,#4575);
#3910=LINE('',#12150,#4576);
#3911=LINE('',#12154,#4577);
#3912=LINE('',#12156,#4578);
#3913=LINE('',#12157,#4579);
#3914=LINE('',#12159,#4580);
#3915=LINE('',#12161,#4581);
#3916=LINE('',#12163,#4582);
#3917=LINE('',#12166,#4583);
#3918=LINE('',#12168,#4584);
#3919=LINE('',#12172,#4585);
#3920=LINE('',#12173,#4586);
#3921=VECTOR('',#8261,1000.);
#3922=VECTOR('',#8262,1000.);
#3923=VECTOR('',#8263,1000.);
#3924=VECTOR('',#8264,1000.);
#3925=VECTOR('',#8267,1000.);
#3926=VECTOR('',#8268,1000.);
#3927=VECTOR('',#8269,1000.);
#3928=VECTOR('',#8270,1000.);
#3929=VECTOR('',#8271,1000.);
#3930=VECTOR('',#8272,1000.);
#3931=VECTOR('',#8273,1000.);
#3932=VECTOR('',#8274,1000.);
#3933=VECTOR('',#8275,1000.);
#3934=VECTOR('',#8276,1000.);
#3935=VECTOR('',#8277,1000.);
#3936=VECTOR('',#8278,1000.);
#3937=VECTOR('',#8279,1000.);
#3938=VECTOR('',#8280,1000.);
#3939=VECTOR('',#8283,1000.);
#3940=VECTOR('',#8284,1000.);
#3941=VECTOR('',#8285,1000.);
#3942=VECTOR('',#8286,1000.);
#3943=VECTOR('',#8289,1000.);
#3944=VECTOR('',#8290,1000.);
#3945=VECTOR('',#8293,1000.);
#3946=VECTOR('',#8294,1000.);
#3947=VECTOR('',#8295,1000.);
#3948=VECTOR('',#8298,1000.);
#3949=VECTOR('',#8299,1000.);
#3950=VECTOR('',#8300,1000.);
#3951=VECTOR('',#8303,1000.);
#3952=VECTOR('',#8304,1000.);
#3953=VECTOR('',#8305,1000.);
#3954=VECTOR('',#8306,1000.);
#3955=VECTOR('',#8307,1000.);
#3956=VECTOR('',#8310,1000.);
#3957=VECTOR('',#8311,1000.);
#3958=VECTOR('',#8314,1000.);
#3959=VECTOR('',#8317,1000.);
#3960=VECTOR('',#8318,1000.);
#3961=VECTOR('',#8319,1000.);
#3962=VECTOR('',#8324,1000.);
#3963=VECTOR('',#8329,1000.);
#3964=VECTOR('',#8332,1000.);
#3965=VECTOR('',#8333,1000.);
#3966=VECTOR('',#8334,1000.);
#3967=VECTOR('',#8341,1000.);
#3968=VECTOR('',#8344,1000.);
#3969=VECTOR('',#8345,1000.);
#3970=VECTOR('',#8352,1000.);
#3971=VECTOR('',#8353,1000.);
#3972=VECTOR('',#8356,1000.);
#3973=VECTOR('',#8357,1000.);
#3974=VECTOR('',#8358,1000.);
#3975=VECTOR('',#8361,1000.);
#3976=VECTOR('',#8364,1000.);
#3977=VECTOR('',#8367,1000.);
#3978=VECTOR('',#8368,1000.);
#3979=VECTOR('',#8373,1000.);
#3980=VECTOR('',#8376,1000.);
#3981=VECTOR('',#8377,1000.);
#3982=VECTOR('',#8378,1000.);
#3983=VECTOR('',#8379,1000.);
#3984=VECTOR('',#8382,1000.);
#3985=VECTOR('',#8383,1000.);
#3986=VECTOR('',#8386,1000.);
#3987=VECTOR('',#8389,1000.);
#3988=VECTOR('',#8390,1000.);
#3989=VECTOR('',#8395,1000.);
#3990=VECTOR('',#8396,1000.);
#3991=VECTOR('',#8397,1000.);
#3992=VECTOR('',#8402,1000.);
#3993=VECTOR('',#8405,1000.);
#3994=VECTOR('',#8408,1000.);
#3995=VECTOR('',#8409,1000.);
#3996=VECTOR('',#8410,1000.);
#3997=VECTOR('',#8413,1000.);
#3998=VECTOR('',#8414,1000.);
#3999=VECTOR('',#8415,1000.);
#4000=VECTOR('',#8418,1000.);
#4001=VECTOR('',#8425,1000.);
#4002=VECTOR('',#8426,1000.);
#4003=VECTOR('',#8427,1000.);
#4004=VECTOR('',#8432,1000.);
#4005=VECTOR('',#8435,1000.);
#4006=VECTOR('',#8438,1000.);
#4007=VECTOR('',#8439,1000.);
#4008=VECTOR('',#8440,1000.);
#4009=VECTOR('',#8445,1000.);
#4010=VECTOR('',#8450,1000.);
#4011=VECTOR('',#8451,1000.);
#4012=VECTOR('',#8452,1000.);
#4013=VECTOR('',#8453,1000.);
#4014=VECTOR('',#8454,1000.);
#4015=VECTOR('',#8459,1000.);
#4016=VECTOR('',#8466,1000.);
#4017=VECTOR('',#8469,1000.);
#4018=VECTOR('',#8472,1000.);
#4019=VECTOR('',#8473,1000.);
#4020=VECTOR('',#8474,1000.);
#4021=VECTOR('',#8475,1000.);
#4022=VECTOR('',#8478,1000.);
#4023=VECTOR('',#8479,1000.);
#4024=VECTOR('',#8480,1000.);
#4025=VECTOR('',#8483,1000.);
#4026=VECTOR('',#8484,1000.);
#4027=VECTOR('',#8485,1000.);
#4028=VECTOR('',#8486,1000.);
#4029=VECTOR('',#8487,1000.);
#4030=VECTOR('',#8494,1000.);
#4031=VECTOR('',#8497,1000.);
#4032=VECTOR('',#8498,1000.);
#4033=VECTOR('',#8501,1000.);
#4034=VECTOR('',#8504,1000.);
#4035=VECTOR('',#8505,1000.);
#4036=VECTOR('',#8506,1000.);
#4037=VECTOR('',#8511,1000.);
#4038=VECTOR('',#8518,1000.);
#4039=VECTOR('',#8519,1000.);
#4040=VECTOR('',#8520,1000.);
#4041=VECTOR('',#8521,1000.);
#4042=VECTOR('',#8524,1000.);
#4043=VECTOR('',#8525,1000.);
#4044=VECTOR('',#8526,1000.);
#4045=VECTOR('',#8529,1000.);
#4046=VECTOR('',#8530,1000.);
#4047=VECTOR('',#8533,1000.);
#4048=VECTOR('',#8534,1000.);
#4049=VECTOR('',#8537,1000.);
#4050=VECTOR('',#8540,1000.);
#4051=VECTOR('',#8541,1000.);
#4052=VECTOR('',#8544,1000.);
#4053=VECTOR('',#8545,1000.);
#4054=VECTOR('',#8548,1000.);
#4055=VECTOR('',#8549,1000.);
#4056=VECTOR('',#8550,1000.);
#4057=VECTOR('',#8551,1000.);
#4058=VECTOR('',#8552,1000.);
#4059=VECTOR('',#8553,1000.);
#4060=VECTOR('',#8556,1000.);
#4061=VECTOR('',#8559,1000.);
#4062=VECTOR('',#8560,1000.);
#4063=VECTOR('',#8561,1000.);
#4064=VECTOR('',#8562,1000.);
#4065=VECTOR('',#8565,1000.);
#4066=VECTOR('',#8566,1000.);
#4067=VECTOR('',#8567,1000.);
#4068=VECTOR('',#8568,1000.);
#4069=VECTOR('',#8571,1000.);
#4070=VECTOR('',#8572,1000.);
#4071=VECTOR('',#8575,1000.);
#4072=VECTOR('',#8576,1000.);
#4073=VECTOR('',#8581,1000.);
#4074=VECTOR('',#8582,1000.);
#4075=VECTOR('',#8583,1000.);
#4076=VECTOR('',#8586,1000.);
#4077=VECTOR('',#8609,1000.);
#4078=VECTOR('',#8610,1000.);
#4079=VECTOR('',#8611,1000.);
#4080=VECTOR('',#8612,1000.);
#4081=VECTOR('',#8613,1000.);
#4082=VECTOR('',#8614,1000.);
#4083=VECTOR('',#8615,1000.);
#4084=VECTOR('',#8622,1000.);
#4085=VECTOR('',#8627,1000.);
#4086=VECTOR('',#8630,1000.);
#4087=VECTOR('',#8633,1000.);
#4088=VECTOR('',#8636,1000.);
#4089=VECTOR('',#8637,1000.);
#4090=VECTOR('',#8642,1000.);
#4091=VECTOR('',#8647,1000.);
#4092=VECTOR('',#8648,1000.);
#4093=VECTOR('',#8653,1000.);
#4094=VECTOR('',#8654,1000.);
#4095=VECTOR('',#8655,1000.);
#4096=VECTOR('',#8656,1000.);
#4097=VECTOR('',#8661,1000.);
#4098=VECTOR('',#8668,1000.);
#4099=VECTOR('',#8673,1000.);
#4100=VECTOR('',#8674,1000.);
#4101=VECTOR('',#8677,1000.);
#4102=VECTOR('',#8680,1000.);
#4103=VECTOR('',#8683,1000.);
#4104=VECTOR('',#8688,1000.);
#4105=VECTOR('',#8693,1000.);
#4106=VECTOR('',#8696,1000.);
#4107=VECTOR('',#8697,1000.);
#4108=VECTOR('',#8698,1000.);
#4109=VECTOR('',#8699,1000.);
#4110=VECTOR('',#8700,1000.);
#4111=VECTOR('',#8701,1000.);
#4112=VECTOR('',#8702,1000.);
#4113=VECTOR('',#8705,1000.);
#4114=VECTOR('',#8706,1000.);
#4115=VECTOR('',#8707,1000.);
#4116=VECTOR('',#8710,1000.);
#4117=VECTOR('',#8711,1000.);
#4118=VECTOR('',#8714,1000.);
#4119=VECTOR('',#8715,1000.);
#4120=VECTOR('',#8716,1000.);
#4121=VECTOR('',#8719,1000.);
#4122=VECTOR('',#8720,1000.);
#4123=VECTOR('',#8723,1000.);
#4124=VECTOR('',#8724,1000.);
#4125=VECTOR('',#8727,1000.);
#4126=VECTOR('',#8730,1000.);
#4127=VECTOR('',#8731,1000.);
#4128=VECTOR('',#8732,1000.);
#4129=VECTOR('',#8735,1000.);
#4130=VECTOR('',#8736,1000.);
#4131=VECTOR('',#8737,1000.);
#4132=VECTOR('',#8740,1000.);
#4133=VECTOR('',#8743,1000.);
#4134=VECTOR('',#8744,1000.);
#4135=VECTOR('',#8745,1000.);
#4136=VECTOR('',#8748,1000.);
#4137=VECTOR('',#8749,1000.);
#4138=VECTOR('',#8750,1000.);
#4139=VECTOR('',#8753,1000.);
#4140=VECTOR('',#8754,1000.);
#4141=VECTOR('',#8757,1000.);
#4142=VECTOR('',#8764,1000.);
#4143=VECTOR('',#8775,1000.);
#4144=VECTOR('',#8776,1000.);
#4145=VECTOR('',#8777,1000.);
#4146=VECTOR('',#8778,1000.);
#4147=VECTOR('',#8779,1000.);
#4148=VECTOR('',#8780,1000.);
#4149=VECTOR('',#8783,1000.);
#4150=VECTOR('',#8784,1000.);
#4151=VECTOR('',#8787,1000.);
#4152=VECTOR('',#8790,1000.);
#4153=VECTOR('',#8791,1000.);
#4154=VECTOR('',#8792,1000.);
#4155=VECTOR('',#8793,1000.);
#4156=VECTOR('',#8794,1000.);
#4157=VECTOR('',#8799,1000.);
#4158=VECTOR('',#8800,1000.);
#4159=VECTOR('',#8801,1000.);
#4160=VECTOR('',#8802,1000.);
#4161=VECTOR('',#8805,1000.);
#4162=VECTOR('',#8806,1000.);
#4163=VECTOR('',#8807,1000.);
#4164=VECTOR('',#8808,1000.);
#4165=VECTOR('',#8811,1000.);
#4166=VECTOR('',#8812,1000.);
#4167=VECTOR('',#8813,1000.);
#4168=VECTOR('',#8816,1000.);
#4169=VECTOR('',#8817,1000.);
#4170=VECTOR('',#8820,1000.);
#4171=VECTOR('',#8821,1000.);
#4172=VECTOR('',#8822,1000.);
#4173=VECTOR('',#8823,1000.);
#4174=VECTOR('',#8824,1000.);
#4175=VECTOR('',#8825,1000.);
#4176=VECTOR('',#8826,1000.);
#4177=VECTOR('',#8827,1000.);
#4178=VECTOR('',#8830,1000.);
#4179=VECTOR('',#8831,1000.);
#4180=VECTOR('',#8832,1000.);
#4181=VECTOR('',#8833,1000.);
#4182=VECTOR('',#8834,1000.);
#4183=VECTOR('',#8835,1000.);
#4184=VECTOR('',#8836,1000.);
#4185=VECTOR('',#8837,1000.);
#4186=VECTOR('',#8840,1000.);
#4187=VECTOR('',#8843,1000.);
#4188=VECTOR('',#8846,1000.);
#4189=VECTOR('',#8849,1000.);
#4190=VECTOR('',#8850,1000.);
#4191=VECTOR('',#8857,1000.);
#4192=VECTOR('',#8860,1000.);
#4193=VECTOR('',#8861,1000.);
#4194=VECTOR('',#8864,1000.);
#4195=VECTOR('',#8869,1000.);
#4196=VECTOR('',#8870,1000.);
#4197=VECTOR('',#8875,1000.);
#4198=VECTOR('',#8878,1000.);
#4199=VECTOR('',#8879,1000.);
#4200=VECTOR('',#8882,1000.);
#4201=VECTOR('',#8885,1000.);
#4202=VECTOR('',#8886,1000.);
#4203=VECTOR('',#8887,1000.);
#4204=VECTOR('',#8888,1000.);
#4205=VECTOR('',#8891,1000.);
#4206=VECTOR('',#8894,1000.);
#4207=VECTOR('',#8895,1000.);
#4208=VECTOR('',#8900,1000.);
#4209=VECTOR('',#8901,1000.);
#4210=VECTOR('',#8904,1000.);
#4211=VECTOR('',#8905,1000.);
#4212=VECTOR('',#8908,1000.);
#4213=VECTOR('',#8909,1000.);
#4214=VECTOR('',#8912,1000.);
#4215=VECTOR('',#8913,1000.);
#4216=VECTOR('',#8914,1000.);
#4217=VECTOR('',#8921,1000.);
#4218=VECTOR('',#8922,1000.);
#4219=VECTOR('',#8935,1000.);
#4220=VECTOR('',#8936,1000.);
#4221=VECTOR('',#8939,1000.);
#4222=VECTOR('',#8940,1000.);
#4223=VECTOR('',#8941,1000.);
#4224=VECTOR('',#8944,1000.);
#4225=VECTOR('',#8947,1000.);
#4226=VECTOR('',#8952,1000.);
#4227=VECTOR('',#8955,1000.);
#4228=VECTOR('',#8966,1000.);
#4229=VECTOR('',#8967,1000.);
#4230=VECTOR('',#8970,1000.);
#4231=VECTOR('',#8971,1000.);
#4232=VECTOR('',#8972,1000.);
#4233=VECTOR('',#8975,1000.);
#4234=VECTOR('',#8976,1000.);
#4235=VECTOR('',#8979,1000.);
#4236=VECTOR('',#8980,1000.);
#4237=VECTOR('',#8983,1000.);
#4238=VECTOR('',#8984,1000.);
#4239=VECTOR('',#8985,1000.);
#4240=VECTOR('',#8988,1000.);
#4241=VECTOR('',#8989,1000.);
#4242=VECTOR('',#8990,1000.);
#4243=VECTOR('',#8991,1000.);
#4244=VECTOR('',#8994,1000.);
#4245=VECTOR('',#8995,1000.);
#4246=VECTOR('',#8996,1000.);
#4247=VECTOR('',#8997,1000.);
#4248=VECTOR('',#9000,1000.);
#4249=VECTOR('',#9001,1000.);
#4250=VECTOR('',#9002,1000.);
#4251=VECTOR('',#9003,1000.);
#4252=VECTOR('',#9004,1000.);
#4253=VECTOR('',#9005,1000.);
#4254=VECTOR('',#9006,1000.);
#4255=VECTOR('',#9009,1000.);
#4256=VECTOR('',#9012,1000.);
#4257=VECTOR('',#9015,1000.);
#4258=VECTOR('',#9016,1000.);
#4259=VECTOR('',#9017,1000.);
#4260=VECTOR('',#9018,1000.);
#4261=VECTOR('',#9019,1000.);
#4262=VECTOR('',#9020,1000.);
#4263=VECTOR('',#9021,1000.);
#4264=VECTOR('',#9022,1000.);
#4265=VECTOR('',#9023,1000.);
#4266=VECTOR('',#9024,1000.);
#4267=VECTOR('',#9025,1000.);
#4268=VECTOR('',#9028,1000.);
#4269=VECTOR('',#9031,1000.);
#4270=VECTOR('',#9032,1000.);
#4271=VECTOR('',#9033,1000.);
#4272=VECTOR('',#9034,1000.);
#4273=VECTOR('',#9035,1000.);
#4274=VECTOR('',#9036,1000.);
#4275=VECTOR('',#9037,1000.);
#4276=VECTOR('',#9038,1000.);
#4277=VECTOR('',#9039,1000.);
#4278=VECTOR('',#9040,1000.);
#4279=VECTOR('',#9041,1000.);
#4280=VECTOR('',#9042,1000.);
#4281=VECTOR('',#9043,1000.);
#4282=VECTOR('',#9046,1000.);
#4283=VECTOR('',#9047,1000.);
#4284=VECTOR('',#9048,1000.);
#4285=VECTOR('',#9049,1000.);
#4286=VECTOR('',#9052,1000.);
#4287=VECTOR('',#9055,1000.);
#4288=VECTOR('',#9064,1000.);
#4289=VECTOR('',#9065,1000.);
#4290=VECTOR('',#9068,1000.);
#4291=VECTOR('',#9069,1000.);
#4292=VECTOR('',#9074,1000.);
#4293=VECTOR('',#9077,1000.);
#4294=VECTOR('',#9078,1000.);
#4295=VECTOR('',#9081,1000.);
#4296=VECTOR('',#9082,1000.);
#4297=VECTOR('',#9083,1000.);
#4298=VECTOR('',#9084,1000.);
#4299=VECTOR('',#9085,1000.);
#4300=VECTOR('',#9094,1000.);
#4301=VECTOR('',#9101,1000.);
#4302=VECTOR('',#9104,1000.);
#4303=VECTOR('',#9105,1000.);
#4304=VECTOR('',#9106,1000.);
#4305=VECTOR('',#9113,1000.);
#4306=VECTOR('',#9116,1000.);
#4307=VECTOR('',#9119,1000.);
#4308=VECTOR('',#9120,1000.);
#4309=VECTOR('',#9121,1000.);
#4310=VECTOR('',#9126,1000.);
#4311=VECTOR('',#9127,1000.);
#4312=VECTOR('',#9128,1000.);
#4313=VECTOR('',#9131,1000.);
#4314=VECTOR('',#9132,1000.);
#4315=VECTOR('',#9133,1000.);
#4316=VECTOR('',#9134,1000.);
#4317=VECTOR('',#9139,1000.);
#4318=VECTOR('',#9140,1000.);
#4319=VECTOR('',#9145,1000.);
#4320=VECTOR('',#9146,1000.);
#4321=VECTOR('',#9151,1000.);
#4322=VECTOR('',#9158,1000.);
#4323=VECTOR('',#9159,1000.);
#4324=VECTOR('',#9162,1000.);
#4325=VECTOR('',#9163,1000.);
#4326=VECTOR('',#9164,1000.);
#4327=VECTOR('',#9167,1000.);
#4328=VECTOR('',#9168,1000.);
#4329=VECTOR('',#9171,1000.);
#4330=VECTOR('',#9172,1000.);
#4331=VECTOR('',#9179,1000.);
#4332=VECTOR('',#9184,1000.);
#4333=VECTOR('',#9191,1000.);
#4334=VECTOR('',#9192,1000.);
#4335=VECTOR('',#9195,1000.);
#4336=VECTOR('',#9198,1000.);
#4337=VECTOR('',#9201,1000.);
#4338=VECTOR('',#9202,1000.);
#4339=VECTOR('',#9205,1000.);
#4340=VECTOR('',#9214,1000.);
#4341=VECTOR('',#9217,1000.);
#4342=VECTOR('',#9218,1000.);
#4343=VECTOR('',#9221,1000.);
#4344=VECTOR('',#9222,1000.);
#4345=VECTOR('',#9223,1000.);
#4346=VECTOR('',#9226,1000.);
#4347=VECTOR('',#9227,1000.);
#4348=VECTOR('',#9228,1000.);
#4349=VECTOR('',#9229,1000.);
#4350=VECTOR('',#9232,1000.);
#4351=VECTOR('',#9237,1000.);
#4352=VECTOR('',#9238,1000.);
#4353=VECTOR('',#9241,1000.);
#4354=VECTOR('',#9246,1000.);
#4355=VECTOR('',#9247,1000.);
#4356=VECTOR('',#9248,1000.);
#4357=VECTOR('',#9251,1000.);
#4358=VECTOR('',#9254,1000.);
#4359=VECTOR('',#9257,1000.);
#4360=VECTOR('',#9260,1000.);
#4361=VECTOR('',#9263,1000.);
#4362=VECTOR('',#9268,1000.);
#4363=VECTOR('',#9271,1000.);
#4364=VECTOR('',#9272,1000.);
#4365=VECTOR('',#9289,1000.);
#4366=VECTOR('',#9290,1000.);
#4367=VECTOR('',#9291,1000.);
#4368=VECTOR('',#9292,1000.);
#4369=VECTOR('',#9293,1000.);
#4370=VECTOR('',#9294,1000.);
#4371=VECTOR('',#9297,1000.);
#4372=VECTOR('',#9298,1000.);
#4373=VECTOR('',#9301,1000.);
#4374=VECTOR('',#9304,1000.);
#4375=VECTOR('',#9305,1000.);
#4376=VECTOR('',#9306,1000.);
#4377=VECTOR('',#9307,1000.);
#4378=VECTOR('',#9308,1000.);
#4379=VECTOR('',#9313,1000.);
#4380=VECTOR('',#9314,1000.);
#4381=VECTOR('',#9315,1000.);
#4382=VECTOR('',#9316,1000.);
#4383=VECTOR('',#9319,1000.);
#4384=VECTOR('',#9320,1000.);
#4385=VECTOR('',#9321,1000.);
#4386=VECTOR('',#9324,1000.);
#4387=VECTOR('',#9325,1000.);
#4388=VECTOR('',#9326,1000.);
#4389=VECTOR('',#9327,1000.);
#4390=VECTOR('',#9328,1000.);
#4391=VECTOR('',#9329,1000.);
#4392=VECTOR('',#9330,1000.);
#4393=VECTOR('',#9331,1000.);
#4394=VECTOR('',#9332,1000.);
#4395=VECTOR('',#9333,1000.);
#4396=VECTOR('',#9334,1000.);
#4397=VECTOR('',#9335,1000.);
#4398=VECTOR('',#9338,1000.);
#4399=VECTOR('',#9339,1000.);
#4400=VECTOR('',#9340,1000.);
#4401=VECTOR('',#9341,1000.);
#4402=VECTOR('',#9344,1000.);
#4403=VECTOR('',#9345,1000.);
#4404=VECTOR('',#9348,1000.);
#4405=VECTOR('',#9349,1000.);
#4406=VECTOR('',#9352,1000.);
#4407=VECTOR('',#9353,1000.);
#4408=VECTOR('',#9360,1000.);
#4409=VECTOR('',#9361,1000.);
#4410=VECTOR('',#9362,1000.);
#4411=VECTOR('',#9363,1000.);
#4412=VECTOR('',#9364,1000.);
#4413=VECTOR('',#9369,1000.);
#4414=VECTOR('',#9372,1000.);
#4415=VECTOR('',#9373,1000.);
#4416=VECTOR('',#9374,1000.);
#4417=VECTOR('',#9377,1000.);
#4418=VECTOR('',#9380,1000.);
#4419=VECTOR('',#9381,1000.);
#4420=VECTOR('',#9386,1000.);
#4421=VECTOR('',#9391,1000.);
#4422=VECTOR('',#9392,1000.);
#4423=VECTOR('',#9395,1000.);
#4424=VECTOR('',#9398,1000.);
#4425=VECTOR('',#9401,1000.);
#4426=VECTOR('',#9402,1000.);
#4427=VECTOR('',#9403,1000.);
#4428=VECTOR('',#9404,1000.);
#4429=VECTOR('',#9405,1000.);
#4430=VECTOR('',#9406,1000.);
#4431=VECTOR('',#9407,1000.);
#4432=VECTOR('',#9408,1000.);
#4433=VECTOR('',#9411,1000.);
#4434=VECTOR('',#9412,1000.);
#4435=VECTOR('',#9413,1000.);
#4436=VECTOR('',#9416,1000.);
#4437=VECTOR('',#9417,1000.);
#4438=VECTOR('',#9418,1000.);
#4439=VECTOR('',#9425,1000.);
#4440=VECTOR('',#9426,1000.);
#4441=VECTOR('',#9427,1000.);
#4442=VECTOR('',#9428,1000.);
#4443=VECTOR('',#9431,1000.);
#4444=VECTOR('',#9432,1000.);
#4445=VECTOR('',#9433,1000.);
#4446=VECTOR('',#9436,1000.);
#4447=VECTOR('',#9437,1000.);
#4448=VECTOR('',#9440,1000.);
#4449=VECTOR('',#9441,1000.);
#4450=VECTOR('',#9444,1000.);
#4451=VECTOR('',#9447,1000.);
#4452=VECTOR('',#9448,1000.);
#4453=VECTOR('',#9449,1000.);
#4454=VECTOR('',#9450,1000.);
#4455=VECTOR('',#9453,1000.);
#4456=VECTOR('',#9456,1000.);
#4457=VECTOR('',#9457,1000.);
#4458=VECTOR('',#9460,1000.);
#4459=VECTOR('',#9461,1000.);
#4460=VECTOR('',#9464,1000.);
#4461=VECTOR('',#9467,1000.);
#4462=VECTOR('',#9470,1000.);
#4463=VECTOR('',#9471,1000.);
#4464=VECTOR('',#9472,1000.);
#4465=VECTOR('',#9475,1000.);
#4466=VECTOR('',#9480,1000.);
#4467=VECTOR('',#9481,1000.);
#4468=VECTOR('',#9482,1000.);
#4469=VECTOR('',#9483,1000.);
#4470=VECTOR('',#9486,1000.);
#4471=VECTOR('',#9487,1000.);
#4472=VECTOR('',#9488,1000.);
#4473=VECTOR('',#9489,1000.);
#4474=VECTOR('',#9494,1000.);
#4475=VECTOR('',#9497,1000.);
#4476=VECTOR('',#9500,1000.);
#4477=VECTOR('',#9501,1000.);
#4478=VECTOR('',#9504,1000.);
#4479=VECTOR('',#9507,1000.);
#4480=VECTOR('',#9508,1000.);
#4481=VECTOR('',#9509,1000.);
#4482=VECTOR('',#9510,1000.);
#4483=VECTOR('',#9521,1000.);
#4484=VECTOR('',#9524,1000.);
#4485=VECTOR('',#9525,1000.);
#4486=VECTOR('',#9526,1000.);
#4487=VECTOR('',#9535,1000.);
#4488=VECTOR('',#9536,1000.);
#4489=VECTOR('',#9539,1000.);
#4490=VECTOR('',#9542,1000.);
#4491=VECTOR('',#9543,1000.);
#4492=VECTOR('',#9544,1000.);
#4493=VECTOR('',#9545,1000.);
#4494=VECTOR('',#9548,1000.);
#4495=VECTOR('',#9549,1000.);
#4496=VECTOR('',#9550,1000.);
#4497=VECTOR('',#9553,1000.);
#4498=VECTOR('',#9554,1000.);
#4499=VECTOR('',#9555,1000.);
#4500=VECTOR('',#9556,1000.);
#4501=VECTOR('',#9557,1000.);
#4502=VECTOR('',#9558,1000.);
#4503=VECTOR('',#9559,1000.);
#4504=VECTOR('',#9560,1000.);
#4505=VECTOR('',#9563,1000.);
#4506=VECTOR('',#9566,1000.);
#4507=VECTOR('',#9569,1000.);
#4508=VECTOR('',#9570,1000.);
#4509=VECTOR('',#9573,1000.);
#4510=VECTOR('',#9574,1000.);
#4511=VECTOR('',#9577,1000.);
#4512=VECTOR('',#9578,1000.);
#4513=VECTOR('',#9579,1000.);
#4514=VECTOR('',#9582,1000.);
#4515=VECTOR('',#9583,1000.);
#4516=VECTOR('',#9584,1000.);
#4517=VECTOR('',#9585,1000.);
#4518=VECTOR('',#9586,1000.);
#4519=VECTOR('',#9589,1000.);
#4520=VECTOR('',#9594,1000.);
#4521=VECTOR('',#9599,1000.);
#4522=VECTOR('',#9600,1000.);
#4523=VECTOR('',#9601,1000.);
#4524=VECTOR('',#9602,1000.);
#4525=VECTOR('',#9603,1000.);
#4526=VECTOR('',#9604,1000.);
#4527=VECTOR('',#9605,1000.);
#4528=VECTOR('',#9606,1000.);
#4529=VECTOR('',#9609,1000.);
#4530=VECTOR('',#9614,1000.);
#4531=VECTOR('',#9615,1000.);
#4532=VECTOR('',#9618,1000.);
#4533=VECTOR('',#9621,1000.);
#4534=VECTOR('',#9622,1000.);
#4535=VECTOR('',#9623,1000.);
#4536=VECTOR('',#9624,1000.);
#4537=VECTOR('',#9627,1000.);
#4538=VECTOR('',#9630,1000.);
#4539=VECTOR('',#9631,1000.);
#4540=VECTOR('',#9634,1000.);
#4541=VECTOR('',#9635,1000.);
#4542=VECTOR('',#9638,1000.);
#4543=VECTOR('',#9639,1000.);
#4544=VECTOR('',#9644,1000.);
#4545=VECTOR('',#9645,1000.);
#4546=VECTOR('',#9646,1000.);
#4547=VECTOR('',#9659,1000.);
#4548=VECTOR('',#9660,1000.);
#4549=VECTOR('',#9661,1000.);
#4550=VECTOR('',#9662,1000.);
#4551=VECTOR('',#9669,1000.);
#4552=VECTOR('',#9672,1000.);
#4553=VECTOR('',#9673,1000.);
#4554=VECTOR('',#9676,1000.);
#4555=VECTOR('',#9679,1000.);
#4556=VECTOR('',#9682,1000.);
#4557=VECTOR('',#9689,1000.);
#4558=VECTOR('',#9702,1000.);
#4559=VECTOR('',#9703,1000.);
#4560=VECTOR('',#9706,1000.);
#4561=VECTOR('',#9709,1000.);
#4562=VECTOR('',#9712,1000.);
#4563=VECTOR('',#9713,1000.);
#4564=VECTOR('',#9714,1000.);
#4565=VECTOR('',#9717,1000.);
#4566=VECTOR('',#9718,1000.);
#4567=VECTOR('',#9721,1000.);
#4568=VECTOR('',#9726,1000.);
#4569=VECTOR('',#9729,1000.);
#4570=VECTOR('',#9732,1000.);
#4571=VECTOR('',#9735,1000.);
#4572=VECTOR('',#9740,1000.);
#4573=VECTOR('',#9741,1000.);
#4574=VECTOR('',#9742,1000.);
#4575=VECTOR('',#9743,1000.);
#4576=VECTOR('',#9748,1000.);
#4577=VECTOR('',#9753,1000.);
#4578=VECTOR('',#9756,1000.);
#4579=VECTOR('',#9757,1000.);
#4580=VECTOR('',#9758,1000.);
#4581=VECTOR('',#9761,1000.);
#4582=VECTOR('',#9764,1000.);
#4583=VECTOR('',#9769,1000.);
#4584=VECTOR('',#9772,1000.);
#4585=VECTOR('',#9779,1000.);
#4586=VECTOR('',#9780,1000.);
#4587=EDGE_LOOP('',(#261,#262,#263,#264));
#4588=EDGE_LOOP('',(#265,#266,#267,#268,#269,#270,#271,#272,#273,#274,#275,
#276,#277,#278));
#4589=EDGE_LOOP('',(#279,#280,#281,#282));
#4590=EDGE_LOOP('',(#283,#284,#285,#286));
#4591=EDGE_LOOP('',(#287,#288,#289,#290));
#4592=EDGE_LOOP('',(#291,#292,#293,#294));
#4593=EDGE_LOOP('',(#295,#296,#297,#298,#299,#300,#301,#302,#303,#304,#305,
#306,#307,#308,#309,#310,#311));
#4594=EDGE_LOOP('',(#312,#313));
#4595=EDGE_LOOP('',(#314,#315));
#4596=EDGE_LOOP('',(#316,#317,#318,#319));
#4597=EDGE_LOOP('',(#320,#321,#322,#323));
#4598=EDGE_LOOP('',(#324,#325,#326,#327));
#4599=EDGE_LOOP('',(#328));
#4600=EDGE_LOOP('',(#329,#330,#331,#332,#333,#334,#335,#336));
#4601=EDGE_LOOP('',(#337,#338,#339,#340));
#4602=EDGE_LOOP('',(#341));
#4603=EDGE_LOOP('',(#342,#343,#344,#345));
#4604=EDGE_LOOP('',(#346,#347,#348,#349));
#4605=EDGE_LOOP('',(#350,#351,#352,#353));
#4606=EDGE_LOOP('',(#354,#355,#356,#357));
#4607=EDGE_LOOP('',(#358,#359,#360,#361));
#4608=EDGE_LOOP('',(#362,#363,#364,#365));
#4609=EDGE_LOOP('',(#366,#367,#368,#369));
#4610=EDGE_LOOP('',(#370,#371,#372));
#4611=EDGE_LOOP('',(#373,#374,#375,#376));
#4612=EDGE_LOOP('',(#377,#378,#379,#380));
#4613=EDGE_LOOP('',(#381,#382,#383,#384));
#4614=EDGE_LOOP('',(#385,#386,#387,#388));
#4615=EDGE_LOOP('',(#389,#390,#391,#392));
#4616=EDGE_LOOP('',(#393,#394,#395,#396));
#4617=EDGE_LOOP('',(#397,#398,#399,#400));
#4618=EDGE_LOOP('',(#401,#402,#403,#404));
#4619=EDGE_LOOP('',(#405,#406,#407,#408));
#4620=EDGE_LOOP('',(#409,#410,#411,#412,#413,#414,#415,#416));
#4621=EDGE_LOOP('',(#417,#418,#419,#420));
#4622=EDGE_LOOP('',(#421,#422,#423,#424));
#4623=EDGE_LOOP('',(#425,#426,#427,#428));
#4624=EDGE_LOOP('',(#429,#430,#431,#432));
#4625=EDGE_LOOP('',(#433,#434,#435,#436,#437,#438,#439,#440));
#4626=EDGE_LOOP('',(#441,#442,#443,#444));
#4627=EDGE_LOOP('',(#445,#446,#447,#448));
#4628=EDGE_LOOP('',(#449,#450,#451,#452,#453,#454,#455));
#4629=EDGE_LOOP('',(#456,#457,#458,#459));
#4630=EDGE_LOOP('',(#460,#461,#462,#463));
#4631=EDGE_LOOP('',(#464,#465,#466,#467));
#4632=EDGE_LOOP('',(#468,#469,#470,#471));
#4633=EDGE_LOOP('',(#472,#473,#474,#475));
#4634=EDGE_LOOP('',(#476,#477,#478,#479));
#4635=EDGE_LOOP('',(#480,#481,#482,#483));
#4636=EDGE_LOOP('',(#484,#485,#486,#487,#488,#489,#490,#491,#492,#493,#494));
#4637=EDGE_LOOP('',(#495,#496,#497,#498,#499,#500,#501,#502,#503,#504,#505,
#506,#507,#508,#509,#510));
#4638=EDGE_LOOP('',(#511,#512,#513,#514,#515));
#4639=EDGE_LOOP('',(#516,#517,#518,#519,#520,#521,#522,#523));
#4640=EDGE_LOOP('',(#524,#525,#526,#527,#528));
#4641=EDGE_LOOP('',(#529,#530,#531,#532));
#4642=EDGE_LOOP('',(#533,#534,#535,#536,#537,#538,#539,#540));
#4643=EDGE_LOOP('',(#541,#542,#543,#544,#545,#546,#547,#548,#549,#550,#551,
#552,#553,#554,#555,#556));
#4644=EDGE_LOOP('',(#557,#558,#559,#560,#561,#562));
#4645=EDGE_LOOP('',(#563,#564,#565,#566));
#4646=EDGE_LOOP('',(#567,#568));
#4647=EDGE_LOOP('',(#569,#570,#571,#572,#573,#574));
#4648=EDGE_LOOP('',(#575,#576,#577,#578,#579,#580));
#4649=EDGE_LOOP('',(#581,#582));
#4650=EDGE_LOOP('',(#583,#584,#585,#586));
#4651=EDGE_LOOP('',(#587,#588,#589,#590,#591,#592,#593,#594,#595,#596,#597,
#598,#599,#600));
#4652=EDGE_LOOP('',(#601,#602));
#4653=EDGE_LOOP('',(#603,#604,#605,#606,#607,#608));
#4654=EDGE_LOOP('',(#609,#610,#611));
#4655=EDGE_LOOP('',(#612,#613,#614,#615));
#4656=EDGE_LOOP('',(#616,#617,#618,#619,#620,#621));
#4657=EDGE_LOOP('',(#622,#623,#624,#625));
#4658=EDGE_LOOP('',(#626,#627,#628,#629));
#4659=EDGE_LOOP('',(#630,#631,#632,#633,#634,#635));
#4660=EDGE_LOOP('',(#636,#637,#638,#639));
#4661=EDGE_LOOP('',(#640,#641,#642,#643,#644));
#4662=EDGE_LOOP('',(#645,#646,#647,#648,#649,#650));
#4663=EDGE_LOOP('',(#651,#652,#653,#654,#655,#656,#657,#658));
#4664=EDGE_LOOP('',(#659,#660,#661,#662,#663));
#4665=EDGE_LOOP('',(#664,#665,#666,#667));
#4666=EDGE_LOOP('',(#668,#669,#670,#671));
#4667=EDGE_LOOP('',(#672,#673,#674,#675));
#4668=EDGE_LOOP('',(#676,#677,#678,#679,#680,#681,#682,#683,#684,#685,#686,
#687,#688,#689,#690,#691));
#4669=EDGE_LOOP('',(#692,#693,#694,#695,#696,#697,#698,#699));
#4670=EDGE_LOOP('',(#700,#701,#702,#703));
#4671=EDGE_LOOP('',(#704,#705,#706,#707));
#4672=EDGE_LOOP('',(#708,#709,#710,#711));
#4673=EDGE_LOOP('',(#712,#713,#714,#715));
#4674=EDGE_LOOP('',(#716,#717,#718,#719,#720,#721,#722));
#4675=EDGE_LOOP('',(#723,#724,#725,#726));
#4676=EDGE_LOOP('',(#727,#728,#729,#730,#731,#732));
#4677=EDGE_LOOP('',(#733,#734,#735,#736));
#4678=EDGE_LOOP('',(#737,#738,#739,#740));
#4679=EDGE_LOOP('',(#741,#742,#743,#744,#745,#746,#747,#748,#749,#750,#751,
#752,#753,#754));
#4680=EDGE_LOOP('',(#755,#756,#757,#758,#759,#760));
#4681=EDGE_LOOP('',(#761,#762,#763,#764));
#4682=EDGE_LOOP('',(#765,#766,#767));
#4683=EDGE_LOOP('',(#768,#769,#770,#771,#772,#773,#774));
#4684=EDGE_LOOP('',(#775,#776,#777,#778,#779,#780,#781,#782));
#4685=EDGE_LOOP('',(#783,#784,#785,#786));
#4686=EDGE_LOOP('',(#787,#788,#789,#790,#791,#792));
#4687=EDGE_LOOP('',(#793,#794,#795,#796,#797,#798));
#4688=EDGE_LOOP('',(#799,#800,#801,#802,#803,#804,#805,#806));
#4689=EDGE_LOOP('',(#807,#808,#809,#810,#811,#812,#813,#814,#815,#816,#817,
#818,#819,#820,#821,#822,#823));
#4690=EDGE_LOOP('',(#824));
#4691=EDGE_LOOP('',(#825,#826,#827,#828));
#4692=EDGE_LOOP('',(#829,#830,#831,#832));
#4693=EDGE_LOOP('',(#833,#834,#835,#836));
#4694=EDGE_LOOP('',(#837,#838,#839,#840));
#4695=EDGE_LOOP('',(#841,#842,#843,#844,#845,#846,#847,#848));
#4696=EDGE_LOOP('',(#849,#850,#851,#852,#853,#854,#855,#856,#857,#858,#859,
#860,#861,#862,#863,#864));
#4697=EDGE_LOOP('',(#865,#866,#867,#868,#869));
#4698=EDGE_LOOP('',(#870,#871,#872,#873));
#4699=EDGE_LOOP('',(#874,#875,#876,#877));
#4700=EDGE_LOOP('',(#878,#879,#880,#881));
#4701=EDGE_LOOP('',(#882,#883,#884,#885));
#4702=EDGE_LOOP('',(#886,#887,#888,#889));
#4703=EDGE_LOOP('',(#890,#891,#892,#893));
#4704=EDGE_LOOP('',(#894,#895,#896,#897,#898,#899,#900,#901,#902,#903,#904));
#4705=EDGE_LOOP('',(#905,#906,#907,#908));
#4706=EDGE_LOOP('',(#909,#910,#911,#912));
#4707=EDGE_LOOP('',(#913,#914,#915,#916));
#4708=EDGE_LOOP('',(#917,#918,#919,#920));
#4709=EDGE_LOOP('',(#921,#922,#923,#924,#925,#926,#927,#928));
#4710=EDGE_LOOP('',(#929,#930,#931,#932));
#4711=EDGE_LOOP('',(#933,#934,#935,#936));
#4712=EDGE_LOOP('',(#937,#938,#939,#940,#941,#942));
#4713=EDGE_LOOP('',(#943,#944));
#4714=EDGE_LOOP('',(#945,#946,#947,#948));
#4715=EDGE_LOOP('',(#949,#950,#951,#952,#953,#954,#955,#956,#957,#958,#959,
#960,#961,#962,#963,#964));
#4716=EDGE_LOOP('',(#965,#966,#967,#968,#969,#970));
#4717=EDGE_LOOP('',(#971,#972,#973,#974));
#4718=EDGE_LOOP('',(#975,#976,#977,#978,#979,#980));
#4719=EDGE_LOOP('',(#981,#982,#983,#984,#985,#986,#987,#988));
#4720=EDGE_LOOP('',(#989,#990,#991,#992,#993));
#4721=EDGE_LOOP('',(#994,#995,#996,#997));
#4722=EDGE_LOOP('',(#998,#999,#1000,#1001));
#4723=EDGE_LOOP('',(#1002,#1003,#1004,#1005));
#4724=EDGE_LOOP('',(#1006,#1007,#1008,#1009,#1010,#1011,#1012,#1013));
#4725=EDGE_LOOP('',(#1014,#1015,#1016,#1017));
#4726=EDGE_LOOP('',(#1018,#1019,#1020,#1021,#1022,#1023,#1024,#1025,#1026,
#1027,#1028,#1029,#1030,#1031));
#4727=EDGE_LOOP('',(#1032,#1033,#1034,#1035));
#4728=EDGE_LOOP('',(#1036,#1037,#1038,#1039,#1040,#1041,#1042,#1043,#1044,
#1045,#1046,#1047,#1048,#1049));
#4729=EDGE_LOOP('',(#1050,#1051,#1052,#1053));
#4730=EDGE_LOOP('',(#1054));
#4731=EDGE_LOOP('',(#1055,#1056,#1057,#1058,#1059,#1060,#1061,#1062));
#4732=EDGE_LOOP('',(#1063,#1064,#1065,#1066));
#4733=EDGE_LOOP('',(#1067,#1068,#1069,#1070));
#4734=EDGE_LOOP('',(#1071,#1072,#1073,#1074));
#4735=EDGE_LOOP('',(#1075,#1076,#1077,#1078));
#4736=EDGE_LOOP('',(#1079,#1080,#1081,#1082,#1083,#1084));
#4737=EDGE_LOOP('',(#1085,#1086,#1087,#1088));
#4738=EDGE_LOOP('',(#1089,#1090,#1091,#1092));
#4739=EDGE_LOOP('',(#1093,#1094,#1095,#1096));
#4740=EDGE_LOOP('',(#1097,#1098,#1099,#1100));
#4741=EDGE_LOOP('',(#1101,#1102,#1103,#1104));
#4742=EDGE_LOOP('',(#1105,#1106,#1107,#1108,#1109,#1110,#1111));
#4743=EDGE_LOOP('',(#1112,#1113,#1114,#1115));
#4744=EDGE_LOOP('',(#1116,#1117,#1118,#1119,#1120,#1121,#1122,#1123));
#4745=EDGE_LOOP('',(#1124,#1125,#1126,#1127));
#4746=EDGE_LOOP('',(#1128,#1129,#1130,#1131,#1132,#1133));
#4747=EDGE_LOOP('',(#1134,#1135,#1136,#1137));
#4748=EDGE_LOOP('',(#1138,#1139));
#4749=EDGE_LOOP('',(#1140,#1141,#1142,#1143,#1144,#1145));
#4750=EDGE_LOOP('',(#1146,#1147,#1148,#1149,#1150));
#4751=EDGE_LOOP('',(#1151,#1152,#1153,#1154));
#4752=EDGE_LOOP('',(#1155,#1156,#1157,#1158,#1159,#1160,#1161,#1162,#1163,
#1164,#1165,#1166,#1167,#1168));
#4753=EDGE_LOOP('',(#1169,#1170));
#4754=EDGE_LOOP('',(#1171,#1172,#1173,#1174,#1175,#1176));
#4755=EDGE_LOOP('',(#1177,#1178,#1179));
#4756=EDGE_LOOP('',(#1180,#1181,#1182,#1183,#1184,#1185,#1186,#1187));
#4757=EDGE_LOOP('',(#1188,#1189,#1190,#1191));
#4758=EDGE_LOOP('',(#1192,#1193,#1194,#1195,#1196,#1197,#1198,#1199,#1200,
#1201,#1202,#1203,#1204,#1205,#1206,#1207));
#4759=EDGE_LOOP('',(#1208,#1209,#1210,#1211,#1212,#1213,#1214,#1215));
#4760=EDGE_LOOP('',(#1216,#1217,#1218,#1219));
#4761=EDGE_LOOP('',(#1220,#1221));
#4762=EDGE_LOOP('',(#1222,#1223,#1224,#1225));
#4763=EDGE_LOOP('',(#1226,#1227,#1228,#1229));
#4764=EDGE_LOOP('',(#1230,#1231,#1232,#1233));
#4765=EDGE_LOOP('',(#1234,#1235));
#4766=EDGE_LOOP('',(#1236,#1237,#1238,#1239));
#4767=EDGE_LOOP('',(#1240,#1241,#1242,#1243));
#4768=EDGE_LOOP('',(#1244,#1245,#1246));
#4769=EDGE_LOOP('',(#1247,#1248,#1249,#1250));
#4770=EDGE_LOOP('',(#1251,#1252,#1253,#1254,#1255,#1256));
#4771=EDGE_LOOP('',(#1257,#1258,#1259,#1260));
#4772=EDGE_LOOP('',(#1261,#1262,#1263,#1264));
#4773=EDGE_LOOP('',(#1265,#1266,#1267,#1268,#1269,#1270,#1271));
#4774=EDGE_LOOP('',(#1272,#1273,#1274,#1275));
#4775=EDGE_LOOP('',(#1276,#1277,#1278,#1279));
#4776=EDGE_LOOP('',(#1280,#1281,#1282,#1283));
#4777=EDGE_LOOP('',(#1284,#1285,#1286,#1287));
#4778=EDGE_LOOP('',(#1288,#1289,#1290,#1291,#1292,#1293));
#4779=EDGE_LOOP('',(#1294,#1295,#1296,#1297,#1298,#1299));
#4780=EDGE_LOOP('',(#1300,#1301,#1302,#1303));
#4781=EDGE_LOOP('',(#1304,#1305,#1306));
#4782=EDGE_LOOP('',(#1307,#1308,#1309,#1310,#1311,#1312,#1313));
#4783=EDGE_LOOP('',(#1314,#1315,#1316,#1317));
#4784=EDGE_LOOP('',(#1318,#1319,#1320,#1321,#1322));
#4785=EDGE_LOOP('',(#1323,#1324,#1325,#1326));
#4786=EDGE_LOOP('',(#1327,#1328,#1329,#1330));
#4787=EDGE_LOOP('',(#1331,#1332,#1333,#1334));
#4788=EDGE_LOOP('',(#1335,#1336,#1337,#1338,#1339,#1340));
#4789=EDGE_LOOP('',(#1341,#1342,#1343,#1344));
#4790=EDGE_LOOP('',(#1345,#1346,#1347,#1348,#1349,#1350,#1351,#1352));
#4791=EDGE_LOOP('',(#1353,#1354,#1355,#1356,#1357,#1358,#1359,#1360,#1361,
#1362,#1363,#1364,#1365,#1366,#1367,#1368,#1369));
#4792=EDGE_LOOP('',(#1370));
#4793=EDGE_LOOP('',(#1371,#1372,#1373,#1374));
#4794=EDGE_LOOP('',(#1375,#1376,#1377,#1378));
#4795=EDGE_LOOP('',(#1379,#1380,#1381,#1382,#1383,#1384,#1385,#1386,#1387,
#1388,#1389,#1390,#1391,#1392));
#4796=EDGE_LOOP('',(#1393,#1394,#1395,#1396));
#4797=EDGE_LOOP('',(#1397,#1398,#1399,#1400));
#4798=EDGE_LOOP('',(#1401,#1402,#1403,#1404));
#4799=EDGE_LOOP('',(#1405,#1406,#1407,#1408));
#4800=EDGE_LOOP('',(#1409,#1410));
#4801=EDGE_LOOP('',(#1411,#1412,#1413,#1414,#1415,#1416));
#4802=EDGE_LOOP('',(#1417,#1418,#1419));
#4803=EDGE_LOOP('',(#1420,#1421,#1422,#1423,#1424,#1425,#1426,#1427));
#4804=EDGE_LOOP('',(#1428,#1429,#1430,#1431));
#4805=EDGE_LOOP('',(#1432,#1433,#1434,#1435,#1436,#1437,#1438,#1439,#1440,
#1441,#1442,#1443,#1444,#1445,#1446,#1447));
#4806=EDGE_LOOP('',(#1448,#1449,#1450,#1451));
#4807=EDGE_LOOP('',(#1452,#1453,#1454,#1455));
#4808=EDGE_LOOP('',(#1456,#1457,#1458,#1459));
#4809=EDGE_LOOP('',(#1460,#1461,#1462,#1463));
#4810=EDGE_LOOP('',(#1464,#1465,#1466,#1467));
#4811=EDGE_LOOP('',(#1468,#1469,#1470,#1471));
#4812=EDGE_LOOP('',(#1472,#1473,#1474,#1475));
#4813=EDGE_LOOP('',(#1476,#1477,#1478,#1479,#1480,#1481,#1482,#1483,#1484,
#1485,#1486));
#4814=EDGE_LOOP('',(#1487,#1488,#1489,#1490));
#4815=EDGE_LOOP('',(#1491,#1492,#1493,#1494));
#4816=EDGE_LOOP('',(#1495,#1496,#1497,#1498,#1499,#1500,#1501,#1502,#1503,
#1504,#1505,#1506,#1507,#1508,#1509,#1510));
#4817=EDGE_LOOP('',(#1511,#1512,#1513,#1514));
#4818=EDGE_LOOP('',(#1515,#1516,#1517,#1518,#1519,#1520));
#4819=EDGE_LOOP('',(#1521,#1522,#1523,#1524));
#4820=EDGE_LOOP('',(#1525,#1526,#1527,#1528));
#4821=EDGE_LOOP('',(#1529,#1530,#1531,#1532));
#4822=EDGE_LOOP('',(#1533,#1534,#1535,#1536));
#4823=EDGE_LOOP('',(#1537,#1538));
#4824=EDGE_LOOP('',(#1539,#1540,#1541,#1542));
#4825=EDGE_LOOP('',(#1543,#1544,#1545,#1546));
#4826=EDGE_LOOP('',(#1547,#1548));
#4827=EDGE_LOOP('',(#1549));
#4828=EDGE_LOOP('',(#1550,#1551,#1552,#1553,#1554,#1555,#1556,#1557));
#4829=EDGE_LOOP('',(#1558,#1559,#1560,#1561));
#4830=EDGE_LOOP('',(#1562,#1563,#1564,#1565));
#4831=EDGE_LOOP('',(#1566,#1567,#1568,#1569));
#4832=EDGE_LOOP('',(#1570,#1571,#1572,#1573));
#4833=EDGE_LOOP('',(#1574,#1575,#1576,#1577,#1578,#1579,#1580,#1581,#1582,
#1583,#1584,#1585,#1586,#1587));
#4834=EDGE_LOOP('',(#1588,#1589,#1590,#1591,#1592,#1593));
#4835=EDGE_LOOP('',(#1594,#1595,#1596,#1597));
#4836=EDGE_LOOP('',(#1598,#1599,#1600));
#4837=EDGE_LOOP('',(#1601,#1602,#1603,#1604,#1605,#1606,#1607));
#4838=EDGE_LOOP('',(#1608,#1609,#1610,#1611,#1612,#1613,#1614,#1615));
#4839=EDGE_LOOP('',(#1616,#1617,#1618,#1619,#1620,#1621,#1622));
#4840=EDGE_LOOP('',(#1623,#1624,#1625));
#4841=EDGE_LOOP('',(#1626,#1627,#1628,#1629));
#4842=EDGE_LOOP('',(#1630,#1631,#1632,#1633));
#4843=EDGE_LOOP('',(#1634,#1635,#1636,#1637,#1638,#1639,#1640,#1641,#1642,
#1643,#1644,#1645,#1646,#1647,#1648,#1649));
#4844=EDGE_LOOP('',(#1650,#1651,#1652,#1653,#1654));
#4845=EDGE_LOOP('',(#1655,#1656,#1657,#1658,#1659,#1660,#1661,#1662));
#4846=EDGE_LOOP('',(#1663,#1664,#1665,#1666));
#4847=EDGE_LOOP('',(#1667,#1668,#1669,#1670));
#4848=EDGE_LOOP('',(#1671,#1672,#1673,#1674));
#4849=EDGE_LOOP('',(#1675,#1676,#1677,#1678,#1679,#1680,#1681,#1682));
#4850=EDGE_LOOP('',(#1683,#1684,#1685,#1686));
#4851=EDGE_LOOP('',(#1687,#1688,#1689,#1690));
#4852=EDGE_LOOP('',(#1691,#1692,#1693,#1694,#1695,#1696));
#4853=EDGE_LOOP('',(#1697,#1698));
#4854=EDGE_LOOP('',(#1699,#1700,#1701,#1702));
#4855=EDGE_LOOP('',(#1703,#1704,#1705,#1706,#1707,#1708));
#4856=EDGE_LOOP('',(#1709,#1710,#1711,#1712));
#4857=EDGE_LOOP('',(#1713,#1714,#1715,#1716,#1717,#1718));
#4858=EDGE_LOOP('',(#1719,#1720,#1721,#1722));
#4859=EDGE_LOOP('',(#1723,#1724,#1725,#1726,#1727,#1728));
#4860=EDGE_LOOP('',(#1729,#1730,#1731,#1732,#1733));
#4861=EDGE_LOOP('',(#1734,#1735,#1736,#1737,#1738,#1739));
#4862=EDGE_LOOP('',(#1740,#1741,#1742,#1743));
#4863=EDGE_LOOP('',(#1744,#1745,#1746,#1747));
#4864=EDGE_LOOP('',(#1748,#1749,#1750,#1751));
#4865=EDGE_LOOP('',(#1752,#1753,#1754,#1755));
#4866=EDGE_LOOP('',(#1756,#1757,#1758,#1759));
#4867=EDGE_LOOP('',(#1760,#1761,#1762,#1763));
#4868=EDGE_LOOP('',(#1764,#1765,#1766,#1767));
#4869=EDGE_LOOP('',(#1768,#1769,#1770,#1771));
#4870=EDGE_LOOP('',(#1772,#1773,#1774,#1775,#1776,#1777,#1778));
#4871=EDGE_LOOP('',(#1779,#1780,#1781,#1782));
#4872=EDGE_LOOP('',(#1783,#1784,#1785,#1786,#1787,#1788));
#4873=EDGE_LOOP('',(#1789,#1790,#1791,#1792,#1793,#1794));
#4874=EDGE_LOOP('',(#1795,#1796,#1797,#1798,#1799,#1800,#1801,#1802));
#4875=EDGE_LOOP('',(#1803,#1804,#1805,#1806));
#4876=EDGE_LOOP('',(#1807,#1808,#1809,#1810));
#4877=EDGE_LOOP('',(#1811,#1812,#1813,#1814));
#4878=EDGE_LOOP('',(#1815,#1816,#1817,#1818));
#4879=EDGE_LOOP('',(#1819,#1820,#1821,#1822,#1823));
#4880=EDGE_LOOP('',(#1824,#1825));
#4881=EDGE_LOOP('',(#1826,#1827,#1828,#1829));
#4882=EDGE_LOOP('',(#1830,#1831,#1832,#1833));
#4883=EDGE_LOOP('',(#1834,#1835,#1836,#1837,#1838,#1839,#1840,#1841,#1842,
#1843,#1844,#1845,#1846,#1847));
#4884=EDGE_LOOP('',(#1848,#1849,#1850,#1851,#1852,#1853,#1854,#1855));
#4885=EDGE_LOOP('',(#1856,#1857,#1858,#1859));
#4886=EDGE_LOOP('',(#1860,#1861,#1862,#1863,#1864));
#4887=EDGE_LOOP('',(#1865,#1866,#1867,#1868,#1869,#1870));
#4888=EDGE_LOOP('',(#1871,#1872,#1873,#1874));
#4889=EDGE_LOOP('',(#1875,#1876,#1877,#1878));
#4890=EDGE_LOOP('',(#1879,#1880,#1881,#1882));
#4891=EDGE_LOOP('',(#1883,#1884,#1885,#1886,#1887,#1888,#1889,#1890));
#4892=EDGE_LOOP('',(#1891,#1892,#1893,#1894,#1895,#1896,#1897,#1898));
#4893=FACE_BOUND('',#4587,.T.);
#4894=FACE_BOUND('',#4588,.T.);
#4895=FACE_BOUND('',#4589,.T.);
#4896=FACE_BOUND('',#4590,.T.);
#4897=FACE_BOUND('',#4591,.T.);
#4898=FACE_BOUND('',#4592,.T.);
#4899=FACE_BOUND('',#4593,.T.);
#4900=FACE_BOUND('',#4594,.T.);
#4901=FACE_BOUND('',#4595,.T.);
#4902=FACE_BOUND('',#4596,.T.);
#4903=FACE_BOUND('',#4597,.T.);
#4904=FACE_BOUND('',#4598,.T.);
#4905=FACE_BOUND('',#4599,.T.);
#4906=FACE_BOUND('',#4600,.T.);
#4907=FACE_BOUND('',#4601,.T.);
#4908=FACE_BOUND('',#4602,.T.);
#4909=FACE_BOUND('',#4603,.T.);
#4910=FACE_BOUND('',#4604,.T.);
#4911=FACE_BOUND('',#4605,.T.);
#4912=FACE_BOUND('',#4606,.T.);
#4913=FACE_BOUND('',#4607,.T.);
#4914=FACE_BOUND('',#4608,.T.);
#4915=FACE_BOUND('',#4609,.T.);
#4916=FACE_BOUND('',#4610,.T.);
#4917=FACE_BOUND('',#4611,.T.);
#4918=FACE_BOUND('',#4612,.T.);
#4919=FACE_BOUND('',#4613,.T.);
#4920=FACE_BOUND('',#4614,.T.);
#4921=FACE_BOUND('',#4615,.T.);
#4922=FACE_BOUND('',#4616,.T.);
#4923=FACE_BOUND('',#4617,.T.);
#4924=FACE_BOUND('',#4618,.T.);
#4925=FACE_BOUND('',#4619,.T.);
#4926=FACE_BOUND('',#4620,.T.);
#4927=FACE_BOUND('',#4621,.T.);
#4928=FACE_BOUND('',#4622,.T.);
#4929=FACE_BOUND('',#4623,.T.);
#4930=FACE_BOUND('',#4624,.T.);
#4931=FACE_BOUND('',#4625,.T.);
#4932=FACE_BOUND('',#4626,.T.);
#4933=FACE_BOUND('',#4627,.T.);
#4934=FACE_BOUND('',#4628,.T.);
#4935=FACE_BOUND('',#4629,.T.);
#4936=FACE_BOUND('',#4630,.T.);
#4937=FACE_BOUND('',#4631,.T.);
#4938=FACE_BOUND('',#4632,.T.);
#4939=FACE_BOUND('',#4633,.T.);
#4940=FACE_BOUND('',#4634,.T.);
#4941=FACE_BOUND('',#4635,.T.);
#4942=FACE_BOUND('',#4636,.T.);
#4943=FACE_BOUND('',#4637,.T.);
#4944=FACE_BOUND('',#4638,.T.);
#4945=FACE_BOUND('',#4639,.T.);
#4946=FACE_BOUND('',#4640,.T.);
#4947=FACE_BOUND('',#4641,.T.);
#4948=FACE_BOUND('',#4642,.T.);
#4949=FACE_BOUND('',#4643,.T.);
#4950=FACE_BOUND('',#4644,.T.);
#4951=FACE_BOUND('',#4645,.T.);
#4952=FACE_BOUND('',#4646,.T.);
#4953=FACE_BOUND('',#4647,.T.);
#4954=FACE_BOUND('',#4648,.T.);
#4955=FACE_BOUND('',#4649,.T.);
#4956=FACE_BOUND('',#4650,.T.);
#4957=FACE_BOUND('',#4651,.T.);
#4958=FACE_BOUND('',#4652,.T.);
#4959=FACE_BOUND('',#4653,.T.);
#4960=FACE_BOUND('',#4654,.T.);
#4961=FACE_BOUND('',#4655,.T.);
#4962=FACE_BOUND('',#4656,.T.);
#4963=FACE_BOUND('',#4657,.T.);
#4964=FACE_BOUND('',#4658,.T.);
#4965=FACE_BOUND('',#4659,.T.);
#4966=FACE_BOUND('',#4660,.T.);
#4967=FACE_BOUND('',#4661,.T.);
#4968=FACE_BOUND('',#4662,.T.);
#4969=FACE_BOUND('',#4663,.T.);
#4970=FACE_BOUND('',#4664,.T.);
#4971=FACE_BOUND('',#4665,.T.);
#4972=FACE_BOUND('',#4666,.T.);
#4973=FACE_BOUND('',#4667,.T.);
#4974=FACE_BOUND('',#4668,.T.);
#4975=FACE_BOUND('',#4669,.T.);
#4976=FACE_BOUND('',#4670,.T.);
#4977=FACE_BOUND('',#4671,.T.);
#4978=FACE_BOUND('',#4672,.T.);
#4979=FACE_BOUND('',#4673,.T.);
#4980=FACE_BOUND('',#4674,.T.);
#4981=FACE_BOUND('',#4675,.T.);
#4982=FACE_BOUND('',#4676,.T.);
#4983=FACE_BOUND('',#4677,.T.);
#4984=FACE_BOUND('',#4678,.T.);
#4985=FACE_BOUND('',#4679,.T.);
#4986=FACE_BOUND('',#4680,.T.);
#4987=FACE_BOUND('',#4681,.T.);
#4988=FACE_BOUND('',#4682,.T.);
#4989=FACE_BOUND('',#4683,.T.);
#4990=FACE_BOUND('',#4684,.T.);
#4991=FACE_BOUND('',#4685,.T.);
#4992=FACE_BOUND('',#4686,.T.);
#4993=FACE_BOUND('',#4687,.T.);
#4994=FACE_BOUND('',#4688,.T.);
#4995=FACE_BOUND('',#4689,.T.);
#4996=FACE_BOUND('',#4690,.T.);
#4997=FACE_BOUND('',#4691,.T.);
#4998=FACE_BOUND('',#4692,.T.);
#4999=FACE_BOUND('',#4693,.T.);
#5000=FACE_BOUND('',#4694,.T.);
#5001=FACE_BOUND('',#4695,.T.);
#5002=FACE_BOUND('',#4696,.T.);
#5003=FACE_BOUND('',#4697,.T.);
#5004=FACE_BOUND('',#4698,.T.);
#5005=FACE_BOUND('',#4699,.T.);
#5006=FACE_BOUND('',#4700,.T.);
#5007=FACE_BOUND('',#4701,.T.);
#5008=FACE_BOUND('',#4702,.T.);
#5009=FACE_BOUND('',#4703,.T.);
#5010=FACE_BOUND('',#4704,.T.);
#5011=FACE_BOUND('',#4705,.T.);
#5012=FACE_BOUND('',#4706,.T.);
#5013=FACE_BOUND('',#4707,.T.);
#5014=FACE_BOUND('',#4708,.T.);
#5015=FACE_BOUND('',#4709,.T.);
#5016=FACE_BOUND('',#4710,.T.);
#5017=FACE_BOUND('',#4711,.T.);
#5018=FACE_BOUND('',#4712,.T.);
#5019=FACE_BOUND('',#4713,.T.);
#5020=FACE_BOUND('',#4714,.T.);
#5021=FACE_BOUND('',#4715,.T.);
#5022=FACE_BOUND('',#4716,.T.);
#5023=FACE_BOUND('',#4717,.T.);
#5024=FACE_BOUND('',#4718,.T.);
#5025=FACE_BOUND('',#4719,.T.);
#5026=FACE_BOUND('',#4720,.T.);
#5027=FACE_BOUND('',#4721,.T.);
#5028=FACE_BOUND('',#4722,.T.);
#5029=FACE_BOUND('',#4723,.T.);
#5030=FACE_BOUND('',#4724,.T.);
#5031=FACE_BOUND('',#4725,.T.);
#5032=FACE_BOUND('',#4726,.T.);
#5033=FACE_BOUND('',#4727,.T.);
#5034=FACE_BOUND('',#4728,.T.);
#5035=FACE_BOUND('',#4729,.T.);
#5036=FACE_BOUND('',#4730,.T.);
#5037=FACE_BOUND('',#4731,.T.);
#5038=FACE_BOUND('',#4732,.T.);
#5039=FACE_BOUND('',#4733,.T.);
#5040=FACE_BOUND('',#4734,.T.);
#5041=FACE_BOUND('',#4735,.T.);
#5042=FACE_BOUND('',#4736,.T.);
#5043=FACE_BOUND('',#4737,.T.);
#5044=FACE_BOUND('',#4738,.T.);
#5045=FACE_BOUND('',#4739,.T.);
#5046=FACE_BOUND('',#4740,.T.);
#5047=FACE_BOUND('',#4741,.T.);
#5048=FACE_BOUND('',#4742,.T.);
#5049=FACE_BOUND('',#4743,.T.);
#5050=FACE_BOUND('',#4744,.T.);
#5051=FACE_BOUND('',#4745,.T.);
#5052=FACE_BOUND('',#4746,.T.);
#5053=FACE_BOUND('',#4747,.T.);
#5054=FACE_BOUND('',#4748,.T.);
#5055=FACE_BOUND('',#4749,.T.);
#5056=FACE_BOUND('',#4750,.T.);
#5057=FACE_BOUND('',#4751,.T.);
#5058=FACE_BOUND('',#4752,.T.);
#5059=FACE_BOUND('',#4753,.T.);
#5060=FACE_BOUND('',#4754,.T.);
#5061=FACE_BOUND('',#4755,.T.);
#5062=FACE_BOUND('',#4756,.T.);
#5063=FACE_BOUND('',#4757,.T.);
#5064=FACE_BOUND('',#4758,.T.);
#5065=FACE_BOUND('',#4759,.T.);
#5066=FACE_BOUND('',#4760,.T.);
#5067=FACE_BOUND('',#4761,.T.);
#5068=FACE_BOUND('',#4762,.T.);
#5069=FACE_BOUND('',#4763,.T.);
#5070=FACE_BOUND('',#4764,.T.);
#5071=FACE_BOUND('',#4765,.T.);
#5072=FACE_BOUND('',#4766,.T.);
#5073=FACE_BOUND('',#4767,.T.);
#5074=FACE_BOUND('',#4768,.T.);
#5075=FACE_BOUND('',#4769,.T.);
#5076=FACE_BOUND('',#4770,.T.);
#5077=FACE_BOUND('',#4771,.T.);
#5078=FACE_BOUND('',#4772,.T.);
#5079=FACE_BOUND('',#4773,.T.);
#5080=FACE_BOUND('',#4774,.T.);
#5081=FACE_BOUND('',#4775,.T.);
#5082=FACE_BOUND('',#4776,.T.);
#5083=FACE_BOUND('',#4777,.T.);
#5084=FACE_BOUND('',#4778,.T.);
#5085=FACE_BOUND('',#4779,.T.);
#5086=FACE_BOUND('',#4780,.T.);
#5087=FACE_BOUND('',#4781,.T.);
#5088=FACE_BOUND('',#4782,.T.);
#5089=FACE_BOUND('',#4783,.T.);
#5090=FACE_BOUND('',#4784,.T.);
#5091=FACE_BOUND('',#4785,.T.);
#5092=FACE_BOUND('',#4786,.T.);
#5093=FACE_BOUND('',#4787,.T.);
#5094=FACE_BOUND('',#4788,.T.);
#5095=FACE_BOUND('',#4789,.T.);
#5096=FACE_BOUND('',#4790,.T.);
#5097=FACE_BOUND('',#4791,.T.);
#5098=FACE_BOUND('',#4792,.T.);
#5099=FACE_BOUND('',#4793,.T.);
#5100=FACE_BOUND('',#4794,.T.);
#5101=FACE_BOUND('',#4795,.T.);
#5102=FACE_BOUND('',#4796,.T.);
#5103=FACE_BOUND('',#4797,.T.);
#5104=FACE_BOUND('',#4798,.T.);
#5105=FACE_BOUND('',#4799,.T.);
#5106=FACE_BOUND('',#4800,.T.);
#5107=FACE_BOUND('',#4801,.T.);
#5108=FACE_BOUND('',#4802,.T.);
#5109=FACE_BOUND('',#4803,.T.);
#5110=FACE_BOUND('',#4804,.T.);
#5111=FACE_BOUND('',#4805,.T.);
#5112=FACE_BOUND('',#4806,.T.);
#5113=FACE_BOUND('',#4807,.T.);
#5114=FACE_BOUND('',#4808,.T.);
#5115=FACE_BOUND('',#4809,.T.);
#5116=FACE_BOUND('',#4810,.T.);
#5117=FACE_BOUND('',#4811,.T.);
#5118=FACE_BOUND('',#4812,.T.);
#5119=FACE_BOUND('',#4813,.T.);
#5120=FACE_BOUND('',#4814,.T.);
#5121=FACE_BOUND('',#4815,.T.);
#5122=FACE_BOUND('',#4816,.T.);
#5123=FACE_BOUND('',#4817,.T.);
#5124=FACE_BOUND('',#4818,.T.);
#5125=FACE_BOUND('',#4819,.T.);
#5126=FACE_BOUND('',#4820,.T.);
#5127=FACE_BOUND('',#4821,.T.);
#5128=FACE_BOUND('',#4822,.T.);
#5129=FACE_BOUND('',#4823,.T.);
#5130=FACE_BOUND('',#4824,.T.);
#5131=FACE_BOUND('',#4825,.T.);
#5132=FACE_BOUND('',#4826,.T.);
#5133=FACE_BOUND('',#4827,.T.);
#5134=FACE_BOUND('',#4828,.T.);
#5135=FACE_BOUND('',#4829,.T.);
#5136=FACE_BOUND('',#4830,.T.);
#5137=FACE_BOUND('',#4831,.T.);
#5138=FACE_BOUND('',#4832,.T.);
#5139=FACE_BOUND('',#4833,.T.);
#5140=FACE_BOUND('',#4834,.T.);
#5141=FACE_BOUND('',#4835,.T.);
#5142=FACE_BOUND('',#4836,.T.);
#5143=FACE_BOUND('',#4837,.T.);
#5144=FACE_BOUND('',#4838,.T.);
#5145=FACE_BOUND('',#4839,.T.);
#5146=FACE_BOUND('',#4840,.T.);
#5147=FACE_BOUND('',#4841,.T.);
#5148=FACE_BOUND('',#4842,.T.);
#5149=FACE_BOUND('',#4843,.T.);
#5150=FACE_BOUND('',#4844,.T.);
#5151=FACE_BOUND('',#4845,.T.);
#5152=FACE_BOUND('',#4846,.T.);
#5153=FACE_BOUND('',#4847,.T.);
#5154=FACE_BOUND('',#4848,.T.);
#5155=FACE_BOUND('',#4849,.T.);
#5156=FACE_BOUND('',#4850,.T.);
#5157=FACE_BOUND('',#4851,.T.);
#5158=FACE_BOUND('',#4852,.T.);
#5159=FACE_BOUND('',#4853,.T.);
#5160=FACE_BOUND('',#4854,.T.);
#5161=FACE_BOUND('',#4855,.T.);
#5162=FACE_BOUND('',#4856,.T.);
#5163=FACE_BOUND('',#4857,.T.);
#5164=FACE_BOUND('',#4858,.T.);
#5165=FACE_BOUND('',#4859,.T.);
#5166=FACE_BOUND('',#4860,.T.);
#5167=FACE_BOUND('',#4861,.T.);
#5168=FACE_BOUND('',#4862,.T.);
#5169=FACE_BOUND('',#4863,.T.);
#5170=FACE_BOUND('',#4864,.T.);
#5171=FACE_BOUND('',#4865,.T.);
#5172=FACE_BOUND('',#4866,.T.);
#5173=FACE_BOUND('',#4867,.T.);
#5174=FACE_BOUND('',#4868,.T.);
#5175=FACE_BOUND('',#4869,.T.);
#5176=FACE_BOUND('',#4870,.T.);
#5177=FACE_BOUND('',#4871,.T.);
#5178=FACE_BOUND('',#4872,.T.);
#5179=FACE_BOUND('',#4873,.T.);
#5180=FACE_BOUND('',#4874,.T.);
#5181=FACE_BOUND('',#4875,.T.);
#5182=FACE_BOUND('',#4876,.T.);
#5183=FACE_BOUND('',#4877,.T.);
#5184=FACE_BOUND('',#4878,.T.);
#5185=FACE_BOUND('',#4879,.T.);
#5186=FACE_BOUND('',#4880,.T.);
#5187=FACE_BOUND('',#4881,.T.);
#5188=FACE_BOUND('',#4882,.T.);
#5189=FACE_BOUND('',#4883,.T.);
#5190=FACE_BOUND('',#4884,.T.);
#5191=FACE_BOUND('',#4885,.T.);
#5192=FACE_BOUND('',#4886,.T.);
#5193=FACE_BOUND('',#4887,.T.);
#5194=FACE_BOUND('',#4888,.T.);
#5195=FACE_BOUND('',#4889,.T.);
#5196=FACE_BOUND('',#4890,.T.);
#5197=FACE_BOUND('',#4891,.T.);
#5198=FACE_BOUND('',#4892,.T.);
#5199=PLANE('',#7819);
#5200=PLANE('',#7820);
#5201=PLANE('',#7821);
#5202=PLANE('',#7822);
#5203=PLANE('',#7823);
#5204=PLANE('',#7824);
#5205=PLANE('',#7825);
#5206=PLANE('',#7829);
#5207=PLANE('',#7831);
#5208=PLANE('',#7833);
#5209=PLANE('',#7834);
#5210=PLANE('',#7837);
#5211=PLANE('',#7840);
#5212=PLANE('',#7841);
#5213=PLANE('',#7842);
#5214=PLANE('',#7844);
#5215=PLANE('',#7847);
#5216=PLANE('',#7848);
#5217=PLANE('',#7849);
#5218=PLANE('',#7850);
#5219=PLANE('',#7851);
#5220=PLANE('',#7856);
#5221=PLANE('',#7857);
#5222=PLANE('',#7861);
#5223=PLANE('',#7865);
#5224=PLANE('',#7869);
#5225=PLANE('',#7876);
#5226=PLANE('',#7877);
#5227=PLANE('',#7878);
#5228=PLANE('',#7882);
#5229=PLANE('',#7889);
#5230=PLANE('',#7890);
#5231=PLANE('',#7891);
#5232=PLANE('',#7892);
#5233=PLANE('',#7893);
#5234=PLANE('',#7894);
#5235=PLANE('',#7896);
#5236=PLANE('',#7897);
#5237=PLANE('',#7898);
#5238=PLANE('',#7899);
#5239=PLANE('',#7900);
#5240=PLANE('',#7901);
#5241=PLANE('',#7903);
#5242=PLANE('',#7905);
#5243=PLANE('',#7910);
#5244=PLANE('',#7915);
#5245=PLANE('',#7918);
#5246=PLANE('',#7919);
#5247=PLANE('',#7929);
#5248=PLANE('',#7930);
#5249=PLANE('',#7932);
#5250=PLANE('',#7936);
#5251=PLANE('',#7937);
#5252=PLANE('',#7938);
#5253=PLANE('',#7943);
#5254=PLANE('',#7944);
#5255=PLANE('',#7945);
#5256=PLANE('',#7946);
#5257=PLANE('',#7947);
#5258=PLANE('',#7948);
#5259=PLANE('',#7949);
#5260=PLANE('',#7950);
#5261=PLANE('',#7951);
#5262=PLANE('',#7952);
#5263=PLANE('',#7953);
#5264=PLANE('',#7954);
#5265=PLANE('',#7955);
#5266=PLANE('',#7956);
#5267=PLANE('',#7957);
#5268=PLANE('',#7958);
#5269=PLANE('',#7959);
#5270=PLANE('',#7960);
#5271=PLANE('',#7961);
#5272=PLANE('',#7962);
#5273=PLANE('',#7963);
#5274=PLANE('',#7965);
#5275=PLANE('',#7969);
#5276=PLANE('',#7971);
#5277=PLANE('',#7972);
#5278=PLANE('',#7973);
#5279=PLANE('',#7974);
#5280=PLANE('',#7975);
#5281=PLANE('',#7979);
#5282=PLANE('',#7983);
#5283=PLANE('',#7986);
#5284=PLANE('',#7989);
#5285=PLANE('',#7990);
#5286=PLANE('',#7996);
#5287=PLANE('',#7997);
#5288=PLANE('',#7998);
#5289=PLANE('',#8001);
#5290=PLANE('',#8002);
#5291=PLANE('',#8007);
#5292=PLANE('',#8017);
#5293=PLANE('',#8020);
#5294=PLANE('',#8021);
#5295=PLANE('',#8022);
#5296=PLANE('',#8023);
#5297=PLANE('',#8024);
#5298=PLANE('',#8025);
#5299=PLANE('',#8028);
#5300=PLANE('',#8029);
#5301=PLANE('',#8030);
#5302=PLANE('',#8031);
#5303=PLANE('',#8037);
#5304=PLANE('',#8040);
#5305=PLANE('',#8041);
#5306=PLANE('',#8042);
#5307=PLANE('',#8046);
#5308=PLANE('',#8050);
#5309=PLANE('',#8057);
#5310=PLANE('',#8058);
#5311=PLANE('',#8060);
#5312=PLANE('',#8063);
#5313=PLANE('',#8068);
#5314=PLANE('',#8070);
#5315=PLANE('',#8073);
#5316=PLANE('',#8074);
#5317=PLANE('',#8075);
#5318=PLANE('',#8077);
#5319=PLANE('',#8078);
#5320=PLANE('',#8079);
#5321=PLANE('',#8080);
#5322=PLANE('',#8081);
#5323=PLANE('',#8082);
#5324=PLANE('',#8083);
#5325=PLANE('',#8084);
#5326=PLANE('',#8085);
#5327=PLANE('',#8086);
#5328=PLANE('',#8087);
#5329=PLANE('',#8088);
#5330=PLANE('',#8089);
#5331=PLANE('',#8090);
#5332=PLANE('',#8091);
#5333=PLANE('',#8092);
#5334=PLANE('',#8093);
#5335=PLANE('',#8094);
#5336=PLANE('',#8095);
#5337=PLANE('',#8096);
#5338=PLANE('',#8097);
#5339=PLANE('',#8098);
#5340=PLANE('',#8099);
#5341=PLANE('',#8100);
#5342=PLANE('',#8101);
#5343=PLANE('',#8102);
#5344=PLANE('',#8103);
#5345=PLANE('',#8105);
#5346=PLANE('',#8106);
#5347=PLANE('',#8107);
#5348=PLANE('',#8109);
#5349=PLANE('',#8111);
#5350=PLANE('',#8115);
#5351=PLANE('',#8117);
#5352=PLANE('',#8118);
#5353=PLANE('',#8119);
#5354=PLANE('',#8120);
#5355=PLANE('',#8121);
#5356=PLANE('',#8122);
#5357=PLANE('',#8125);
#5358=PLANE('',#8126);
#5359=PLANE('',#8128);
#5360=PLANE('',#8134);
#5361=PLANE('',#8138);
#5362=PLANE('',#8139);
#5363=PLANE('',#8142);
#5364=PLANE('',#8143);
#5365=PLANE('',#8144);
#5366=PLANE('',#8145);
#5367=PLANE('',#8146);
#5368=PLANE('',#8149);
#5369=PLANE('',#8150);
#5370=PLANE('',#8156);
#5371=PLANE('',#8157);
#5372=PLANE('',#8161);
#5373=PLANE('',#8162);
#5374=PLANE('',#8163);
#5375=PLANE('',#8164);
#5376=PLANE('',#8166);
#5377=PLANE('',#8169);
#5378=PLANE('',#8170);
#5379=PLANE('',#8173);
#5380=PLANE('',#8174);
#5381=PLANE('',#8175);
#5382=PLANE('',#8176);
#5383=PLANE('',#8177);
#5384=PLANE('',#8178);
#5385=PLANE('',#8179);
#5386=PLANE('',#8180);
#5387=PLANE('',#8181);
#5388=PLANE('',#8182);
#5389=PLANE('',#8183);
#5390=PLANE('',#8184);
#5391=PLANE('',#8187);
#5392=PLANE('',#8188);
#5393=PLANE('',#8191);
#5394=PLANE('',#8193);
#5395=PLANE('',#8195);
#5396=PLANE('',#8196);
#5397=PLANE('',#8197);
#5398=PLANE('',#8199);
#5399=PLANE('',#8200);
#5400=PLANE('',#8205);
#5401=PLANE('',#8206);
#5402=PLANE('',#8215);
#5403=PLANE('',#8221);
#5404=PLANE('',#8222);
#5405=PLANE('',#8224);
#5406=PLANE('',#8225);
#5407=PLANE('',#8226);
#5408=PLANE('',#8227);
#5409=PLANE('',#8230);
#5410=PLANE('',#8231);
#5411=PLANE('',#8232);
#5412=PLANE('',#8233);
#5413=PLANE('',#8237);
#5414=PLANE('',#8238);
#5415=PLANE('',#8239);
#5416=PLANE('',#8240);
#5417=PLANE('',#8243);
#5418=PLANE('',#8244);
#5419=PLANE('',#8247);
#5420=PLANE('',#8249);
#5421=PLANE('',#8251);
#5422=PLANE('',#8254);
#5423=PLANE('',#8255);
#5424=STYLED_ITEM('',(#5721),#7507);
#5425=STYLED_ITEM('',(#5722),#7508);
#5426=STYLED_ITEM('',(#5723),#7509);
#5427=STYLED_ITEM('',(#5724),#7510);
#5428=STYLED_ITEM('',(#5725),#7511);
#5429=STYLED_ITEM('',(#5726),#7512);
#5430=STYLED_ITEM('',(#5727),#7513);
#5431=STYLED_ITEM('',(#5728),#7514);
#5432=STYLED_ITEM('',(#5729),#7515);
#5433=STYLED_ITEM('',(#5730),#7516);
#5434=STYLED_ITEM('',(#5731),#7517);
#5435=STYLED_ITEM('',(#5732),#7518);
#5436=STYLED_ITEM('',(#5733),#7519);
#5437=STYLED_ITEM('',(#5734),#7520);
#5438=STYLED_ITEM('',(#5735),#7521);
#5439=STYLED_ITEM('',(#5736),#7522);
#5440=STYLED_ITEM('',(#5737),#7523);
#5441=STYLED_ITEM('',(#5738),#7524);
#5442=STYLED_ITEM('',(#5739),#7525);
#5443=STYLED_ITEM('',(#5740),#7526);
#5444=STYLED_ITEM('',(#5741),#7527);
#5445=STYLED_ITEM('',(#5742),#7528);
#5446=STYLED_ITEM('',(#5743),#7529);
#5447=STYLED_ITEM('',(#5744),#7530);
#5448=STYLED_ITEM('',(#5745),#7531);
#5449=STYLED_ITEM('',(#5746),#7532);
#5450=STYLED_ITEM('',(#5747),#7533);
#5451=STYLED_ITEM('',(#5748),#7534);
#5452=STYLED_ITEM('',(#5749),#7535);
#5453=STYLED_ITEM('',(#5750),#7536);
#5454=STYLED_ITEM('',(#5751),#7537);
#5455=STYLED_ITEM('',(#5752),#7538);
#5456=STYLED_ITEM('',(#5753),#7539);
#5457=STYLED_ITEM('',(#5754),#7540);
#5458=STYLED_ITEM('',(#5755),#7541);
#5459=STYLED_ITEM('',(#5756),#7542);
#5460=STYLED_ITEM('',(#5757),#7543);
#5461=STYLED_ITEM('',(#5758),#7544);
#5462=STYLED_ITEM('',(#5759),#7545);
#5463=STYLED_ITEM('',(#5760),#7546);
#5464=STYLED_ITEM('',(#5761),#7547);
#5465=STYLED_ITEM('',(#5762),#7548);
#5466=STYLED_ITEM('',(#5763),#7549);
#5467=STYLED_ITEM('',(#5764),#7550);
#5468=STYLED_ITEM('',(#5765),#7551);
#5469=STYLED_ITEM('',(#5766),#7552);
#5470=STYLED_ITEM('',(#5767),#7553);
#5471=STYLED_ITEM('',(#5768),#7554);
#5472=STYLED_ITEM('',(#5769),#7555);
#5473=STYLED_ITEM('',(#5770),#7556);
#5474=STYLED_ITEM('',(#5771),#7557);
#5475=STYLED_ITEM('',(#5772),#7558);
#5476=STYLED_ITEM('',(#5773),#7559);
#5477=STYLED_ITEM('',(#5774),#7560);
#5478=STYLED_ITEM('',(#5775),#7561);
#5479=STYLED_ITEM('',(#5776),#7562);
#5480=STYLED_ITEM('',(#5777),#7563);
#5481=STYLED_ITEM('',(#5778),#7564);
#5482=STYLED_ITEM('',(#5779),#7565);
#5483=STYLED_ITEM('',(#5780),#7566);
#5484=STYLED_ITEM('',(#5781),#7567);
#5485=STYLED_ITEM('',(#5782),#7568);
#5486=STYLED_ITEM('',(#5783),#7569);
#5487=STYLED_ITEM('',(#5784),#7570);
#5488=STYLED_ITEM('',(#5785),#7571);
#5489=STYLED_ITEM('',(#5786),#7572);
#5490=STYLED_ITEM('',(#5787),#7573);
#5491=STYLED_ITEM('',(#5788),#7574);
#5492=STYLED_ITEM('',(#5789),#7575);
#5493=STYLED_ITEM('',(#5790),#7576);
#5494=STYLED_ITEM('',(#5791),#7577);
#5495=STYLED_ITEM('',(#5792),#7578);
#5496=STYLED_ITEM('',(#5793),#7579);
#5497=STYLED_ITEM('',(#5794),#7580);
#5498=STYLED_ITEM('',(#5795),#7581);
#5499=STYLED_ITEM('',(#5796),#7582);
#5500=STYLED_ITEM('',(#5797),#7583);
#5501=STYLED_ITEM('',(#5798),#7584);
#5502=STYLED_ITEM('',(#5799),#7585);
#5503=STYLED_ITEM('',(#5800),#7586);
#5504=STYLED_ITEM('',(#5801),#7587);
#5505=STYLED_ITEM('',(#5802),#7588);
#5506=STYLED_ITEM('',(#5803),#7589);
#5507=STYLED_ITEM('',(#5804),#7590);
#5508=STYLED_ITEM('',(#5805),#7591);
#5509=STYLED_ITEM('',(#5806),#7592);
#5510=STYLED_ITEM('',(#5807),#7593);
#5511=STYLED_ITEM('',(#5808),#7594);
#5512=STYLED_ITEM('',(#5809),#7595);
#5513=STYLED_ITEM('',(#5810),#7596);
#5514=STYLED_ITEM('',(#5811),#7597);
#5515=STYLED_ITEM('',(#5812),#7598);
#5516=STYLED_ITEM('',(#5813),#7599);
#5517=STYLED_ITEM('',(#5814),#7600);
#5518=STYLED_ITEM('',(#5815),#7601);
#5519=STYLED_ITEM('',(#5816),#7602);
#5520=STYLED_ITEM('',(#5817),#7603);
#5521=STYLED_ITEM('',(#5818),#7604);
#5522=STYLED_ITEM('',(#5819),#7605);
#5523=STYLED_ITEM('',(#5820),#7606);
#5524=STYLED_ITEM('',(#5821),#7607);
#5525=STYLED_ITEM('',(#5822),#7608);
#5526=STYLED_ITEM('',(#5823),#7609);
#5527=STYLED_ITEM('',(#5824),#7610);
#5528=STYLED_ITEM('',(#5825),#7611);
#5529=STYLED_ITEM('',(#5826),#7612);
#5530=STYLED_ITEM('',(#5827),#7613);
#5531=STYLED_ITEM('',(#5828),#7614);
#5532=STYLED_ITEM('',(#5829),#7615);
#5533=STYLED_ITEM('',(#5830),#7616);
#5534=STYLED_ITEM('',(#5831),#7617);
#5535=STYLED_ITEM('',(#5832),#7618);
#5536=STYLED_ITEM('',(#5833),#7619);
#5537=STYLED_ITEM('',(#5834),#7620);
#5538=STYLED_ITEM('',(#5835),#7621);
#5539=STYLED_ITEM('',(#5836),#7622);
#5540=STYLED_ITEM('',(#5837),#7623);
#5541=STYLED_ITEM('',(#5838),#7624);
#5542=STYLED_ITEM('',(#5839),#7625);
#5543=STYLED_ITEM('',(#5840),#7626);
#5544=STYLED_ITEM('',(#5841),#7627);
#5545=STYLED_ITEM('',(#5842),#7628);
#5546=STYLED_ITEM('',(#5843),#7629);
#5547=STYLED_ITEM('',(#5844),#7630);
#5548=STYLED_ITEM('',(#5845),#7631);
#5549=STYLED_ITEM('',(#5846),#7632);
#5550=STYLED_ITEM('',(#5847),#7633);
#5551=STYLED_ITEM('',(#5848),#7634);
#5552=STYLED_ITEM('',(#5849),#7635);
#5553=STYLED_ITEM('',(#5850),#7636);
#5554=STYLED_ITEM('',(#5851),#7637);
#5555=STYLED_ITEM('',(#5852),#7638);
#5556=STYLED_ITEM('',(#5853),#7639);
#5557=STYLED_ITEM('',(#5854),#7640);
#5558=STYLED_ITEM('',(#5855),#7641);
#5559=STYLED_ITEM('',(#5856),#7642);
#5560=STYLED_ITEM('',(#5857),#7643);
#5561=STYLED_ITEM('',(#5858),#7644);
#5562=STYLED_ITEM('',(#5859),#7645);
#5563=STYLED_ITEM('',(#5860),#7646);
#5564=STYLED_ITEM('',(#5861),#7647);
#5565=STYLED_ITEM('',(#5862),#7648);
#5566=STYLED_ITEM('',(#5863),#7649);
#5567=STYLED_ITEM('',(#5864),#7650);
#5568=STYLED_ITEM('',(#5865),#7651);
#5569=STYLED_ITEM('',(#5866),#7652);
#5570=STYLED_ITEM('',(#5867),#7653);
#5571=STYLED_ITEM('',(#5868),#7654);
#5572=STYLED_ITEM('',(#5869),#7655);
#5573=STYLED_ITEM('',(#5870),#7656);
#5574=STYLED_ITEM('',(#5871),#7657);
#5575=STYLED_ITEM('',(#5872),#7658);
#5576=STYLED_ITEM('',(#5873),#7659);
#5577=STYLED_ITEM('',(#5874),#7660);
#5578=STYLED_ITEM('',(#5875),#7661);
#5579=STYLED_ITEM('',(#5876),#7662);
#5580=STYLED_ITEM('',(#5877),#7663);
#5581=STYLED_ITEM('',(#5878),#7664);
#5582=STYLED_ITEM('',(#5879),#7665);
#5583=STYLED_ITEM('',(#5880),#7666);
#5584=STYLED_ITEM('',(#5881),#7667);
#5585=STYLED_ITEM('',(#5882),#7668);
#5586=STYLED_ITEM('',(#5883),#7669);
#5587=STYLED_ITEM('',(#5884),#7670);
#5588=STYLED_ITEM('',(#5885),#7671);
#5589=STYLED_ITEM('',(#5886),#7672);
#5590=STYLED_ITEM('',(#5887),#7673);
#5591=STYLED_ITEM('',(#5888),#7674);
#5592=STYLED_ITEM('',(#5889),#7675);
#5593=STYLED_ITEM('',(#5890),#7676);
#5594=STYLED_ITEM('',(#5891),#7677);
#5595=STYLED_ITEM('',(#5892),#7678);
#5596=STYLED_ITEM('',(#5893),#7679);
#5597=STYLED_ITEM('',(#5894),#7680);
#5598=STYLED_ITEM('',(#5895),#7681);
#5599=STYLED_ITEM('',(#5896),#7682);
#5600=STYLED_ITEM('',(#5897),#7683);
#5601=STYLED_ITEM('',(#5898),#7684);
#5602=STYLED_ITEM('',(#5899),#7685);
#5603=STYLED_ITEM('',(#5900),#7686);
#5604=STYLED_ITEM('',(#5901),#7687);
#5605=STYLED_ITEM('',(#5902),#7688);
#5606=STYLED_ITEM('',(#5903),#7689);
#5607=STYLED_ITEM('',(#5904),#7690);
#5608=STYLED_ITEM('',(#5905),#7691);
#5609=STYLED_ITEM('',(#5906),#7692);
#5610=STYLED_ITEM('',(#5907),#7693);
#5611=STYLED_ITEM('',(#5908),#7694);
#5612=STYLED_ITEM('',(#5909),#7695);
#5613=STYLED_ITEM('',(#5910),#7696);
#5614=STYLED_ITEM('',(#5911),#7697);
#5615=STYLED_ITEM('',(#5912),#7698);
#5616=STYLED_ITEM('',(#5913),#7699);
#5617=STYLED_ITEM('',(#5914),#7700);
#5618=STYLED_ITEM('',(#5915),#7701);
#5619=STYLED_ITEM('',(#5916),#7702);
#5620=STYLED_ITEM('',(#5917),#7703);
#5621=STYLED_ITEM('',(#5918),#7704);
#5622=STYLED_ITEM('',(#5919),#7705);
#5623=STYLED_ITEM('',(#5920),#7706);
#5624=STYLED_ITEM('',(#5921),#7707);
#5625=STYLED_ITEM('',(#5922),#7708);
#5626=STYLED_ITEM('',(#5923),#7709);
#5627=STYLED_ITEM('',(#5924),#7710);
#5628=STYLED_ITEM('',(#5925),#7711);
#5629=STYLED_ITEM('',(#5926),#7712);
#5630=STYLED_ITEM('',(#5927),#7713);
#5631=STYLED_ITEM('',(#5928),#7714);
#5632=STYLED_ITEM('',(#5929),#7715);
#5633=STYLED_ITEM('',(#5930),#7716);
#5634=STYLED_ITEM('',(#5931),#7717);
#5635=STYLED_ITEM('',(#5932),#7718);
#5636=STYLED_ITEM('',(#5933),#7719);
#5637=STYLED_ITEM('',(#5934),#7720);
#5638=STYLED_ITEM('',(#5935),#7721);
#5639=STYLED_ITEM('',(#5936),#7722);
#5640=STYLED_ITEM('',(#5937),#7723);
#5641=STYLED_ITEM('',(#5938),#7724);
#5642=STYLED_ITEM('',(#5939),#7725);
#5643=STYLED_ITEM('',(#5940),#7726);
#5644=STYLED_ITEM('',(#5941),#7727);
#5645=STYLED_ITEM('',(#5942),#7728);
#5646=STYLED_ITEM('',(#5943),#7729);
#5647=STYLED_ITEM('',(#5944),#7730);
#5648=STYLED_ITEM('',(#5945),#7731);
#5649=STYLED_ITEM('',(#5946),#7732);
#5650=STYLED_ITEM('',(#5947),#7733);
#5651=STYLED_ITEM('',(#5948),#7734);
#5652=STYLED_ITEM('',(#5949),#7735);
#5653=STYLED_ITEM('',(#5950),#7736);
#5654=STYLED_ITEM('',(#5951),#7737);
#5655=STYLED_ITEM('',(#5952),#7738);
#5656=STYLED_ITEM('',(#5953),#7739);
#5657=STYLED_ITEM('',(#5954),#7740);
#5658=STYLED_ITEM('',(#5955),#7741);
#5659=STYLED_ITEM('',(#5956),#7742);
#5660=STYLED_ITEM('',(#5957),#7743);
#5661=STYLED_ITEM('',(#5958),#7744);
#5662=STYLED_ITEM('',(#5959),#7745);
#5663=STYLED_ITEM('',(#5960),#7746);
#5664=STYLED_ITEM('',(#5961),#7747);
#5665=STYLED_ITEM('',(#5962),#7748);
#5666=STYLED_ITEM('',(#5963),#7749);
#5667=STYLED_ITEM('',(#5964),#7750);
#5668=STYLED_ITEM('',(#5965),#7751);
#5669=STYLED_ITEM('',(#5966),#7752);
#5670=STYLED_ITEM('',(#5967),#7753);
#5671=STYLED_ITEM('',(#5968),#7754);
#5672=STYLED_ITEM('',(#5969),#7755);
#5673=STYLED_ITEM('',(#5970),#7756);
#5674=STYLED_ITEM('',(#5971),#7757);
#5675=STYLED_ITEM('',(#5972),#7758);
#5676=STYLED_ITEM('',(#5973),#7759);
#5677=STYLED_ITEM('',(#5974),#7760);
#5678=STYLED_ITEM('',(#5975),#7761);
#5679=STYLED_ITEM('',(#5976),#7762);
#5680=STYLED_ITEM('',(#5977),#7763);
#5681=STYLED_ITEM('',(#5978),#7764);
#5682=STYLED_ITEM('',(#5979),#7765);
#5683=STYLED_ITEM('',(#5980),#7766);
#5684=STYLED_ITEM('',(#5981),#7767);
#5685=STYLED_ITEM('',(#5982),#7768);
#5686=STYLED_ITEM('',(#5983),#7769);
#5687=STYLED_ITEM('',(#5984),#7770);
#5688=STYLED_ITEM('',(#5985),#7771);
#5689=STYLED_ITEM('',(#5986),#7772);
#5690=STYLED_ITEM('',(#5987),#7773);
#5691=STYLED_ITEM('',(#5988),#7774);
#5692=STYLED_ITEM('',(#5989),#7775);
#5693=STYLED_ITEM('',(#5990),#7776);
#5694=STYLED_ITEM('',(#5991),#7777);
#5695=STYLED_ITEM('',(#5992),#7778);
#5696=STYLED_ITEM('',(#5993),#7779);
#5697=STYLED_ITEM('',(#5994),#7780);
#5698=STYLED_ITEM('',(#5995),#7781);
#5699=STYLED_ITEM('',(#5996),#7782);
#5700=STYLED_ITEM('',(#5997),#7783);
#5701=STYLED_ITEM('',(#5998),#7784);
#5702=STYLED_ITEM('',(#5999),#7785);
#5703=STYLED_ITEM('',(#6000),#7786);
#5704=STYLED_ITEM('',(#6001),#7787);
#5705=STYLED_ITEM('',(#6002),#7788);
#5706=STYLED_ITEM('',(#6003),#7789);
#5707=STYLED_ITEM('',(#6004),#7790);
#5708=STYLED_ITEM('',(#6005),#7791);
#5709=STYLED_ITEM('',(#6006),#7792);
#5710=STYLED_ITEM('',(#6007),#7793);
#5711=STYLED_ITEM('',(#6008),#7794);
#5712=STYLED_ITEM('',(#6009),#7795);
#5713=STYLED_ITEM('',(#6010),#7796);
#5714=STYLED_ITEM('',(#6011),#7797);
#5715=STYLED_ITEM('',(#6012),#7798);
#5716=STYLED_ITEM('',(#6013),#7799);
#5717=STYLED_ITEM('',(#6014),#7800);
#5718=STYLED_ITEM('',(#6015),#7801);
#5719=STYLED_ITEM('',(#6016),#7802);
#5720=STYLED_ITEM('',(#6017),#7803);
#5721=PRESENTATION_STYLE_ASSIGNMENT((#6018));
#5722=PRESENTATION_STYLE_ASSIGNMENT((#6019));
#5723=PRESENTATION_STYLE_ASSIGNMENT((#6020));
#5724=PRESENTATION_STYLE_ASSIGNMENT((#6021));
#5725=PRESENTATION_STYLE_ASSIGNMENT((#6022));
#5726=PRESENTATION_STYLE_ASSIGNMENT((#6023));
#5727=PRESENTATION_STYLE_ASSIGNMENT((#6024));
#5728=PRESENTATION_STYLE_ASSIGNMENT((#6025));
#5729=PRESENTATION_STYLE_ASSIGNMENT((#6026));
#5730=PRESENTATION_STYLE_ASSIGNMENT((#6027));
#5731=PRESENTATION_STYLE_ASSIGNMENT((#6028));
#5732=PRESENTATION_STYLE_ASSIGNMENT((#6029));
#5733=PRESENTATION_STYLE_ASSIGNMENT((#6030));
#5734=PRESENTATION_STYLE_ASSIGNMENT((#6031));
#5735=PRESENTATION_STYLE_ASSIGNMENT((#6032));
#5736=PRESENTATION_STYLE_ASSIGNMENT((#6033));
#5737=PRESENTATION_STYLE_ASSIGNMENT((#6034));
#5738=PRESENTATION_STYLE_ASSIGNMENT((#6035));
#5739=PRESENTATION_STYLE_ASSIGNMENT((#6036));
#5740=PRESENTATION_STYLE_ASSIGNMENT((#6037));
#5741=PRESENTATION_STYLE_ASSIGNMENT((#6038));
#5742=PRESENTATION_STYLE_ASSIGNMENT((#6039));
#5743=PRESENTATION_STYLE_ASSIGNMENT((#6040));
#5744=PRESENTATION_STYLE_ASSIGNMENT((#6041));
#5745=PRESENTATION_STYLE_ASSIGNMENT((#6042));
#5746=PRESENTATION_STYLE_ASSIGNMENT((#6043));
#5747=PRESENTATION_STYLE_ASSIGNMENT((#6044));
#5748=PRESENTATION_STYLE_ASSIGNMENT((#6045));
#5749=PRESENTATION_STYLE_ASSIGNMENT((#6046));
#5750=PRESENTATION_STYLE_ASSIGNMENT((#6047));
#5751=PRESENTATION_STYLE_ASSIGNMENT((#6048));
#5752=PRESENTATION_STYLE_ASSIGNMENT((#6049));
#5753=PRESENTATION_STYLE_ASSIGNMENT((#6050));
#5754=PRESENTATION_STYLE_ASSIGNMENT((#6051));
#5755=PRESENTATION_STYLE_ASSIGNMENT((#6052));
#5756=PRESENTATION_STYLE_ASSIGNMENT((#6053));
#5757=PRESENTATION_STYLE_ASSIGNMENT((#6054));
#5758=PRESENTATION_STYLE_ASSIGNMENT((#6055));
#5759=PRESENTATION_STYLE_ASSIGNMENT((#6056));
#5760=PRESENTATION_STYLE_ASSIGNMENT((#6057));
#5761=PRESENTATION_STYLE_ASSIGNMENT((#6058));
#5762=PRESENTATION_STYLE_ASSIGNMENT((#6059));
#5763=PRESENTATION_STYLE_ASSIGNMENT((#6060));
#5764=PRESENTATION_STYLE_ASSIGNMENT((#6061));
#5765=PRESENTATION_STYLE_ASSIGNMENT((#6062));
#5766=PRESENTATION_STYLE_ASSIGNMENT((#6063));
#5767=PRESENTATION_STYLE_ASSIGNMENT((#6064));
#5768=PRESENTATION_STYLE_ASSIGNMENT((#6065));
#5769=PRESENTATION_STYLE_ASSIGNMENT((#6066));
#5770=PRESENTATION_STYLE_ASSIGNMENT((#6067));
#5771=PRESENTATION_STYLE_ASSIGNMENT((#6068));
#5772=PRESENTATION_STYLE_ASSIGNMENT((#6069));
#5773=PRESENTATION_STYLE_ASSIGNMENT((#6070));
#5774=PRESENTATION_STYLE_ASSIGNMENT((#6071));
#5775=PRESENTATION_STYLE_ASSIGNMENT((#6072));
#5776=PRESENTATION_STYLE_ASSIGNMENT((#6073));
#5777=PRESENTATION_STYLE_ASSIGNMENT((#6074));
#5778=PRESENTATION_STYLE_ASSIGNMENT((#6075));
#5779=PRESENTATION_STYLE_ASSIGNMENT((#6076));
#5780=PRESENTATION_STYLE_ASSIGNMENT((#6077));
#5781=PRESENTATION_STYLE_ASSIGNMENT((#6078));
#5782=PRESENTATION_STYLE_ASSIGNMENT((#6079));
#5783=PRESENTATION_STYLE_ASSIGNMENT((#6080));
#5784=PRESENTATION_STYLE_ASSIGNMENT((#6081));
#5785=PRESENTATION_STYLE_ASSIGNMENT((#6082));
#5786=PRESENTATION_STYLE_ASSIGNMENT((#6083));
#5787=PRESENTATION_STYLE_ASSIGNMENT((#6084));
#5788=PRESENTATION_STYLE_ASSIGNMENT((#6085));
#5789=PRESENTATION_STYLE_ASSIGNMENT((#6086));
#5790=PRESENTATION_STYLE_ASSIGNMENT((#6087));
#5791=PRESENTATION_STYLE_ASSIGNMENT((#6088));
#5792=PRESENTATION_STYLE_ASSIGNMENT((#6089));
#5793=PRESENTATION_STYLE_ASSIGNMENT((#6090));
#5794=PRESENTATION_STYLE_ASSIGNMENT((#6091));
#5795=PRESENTATION_STYLE_ASSIGNMENT((#6092));
#5796=PRESENTATION_STYLE_ASSIGNMENT((#6093));
#5797=PRESENTATION_STYLE_ASSIGNMENT((#6094));
#5798=PRESENTATION_STYLE_ASSIGNMENT((#6095));
#5799=PRESENTATION_STYLE_ASSIGNMENT((#6096));
#5800=PRESENTATION_STYLE_ASSIGNMENT((#6097));
#5801=PRESENTATION_STYLE_ASSIGNMENT((#6098));
#5802=PRESENTATION_STYLE_ASSIGNMENT((#6099));
#5803=PRESENTATION_STYLE_ASSIGNMENT((#6100));
#5804=PRESENTATION_STYLE_ASSIGNMENT((#6101));
#5805=PRESENTATION_STYLE_ASSIGNMENT((#6102));
#5806=PRESENTATION_STYLE_ASSIGNMENT((#6103));
#5807=PRESENTATION_STYLE_ASSIGNMENT((#6104));
#5808=PRESENTATION_STYLE_ASSIGNMENT((#6105));
#5809=PRESENTATION_STYLE_ASSIGNMENT((#6106));
#5810=PRESENTATION_STYLE_ASSIGNMENT((#6107));
#5811=PRESENTATION_STYLE_ASSIGNMENT((#6108));
#5812=PRESENTATION_STYLE_ASSIGNMENT((#6109));
#5813=PRESENTATION_STYLE_ASSIGNMENT((#6110));
#5814=PRESENTATION_STYLE_ASSIGNMENT((#6111));
#5815=PRESENTATION_STYLE_ASSIGNMENT((#6112));
#5816=PRESENTATION_STYLE_ASSIGNMENT((#6113));
#5817=PRESENTATION_STYLE_ASSIGNMENT((#6114));
#5818=PRESENTATION_STYLE_ASSIGNMENT((#6115));
#5819=PRESENTATION_STYLE_ASSIGNMENT((#6116));
#5820=PRESENTATION_STYLE_ASSIGNMENT((#6117));
#5821=PRESENTATION_STYLE_ASSIGNMENT((#6118));
#5822=PRESENTATION_STYLE_ASSIGNMENT((#6119));
#5823=PRESENTATION_STYLE_ASSIGNMENT((#6120));
#5824=PRESENTATION_STYLE_ASSIGNMENT((#6121));
#5825=PRESENTATION_STYLE_ASSIGNMENT((#6122));
#5826=PRESENTATION_STYLE_ASSIGNMENT((#6123));
#5827=PRESENTATION_STYLE_ASSIGNMENT((#6124));
#5828=PRESENTATION_STYLE_ASSIGNMENT((#6125));
#5829=PRESENTATION_STYLE_ASSIGNMENT((#6126));
#5830=PRESENTATION_STYLE_ASSIGNMENT((#6127));
#5831=PRESENTATION_STYLE_ASSIGNMENT((#6128));
#5832=PRESENTATION_STYLE_ASSIGNMENT((#6129));
#5833=PRESENTATION_STYLE_ASSIGNMENT((#6130));
#5834=PRESENTATION_STYLE_ASSIGNMENT((#6131));
#5835=PRESENTATION_STYLE_ASSIGNMENT((#6132));
#5836=PRESENTATION_STYLE_ASSIGNMENT((#6133));
#5837=PRESENTATION_STYLE_ASSIGNMENT((#6134));
#5838=PRESENTATION_STYLE_ASSIGNMENT((#6135));
#5839=PRESENTATION_STYLE_ASSIGNMENT((#6136));
#5840=PRESENTATION_STYLE_ASSIGNMENT((#6137));
#5841=PRESENTATION_STYLE_ASSIGNMENT((#6138));
#5842=PRESENTATION_STYLE_ASSIGNMENT((#6139));
#5843=PRESENTATION_STYLE_ASSIGNMENT((#6140));
#5844=PRESENTATION_STYLE_ASSIGNMENT((#6141));
#5845=PRESENTATION_STYLE_ASSIGNMENT((#6142));
#5846=PRESENTATION_STYLE_ASSIGNMENT((#6143));
#5847=PRESENTATION_STYLE_ASSIGNMENT((#6144));
#5848=PRESENTATION_STYLE_ASSIGNMENT((#6145));
#5849=PRESENTATION_STYLE_ASSIGNMENT((#6146));
#5850=PRESENTATION_STYLE_ASSIGNMENT((#6147));
#5851=PRESENTATION_STYLE_ASSIGNMENT((#6148));
#5852=PRESENTATION_STYLE_ASSIGNMENT((#6149));
#5853=PRESENTATION_STYLE_ASSIGNMENT((#6150));
#5854=PRESENTATION_STYLE_ASSIGNMENT((#6151));
#5855=PRESENTATION_STYLE_ASSIGNMENT((#6152));
#5856=PRESENTATION_STYLE_ASSIGNMENT((#6153));
#5857=PRESENTATION_STYLE_ASSIGNMENT((#6154));
#5858=PRESENTATION_STYLE_ASSIGNMENT((#6155));
#5859=PRESENTATION_STYLE_ASSIGNMENT((#6156));
#5860=PRESENTATION_STYLE_ASSIGNMENT((#6157));
#5861=PRESENTATION_STYLE_ASSIGNMENT((#6158));
#5862=PRESENTATION_STYLE_ASSIGNMENT((#6159));
#5863=PRESENTATION_STYLE_ASSIGNMENT((#6160));
#5864=PRESENTATION_STYLE_ASSIGNMENT((#6161));
#5865=PRESENTATION_STYLE_ASSIGNMENT((#6162));
#5866=PRESENTATION_STYLE_ASSIGNMENT((#6163));
#5867=PRESENTATION_STYLE_ASSIGNMENT((#6164));
#5868=PRESENTATION_STYLE_ASSIGNMENT((#6165));
#5869=PRESENTATION_STYLE_ASSIGNMENT((#6166));
#5870=PRESENTATION_STYLE_ASSIGNMENT((#6167));
#5871=PRESENTATION_STYLE_ASSIGNMENT((#6168));
#5872=PRESENTATION_STYLE_ASSIGNMENT((#6169));
#5873=PRESENTATION_STYLE_ASSIGNMENT((#6170));
#5874=PRESENTATION_STYLE_ASSIGNMENT((#6171));
#5875=PRESENTATION_STYLE_ASSIGNMENT((#6172));
#5876=PRESENTATION_STYLE_ASSIGNMENT((#6173));
#5877=PRESENTATION_STYLE_ASSIGNMENT((#6174));
#5878=PRESENTATION_STYLE_ASSIGNMENT((#6175));
#5879=PRESENTATION_STYLE_ASSIGNMENT((#6176));
#5880=PRESENTATION_STYLE_ASSIGNMENT((#6177));
#5881=PRESENTATION_STYLE_ASSIGNMENT((#6178));
#5882=PRESENTATION_STYLE_ASSIGNMENT((#6179));
#5883=PRESENTATION_STYLE_ASSIGNMENT((#6180));
#5884=PRESENTATION_STYLE_ASSIGNMENT((#6181));
#5885=PRESENTATION_STYLE_ASSIGNMENT((#6182));
#5886=PRESENTATION_STYLE_ASSIGNMENT((#6183));
#5887=PRESENTATION_STYLE_ASSIGNMENT((#6184));
#5888=PRESENTATION_STYLE_ASSIGNMENT((#6185));
#5889=PRESENTATION_STYLE_ASSIGNMENT((#6186));
#5890=PRESENTATION_STYLE_ASSIGNMENT((#6187));
#5891=PRESENTATION_STYLE_ASSIGNMENT((#6188));
#5892=PRESENTATION_STYLE_ASSIGNMENT((#6189));
#5893=PRESENTATION_STYLE_ASSIGNMENT((#6190));
#5894=PRESENTATION_STYLE_ASSIGNMENT((#6191));
#5895=PRESENTATION_STYLE_ASSIGNMENT((#6192));
#5896=PRESENTATION_STYLE_ASSIGNMENT((#6193));
#5897=PRESENTATION_STYLE_ASSIGNMENT((#6194));
#5898=PRESENTATION_STYLE_ASSIGNMENT((#6195));
#5899=PRESENTATION_STYLE_ASSIGNMENT((#6196));
#5900=PRESENTATION_STYLE_ASSIGNMENT((#6197));
#5901=PRESENTATION_STYLE_ASSIGNMENT((#6198));
#5902=PRESENTATION_STYLE_ASSIGNMENT((#6199));
#5903=PRESENTATION_STYLE_ASSIGNMENT((#6200));
#5904=PRESENTATION_STYLE_ASSIGNMENT((#6201));
#5905=PRESENTATION_STYLE_ASSIGNMENT((#6202));
#5906=PRESENTATION_STYLE_ASSIGNMENT((#6203));
#5907=PRESENTATION_STYLE_ASSIGNMENT((#6204));
#5908=PRESENTATION_STYLE_ASSIGNMENT((#6205));
#5909=PRESENTATION_STYLE_ASSIGNMENT((#6206));
#5910=PRESENTATION_STYLE_ASSIGNMENT((#6207));
#5911=PRESENTATION_STYLE_ASSIGNMENT((#6208));
#5912=PRESENTATION_STYLE_ASSIGNMENT((#6209));
#5913=PRESENTATION_STYLE_ASSIGNMENT((#6210));
#5914=PRESENTATION_STYLE_ASSIGNMENT((#6211));
#5915=PRESENTATION_STYLE_ASSIGNMENT((#6212));
#5916=PRESENTATION_STYLE_ASSIGNMENT((#6213));
#5917=PRESENTATION_STYLE_ASSIGNMENT((#6214));
#5918=PRESENTATION_STYLE_ASSIGNMENT((#6215));
#5919=PRESENTATION_STYLE_ASSIGNMENT((#6216));
#5920=PRESENTATION_STYLE_ASSIGNMENT((#6217));
#5921=PRESENTATION_STYLE_ASSIGNMENT((#6218));
#5922=PRESENTATION_STYLE_ASSIGNMENT((#6219));
#5923=PRESENTATION_STYLE_ASSIGNMENT((#6220));
#5924=PRESENTATION_STYLE_ASSIGNMENT((#6221));
#5925=PRESENTATION_STYLE_ASSIGNMENT((#6222));
#5926=PRESENTATION_STYLE_ASSIGNMENT((#6223));
#5927=PRESENTATION_STYLE_ASSIGNMENT((#6224));
#5928=PRESENTATION_STYLE_ASSIGNMENT((#6225));
#5929=PRESENTATION_STYLE_ASSIGNMENT((#6226));
#5930=PRESENTATION_STYLE_ASSIGNMENT((#6227));
#5931=PRESENTATION_STYLE_ASSIGNMENT((#6228));
#5932=PRESENTATION_STYLE_ASSIGNMENT((#6229));
#5933=PRESENTATION_STYLE_ASSIGNMENT((#6230));
#5934=PRESENTATION_STYLE_ASSIGNMENT((#6231));
#5935=PRESENTATION_STYLE_ASSIGNMENT((#6232));
#5936=PRESENTATION_STYLE_ASSIGNMENT((#6233));
#5937=PRESENTATION_STYLE_ASSIGNMENT((#6234));
#5938=PRESENTATION_STYLE_ASSIGNMENT((#6235));
#5939=PRESENTATION_STYLE_ASSIGNMENT((#6236));
#5940=PRESENTATION_STYLE_ASSIGNMENT((#6237));
#5941=PRESENTATION_STYLE_ASSIGNMENT((#6238));
#5942=PRESENTATION_STYLE_ASSIGNMENT((#6239));
#5943=PRESENTATION_STYLE_ASSIGNMENT((#6240));
#5944=PRESENTATION_STYLE_ASSIGNMENT((#6241));
#5945=PRESENTATION_STYLE_ASSIGNMENT((#6242));
#5946=PRESENTATION_STYLE_ASSIGNMENT((#6243));
#5947=PRESENTATION_STYLE_ASSIGNMENT((#6244));
#5948=PRESENTATION_STYLE_ASSIGNMENT((#6245));
#5949=PRESENTATION_STYLE_ASSIGNMENT((#6246));
#5950=PRESENTATION_STYLE_ASSIGNMENT((#6247));
#5951=PRESENTATION_STYLE_ASSIGNMENT((#6248));
#5952=PRESENTATION_STYLE_ASSIGNMENT((#6249));
#5953=PRESENTATION_STYLE_ASSIGNMENT((#6250));
#5954=PRESENTATION_STYLE_ASSIGNMENT((#6251));
#5955=PRESENTATION_STYLE_ASSIGNMENT((#6252));
#5956=PRESENTATION_STYLE_ASSIGNMENT((#6253));
#5957=PRESENTATION_STYLE_ASSIGNMENT((#6254));
#5958=PRESENTATION_STYLE_ASSIGNMENT((#6255));
#5959=PRESENTATION_STYLE_ASSIGNMENT((#6256));
#5960=PRESENTATION_STYLE_ASSIGNMENT((#6257));
#5961=PRESENTATION_STYLE_ASSIGNMENT((#6258));
#5962=PRESENTATION_STYLE_ASSIGNMENT((#6259));
#5963=PRESENTATION_STYLE_ASSIGNMENT((#6260));
#5964=PRESENTATION_STYLE_ASSIGNMENT((#6261));
#5965=PRESENTATION_STYLE_ASSIGNMENT((#6262));
#5966=PRESENTATION_STYLE_ASSIGNMENT((#6263));
#5967=PRESENTATION_STYLE_ASSIGNMENT((#6264));
#5968=PRESENTATION_STYLE_ASSIGNMENT((#6265));
#5969=PRESENTATION_STYLE_ASSIGNMENT((#6266));
#5970=PRESENTATION_STYLE_ASSIGNMENT((#6267));
#5971=PRESENTATION_STYLE_ASSIGNMENT((#6268));
#5972=PRESENTATION_STYLE_ASSIGNMENT((#6269));
#5973=PRESENTATION_STYLE_ASSIGNMENT((#6270));
#5974=PRESENTATION_STYLE_ASSIGNMENT((#6271));
#5975=PRESENTATION_STYLE_ASSIGNMENT((#6272));
#5976=PRESENTATION_STYLE_ASSIGNMENT((#6273));
#5977=PRESENTATION_STYLE_ASSIGNMENT((#6274));
#5978=PRESENTATION_STYLE_ASSIGNMENT((#6275));
#5979=PRESENTATION_STYLE_ASSIGNMENT((#6276));
#5980=PRESENTATION_STYLE_ASSIGNMENT((#6277));
#5981=PRESENTATION_STYLE_ASSIGNMENT((#6278));
#5982=PRESENTATION_STYLE_ASSIGNMENT((#6279));
#5983=PRESENTATION_STYLE_ASSIGNMENT((#6280));
#5984=PRESENTATION_STYLE_ASSIGNMENT((#6281));
#5985=PRESENTATION_STYLE_ASSIGNMENT((#6282));
#5986=PRESENTATION_STYLE_ASSIGNMENT((#6283));
#5987=PRESENTATION_STYLE_ASSIGNMENT((#6284));
#5988=PRESENTATION_STYLE_ASSIGNMENT((#6285));
#5989=PRESENTATION_STYLE_ASSIGNMENT((#6286));
#5990=PRESENTATION_STYLE_ASSIGNMENT((#6287));
#5991=PRESENTATION_STYLE_ASSIGNMENT((#6288));
#5992=PRESENTATION_STYLE_ASSIGNMENT((#6289));
#5993=PRESENTATION_STYLE_ASSIGNMENT((#6290));
#5994=PRESENTATION_STYLE_ASSIGNMENT((#6291));
#5995=PRESENTATION_STYLE_ASSIGNMENT((#6292));
#5996=PRESENTATION_STYLE_ASSIGNMENT((#6293));
#5997=PRESENTATION_STYLE_ASSIGNMENT((#6294));
#5998=PRESENTATION_STYLE_ASSIGNMENT((#6295));
#5999=PRESENTATION_STYLE_ASSIGNMENT((#6296));
#6000=PRESENTATION_STYLE_ASSIGNMENT((#6297));
#6001=PRESENTATION_STYLE_ASSIGNMENT((#6298));
#6002=PRESENTATION_STYLE_ASSIGNMENT((#6299));
#6003=PRESENTATION_STYLE_ASSIGNMENT((#6300));
#6004=PRESENTATION_STYLE_ASSIGNMENT((#6301));
#6005=PRESENTATION_STYLE_ASSIGNMENT((#6302));
#6006=PRESENTATION_STYLE_ASSIGNMENT((#6303));
#6007=PRESENTATION_STYLE_ASSIGNMENT((#6304));
#6008=PRESENTATION_STYLE_ASSIGNMENT((#6305));
#6009=PRESENTATION_STYLE_ASSIGNMENT((#6306));
#6010=PRESENTATION_STYLE_ASSIGNMENT((#6307));
#6011=PRESENTATION_STYLE_ASSIGNMENT((#6308));
#6012=PRESENTATION_STYLE_ASSIGNMENT((#6309));
#6013=PRESENTATION_STYLE_ASSIGNMENT((#6310));
#6014=PRESENTATION_STYLE_ASSIGNMENT((#6311));
#6015=PRESENTATION_STYLE_ASSIGNMENT((#6312));
#6016=PRESENTATION_STYLE_ASSIGNMENT((#6313));
#6017=PRESENTATION_STYLE_ASSIGNMENT((#6314));
#6018=SURFACE_STYLE_USAGE(.BOTH.,#6315);
#6019=SURFACE_STYLE_USAGE(.BOTH.,#6316);
#6020=SURFACE_STYLE_USAGE(.BOTH.,#6317);
#6021=SURFACE_STYLE_USAGE(.BOTH.,#6318);
#6022=SURFACE_STYLE_USAGE(.BOTH.,#6319);
#6023=SURFACE_STYLE_USAGE(.BOTH.,#6320);
#6024=SURFACE_STYLE_USAGE(.BOTH.,#6321);
#6025=SURFACE_STYLE_USAGE(.BOTH.,#6322);
#6026=SURFACE_STYLE_USAGE(.BOTH.,#6323);
#6027=SURFACE_STYLE_USAGE(.BOTH.,#6324);
#6028=SURFACE_STYLE_USAGE(.BOTH.,#6325);
#6029=SURFACE_STYLE_USAGE(.BOTH.,#6326);
#6030=SURFACE_STYLE_USAGE(.BOTH.,#6327);
#6031=SURFACE_STYLE_USAGE(.BOTH.,#6328);
#6032=SURFACE_STYLE_USAGE(.BOTH.,#6329);
#6033=SURFACE_STYLE_USAGE(.BOTH.,#6330);
#6034=SURFACE_STYLE_USAGE(.BOTH.,#6331);
#6035=SURFACE_STYLE_USAGE(.BOTH.,#6332);
#6036=SURFACE_STYLE_USAGE(.BOTH.,#6333);
#6037=SURFACE_STYLE_USAGE(.BOTH.,#6334);
#6038=SURFACE_STYLE_USAGE(.BOTH.,#6335);
#6039=SURFACE_STYLE_USAGE(.BOTH.,#6336);
#6040=SURFACE_STYLE_USAGE(.BOTH.,#6337);
#6041=SURFACE_STYLE_USAGE(.BOTH.,#6338);
#6042=SURFACE_STYLE_USAGE(.BOTH.,#6339);
#6043=SURFACE_STYLE_USAGE(.BOTH.,#6340);
#6044=SURFACE_STYLE_USAGE(.BOTH.,#6341);
#6045=SURFACE_STYLE_USAGE(.BOTH.,#6342);
#6046=SURFACE_STYLE_USAGE(.BOTH.,#6343);
#6047=SURFACE_STYLE_USAGE(.BOTH.,#6344);
#6048=SURFACE_STYLE_USAGE(.BOTH.,#6345);
#6049=SURFACE_STYLE_USAGE(.BOTH.,#6346);
#6050=SURFACE_STYLE_USAGE(.BOTH.,#6347);
#6051=SURFACE_STYLE_USAGE(.BOTH.,#6348);
#6052=SURFACE_STYLE_USAGE(.BOTH.,#6349);
#6053=SURFACE_STYLE_USAGE(.BOTH.,#6350);
#6054=SURFACE_STYLE_USAGE(.BOTH.,#6351);
#6055=SURFACE_STYLE_USAGE(.BOTH.,#6352);
#6056=SURFACE_STYLE_USAGE(.BOTH.,#6353);
#6057=SURFACE_STYLE_USAGE(.BOTH.,#6354);
#6058=SURFACE_STYLE_USAGE(.BOTH.,#6355);
#6059=SURFACE_STYLE_USAGE(.BOTH.,#6356);
#6060=SURFACE_STYLE_USAGE(.BOTH.,#6357);
#6061=SURFACE_STYLE_USAGE(.BOTH.,#6358);
#6062=SURFACE_STYLE_USAGE(.BOTH.,#6359);
#6063=SURFACE_STYLE_USAGE(.BOTH.,#6360);
#6064=SURFACE_STYLE_USAGE(.BOTH.,#6361);
#6065=SURFACE_STYLE_USAGE(.BOTH.,#6362);
#6066=SURFACE_STYLE_USAGE(.BOTH.,#6363);
#6067=SURFACE_STYLE_USAGE(.BOTH.,#6364);
#6068=SURFACE_STYLE_USAGE(.BOTH.,#6365);
#6069=SURFACE_STYLE_USAGE(.BOTH.,#6366);
#6070=SURFACE_STYLE_USAGE(.BOTH.,#6367);
#6071=SURFACE_STYLE_USAGE(.BOTH.,#6368);
#6072=SURFACE_STYLE_USAGE(.BOTH.,#6369);
#6073=SURFACE_STYLE_USAGE(.BOTH.,#6370);
#6074=SURFACE_STYLE_USAGE(.BOTH.,#6371);
#6075=SURFACE_STYLE_USAGE(.BOTH.,#6372);
#6076=SURFACE_STYLE_USAGE(.BOTH.,#6373);
#6077=SURFACE_STYLE_USAGE(.BOTH.,#6374);
#6078=SURFACE_STYLE_USAGE(.BOTH.,#6375);
#6079=SURFACE_STYLE_USAGE(.BOTH.,#6376);
#6080=SURFACE_STYLE_USAGE(.BOTH.,#6377);
#6081=SURFACE_STYLE_USAGE(.BOTH.,#6378);
#6082=SURFACE_STYLE_USAGE(.BOTH.,#6379);
#6083=SURFACE_STYLE_USAGE(.BOTH.,#6380);
#6084=SURFACE_STYLE_USAGE(.BOTH.,#6381);
#6085=SURFACE_STYLE_USAGE(.BOTH.,#6382);
#6086=SURFACE_STYLE_USAGE(.BOTH.,#6383);
#6087=SURFACE_STYLE_USAGE(.BOTH.,#6384);
#6088=SURFACE_STYLE_USAGE(.BOTH.,#6385);
#6089=SURFACE_STYLE_USAGE(.BOTH.,#6386);
#6090=SURFACE_STYLE_USAGE(.BOTH.,#6387);
#6091=SURFACE_STYLE_USAGE(.BOTH.,#6388);
#6092=SURFACE_STYLE_USAGE(.BOTH.,#6389);
#6093=SURFACE_STYLE_USAGE(.BOTH.,#6390);
#6094=SURFACE_STYLE_USAGE(.BOTH.,#6391);
#6095=SURFACE_STYLE_USAGE(.BOTH.,#6392);
#6096=SURFACE_STYLE_USAGE(.BOTH.,#6393);
#6097=SURFACE_STYLE_USAGE(.BOTH.,#6394);
#6098=SURFACE_STYLE_USAGE(.BOTH.,#6395);
#6099=SURFACE_STYLE_USAGE(.BOTH.,#6396);
#6100=SURFACE_STYLE_USAGE(.BOTH.,#6397);
#6101=SURFACE_STYLE_USAGE(.BOTH.,#6398);
#6102=SURFACE_STYLE_USAGE(.BOTH.,#6399);
#6103=SURFACE_STYLE_USAGE(.BOTH.,#6400);
#6104=SURFACE_STYLE_USAGE(.BOTH.,#6401);
#6105=SURFACE_STYLE_USAGE(.BOTH.,#6402);
#6106=SURFACE_STYLE_USAGE(.BOTH.,#6403);
#6107=SURFACE_STYLE_USAGE(.BOTH.,#6404);
#6108=SURFACE_STYLE_USAGE(.BOTH.,#6405);
#6109=SURFACE_STYLE_USAGE(.BOTH.,#6406);
#6110=SURFACE_STYLE_USAGE(.BOTH.,#6407);
#6111=SURFACE_STYLE_USAGE(.BOTH.,#6408);
#6112=SURFACE_STYLE_USAGE(.BOTH.,#6409);
#6113=SURFACE_STYLE_USAGE(.BOTH.,#6410);
#6114=SURFACE_STYLE_USAGE(.BOTH.,#6411);
#6115=SURFACE_STYLE_USAGE(.BOTH.,#6412);
#6116=SURFACE_STYLE_USAGE(.BOTH.,#6413);
#6117=SURFACE_STYLE_USAGE(.BOTH.,#6414);
#6118=SURFACE_STYLE_USAGE(.BOTH.,#6415);
#6119=SURFACE_STYLE_USAGE(.BOTH.,#6416);
#6120=SURFACE_STYLE_USAGE(.BOTH.,#6417);
#6121=SURFACE_STYLE_USAGE(.BOTH.,#6418);
#6122=SURFACE_STYLE_USAGE(.BOTH.,#6419);
#6123=SURFACE_STYLE_USAGE(.BOTH.,#6420);
#6124=SURFACE_STYLE_USAGE(.BOTH.,#6421);
#6125=SURFACE_STYLE_USAGE(.BOTH.,#6422);
#6126=SURFACE_STYLE_USAGE(.BOTH.,#6423);
#6127=SURFACE_STYLE_USAGE(.BOTH.,#6424);
#6128=SURFACE_STYLE_USAGE(.BOTH.,#6425);
#6129=SURFACE_STYLE_USAGE(.BOTH.,#6426);
#6130=SURFACE_STYLE_USAGE(.BOTH.,#6427);
#6131=SURFACE_STYLE_USAGE(.BOTH.,#6428);
#6132=SURFACE_STYLE_USAGE(.BOTH.,#6429);
#6133=SURFACE_STYLE_USAGE(.BOTH.,#6430);
#6134=SURFACE_STYLE_USAGE(.BOTH.,#6431);
#6135=SURFACE_STYLE_USAGE(.BOTH.,#6432);
#6136=SURFACE_STYLE_USAGE(.BOTH.,#6433);
#6137=SURFACE_STYLE_USAGE(.BOTH.,#6434);
#6138=SURFACE_STYLE_USAGE(.BOTH.,#6435);
#6139=SURFACE_STYLE_USAGE(.BOTH.,#6436);
#6140=SURFACE_STYLE_USAGE(.BOTH.,#6437);
#6141=SURFACE_STYLE_USAGE(.BOTH.,#6438);
#6142=SURFACE_STYLE_USAGE(.BOTH.,#6439);
#6143=SURFACE_STYLE_USAGE(.BOTH.,#6440);
#6144=SURFACE_STYLE_USAGE(.BOTH.,#6441);
#6145=SURFACE_STYLE_USAGE(.BOTH.,#6442);
#6146=SURFACE_STYLE_USAGE(.BOTH.,#6443);
#6147=SURFACE_STYLE_USAGE(.BOTH.,#6444);
#6148=SURFACE_STYLE_USAGE(.BOTH.,#6445);
#6149=SURFACE_STYLE_USAGE(.BOTH.,#6446);
#6150=SURFACE_STYLE_USAGE(.BOTH.,#6447);
#6151=SURFACE_STYLE_USAGE(.BOTH.,#6448);
#6152=SURFACE_STYLE_USAGE(.BOTH.,#6449);
#6153=SURFACE_STYLE_USAGE(.BOTH.,#6450);
#6154=SURFACE_STYLE_USAGE(.BOTH.,#6451);
#6155=SURFACE_STYLE_USAGE(.BOTH.,#6452);
#6156=SURFACE_STYLE_USAGE(.BOTH.,#6453);
#6157=SURFACE_STYLE_USAGE(.BOTH.,#6454);
#6158=SURFACE_STYLE_USAGE(.BOTH.,#6455);
#6159=SURFACE_STYLE_USAGE(.BOTH.,#6456);
#6160=SURFACE_STYLE_USAGE(.BOTH.,#6457);
#6161=SURFACE_STYLE_USAGE(.BOTH.,#6458);
#6162=SURFACE_STYLE_USAGE(.BOTH.,#6459);
#6163=SURFACE_STYLE_USAGE(.BOTH.,#6460);
#6164=SURFACE_STYLE_USAGE(.BOTH.,#6461);
#6165=SURFACE_STYLE_USAGE(.BOTH.,#6462);
#6166=SURFACE_STYLE_USAGE(.BOTH.,#6463);
#6167=SURFACE_STYLE_USAGE(.BOTH.,#6464);
#6168=SURFACE_STYLE_USAGE(.BOTH.,#6465);
#6169=SURFACE_STYLE_USAGE(.BOTH.,#6466);
#6170=SURFACE_STYLE_USAGE(.BOTH.,#6467);
#6171=SURFACE_STYLE_USAGE(.BOTH.,#6468);
#6172=SURFACE_STYLE_USAGE(.BOTH.,#6469);
#6173=SURFACE_STYLE_USAGE(.BOTH.,#6470);
#6174=SURFACE_STYLE_USAGE(.BOTH.,#6471);
#6175=SURFACE_STYLE_USAGE(.BOTH.,#6472);
#6176=SURFACE_STYLE_USAGE(.BOTH.,#6473);
#6177=SURFACE_STYLE_USAGE(.BOTH.,#6474);
#6178=SURFACE_STYLE_USAGE(.BOTH.,#6475);
#6179=SURFACE_STYLE_USAGE(.BOTH.,#6476);
#6180=SURFACE_STYLE_USAGE(.BOTH.,#6477);
#6181=SURFACE_STYLE_USAGE(.BOTH.,#6478);
#6182=SURFACE_STYLE_USAGE(.BOTH.,#6479);
#6183=SURFACE_STYLE_USAGE(.BOTH.,#6480);
#6184=SURFACE_STYLE_USAGE(.BOTH.,#6481);
#6185=SURFACE_STYLE_USAGE(.BOTH.,#6482);
#6186=SURFACE_STYLE_USAGE(.BOTH.,#6483);
#6187=SURFACE_STYLE_USAGE(.BOTH.,#6484);
#6188=SURFACE_STYLE_USAGE(.BOTH.,#6485);
#6189=SURFACE_STYLE_USAGE(.BOTH.,#6486);
#6190=SURFACE_STYLE_USAGE(.BOTH.,#6487);
#6191=SURFACE_STYLE_USAGE(.BOTH.,#6488);
#6192=SURFACE_STYLE_USAGE(.BOTH.,#6489);
#6193=SURFACE_STYLE_USAGE(.BOTH.,#6490);
#6194=SURFACE_STYLE_USAGE(.BOTH.,#6491);
#6195=SURFACE_STYLE_USAGE(.BOTH.,#6492);
#6196=SURFACE_STYLE_USAGE(.BOTH.,#6493);
#6197=SURFACE_STYLE_USAGE(.BOTH.,#6494);
#6198=SURFACE_STYLE_USAGE(.BOTH.,#6495);
#6199=SURFACE_STYLE_USAGE(.BOTH.,#6496);
#6200=SURFACE_STYLE_USAGE(.BOTH.,#6497);
#6201=SURFACE_STYLE_USAGE(.BOTH.,#6498);
#6202=SURFACE_STYLE_USAGE(.BOTH.,#6499);
#6203=SURFACE_STYLE_USAGE(.BOTH.,#6500);
#6204=SURFACE_STYLE_USAGE(.BOTH.,#6501);
#6205=SURFACE_STYLE_USAGE(.BOTH.,#6502);
#6206=SURFACE_STYLE_USAGE(.BOTH.,#6503);
#6207=SURFACE_STYLE_USAGE(.BOTH.,#6504);
#6208=SURFACE_STYLE_USAGE(.BOTH.,#6505);
#6209=SURFACE_STYLE_USAGE(.BOTH.,#6506);
#6210=SURFACE_STYLE_USAGE(.BOTH.,#6507);
#6211=SURFACE_STYLE_USAGE(.BOTH.,#6508);
#6212=SURFACE_STYLE_USAGE(.BOTH.,#6509);
#6213=SURFACE_STYLE_USAGE(.BOTH.,#6510);
#6214=SURFACE_STYLE_USAGE(.BOTH.,#6511);
#6215=SURFACE_STYLE_USAGE(.BOTH.,#6512);
#6216=SURFACE_STYLE_USAGE(.BOTH.,#6513);
#6217=SURFACE_STYLE_USAGE(.BOTH.,#6514);
#6218=SURFACE_STYLE_USAGE(.BOTH.,#6515);
#6219=SURFACE_STYLE_USAGE(.BOTH.,#6516);
#6220=SURFACE_STYLE_USAGE(.BOTH.,#6517);
#6221=SURFACE_STYLE_USAGE(.BOTH.,#6518);
#6222=SURFACE_STYLE_USAGE(.BOTH.,#6519);
#6223=SURFACE_STYLE_USAGE(.BOTH.,#6520);
#6224=SURFACE_STYLE_USAGE(.BOTH.,#6521);
#6225=SURFACE_STYLE_USAGE(.BOTH.,#6522);
#6226=SURFACE_STYLE_USAGE(.BOTH.,#6523);
#6227=SURFACE_STYLE_USAGE(.BOTH.,#6524);
#6228=SURFACE_STYLE_USAGE(.BOTH.,#6525);
#6229=SURFACE_STYLE_USAGE(.BOTH.,#6526);
#6230=SURFACE_STYLE_USAGE(.BOTH.,#6527);
#6231=SURFACE_STYLE_USAGE(.BOTH.,#6528);
#6232=SURFACE_STYLE_USAGE(.BOTH.,#6529);
#6233=SURFACE_STYLE_USAGE(.BOTH.,#6530);
#6234=SURFACE_STYLE_USAGE(.BOTH.,#6531);
#6235=SURFACE_STYLE_USAGE(.BOTH.,#6532);
#6236=SURFACE_STYLE_USAGE(.BOTH.,#6533);
#6237=SURFACE_STYLE_USAGE(.BOTH.,#6534);
#6238=SURFACE_STYLE_USAGE(.BOTH.,#6535);
#6239=SURFACE_STYLE_USAGE(.BOTH.,#6536);
#6240=SURFACE_STYLE_USAGE(.BOTH.,#6537);
#6241=SURFACE_STYLE_USAGE(.BOTH.,#6538);
#6242=SURFACE_STYLE_USAGE(.BOTH.,#6539);
#6243=SURFACE_STYLE_USAGE(.BOTH.,#6540);
#6244=SURFACE_STYLE_USAGE(.BOTH.,#6541);
#6245=SURFACE_STYLE_USAGE(.BOTH.,#6542);
#6246=SURFACE_STYLE_USAGE(.BOTH.,#6543);
#6247=SURFACE_STYLE_USAGE(.BOTH.,#6544);
#6248=SURFACE_STYLE_USAGE(.BOTH.,#6545);
#6249=SURFACE_STYLE_USAGE(.BOTH.,#6546);
#6250=SURFACE_STYLE_USAGE(.BOTH.,#6547);
#6251=SURFACE_STYLE_USAGE(.BOTH.,#6548);
#6252=SURFACE_STYLE_USAGE(.BOTH.,#6549);
#6253=SURFACE_STYLE_USAGE(.BOTH.,#6550);
#6254=SURFACE_STYLE_USAGE(.BOTH.,#6551);
#6255=SURFACE_STYLE_USAGE(.BOTH.,#6552);
#6256=SURFACE_STYLE_USAGE(.BOTH.,#6553);
#6257=SURFACE_STYLE_USAGE(.BOTH.,#6554);
#6258=SURFACE_STYLE_USAGE(.BOTH.,#6555);
#6259=SURFACE_STYLE_USAGE(.BOTH.,#6556);
#6260=SURFACE_STYLE_USAGE(.BOTH.,#6557);
#6261=SURFACE_STYLE_USAGE(.BOTH.,#6558);
#6262=SURFACE_STYLE_USAGE(.BOTH.,#6559);
#6263=SURFACE_STYLE_USAGE(.BOTH.,#6560);
#6264=SURFACE_STYLE_USAGE(.BOTH.,#6561);
#6265=SURFACE_STYLE_USAGE(.BOTH.,#6562);
#6266=SURFACE_STYLE_USAGE(.BOTH.,#6563);
#6267=SURFACE_STYLE_USAGE(.BOTH.,#6564);
#6268=SURFACE_STYLE_USAGE(.BOTH.,#6565);
#6269=SURFACE_STYLE_USAGE(.BOTH.,#6566);
#6270=SURFACE_STYLE_USAGE(.BOTH.,#6567);
#6271=SURFACE_STYLE_USAGE(.BOTH.,#6568);
#6272=SURFACE_STYLE_USAGE(.BOTH.,#6569);
#6273=SURFACE_STYLE_USAGE(.BOTH.,#6570);
#6274=SURFACE_STYLE_USAGE(.BOTH.,#6571);
#6275=SURFACE_STYLE_USAGE(.BOTH.,#6572);
#6276=SURFACE_STYLE_USAGE(.BOTH.,#6573);
#6277=SURFACE_STYLE_USAGE(.BOTH.,#6574);
#6278=SURFACE_STYLE_USAGE(.BOTH.,#6575);
#6279=SURFACE_STYLE_USAGE(.BOTH.,#6576);
#6280=SURFACE_STYLE_USAGE(.BOTH.,#6577);
#6281=SURFACE_STYLE_USAGE(.BOTH.,#6578);
#6282=SURFACE_STYLE_USAGE(.BOTH.,#6579);
#6283=SURFACE_STYLE_USAGE(.BOTH.,#6580);
#6284=SURFACE_STYLE_USAGE(.BOTH.,#6581);
#6285=SURFACE_STYLE_USAGE(.BOTH.,#6582);
#6286=SURFACE_STYLE_USAGE(.BOTH.,#6583);
#6287=SURFACE_STYLE_USAGE(.BOTH.,#6584);
#6288=SURFACE_STYLE_USAGE(.BOTH.,#6585);
#6289=SURFACE_STYLE_USAGE(.BOTH.,#6586);
#6290=SURFACE_STYLE_USAGE(.BOTH.,#6587);
#6291=SURFACE_STYLE_USAGE(.BOTH.,#6588);
#6292=SURFACE_STYLE_USAGE(.BOTH.,#6589);
#6293=SURFACE_STYLE_USAGE(.BOTH.,#6590);
#6294=SURFACE_STYLE_USAGE(.BOTH.,#6591);
#6295=SURFACE_STYLE_USAGE(.BOTH.,#6592);
#6296=SURFACE_STYLE_USAGE(.BOTH.,#6593);
#6297=SURFACE_STYLE_USAGE(.BOTH.,#6594);
#6298=SURFACE_STYLE_USAGE(.BOTH.,#6595);
#6299=SURFACE_STYLE_USAGE(.BOTH.,#6596);
#6300=SURFACE_STYLE_USAGE(.BOTH.,#6597);
#6301=SURFACE_STYLE_USAGE(.BOTH.,#6598);
#6302=SURFACE_STYLE_USAGE(.BOTH.,#6599);
#6303=SURFACE_STYLE_USAGE(.BOTH.,#6600);
#6304=SURFACE_STYLE_USAGE(.BOTH.,#6601);
#6305=SURFACE_STYLE_USAGE(.BOTH.,#6602);
#6306=SURFACE_STYLE_USAGE(.BOTH.,#6603);
#6307=SURFACE_STYLE_USAGE(.BOTH.,#6604);
#6308=SURFACE_STYLE_USAGE(.BOTH.,#6605);
#6309=SURFACE_STYLE_USAGE(.BOTH.,#6606);
#6310=SURFACE_STYLE_USAGE(.BOTH.,#6607);
#6311=SURFACE_STYLE_USAGE(.BOTH.,#6608);
#6312=SURFACE_STYLE_USAGE(.BOTH.,#6609);
#6313=SURFACE_STYLE_USAGE(.BOTH.,#6610);
#6314=SURFACE_STYLE_USAGE(.BOTH.,#6611);
#6315=SURFACE_SIDE_STYLE('',(#6612));
#6316=SURFACE_SIDE_STYLE('',(#6613));
#6317=SURFACE_SIDE_STYLE('',(#6614));
#6318=SURFACE_SIDE_STYLE('',(#6615));
#6319=SURFACE_SIDE_STYLE('',(#6616));
#6320=SURFACE_SIDE_STYLE('',(#6617));
#6321=SURFACE_SIDE_STYLE('',(#6618));
#6322=SURFACE_SIDE_STYLE('',(#6619));
#6323=SURFACE_SIDE_STYLE('',(#6620));
#6324=SURFACE_SIDE_STYLE('',(#6621));
#6325=SURFACE_SIDE_STYLE('',(#6622));
#6326=SURFACE_SIDE_STYLE('',(#6623));
#6327=SURFACE_SIDE_STYLE('',(#6624));
#6328=SURFACE_SIDE_STYLE('',(#6625));
#6329=SURFACE_SIDE_STYLE('',(#6626));
#6330=SURFACE_SIDE_STYLE('',(#6627));
#6331=SURFACE_SIDE_STYLE('',(#6628));
#6332=SURFACE_SIDE_STYLE('',(#6629));
#6333=SURFACE_SIDE_STYLE('',(#6630));
#6334=SURFACE_SIDE_STYLE('',(#6631));
#6335=SURFACE_SIDE_STYLE('',(#6632));
#6336=SURFACE_SIDE_STYLE('',(#6633));
#6337=SURFACE_SIDE_STYLE('',(#6634));
#6338=SURFACE_SIDE_STYLE('',(#6635));
#6339=SURFACE_SIDE_STYLE('',(#6636));
#6340=SURFACE_SIDE_STYLE('',(#6637));
#6341=SURFACE_SIDE_STYLE('',(#6638));
#6342=SURFACE_SIDE_STYLE('',(#6639));
#6343=SURFACE_SIDE_STYLE('',(#6640));
#6344=SURFACE_SIDE_STYLE('',(#6641));
#6345=SURFACE_SIDE_STYLE('',(#6642));
#6346=SURFACE_SIDE_STYLE('',(#6643));
#6347=SURFACE_SIDE_STYLE('',(#6644));
#6348=SURFACE_SIDE_STYLE('',(#6645));
#6349=SURFACE_SIDE_STYLE('',(#6646));
#6350=SURFACE_SIDE_STYLE('',(#6647));
#6351=SURFACE_SIDE_STYLE('',(#6648));
#6352=SURFACE_SIDE_STYLE('',(#6649));
#6353=SURFACE_SIDE_STYLE('',(#6650));
#6354=SURFACE_SIDE_STYLE('',(#6651));
#6355=SURFACE_SIDE_STYLE('',(#6652));
#6356=SURFACE_SIDE_STYLE('',(#6653));
#6357=SURFACE_SIDE_STYLE('',(#6654));
#6358=SURFACE_SIDE_STYLE('',(#6655));
#6359=SURFACE_SIDE_STYLE('',(#6656));
#6360=SURFACE_SIDE_STYLE('',(#6657));
#6361=SURFACE_SIDE_STYLE('',(#6658));
#6362=SURFACE_SIDE_STYLE('',(#6659));
#6363=SURFACE_SIDE_STYLE('',(#6660));
#6364=SURFACE_SIDE_STYLE('',(#6661));
#6365=SURFACE_SIDE_STYLE('',(#6662));
#6366=SURFACE_SIDE_STYLE('',(#6663));
#6367=SURFACE_SIDE_STYLE('',(#6664));
#6368=SURFACE_SIDE_STYLE('',(#6665));
#6369=SURFACE_SIDE_STYLE('',(#6666));
#6370=SURFACE_SIDE_STYLE('',(#6667));
#6371=SURFACE_SIDE_STYLE('',(#6668));
#6372=SURFACE_SIDE_STYLE('',(#6669));
#6373=SURFACE_SIDE_STYLE('',(#6670));
#6374=SURFACE_SIDE_STYLE('',(#6671));
#6375=SURFACE_SIDE_STYLE('',(#6672));
#6376=SURFACE_SIDE_STYLE('',(#6673));
#6377=SURFACE_SIDE_STYLE('',(#6674));
#6378=SURFACE_SIDE_STYLE('',(#6675));
#6379=SURFACE_SIDE_STYLE('',(#6676));
#6380=SURFACE_SIDE_STYLE('',(#6677));
#6381=SURFACE_SIDE_STYLE('',(#6678));
#6382=SURFACE_SIDE_STYLE('',(#6679));
#6383=SURFACE_SIDE_STYLE('',(#6680));
#6384=SURFACE_SIDE_STYLE('',(#6681));
#6385=SURFACE_SIDE_STYLE('',(#6682));
#6386=SURFACE_SIDE_STYLE('',(#6683));
#6387=SURFACE_SIDE_STYLE('',(#6684));
#6388=SURFACE_SIDE_STYLE('',(#6685));
#6389=SURFACE_SIDE_STYLE('',(#6686));
#6390=SURFACE_SIDE_STYLE('',(#6687));
#6391=SURFACE_SIDE_STYLE('',(#6688));
#6392=SURFACE_SIDE_STYLE('',(#6689));
#6393=SURFACE_SIDE_STYLE('',(#6690));
#6394=SURFACE_SIDE_STYLE('',(#6691));
#6395=SURFACE_SIDE_STYLE('',(#6692));
#6396=SURFACE_SIDE_STYLE('',(#6693));
#6397=SURFACE_SIDE_STYLE('',(#6694));
#6398=SURFACE_SIDE_STYLE('',(#6695));
#6399=SURFACE_SIDE_STYLE('',(#6696));
#6400=SURFACE_SIDE_STYLE('',(#6697));
#6401=SURFACE_SIDE_STYLE('',(#6698));
#6402=SURFACE_SIDE_STYLE('',(#6699));
#6403=SURFACE_SIDE_STYLE('',(#6700));
#6404=SURFACE_SIDE_STYLE('',(#6701));
#6405=SURFACE_SIDE_STYLE('',(#6702));
#6406=SURFACE_SIDE_STYLE('',(#6703));
#6407=SURFACE_SIDE_STYLE('',(#6704));
#6408=SURFACE_SIDE_STYLE('',(#6705));
#6409=SURFACE_SIDE_STYLE('',(#6706));
#6410=SURFACE_SIDE_STYLE('',(#6707));
#6411=SURFACE_SIDE_STYLE('',(#6708));
#6412=SURFACE_SIDE_STYLE('',(#6709));
#6413=SURFACE_SIDE_STYLE('',(#6710));
#6414=SURFACE_SIDE_STYLE('',(#6711));
#6415=SURFACE_SIDE_STYLE('',(#6712));
#6416=SURFACE_SIDE_STYLE('',(#6713));
#6417=SURFACE_SIDE_STYLE('',(#6714));
#6418=SURFACE_SIDE_STYLE('',(#6715));
#6419=SURFACE_SIDE_STYLE('',(#6716));
#6420=SURFACE_SIDE_STYLE('',(#6717));
#6421=SURFACE_SIDE_STYLE('',(#6718));
#6422=SURFACE_SIDE_STYLE('',(#6719));
#6423=SURFACE_SIDE_STYLE('',(#6720));
#6424=SURFACE_SIDE_STYLE('',(#6721));
#6425=SURFACE_SIDE_STYLE('',(#6722));
#6426=SURFACE_SIDE_STYLE('',(#6723));
#6427=SURFACE_SIDE_STYLE('',(#6724));
#6428=SURFACE_SIDE_STYLE('',(#6725));
#6429=SURFACE_SIDE_STYLE('',(#6726));
#6430=SURFACE_SIDE_STYLE('',(#6727));
#6431=SURFACE_SIDE_STYLE('',(#6728));
#6432=SURFACE_SIDE_STYLE('',(#6729));
#6433=SURFACE_SIDE_STYLE('',(#6730));
#6434=SURFACE_SIDE_STYLE('',(#6731));
#6435=SURFACE_SIDE_STYLE('',(#6732));
#6436=SURFACE_SIDE_STYLE('',(#6733));
#6437=SURFACE_SIDE_STYLE('',(#6734));
#6438=SURFACE_SIDE_STYLE('',(#6735));
#6439=SURFACE_SIDE_STYLE('',(#6736));
#6440=SURFACE_SIDE_STYLE('',(#6737));
#6441=SURFACE_SIDE_STYLE('',(#6738));
#6442=SURFACE_SIDE_STYLE('',(#6739));
#6443=SURFACE_SIDE_STYLE('',(#6740));
#6444=SURFACE_SIDE_STYLE('',(#6741));
#6445=SURFACE_SIDE_STYLE('',(#6742));
#6446=SURFACE_SIDE_STYLE('',(#6743));
#6447=SURFACE_SIDE_STYLE('',(#6744));
#6448=SURFACE_SIDE_STYLE('',(#6745));
#6449=SURFACE_SIDE_STYLE('',(#6746));
#6450=SURFACE_SIDE_STYLE('',(#6747));
#6451=SURFACE_SIDE_STYLE('',(#6748));
#6452=SURFACE_SIDE_STYLE('',(#6749));
#6453=SURFACE_SIDE_STYLE('',(#6750));
#6454=SURFACE_SIDE_STYLE('',(#6751));
#6455=SURFACE_SIDE_STYLE('',(#6752));
#6456=SURFACE_SIDE_STYLE('',(#6753));
#6457=SURFACE_SIDE_STYLE('',(#6754));
#6458=SURFACE_SIDE_STYLE('',(#6755));
#6459=SURFACE_SIDE_STYLE('',(#6756));
#6460=SURFACE_SIDE_STYLE('',(#6757));
#6461=SURFACE_SIDE_STYLE('',(#6758));
#6462=SURFACE_SIDE_STYLE('',(#6759));
#6463=SURFACE_SIDE_STYLE('',(#6760));
#6464=SURFACE_SIDE_STYLE('',(#6761));
#6465=SURFACE_SIDE_STYLE('',(#6762));
#6466=SURFACE_SIDE_STYLE('',(#6763));
#6467=SURFACE_SIDE_STYLE('',(#6764));
#6468=SURFACE_SIDE_STYLE('',(#6765));
#6469=SURFACE_SIDE_STYLE('',(#6766));
#6470=SURFACE_SIDE_STYLE('',(#6767));
#6471=SURFACE_SIDE_STYLE('',(#6768));
#6472=SURFACE_SIDE_STYLE('',(#6769));
#6473=SURFACE_SIDE_STYLE('',(#6770));
#6474=SURFACE_SIDE_STYLE('',(#6771));
#6475=SURFACE_SIDE_STYLE('',(#6772));
#6476=SURFACE_SIDE_STYLE('',(#6773));
#6477=SURFACE_SIDE_STYLE('',(#6774));
#6478=SURFACE_SIDE_STYLE('',(#6775));
#6479=SURFACE_SIDE_STYLE('',(#6776));
#6480=SURFACE_SIDE_STYLE('',(#6777));
#6481=SURFACE_SIDE_STYLE('',(#6778));
#6482=SURFACE_SIDE_STYLE('',(#6779));
#6483=SURFACE_SIDE_STYLE('',(#6780));
#6484=SURFACE_SIDE_STYLE('',(#6781));
#6485=SURFACE_SIDE_STYLE('',(#6782));
#6486=SURFACE_SIDE_STYLE('',(#6783));
#6487=SURFACE_SIDE_STYLE('',(#6784));
#6488=SURFACE_SIDE_STYLE('',(#6785));
#6489=SURFACE_SIDE_STYLE('',(#6786));
#6490=SURFACE_SIDE_STYLE('',(#6787));
#6491=SURFACE_SIDE_STYLE('',(#6788));
#6492=SURFACE_SIDE_STYLE('',(#6789));
#6493=SURFACE_SIDE_STYLE('',(#6790));
#6494=SURFACE_SIDE_STYLE('',(#6791));
#6495=SURFACE_SIDE_STYLE('',(#6792));
#6496=SURFACE_SIDE_STYLE('',(#6793));
#6497=SURFACE_SIDE_STYLE('',(#6794));
#6498=SURFACE_SIDE_STYLE('',(#6795));
#6499=SURFACE_SIDE_STYLE('',(#6796));
#6500=SURFACE_SIDE_STYLE('',(#6797));
#6501=SURFACE_SIDE_STYLE('',(#6798));
#6502=SURFACE_SIDE_STYLE('',(#6799));
#6503=SURFACE_SIDE_STYLE('',(#6800));
#6504=SURFACE_SIDE_STYLE('',(#6801));
#6505=SURFACE_SIDE_STYLE('',(#6802));
#6506=SURFACE_SIDE_STYLE('',(#6803));
#6507=SURFACE_SIDE_STYLE('',(#6804));
#6508=SURFACE_SIDE_STYLE('',(#6805));
#6509=SURFACE_SIDE_STYLE('',(#6806));
#6510=SURFACE_SIDE_STYLE('',(#6807));
#6511=SURFACE_SIDE_STYLE('',(#6808));
#6512=SURFACE_SIDE_STYLE('',(#6809));
#6513=SURFACE_SIDE_STYLE('',(#6810));
#6514=SURFACE_SIDE_STYLE('',(#6811));
#6515=SURFACE_SIDE_STYLE('',(#6812));
#6516=SURFACE_SIDE_STYLE('',(#6813));
#6517=SURFACE_SIDE_STYLE('',(#6814));
#6518=SURFACE_SIDE_STYLE('',(#6815));
#6519=SURFACE_SIDE_STYLE('',(#6816));
#6520=SURFACE_SIDE_STYLE('',(#6817));
#6521=SURFACE_SIDE_STYLE('',(#6818));
#6522=SURFACE_SIDE_STYLE('',(#6819));
#6523=SURFACE_SIDE_STYLE('',(#6820));
#6524=SURFACE_SIDE_STYLE('',(#6821));
#6525=SURFACE_SIDE_STYLE('',(#6822));
#6526=SURFACE_SIDE_STYLE('',(#6823));
#6527=SURFACE_SIDE_STYLE('',(#6824));
#6528=SURFACE_SIDE_STYLE('',(#6825));
#6529=SURFACE_SIDE_STYLE('',(#6826));
#6530=SURFACE_SIDE_STYLE('',(#6827));
#6531=SURFACE_SIDE_STYLE('',(#6828));
#6532=SURFACE_SIDE_STYLE('',(#6829));
#6533=SURFACE_SIDE_STYLE('',(#6830));
#6534=SURFACE_SIDE_STYLE('',(#6831));
#6535=SURFACE_SIDE_STYLE('',(#6832));
#6536=SURFACE_SIDE_STYLE('',(#6833));
#6537=SURFACE_SIDE_STYLE('',(#6834));
#6538=SURFACE_SIDE_STYLE('',(#6835));
#6539=SURFACE_SIDE_STYLE('',(#6836));
#6540=SURFACE_SIDE_STYLE('',(#6837));
#6541=SURFACE_SIDE_STYLE('',(#6838));
#6542=SURFACE_SIDE_STYLE('',(#6839));
#6543=SURFACE_SIDE_STYLE('',(#6840));
#6544=SURFACE_SIDE_STYLE('',(#6841));
#6545=SURFACE_SIDE_STYLE('',(#6842));
#6546=SURFACE_SIDE_STYLE('',(#6843));
#6547=SURFACE_SIDE_STYLE('',(#6844));
#6548=SURFACE_SIDE_STYLE('',(#6845));
#6549=SURFACE_SIDE_STYLE('',(#6846));
#6550=SURFACE_SIDE_STYLE('',(#6847));
#6551=SURFACE_SIDE_STYLE('',(#6848));
#6552=SURFACE_SIDE_STYLE('',(#6849));
#6553=SURFACE_SIDE_STYLE('',(#6850));
#6554=SURFACE_SIDE_STYLE('',(#6851));
#6555=SURFACE_SIDE_STYLE('',(#6852));
#6556=SURFACE_SIDE_STYLE('',(#6853));
#6557=SURFACE_SIDE_STYLE('',(#6854));
#6558=SURFACE_SIDE_STYLE('',(#6855));
#6559=SURFACE_SIDE_STYLE('',(#6856));
#6560=SURFACE_SIDE_STYLE('',(#6857));
#6561=SURFACE_SIDE_STYLE('',(#6858));
#6562=SURFACE_SIDE_STYLE('',(#6859));
#6563=SURFACE_SIDE_STYLE('',(#6860));
#6564=SURFACE_SIDE_STYLE('',(#6861));
#6565=SURFACE_SIDE_STYLE('',(#6862));
#6566=SURFACE_SIDE_STYLE('',(#6863));
#6567=SURFACE_SIDE_STYLE('',(#6864));
#6568=SURFACE_SIDE_STYLE('',(#6865));
#6569=SURFACE_SIDE_STYLE('',(#6866));
#6570=SURFACE_SIDE_STYLE('',(#6867));
#6571=SURFACE_SIDE_STYLE('',(#6868));
#6572=SURFACE_SIDE_STYLE('',(#6869));
#6573=SURFACE_SIDE_STYLE('',(#6870));
#6574=SURFACE_SIDE_STYLE('',(#6871));
#6575=SURFACE_SIDE_STYLE('',(#6872));
#6576=SURFACE_SIDE_STYLE('',(#6873));
#6577=SURFACE_SIDE_STYLE('',(#6874));
#6578=SURFACE_SIDE_STYLE('',(#6875));
#6579=SURFACE_SIDE_STYLE('',(#6876));
#6580=SURFACE_SIDE_STYLE('',(#6877));
#6581=SURFACE_SIDE_STYLE('',(#6878));
#6582=SURFACE_SIDE_STYLE('',(#6879));
#6583=SURFACE_SIDE_STYLE('',(#6880));
#6584=SURFACE_SIDE_STYLE('',(#6881));
#6585=SURFACE_SIDE_STYLE('',(#6882));
#6586=SURFACE_SIDE_STYLE('',(#6883));
#6587=SURFACE_SIDE_STYLE('',(#6884));
#6588=SURFACE_SIDE_STYLE('',(#6885));
#6589=SURFACE_SIDE_STYLE('',(#6886));
#6590=SURFACE_SIDE_STYLE('',(#6887));
#6591=SURFACE_SIDE_STYLE('',(#6888));
#6592=SURFACE_SIDE_STYLE('',(#6889));
#6593=SURFACE_SIDE_STYLE('',(#6890));
#6594=SURFACE_SIDE_STYLE('',(#6891));
#6595=SURFACE_SIDE_STYLE('',(#6892));
#6596=SURFACE_SIDE_STYLE('',(#6893));
#6597=SURFACE_SIDE_STYLE('',(#6894));
#6598=SURFACE_SIDE_STYLE('',(#6895));
#6599=SURFACE_SIDE_STYLE('',(#6896));
#6600=SURFACE_SIDE_STYLE('',(#6897));
#6601=SURFACE_SIDE_STYLE('',(#6898));
#6602=SURFACE_SIDE_STYLE('',(#6899));
#6603=SURFACE_SIDE_STYLE('',(#6900));
#6604=SURFACE_SIDE_STYLE('',(#6901));
#6605=SURFACE_SIDE_STYLE('',(#6902));
#6606=SURFACE_SIDE_STYLE('',(#6903));
#6607=SURFACE_SIDE_STYLE('',(#6904));
#6608=SURFACE_SIDE_STYLE('',(#6905));
#6609=SURFACE_SIDE_STYLE('',(#6906));
#6610=SURFACE_SIDE_STYLE('',(#6907));
#6611=SURFACE_SIDE_STYLE('',(#6908));
#6612=SURFACE_STYLE_FILL_AREA(#6909);
#6613=SURFACE_STYLE_FILL_AREA(#6910);
#6614=SURFACE_STYLE_FILL_AREA(#6911);
#6615=SURFACE_STYLE_FILL_AREA(#6912);
#6616=SURFACE_STYLE_FILL_AREA(#6913);
#6617=SURFACE_STYLE_FILL_AREA(#6914);
#6618=SURFACE_STYLE_FILL_AREA(#6915);
#6619=SURFACE_STYLE_FILL_AREA(#6916);
#6620=SURFACE_STYLE_FILL_AREA(#6917);
#6621=SURFACE_STYLE_FILL_AREA(#6918);
#6622=SURFACE_STYLE_FILL_AREA(#6919);
#6623=SURFACE_STYLE_FILL_AREA(#6920);
#6624=SURFACE_STYLE_FILL_AREA(#6921);
#6625=SURFACE_STYLE_FILL_AREA(#6922);
#6626=SURFACE_STYLE_FILL_AREA(#6923);
#6627=SURFACE_STYLE_FILL_AREA(#6924);
#6628=SURFACE_STYLE_FILL_AREA(#6925);
#6629=SURFACE_STYLE_FILL_AREA(#6926);
#6630=SURFACE_STYLE_FILL_AREA(#6927);
#6631=SURFACE_STYLE_FILL_AREA(#6928);
#6632=SURFACE_STYLE_FILL_AREA(#6929);
#6633=SURFACE_STYLE_FILL_AREA(#6930);
#6634=SURFACE_STYLE_FILL_AREA(#6931);
#6635=SURFACE_STYLE_FILL_AREA(#6932);
#6636=SURFACE_STYLE_FILL_AREA(#6933);
#6637=SURFACE_STYLE_FILL_AREA(#6934);
#6638=SURFACE_STYLE_FILL_AREA(#6935);
#6639=SURFACE_STYLE_FILL_AREA(#6936);
#6640=SURFACE_STYLE_FILL_AREA(#6937);
#6641=SURFACE_STYLE_FILL_AREA(#6938);
#6642=SURFACE_STYLE_FILL_AREA(#6939);
#6643=SURFACE_STYLE_FILL_AREA(#6940);
#6644=SURFACE_STYLE_FILL_AREA(#6941);
#6645=SURFACE_STYLE_FILL_AREA(#6942);
#6646=SURFACE_STYLE_FILL_AREA(#6943);
#6647=SURFACE_STYLE_FILL_AREA(#6944);
#6648=SURFACE_STYLE_FILL_AREA(#6945);
#6649=SURFACE_STYLE_FILL_AREA(#6946);
#6650=SURFACE_STYLE_FILL_AREA(#6947);
#6651=SURFACE_STYLE_FILL_AREA(#6948);
#6652=SURFACE_STYLE_FILL_AREA(#6949);
#6653=SURFACE_STYLE_FILL_AREA(#6950);
#6654=SURFACE_STYLE_FILL_AREA(#6951);
#6655=SURFACE_STYLE_FILL_AREA(#6952);
#6656=SURFACE_STYLE_FILL_AREA(#6953);
#6657=SURFACE_STYLE_FILL_AREA(#6954);
#6658=SURFACE_STYLE_FILL_AREA(#6955);
#6659=SURFACE_STYLE_FILL_AREA(#6956);
#6660=SURFACE_STYLE_FILL_AREA(#6957);
#6661=SURFACE_STYLE_FILL_AREA(#6958);
#6662=SURFACE_STYLE_FILL_AREA(#6959);
#6663=SURFACE_STYLE_FILL_AREA(#6960);
#6664=SURFACE_STYLE_FILL_AREA(#6961);
#6665=SURFACE_STYLE_FILL_AREA(#6962);
#6666=SURFACE_STYLE_FILL_AREA(#6963);
#6667=SURFACE_STYLE_FILL_AREA(#6964);
#6668=SURFACE_STYLE_FILL_AREA(#6965);
#6669=SURFACE_STYLE_FILL_AREA(#6966);
#6670=SURFACE_STYLE_FILL_AREA(#6967);
#6671=SURFACE_STYLE_FILL_AREA(#6968);
#6672=SURFACE_STYLE_FILL_AREA(#6969);
#6673=SURFACE_STYLE_FILL_AREA(#6970);
#6674=SURFACE_STYLE_FILL_AREA(#6971);
#6675=SURFACE_STYLE_FILL_AREA(#6972);
#6676=SURFACE_STYLE_FILL_AREA(#6973);
#6677=SURFACE_STYLE_FILL_AREA(#6974);
#6678=SURFACE_STYLE_FILL_AREA(#6975);
#6679=SURFACE_STYLE_FILL_AREA(#6976);
#6680=SURFACE_STYLE_FILL_AREA(#6977);
#6681=SURFACE_STYLE_FILL_AREA(#6978);
#6682=SURFACE_STYLE_FILL_AREA(#6979);
#6683=SURFACE_STYLE_FILL_AREA(#6980);
#6684=SURFACE_STYLE_FILL_AREA(#6981);
#6685=SURFACE_STYLE_FILL_AREA(#6982);
#6686=SURFACE_STYLE_FILL_AREA(#6983);
#6687=SURFACE_STYLE_FILL_AREA(#6984);
#6688=SURFACE_STYLE_FILL_AREA(#6985);
#6689=SURFACE_STYLE_FILL_AREA(#6986);
#6690=SURFACE_STYLE_FILL_AREA(#6987);
#6691=SURFACE_STYLE_FILL_AREA(#6988);
#6692=SURFACE_STYLE_FILL_AREA(#6989);
#6693=SURFACE_STYLE_FILL_AREA(#6990);
#6694=SURFACE_STYLE_FILL_AREA(#6991);
#6695=SURFACE_STYLE_FILL_AREA(#6992);
#6696=SURFACE_STYLE_FILL_AREA(#6993);
#6697=SURFACE_STYLE_FILL_AREA(#6994);
#6698=SURFACE_STYLE_FILL_AREA(#6995);
#6699=SURFACE_STYLE_FILL_AREA(#6996);
#6700=SURFACE_STYLE_FILL_AREA(#6997);
#6701=SURFACE_STYLE_FILL_AREA(#6998);
#6702=SURFACE_STYLE_FILL_AREA(#6999);
#6703=SURFACE_STYLE_FILL_AREA(#7000);
#6704=SURFACE_STYLE_FILL_AREA(#7001);
#6705=SURFACE_STYLE_FILL_AREA(#7002);
#6706=SURFACE_STYLE_FILL_AREA(#7003);
#6707=SURFACE_STYLE_FILL_AREA(#7004);
#6708=SURFACE_STYLE_FILL_AREA(#7005);
#6709=SURFACE_STYLE_FILL_AREA(#7006);
#6710=SURFACE_STYLE_FILL_AREA(#7007);
#6711=SURFACE_STYLE_FILL_AREA(#7008);
#6712=SURFACE_STYLE_FILL_AREA(#7009);
#6713=SURFACE_STYLE_FILL_AREA(#7010);
#6714=SURFACE_STYLE_FILL_AREA(#7011);
#6715=SURFACE_STYLE_FILL_AREA(#7012);
#6716=SURFACE_STYLE_FILL_AREA(#7013);
#6717=SURFACE_STYLE_FILL_AREA(#7014);
#6718=SURFACE_STYLE_FILL_AREA(#7015);
#6719=SURFACE_STYLE_FILL_AREA(#7016);
#6720=SURFACE_STYLE_FILL_AREA(#7017);
#6721=SURFACE_STYLE_FILL_AREA(#7018);
#6722=SURFACE_STYLE_FILL_AREA(#7019);
#6723=SURFACE_STYLE_FILL_AREA(#7020);
#6724=SURFACE_STYLE_FILL_AREA(#7021);
#6725=SURFACE_STYLE_FILL_AREA(#7022);
#6726=SURFACE_STYLE_FILL_AREA(#7023);
#6727=SURFACE_STYLE_FILL_AREA(#7024);
#6728=SURFACE_STYLE_FILL_AREA(#7025);
#6729=SURFACE_STYLE_FILL_AREA(#7026);
#6730=SURFACE_STYLE_FILL_AREA(#7027);
#6731=SURFACE_STYLE_FILL_AREA(#7028);
#6732=SURFACE_STYLE_FILL_AREA(#7029);
#6733=SURFACE_STYLE_FILL_AREA(#7030);
#6734=SURFACE_STYLE_FILL_AREA(#7031);
#6735=SURFACE_STYLE_FILL_AREA(#7032);
#6736=SURFACE_STYLE_FILL_AREA(#7033);
#6737=SURFACE_STYLE_FILL_AREA(#7034);
#6738=SURFACE_STYLE_FILL_AREA(#7035);
#6739=SURFACE_STYLE_FILL_AREA(#7036);
#6740=SURFACE_STYLE_FILL_AREA(#7037);
#6741=SURFACE_STYLE_FILL_AREA(#7038);
#6742=SURFACE_STYLE_FILL_AREA(#7039);
#6743=SURFACE_STYLE_FILL_AREA(#7040);
#6744=SURFACE_STYLE_FILL_AREA(#7041);
#6745=SURFACE_STYLE_FILL_AREA(#7042);
#6746=SURFACE_STYLE_FILL_AREA(#7043);
#6747=SURFACE_STYLE_FILL_AREA(#7044);
#6748=SURFACE_STYLE_FILL_AREA(#7045);
#6749=SURFACE_STYLE_FILL_AREA(#7046);
#6750=SURFACE_STYLE_FILL_AREA(#7047);
#6751=SURFACE_STYLE_FILL_AREA(#7048);
#6752=SURFACE_STYLE_FILL_AREA(#7049);
#6753=SURFACE_STYLE_FILL_AREA(#7050);
#6754=SURFACE_STYLE_FILL_AREA(#7051);
#6755=SURFACE_STYLE_FILL_AREA(#7052);
#6756=SURFACE_STYLE_FILL_AREA(#7053);
#6757=SURFACE_STYLE_FILL_AREA(#7054);
#6758=SURFACE_STYLE_FILL_AREA(#7055);
#6759=SURFACE_STYLE_FILL_AREA(#7056);
#6760=SURFACE_STYLE_FILL_AREA(#7057);
#6761=SURFACE_STYLE_FILL_AREA(#7058);
#6762=SURFACE_STYLE_FILL_AREA(#7059);
#6763=SURFACE_STYLE_FILL_AREA(#7060);
#6764=SURFACE_STYLE_FILL_AREA(#7061);
#6765=SURFACE_STYLE_FILL_AREA(#7062);
#6766=SURFACE_STYLE_FILL_AREA(#7063);
#6767=SURFACE_STYLE_FILL_AREA(#7064);
#6768=SURFACE_STYLE_FILL_AREA(#7065);
#6769=SURFACE_STYLE_FILL_AREA(#7066);
#6770=SURFACE_STYLE_FILL_AREA(#7067);
#6771=SURFACE_STYLE_FILL_AREA(#7068);
#6772=SURFACE_STYLE_FILL_AREA(#7069);
#6773=SURFACE_STYLE_FILL_AREA(#7070);
#6774=SURFACE_STYLE_FILL_AREA(#7071);
#6775=SURFACE_STYLE_FILL_AREA(#7072);
#6776=SURFACE_STYLE_FILL_AREA(#7073);
#6777=SURFACE_STYLE_FILL_AREA(#7074);
#6778=SURFACE_STYLE_FILL_AREA(#7075);
#6779=SURFACE_STYLE_FILL_AREA(#7076);
#6780=SURFACE_STYLE_FILL_AREA(#7077);
#6781=SURFACE_STYLE_FILL_AREA(#7078);
#6782=SURFACE_STYLE_FILL_AREA(#7079);
#6783=SURFACE_STYLE_FILL_AREA(#7080);
#6784=SURFACE_STYLE_FILL_AREA(#7081);
#6785=SURFACE_STYLE_FILL_AREA(#7082);
#6786=SURFACE_STYLE_FILL_AREA(#7083);
#6787=SURFACE_STYLE_FILL_AREA(#7084);
#6788=SURFACE_STYLE_FILL_AREA(#7085);
#6789=SURFACE_STYLE_FILL_AREA(#7086);
#6790=SURFACE_STYLE_FILL_AREA(#7087);
#6791=SURFACE_STYLE_FILL_AREA(#7088);
#6792=SURFACE_STYLE_FILL_AREA(#7089);
#6793=SURFACE_STYLE_FILL_AREA(#7090);
#6794=SURFACE_STYLE_FILL_AREA(#7091);
#6795=SURFACE_STYLE_FILL_AREA(#7092);
#6796=SURFACE_STYLE_FILL_AREA(#7093);
#6797=SURFACE_STYLE_FILL_AREA(#7094);
#6798=SURFACE_STYLE_FILL_AREA(#7095);
#6799=SURFACE_STYLE_FILL_AREA(#7096);
#6800=SURFACE_STYLE_FILL_AREA(#7097);
#6801=SURFACE_STYLE_FILL_AREA(#7098);
#6802=SURFACE_STYLE_FILL_AREA(#7099);
#6803=SURFACE_STYLE_FILL_AREA(#7100);
#6804=SURFACE_STYLE_FILL_AREA(#7101);
#6805=SURFACE_STYLE_FILL_AREA(#7102);
#6806=SURFACE_STYLE_FILL_AREA(#7103);
#6807=SURFACE_STYLE_FILL_AREA(#7104);
#6808=SURFACE_STYLE_FILL_AREA(#7105);
#6809=SURFACE_STYLE_FILL_AREA(#7106);
#6810=SURFACE_STYLE_FILL_AREA(#7107);
#6811=SURFACE_STYLE_FILL_AREA(#7108);
#6812=SURFACE_STYLE_FILL_AREA(#7109);
#6813=SURFACE_STYLE_FILL_AREA(#7110);
#6814=SURFACE_STYLE_FILL_AREA(#7111);
#6815=SURFACE_STYLE_FILL_AREA(#7112);
#6816=SURFACE_STYLE_FILL_AREA(#7113);
#6817=SURFACE_STYLE_FILL_AREA(#7114);
#6818=SURFACE_STYLE_FILL_AREA(#7115);
#6819=SURFACE_STYLE_FILL_AREA(#7116);
#6820=SURFACE_STYLE_FILL_AREA(#7117);
#6821=SURFACE_STYLE_FILL_AREA(#7118);
#6822=SURFACE_STYLE_FILL_AREA(#7119);
#6823=SURFACE_STYLE_FILL_AREA(#7120);
#6824=SURFACE_STYLE_FILL_AREA(#7121);
#6825=SURFACE_STYLE_FILL_AREA(#7122);
#6826=SURFACE_STYLE_FILL_AREA(#7123);
#6827=SURFACE_STYLE_FILL_AREA(#7124);
#6828=SURFACE_STYLE_FILL_AREA(#7125);
#6829=SURFACE_STYLE_FILL_AREA(#7126);
#6830=SURFACE_STYLE_FILL_AREA(#7127);
#6831=SURFACE_STYLE_FILL_AREA(#7128);
#6832=SURFACE_STYLE_FILL_AREA(#7129);
#6833=SURFACE_STYLE_FILL_AREA(#7130);
#6834=SURFACE_STYLE_FILL_AREA(#7131);
#6835=SURFACE_STYLE_FILL_AREA(#7132);
#6836=SURFACE_STYLE_FILL_AREA(#7133);
#6837=SURFACE_STYLE_FILL_AREA(#7134);
#6838=SURFACE_STYLE_FILL_AREA(#7135);
#6839=SURFACE_STYLE_FILL_AREA(#7136);
#6840=SURFACE_STYLE_FILL_AREA(#7137);
#6841=SURFACE_STYLE_FILL_AREA(#7138);
#6842=SURFACE_STYLE_FILL_AREA(#7139);
#6843=SURFACE_STYLE_FILL_AREA(#7140);
#6844=SURFACE_STYLE_FILL_AREA(#7141);
#6845=SURFACE_STYLE_FILL_AREA(#7142);
#6846=SURFACE_STYLE_FILL_AREA(#7143);
#6847=SURFACE_STYLE_FILL_AREA(#7144);
#6848=SURFACE_STYLE_FILL_AREA(#7145);
#6849=SURFACE_STYLE_FILL_AREA(#7146);
#6850=SURFACE_STYLE_FILL_AREA(#7147);
#6851=SURFACE_STYLE_FILL_AREA(#7148);
#6852=SURFACE_STYLE_FILL_AREA(#7149);
#6853=SURFACE_STYLE_FILL_AREA(#7150);
#6854=SURFACE_STYLE_FILL_AREA(#7151);
#6855=SURFACE_STYLE_FILL_AREA(#7152);
#6856=SURFACE_STYLE_FILL_AREA(#7153);
#6857=SURFACE_STYLE_FILL_AREA(#7154);
#6858=SURFACE_STYLE_FILL_AREA(#7155);
#6859=SURFACE_STYLE_FILL_AREA(#7156);
#6860=SURFACE_STYLE_FILL_AREA(#7157);
#6861=SURFACE_STYLE_FILL_AREA(#7158);
#6862=SURFACE_STYLE_FILL_AREA(#7159);
#6863=SURFACE_STYLE_FILL_AREA(#7160);
#6864=SURFACE_STYLE_FILL_AREA(#7161);
#6865=SURFACE_STYLE_FILL_AREA(#7162);
#6866=SURFACE_STYLE_FILL_AREA(#7163);
#6867=SURFACE_STYLE_FILL_AREA(#7164);
#6868=SURFACE_STYLE_FILL_AREA(#7165);
#6869=SURFACE_STYLE_FILL_AREA(#7166);
#6870=SURFACE_STYLE_FILL_AREA(#7167);
#6871=SURFACE_STYLE_FILL_AREA(#7168);
#6872=SURFACE_STYLE_FILL_AREA(#7169);
#6873=SURFACE_STYLE_FILL_AREA(#7170);
#6874=SURFACE_STYLE_FILL_AREA(#7171);
#6875=SURFACE_STYLE_FILL_AREA(#7172);
#6876=SURFACE_STYLE_FILL_AREA(#7173);
#6877=SURFACE_STYLE_FILL_AREA(#7174);
#6878=SURFACE_STYLE_FILL_AREA(#7175);
#6879=SURFACE_STYLE_FILL_AREA(#7176);
#6880=SURFACE_STYLE_FILL_AREA(#7177);
#6881=SURFACE_STYLE_FILL_AREA(#7178);
#6882=SURFACE_STYLE_FILL_AREA(#7179);
#6883=SURFACE_STYLE_FILL_AREA(#7180);
#6884=SURFACE_STYLE_FILL_AREA(#7181);
#6885=SURFACE_STYLE_FILL_AREA(#7182);
#6886=SURFACE_STYLE_FILL_AREA(#7183);
#6887=SURFACE_STYLE_FILL_AREA(#7184);
#6888=SURFACE_STYLE_FILL_AREA(#7185);
#6889=SURFACE_STYLE_FILL_AREA(#7186);
#6890=SURFACE_STYLE_FILL_AREA(#7187);
#6891=SURFACE_STYLE_FILL_AREA(#7188);
#6892=SURFACE_STYLE_FILL_AREA(#7189);
#6893=SURFACE_STYLE_FILL_AREA(#7190);
#6894=SURFACE_STYLE_FILL_AREA(#7191);
#6895=SURFACE_STYLE_FILL_AREA(#7192);
#6896=SURFACE_STYLE_FILL_AREA(#7193);
#6897=SURFACE_STYLE_FILL_AREA(#7194);
#6898=SURFACE_STYLE_FILL_AREA(#7195);
#6899=SURFACE_STYLE_FILL_AREA(#7196);
#6900=SURFACE_STYLE_FILL_AREA(#7197);
#6901=SURFACE_STYLE_FILL_AREA(#7198);
#6902=SURFACE_STYLE_FILL_AREA(#7199);
#6903=SURFACE_STYLE_FILL_AREA(#7200);
#6904=SURFACE_STYLE_FILL_AREA(#7201);
#6905=SURFACE_STYLE_FILL_AREA(#7202);
#6906=SURFACE_STYLE_FILL_AREA(#7203);
#6907=SURFACE_STYLE_FILL_AREA(#7204);
#6908=SURFACE_STYLE_FILL_AREA(#7205);
#6909=FILL_AREA_STYLE('',(#7206));
#6910=FILL_AREA_STYLE('',(#7207));
#6911=FILL_AREA_STYLE('',(#7208));
#6912=FILL_AREA_STYLE('',(#7209));
#6913=FILL_AREA_STYLE('',(#7210));
#6914=FILL_AREA_STYLE('',(#7211));
#6915=FILL_AREA_STYLE('',(#7212));
#6916=FILL_AREA_STYLE('',(#7213));
#6917=FILL_AREA_STYLE('',(#7214));
#6918=FILL_AREA_STYLE('',(#7215));
#6919=FILL_AREA_STYLE('',(#7216));
#6920=FILL_AREA_STYLE('',(#7217));
#6921=FILL_AREA_STYLE('',(#7218));
#6922=FILL_AREA_STYLE('',(#7219));
#6923=FILL_AREA_STYLE('',(#7220));
#6924=FILL_AREA_STYLE('',(#7221));
#6925=FILL_AREA_STYLE('',(#7222));
#6926=FILL_AREA_STYLE('',(#7223));
#6927=FILL_AREA_STYLE('',(#7224));
#6928=FILL_AREA_STYLE('',(#7225));
#6929=FILL_AREA_STYLE('',(#7226));
#6930=FILL_AREA_STYLE('',(#7227));
#6931=FILL_AREA_STYLE('',(#7228));
#6932=FILL_AREA_STYLE('',(#7229));
#6933=FILL_AREA_STYLE('',(#7230));
#6934=FILL_AREA_STYLE('',(#7231));
#6935=FILL_AREA_STYLE('',(#7232));
#6936=FILL_AREA_STYLE('',(#7233));
#6937=FILL_AREA_STYLE('',(#7234));
#6938=FILL_AREA_STYLE('',(#7235));
#6939=FILL_AREA_STYLE('',(#7236));
#6940=FILL_AREA_STYLE('',(#7237));
#6941=FILL_AREA_STYLE('',(#7238));
#6942=FILL_AREA_STYLE('',(#7239));
#6943=FILL_AREA_STYLE('',(#7240));
#6944=FILL_AREA_STYLE('',(#7241));
#6945=FILL_AREA_STYLE('',(#7242));
#6946=FILL_AREA_STYLE('',(#7243));
#6947=FILL_AREA_STYLE('',(#7244));
#6948=FILL_AREA_STYLE('',(#7245));
#6949=FILL_AREA_STYLE('',(#7246));
#6950=FILL_AREA_STYLE('',(#7247));
#6951=FILL_AREA_STYLE('',(#7248));
#6952=FILL_AREA_STYLE('',(#7249));
#6953=FILL_AREA_STYLE('',(#7250));
#6954=FILL_AREA_STYLE('',(#7251));
#6955=FILL_AREA_STYLE('',(#7252));
#6956=FILL_AREA_STYLE('',(#7253));
#6957=FILL_AREA_STYLE('',(#7254));
#6958=FILL_AREA_STYLE('',(#7255));
#6959=FILL_AREA_STYLE('',(#7256));
#6960=FILL_AREA_STYLE('',(#7257));
#6961=FILL_AREA_STYLE('',(#7258));
#6962=FILL_AREA_STYLE('',(#7259));
#6963=FILL_AREA_STYLE('',(#7260));
#6964=FILL_AREA_STYLE('',(#7261));
#6965=FILL_AREA_STYLE('',(#7262));
#6966=FILL_AREA_STYLE('',(#7263));
#6967=FILL_AREA_STYLE('',(#7264));
#6968=FILL_AREA_STYLE('',(#7265));
#6969=FILL_AREA_STYLE('',(#7266));
#6970=FILL_AREA_STYLE('',(#7267));
#6971=FILL_AREA_STYLE('',(#7268));
#6972=FILL_AREA_STYLE('',(#7269));
#6973=FILL_AREA_STYLE('',(#7270));
#6974=FILL_AREA_STYLE('',(#7271));
#6975=FILL_AREA_STYLE('',(#7272));
#6976=FILL_AREA_STYLE('',(#7273));
#6977=FILL_AREA_STYLE('',(#7274));
#6978=FILL_AREA_STYLE('',(#7275));
#6979=FILL_AREA_STYLE('',(#7276));
#6980=FILL_AREA_STYLE('',(#7277));
#6981=FILL_AREA_STYLE('',(#7278));
#6982=FILL_AREA_STYLE('',(#7279));
#6983=FILL_AREA_STYLE('',(#7280));
#6984=FILL_AREA_STYLE('',(#7281));
#6985=FILL_AREA_STYLE('',(#7282));
#6986=FILL_AREA_STYLE('',(#7283));
#6987=FILL_AREA_STYLE('',(#7284));
#6988=FILL_AREA_STYLE('',(#7285));
#6989=FILL_AREA_STYLE('',(#7286));
#6990=FILL_AREA_STYLE('',(#7287));
#6991=FILL_AREA_STYLE('',(#7288));
#6992=FILL_AREA_STYLE('',(#7289));
#6993=FILL_AREA_STYLE('',(#7290));
#6994=FILL_AREA_STYLE('',(#7291));
#6995=FILL_AREA_STYLE('',(#7292));
#6996=FILL_AREA_STYLE('',(#7293));
#6997=FILL_AREA_STYLE('',(#7294));
#6998=FILL_AREA_STYLE('',(#7295));
#6999=FILL_AREA_STYLE('',(#7296));
#7000=FILL_AREA_STYLE('',(#7297));
#7001=FILL_AREA_STYLE('',(#7298));
#7002=FILL_AREA_STYLE('',(#7299));
#7003=FILL_AREA_STYLE('',(#7300));
#7004=FILL_AREA_STYLE('',(#7301));
#7005=FILL_AREA_STYLE('',(#7302));
#7006=FILL_AREA_STYLE('',(#7303));
#7007=FILL_AREA_STYLE('',(#7304));
#7008=FILL_AREA_STYLE('',(#7305));
#7009=FILL_AREA_STYLE('',(#7306));
#7010=FILL_AREA_STYLE('',(#7307));
#7011=FILL_AREA_STYLE('',(#7308));
#7012=FILL_AREA_STYLE('',(#7309));
#7013=FILL_AREA_STYLE('',(#7310));
#7014=FILL_AREA_STYLE('',(#7311));
#7015=FILL_AREA_STYLE('',(#7312));
#7016=FILL_AREA_STYLE('',(#7313));
#7017=FILL_AREA_STYLE('',(#7314));
#7018=FILL_AREA_STYLE('',(#7315));
#7019=FILL_AREA_STYLE('',(#7316));
#7020=FILL_AREA_STYLE('',(#7317));
#7021=FILL_AREA_STYLE('',(#7318));
#7022=FILL_AREA_STYLE('',(#7319));
#7023=FILL_AREA_STYLE('',(#7320));
#7024=FILL_AREA_STYLE('',(#7321));
#7025=FILL_AREA_STYLE('',(#7322));
#7026=FILL_AREA_STYLE('',(#7323));
#7027=FILL_AREA_STYLE('',(#7324));
#7028=FILL_AREA_STYLE('',(#7325));
#7029=FILL_AREA_STYLE('',(#7326));
#7030=FILL_AREA_STYLE('',(#7327));
#7031=FILL_AREA_STYLE('',(#7328));
#7032=FILL_AREA_STYLE('',(#7329));
#7033=FILL_AREA_STYLE('',(#7330));
#7034=FILL_AREA_STYLE('',(#7331));
#7035=FILL_AREA_STYLE('',(#7332));
#7036=FILL_AREA_STYLE('',(#7333));
#7037=FILL_AREA_STYLE('',(#7334));
#7038=FILL_AREA_STYLE('',(#7335));
#7039=FILL_AREA_STYLE('',(#7336));
#7040=FILL_AREA_STYLE('',(#7337));
#7041=FILL_AREA_STYLE('',(#7338));
#7042=FILL_AREA_STYLE('',(#7339));
#7043=FILL_AREA_STYLE('',(#7340));
#7044=FILL_AREA_STYLE('',(#7341));
#7045=FILL_AREA_STYLE('',(#7342));
#7046=FILL_AREA_STYLE('',(#7343));
#7047=FILL_AREA_STYLE('',(#7344));
#7048=FILL_AREA_STYLE('',(#7345));
#7049=FILL_AREA_STYLE('',(#7346));
#7050=FILL_AREA_STYLE('',(#7347));
#7051=FILL_AREA_STYLE('',(#7348));
#7052=FILL_AREA_STYLE('',(#7349));
#7053=FILL_AREA_STYLE('',(#7350));
#7054=FILL_AREA_STYLE('',(#7351));
#7055=FILL_AREA_STYLE('',(#7352));
#7056=FILL_AREA_STYLE('',(#7353));
#7057=FILL_AREA_STYLE('',(#7354));
#7058=FILL_AREA_STYLE('',(#7355));
#7059=FILL_AREA_STYLE('',(#7356));
#7060=FILL_AREA_STYLE('',(#7357));
#7061=FILL_AREA_STYLE('',(#7358));
#7062=FILL_AREA_STYLE('',(#7359));
#7063=FILL_AREA_STYLE('',(#7360));
#7064=FILL_AREA_STYLE('',(#7361));
#7065=FILL_AREA_STYLE('',(#7362));
#7066=FILL_AREA_STYLE('',(#7363));
#7067=FILL_AREA_STYLE('',(#7364));
#7068=FILL_AREA_STYLE('',(#7365));
#7069=FILL_AREA_STYLE('',(#7366));
#7070=FILL_AREA_STYLE('',(#7367));
#7071=FILL_AREA_STYLE('',(#7368));
#7072=FILL_AREA_STYLE('',(#7369));
#7073=FILL_AREA_STYLE('',(#7370));
#7074=FILL_AREA_STYLE('',(#7371));
#7075=FILL_AREA_STYLE('',(#7372));
#7076=FILL_AREA_STYLE('',(#7373));
#7077=FILL_AREA_STYLE('',(#7374));
#7078=FILL_AREA_STYLE('',(#7375));
#7079=FILL_AREA_STYLE('',(#7376));
#7080=FILL_AREA_STYLE('',(#7377));
#7081=FILL_AREA_STYLE('',(#7378));
#7082=FILL_AREA_STYLE('',(#7379));
#7083=FILL_AREA_STYLE('',(#7380));
#7084=FILL_AREA_STYLE('',(#7381));
#7085=FILL_AREA_STYLE('',(#7382));
#7086=FILL_AREA_STYLE('',(#7383));
#7087=FILL_AREA_STYLE('',(#7384));
#7088=FILL_AREA_STYLE('',(#7385));
#7089=FILL_AREA_STYLE('',(#7386));
#7090=FILL_AREA_STYLE('',(#7387));
#7091=FILL_AREA_STYLE('',(#7388));
#7092=FILL_AREA_STYLE('',(#7389));
#7093=FILL_AREA_STYLE('',(#7390));
#7094=FILL_AREA_STYLE('',(#7391));
#7095=FILL_AREA_STYLE('',(#7392));
#7096=FILL_AREA_STYLE('',(#7393));
#7097=FILL_AREA_STYLE('',(#7394));
#7098=FILL_AREA_STYLE('',(#7395));
#7099=FILL_AREA_STYLE('',(#7396));
#7100=FILL_AREA_STYLE('',(#7397));
#7101=FILL_AREA_STYLE('',(#7398));
#7102=FILL_AREA_STYLE('',(#7399));
#7103=FILL_AREA_STYLE('',(#7400));
#7104=FILL_AREA_STYLE('',(#7401));
#7105=FILL_AREA_STYLE('',(#7402));
#7106=FILL_AREA_STYLE('',(#7403));
#7107=FILL_AREA_STYLE('',(#7404));
#7108=FILL_AREA_STYLE('',(#7405));
#7109=FILL_AREA_STYLE('',(#7406));
#7110=FILL_AREA_STYLE('',(#7407));
#7111=FILL_AREA_STYLE('',(#7408));
#7112=FILL_AREA_STYLE('',(#7409));
#7113=FILL_AREA_STYLE('',(#7410));
#7114=FILL_AREA_STYLE('',(#7411));
#7115=FILL_AREA_STYLE('',(#7412));
#7116=FILL_AREA_STYLE('',(#7413));
#7117=FILL_AREA_STYLE('',(#7414));
#7118=FILL_AREA_STYLE('',(#7415));
#7119=FILL_AREA_STYLE('',(#7416));
#7120=FILL_AREA_STYLE('',(#7417));
#7121=FILL_AREA_STYLE('',(#7418));
#7122=FILL_AREA_STYLE('',(#7419));
#7123=FILL_AREA_STYLE('',(#7420));
#7124=FILL_AREA_STYLE('',(#7421));
#7125=FILL_AREA_STYLE('',(#7422));
#7126=FILL_AREA_STYLE('',(#7423));
#7127=FILL_AREA_STYLE('',(#7424));
#7128=FILL_AREA_STYLE('',(#7425));
#7129=FILL_AREA_STYLE('',(#7426));
#7130=FILL_AREA_STYLE('',(#7427));
#7131=FILL_AREA_STYLE('',(#7428));
#7132=FILL_AREA_STYLE('',(#7429));
#7133=FILL_AREA_STYLE('',(#7430));
#7134=FILL_AREA_STYLE('',(#7431));
#7135=FILL_AREA_STYLE('',(#7432));
#7136=FILL_AREA_STYLE('',(#7433));
#7137=FILL_AREA_STYLE('',(#7434));
#7138=FILL_AREA_STYLE('',(#7435));
#7139=FILL_AREA_STYLE('',(#7436));
#7140=FILL_AREA_STYLE('',(#7437));
#7141=FILL_AREA_STYLE('',(#7438));
#7142=FILL_AREA_STYLE('',(#7439));
#7143=FILL_AREA_STYLE('',(#7440));
#7144=FILL_AREA_STYLE('',(#7441));
#7145=FILL_AREA_STYLE('',(#7442));
#7146=FILL_AREA_STYLE('',(#7443));
#7147=FILL_AREA_STYLE('',(#7444));
#7148=FILL_AREA_STYLE('',(#7445));
#7149=FILL_AREA_STYLE('',(#7446));
#7150=FILL_AREA_STYLE('',(#7447));
#7151=FILL_AREA_STYLE('',(#7448));
#7152=FILL_AREA_STYLE('',(#7449));
#7153=FILL_AREA_STYLE('',(#7450));
#7154=FILL_AREA_STYLE('',(#7451));
#7155=FILL_AREA_STYLE('',(#7452));
#7156=FILL_AREA_STYLE('',(#7453));
#7157=FILL_AREA_STYLE('',(#7454));
#7158=FILL_AREA_STYLE('',(#7455));
#7159=FILL_AREA_STYLE('',(#7456));
#7160=FILL_AREA_STYLE('',(#7457));
#7161=FILL_AREA_STYLE('',(#7458));
#7162=FILL_AREA_STYLE('',(#7459));
#7163=FILL_AREA_STYLE('',(#7460));
#7164=FILL_AREA_STYLE('',(#7461));
#7165=FILL_AREA_STYLE('',(#7462));
#7166=FILL_AREA_STYLE('',(#7463));
#7167=FILL_AREA_STYLE('',(#7464));
#7168=FILL_AREA_STYLE('',(#7465));
#7169=FILL_AREA_STYLE('',(#7466));
#7170=FILL_AREA_STYLE('',(#7467));
#7171=FILL_AREA_STYLE('',(#7468));
#7172=FILL_AREA_STYLE('',(#7469));
#7173=FILL_AREA_STYLE('',(#7470));
#7174=FILL_AREA_STYLE('',(#7471));
#7175=FILL_AREA_STYLE('',(#7472));
#7176=FILL_AREA_STYLE('',(#7473));
#7177=FILL_AREA_STYLE('',(#7474));
#7178=FILL_AREA_STYLE('',(#7475));
#7179=FILL_AREA_STYLE('',(#7476));
#7180=FILL_AREA_STYLE('',(#7477));
#7181=FILL_AREA_STYLE('',(#7478));
#7182=FILL_AREA_STYLE('',(#7479));
#7183=FILL_AREA_STYLE('',(#7480));
#7184=FILL_AREA_STYLE('',(#7481));
#7185=FILL_AREA_STYLE('',(#7482));
#7186=FILL_AREA_STYLE('',(#7483));
#7187=FILL_AREA_STYLE('',(#7484));
#7188=FILL_AREA_STYLE('',(#7485));
#7189=FILL_AREA_STYLE('',(#7486));
#7190=FILL_AREA_STYLE('',(#7487));
#7191=FILL_AREA_STYLE('',(#7488));
#7192=FILL_AREA_STYLE('',(#7489));
#7193=FILL_AREA_STYLE('',(#7490));
#7194=FILL_AREA_STYLE('',(#7491));
#7195=FILL_AREA_STYLE('',(#7492));
#7196=FILL_AREA_STYLE('',(#7493));
#7197=FILL_AREA_STYLE('',(#7494));
#7198=FILL_AREA_STYLE('',(#7495));
#7199=FILL_AREA_STYLE('',(#7496));
#7200=FILL_AREA_STYLE('',(#7497));
#7201=FILL_AREA_STYLE('',(#7498));
#7202=FILL_AREA_STYLE('',(#7499));
#7203=FILL_AREA_STYLE('',(#7500));
#7204=FILL_AREA_STYLE('',(#7501));
#7205=FILL_AREA_STYLE('',(#7502));
#7206=FILL_AREA_STYLE_COLOUR('',#7503);
#7207=FILL_AREA_STYLE_COLOUR('',#7503);
#7208=FILL_AREA_STYLE_COLOUR('',#7503);
#7209=FILL_AREA_STYLE_COLOUR('',#7503);
#7210=FILL_AREA_STYLE_COLOUR('',#7503);
#7211=FILL_AREA_STYLE_COLOUR('',#7503);
#7212=FILL_AREA_STYLE_COLOUR('',#7503);
#7213=FILL_AREA_STYLE_COLOUR('',#7504);
#7214=FILL_AREA_STYLE_COLOUR('',#7504);
#7215=FILL_AREA_STYLE_COLOUR('',#7504);
#7216=FILL_AREA_STYLE_COLOUR('',#7504);
#7217=FILL_AREA_STYLE_COLOUR('',#7504);
#7218=FILL_AREA_STYLE_COLOUR('',#7503);
#7219=FILL_AREA_STYLE_COLOUR('',#7503);
#7220=FILL_AREA_STYLE_COLOUR('',#7503);
#7221=FILL_AREA_STYLE_COLOUR('',#7504);
#7222=FILL_AREA_STYLE_COLOUR('',#7504);
#7223=FILL_AREA_STYLE_COLOUR('',#7504);
#7224=FILL_AREA_STYLE_COLOUR('',#7503);
#7225=FILL_AREA_STYLE_COLOUR('',#7503);
#7226=FILL_AREA_STYLE_COLOUR('',#7504);
#7227=FILL_AREA_STYLE_COLOUR('',#7503);
#7228=FILL_AREA_STYLE_COLOUR('',#7504);
#7229=FILL_AREA_STYLE_COLOUR('',#7505);
#7230=FILL_AREA_STYLE_COLOUR('',#7505);
#7231=FILL_AREA_STYLE_COLOUR('',#7505);
#7232=FILL_AREA_STYLE_COLOUR('',#7505);
#7233=FILL_AREA_STYLE_COLOUR('',#7505);
#7234=FILL_AREA_STYLE_COLOUR('',#7504);
#7235=FILL_AREA_STYLE_COLOUR('',#7504);
#7236=FILL_AREA_STYLE_COLOUR('',#7504);
#7237=FILL_AREA_STYLE_COLOUR('',#7504);
#7238=FILL_AREA_STYLE_COLOUR('',#7504);
#7239=FILL_AREA_STYLE_COLOUR('',#7504);
#7240=FILL_AREA_STYLE_COLOUR('',#7504);
#7241=FILL_AREA_STYLE_COLOUR('',#7504);
#7242=FILL_AREA_STYLE_COLOUR('',#7504);
#7243=FILL_AREA_STYLE_COLOUR('',#7504);
#7244=FILL_AREA_STYLE_COLOUR('',#7504);
#7245=FILL_AREA_STYLE_COLOUR('',#7504);
#7246=FILL_AREA_STYLE_COLOUR('',#7505);
#7247=FILL_AREA_STYLE_COLOUR('',#7503);
#7248=FILL_AREA_STYLE_COLOUR('',#7503);
#7249=FILL_AREA_STYLE_COLOUR('',#7503);
#7250=FILL_AREA_STYLE_COLOUR('',#7503);
#7251=FILL_AREA_STYLE_COLOUR('',#7503);
#7252=FILL_AREA_STYLE_COLOUR('',#7504);
#7253=FILL_AREA_STYLE_COLOUR('',#7505);
#7254=FILL_AREA_STYLE_COLOUR('',#7505);
#7255=FILL_AREA_STYLE_COLOUR('',#7504);
#7256=FILL_AREA_STYLE_COLOUR('',#7505);
#7257=FILL_AREA_STYLE_COLOUR('',#7504);
#7258=FILL_AREA_STYLE_COLOUR('',#7504);
#7259=FILL_AREA_STYLE_COLOUR('',#7505);
#7260=FILL_AREA_STYLE_COLOUR('',#7504);
#7261=FILL_AREA_STYLE_COLOUR('',#7504);
#7262=FILL_AREA_STYLE_COLOUR('',#7504);
#7263=FILL_AREA_STYLE_COLOUR('',#7504);
#7264=FILL_AREA_STYLE_COLOUR('',#7504);
#7265=FILL_AREA_STYLE_COLOUR('',#7504);
#7266=FILL_AREA_STYLE_COLOUR('',#7504);
#7267=FILL_AREA_STYLE_COLOUR('',#7503);
#7268=FILL_AREA_STYLE_COLOUR('',#7504);
#7269=FILL_AREA_STYLE_COLOUR('',#7504);
#7270=FILL_AREA_STYLE_COLOUR('',#7503);
#7271=FILL_AREA_STYLE_COLOUR('',#7503);
#7272=FILL_AREA_STYLE_COLOUR('',#7504);
#7273=FILL_AREA_STYLE_COLOUR('',#7503);
#7274=FILL_AREA_STYLE_COLOUR('',#7503);
#7275=FILL_AREA_STYLE_COLOUR('',#7503);
#7276=FILL_AREA_STYLE_COLOUR('',#7503);
#7277=FILL_AREA_STYLE_COLOUR('',#7503);
#7278=FILL_AREA_STYLE_COLOUR('',#7503);
#7279=FILL_AREA_STYLE_COLOUR('',#7503);
#7280=FILL_AREA_STYLE_COLOUR('',#7503);
#7281=FILL_AREA_STYLE_COLOUR('',#7503);
#7282=FILL_AREA_STYLE_COLOUR('',#7503);
#7283=FILL_AREA_STYLE_COLOUR('',#7503);
#7284=FILL_AREA_STYLE_COLOUR('',#7504);
#7285=FILL_AREA_STYLE_COLOUR('',#7504);
#7286=FILL_AREA_STYLE_COLOUR('',#7503);
#7287=FILL_AREA_STYLE_COLOUR('',#7504);
#7288=FILL_AREA_STYLE_COLOUR('',#7504);
#7289=FILL_AREA_STYLE_COLOUR('',#7503);
#7290=FILL_AREA_STYLE_COLOUR('',#7503);
#7291=FILL_AREA_STYLE_COLOUR('',#7503);
#7292=FILL_AREA_STYLE_COLOUR('',#7503);
#7293=FILL_AREA_STYLE_COLOUR('',#7503);
#7294=FILL_AREA_STYLE_COLOUR('',#7503);
#7295=FILL_AREA_STYLE_COLOUR('',#7504);
#7296=FILL_AREA_STYLE_COLOUR('',#7503);
#7297=FILL_AREA_STYLE_COLOUR('',#7503);
#7298=FILL_AREA_STYLE_COLOUR('',#7503);
#7299=FILL_AREA_STYLE_COLOUR('',#7503);
#7300=FILL_AREA_STYLE_COLOUR('',#7503);
#7301=FILL_AREA_STYLE_COLOUR('',#7503);
#7302=FILL_AREA_STYLE_COLOUR('',#7503);
#7303=FILL_AREA_STYLE_COLOUR('',#7503);
#7304=FILL_AREA_STYLE_COLOUR('',#7506);
#7305=FILL_AREA_STYLE_COLOUR('',#7503);
#7306=FILL_AREA_STYLE_COLOUR('',#7503);
#7307=FILL_AREA_STYLE_COLOUR('',#7503);
#7308=FILL_AREA_STYLE_COLOUR('',#7503);
#7309=FILL_AREA_STYLE_COLOUR('',#7503);
#7310=FILL_AREA_STYLE_COLOUR('',#7504);
#7311=FILL_AREA_STYLE_COLOUR('',#7505);
#7312=FILL_AREA_STYLE_COLOUR('',#7505);
#7313=FILL_AREA_STYLE_COLOUR('',#7505);
#7314=FILL_AREA_STYLE_COLOUR('',#7505);
#7315=FILL_AREA_STYLE_COLOUR('',#7505);
#7316=FILL_AREA_STYLE_COLOUR('',#7505);
#7317=FILL_AREA_STYLE_COLOUR('',#7505);
#7318=FILL_AREA_STYLE_COLOUR('',#7505);
#7319=FILL_AREA_STYLE_COLOUR('',#7504);
#7320=FILL_AREA_STYLE_COLOUR('',#7504);
#7321=FILL_AREA_STYLE_COLOUR('',#7504);
#7322=FILL_AREA_STYLE_COLOUR('',#7504);
#7323=FILL_AREA_STYLE_COLOUR('',#7504);
#7324=FILL_AREA_STYLE_COLOUR('',#7504);
#7325=FILL_AREA_STYLE_COLOUR('',#7504);
#7326=FILL_AREA_STYLE_COLOUR('',#7504);
#7327=FILL_AREA_STYLE_COLOUR('',#7504);
#7328=FILL_AREA_STYLE_COLOUR('',#7504);
#7329=FILL_AREA_STYLE_COLOUR('',#7504);
#7330=FILL_AREA_STYLE_COLOUR('',#7503);
#7331=FILL_AREA_STYLE_COLOUR('',#7503);
#7332=FILL_AREA_STYLE_COLOUR('',#7504);
#7333=FILL_AREA_STYLE_COLOUR('',#7503);
#7334=FILL_AREA_STYLE_COLOUR('',#7503);
#7335=FILL_AREA_STYLE_COLOUR('',#7503);
#7336=FILL_AREA_STYLE_COLOUR('',#7504);
#7337=FILL_AREA_STYLE_COLOUR('',#7504);
#7338=FILL_AREA_STYLE_COLOUR('',#7504);
#7339=FILL_AREA_STYLE_COLOUR('',#7503);
#7340=FILL_AREA_STYLE_COLOUR('',#7503);
#7341=FILL_AREA_STYLE_COLOUR('',#7503);
#7342=FILL_AREA_STYLE_COLOUR('',#7504);
#7343=FILL_AREA_STYLE_COLOUR('',#7503);
#7344=FILL_AREA_STYLE_COLOUR('',#7503);
#7345=FILL_AREA_STYLE_COLOUR('',#7503);
#7346=FILL_AREA_STYLE_COLOUR('',#7503);
#7347=FILL_AREA_STYLE_COLOUR('',#7503);
#7348=FILL_AREA_STYLE_COLOUR('',#7504);
#7349=FILL_AREA_STYLE_COLOUR('',#7503);
#7350=FILL_AREA_STYLE_COLOUR('',#7504);
#7351=FILL_AREA_STYLE_COLOUR('',#7503);
#7352=FILL_AREA_STYLE_COLOUR('',#7504);
#7353=FILL_AREA_STYLE_COLOUR('',#7504);
#7354=FILL_AREA_STYLE_COLOUR('',#7504);
#7355=FILL_AREA_STYLE_COLOUR('',#7504);
#7356=FILL_AREA_STYLE_COLOUR('',#7504);
#7357=FILL_AREA_STYLE_COLOUR('',#7504);
#7358=FILL_AREA_STYLE_COLOUR('',#7504);
#7359=FILL_AREA_STYLE_COLOUR('',#7504);
#7360=FILL_AREA_STYLE_COLOUR('',#7504);
#7361=FILL_AREA_STYLE_COLOUR('',#7504);
#7362=FILL_AREA_STYLE_COLOUR('',#7504);
#7363=FILL_AREA_STYLE_COLOUR('',#7505);
#7364=FILL_AREA_STYLE_COLOUR('',#7503);
#7365=FILL_AREA_STYLE_COLOUR('',#7503);
#7366=FILL_AREA_STYLE_COLOUR('',#7504);
#7367=FILL_AREA_STYLE_COLOUR('',#7504);
#7368=FILL_AREA_STYLE_COLOUR('',#7503);
#7369=FILL_AREA_STYLE_COLOUR('',#7504);
#7370=FILL_AREA_STYLE_COLOUR('',#7504);
#7371=FILL_AREA_STYLE_COLOUR('',#7505);
#7372=FILL_AREA_STYLE_COLOUR('',#7503);
#7373=FILL_AREA_STYLE_COLOUR('',#7503);
#7374=FILL_AREA_STYLE_COLOUR('',#7504);
#7375=FILL_AREA_STYLE_COLOUR('',#7503);
#7376=FILL_AREA_STYLE_COLOUR('',#7503);
#7377=FILL_AREA_STYLE_COLOUR('',#7503);
#7378=FILL_AREA_STYLE_COLOUR('',#7504);
#7379=FILL_AREA_STYLE_COLOUR('',#7504);
#7380=FILL_AREA_STYLE_COLOUR('',#7504);
#7381=FILL_AREA_STYLE_COLOUR('',#7503);
#7382=FILL_AREA_STYLE_COLOUR('',#7503);
#7383=FILL_AREA_STYLE_COLOUR('',#7503);
#7384=FILL_AREA_STYLE_COLOUR('',#7503);
#7385=FILL_AREA_STYLE_COLOUR('',#7504);
#7386=FILL_AREA_STYLE_COLOUR('',#7503);
#7387=FILL_AREA_STYLE_COLOUR('',#7503);
#7388=FILL_AREA_STYLE_COLOUR('',#7503);
#7389=FILL_AREA_STYLE_COLOUR('',#7503);
#7390=FILL_AREA_STYLE_COLOUR('',#7504);
#7391=FILL_AREA_STYLE_COLOUR('',#7503);
#7392=FILL_AREA_STYLE_COLOUR('',#7503);
#7393=FILL_AREA_STYLE_COLOUR('',#7503);
#7394=FILL_AREA_STYLE_COLOUR('',#7503);
#7395=FILL_AREA_STYLE_COLOUR('',#7503);
#7396=FILL_AREA_STYLE_COLOUR('',#7503);
#7397=FILL_AREA_STYLE_COLOUR('',#7503);
#7398=FILL_AREA_STYLE_COLOUR('',#7503);
#7399=FILL_AREA_STYLE_COLOUR('',#7503);
#7400=FILL_AREA_STYLE_COLOUR('',#7504);
#7401=FILL_AREA_STYLE_COLOUR('',#7503);
#7402=FILL_AREA_STYLE_COLOUR('',#7503);
#7403=FILL_AREA_STYLE_COLOUR('',#7506);
#7404=FILL_AREA_STYLE_COLOUR('',#7503);
#7405=FILL_AREA_STYLE_COLOUR('',#7503);
#7406=FILL_AREA_STYLE_COLOUR('',#7503);
#7407=FILL_AREA_STYLE_COLOUR('',#7503);
#7408=FILL_AREA_STYLE_COLOUR('',#7503);
#7409=FILL_AREA_STYLE_COLOUR('',#7503);
#7410=FILL_AREA_STYLE_COLOUR('',#7503);
#7411=FILL_AREA_STYLE_COLOUR('',#7503);
#7412=FILL_AREA_STYLE_COLOUR('',#7504);
#7413=FILL_AREA_STYLE_COLOUR('',#7504);
#7414=FILL_AREA_STYLE_COLOUR('',#7503);
#7415=FILL_AREA_STYLE_COLOUR('',#7504);
#7416=FILL_AREA_STYLE_COLOUR('',#7504);
#7417=FILL_AREA_STYLE_COLOUR('',#7505);
#7418=FILL_AREA_STYLE_COLOUR('',#7505);
#7419=FILL_AREA_STYLE_COLOUR('',#7505);
#7420=FILL_AREA_STYLE_COLOUR('',#7505);
#7421=FILL_AREA_STYLE_COLOUR('',#7503);
#7422=FILL_AREA_STYLE_COLOUR('',#7503);
#7423=FILL_AREA_STYLE_COLOUR('',#7503);
#7424=FILL_AREA_STYLE_COLOUR('',#7503);
#7425=FILL_AREA_STYLE_COLOUR('',#7504);
#7426=FILL_AREA_STYLE_COLOUR('',#7504);
#7427=FILL_AREA_STYLE_COLOUR('',#7504);
#7428=FILL_AREA_STYLE_COLOUR('',#7503);
#7429=FILL_AREA_STYLE_COLOUR('',#7503);
#7430=FILL_AREA_STYLE_COLOUR('',#7504);
#7431=FILL_AREA_STYLE_COLOUR('',#7504);
#7432=FILL_AREA_STYLE_COLOUR('',#7504);
#7433=FILL_AREA_STYLE_COLOUR('',#7504);
#7434=FILL_AREA_STYLE_COLOUR('',#7504);
#7435=FILL_AREA_STYLE_COLOUR('',#7504);
#7436=FILL_AREA_STYLE_COLOUR('',#7504);
#7437=FILL_AREA_STYLE_COLOUR('',#7504);
#7438=FILL_AREA_STYLE_COLOUR('',#7503);
#7439=FILL_AREA_STYLE_COLOUR('',#7503);
#7440=FILL_AREA_STYLE_COLOUR('',#7503);
#7441=FILL_AREA_STYLE_COLOUR('',#7503);
#7442=FILL_AREA_STYLE_COLOUR('',#7504);
#7443=FILL_AREA_STYLE_COLOUR('',#7504);
#7444=FILL_AREA_STYLE_COLOUR('',#7503);
#7445=FILL_AREA_STYLE_COLOUR('',#7503);
#7446=FILL_AREA_STYLE_COLOUR('',#7503);
#7447=FILL_AREA_STYLE_COLOUR('',#7503);
#7448=FILL_AREA_STYLE_COLOUR('',#7504);
#7449=FILL_AREA_STYLE_COLOUR('',#7503);
#7450=FILL_AREA_STYLE_COLOUR('',#7503);
#7451=FILL_AREA_STYLE_COLOUR('',#7503);
#7452=FILL_AREA_STYLE_COLOUR('',#7503);
#7453=FILL_AREA_STYLE_COLOUR('',#7505);
#7454=FILL_AREA_STYLE_COLOUR('',#7505);
#7455=FILL_AREA_STYLE_COLOUR('',#7504);
#7456=FILL_AREA_STYLE_COLOUR('',#7504);
#7457=FILL_AREA_STYLE_COLOUR('',#7504);
#7458=FILL_AREA_STYLE_COLOUR('',#7504);
#7459=FILL_AREA_STYLE_COLOUR('',#7504);
#7460=FILL_AREA_STYLE_COLOUR('',#7504);
#7461=FILL_AREA_STYLE_COLOUR('',#7504);
#7462=FILL_AREA_STYLE_COLOUR('',#7504);
#7463=FILL_AREA_STYLE_COLOUR('',#7504);
#7464=FILL_AREA_STYLE_COLOUR('',#7504);
#7465=FILL_AREA_STYLE_COLOUR('',#7503);
#7466=FILL_AREA_STYLE_COLOUR('',#7503);
#7467=FILL_AREA_STYLE_COLOUR('',#7504);
#7468=FILL_AREA_STYLE_COLOUR('',#7503);
#7469=FILL_AREA_STYLE_COLOUR('',#7503);
#7470=FILL_AREA_STYLE_COLOUR('',#7503);
#7471=FILL_AREA_STYLE_COLOUR('',#7504);
#7472=FILL_AREA_STYLE_COLOUR('',#7503);
#7473=FILL_AREA_STYLE_COLOUR('',#7503);
#7474=FILL_AREA_STYLE_COLOUR('',#7504);
#7475=FILL_AREA_STYLE_COLOUR('',#7505);
#7476=FILL_AREA_STYLE_COLOUR('',#7503);
#7477=FILL_AREA_STYLE_COLOUR('',#7503);
#7478=FILL_AREA_STYLE_COLOUR('',#7503);
#7479=FILL_AREA_STYLE_COLOUR('',#7504);
#7480=FILL_AREA_STYLE_COLOUR('',#7504);
#7481=FILL_AREA_STYLE_COLOUR('',#7503);
#7482=FILL_AREA_STYLE_COLOUR('',#7503);
#7483=FILL_AREA_STYLE_COLOUR('',#7503);
#7484=FILL_AREA_STYLE_COLOUR('',#7504);
#7485=FILL_AREA_STYLE_COLOUR('',#7503);
#7486=FILL_AREA_STYLE_COLOUR('',#7504);
#7487=FILL_AREA_STYLE_COLOUR('',#7503);
#7488=FILL_AREA_STYLE_COLOUR('',#7504);
#7489=FILL_AREA_STYLE_COLOUR('',#7503);
#7490=FILL_AREA_STYLE_COLOUR('',#7504);
#7491=FILL_AREA_STYLE_COLOUR('',#7505);
#7492=FILL_AREA_STYLE_COLOUR('',#7504);
#7493=FILL_AREA_STYLE_COLOUR('',#7503);
#7494=FILL_AREA_STYLE_COLOUR('',#7503);
#7495=FILL_AREA_STYLE_COLOUR('',#7504);
#7496=FILL_AREA_STYLE_COLOUR('',#7505);
#7497=FILL_AREA_STYLE_COLOUR('',#7504);
#7498=FILL_AREA_STYLE_COLOUR('',#7505);
#7499=FILL_AREA_STYLE_COLOUR('',#7504);
#7500=FILL_AREA_STYLE_COLOUR('',#7503);
#7501=FILL_AREA_STYLE_COLOUR('',#7506);
#7502=FILL_AREA_STYLE_COLOUR('',#7506);
#7503=COLOUR_RGB('',0.235294133424759,0.376470625400543,0.141176477074623);
#7504=COLOUR_RGB('',0.61176472902298,0.61176472902298,0.61176472902298);
#7505=COLOUR_RGB('',0.517647087574005,0.564705908298492,0.61176472902298);
#7506=COLOUR_RGB('',0.645180702209473,0.678915679454803,0.699999988079071);
#7507=ADVANCED_FACE('',(#4893),#5199,.T.);
#7508=ADVANCED_FACE('',(#4894),#5200,.T.);
#7509=ADVANCED_FACE('',(#4895),#5201,.T.);
#7510=ADVANCED_FACE('',(#4896),#5202,.F.);
#7511=ADVANCED_FACE('',(#4897),#5203,.T.);
#7512=ADVANCED_FACE('',(#4898),#5204,.F.);
#7513=ADVANCED_FACE('',(#4899),#5205,.T.);
#7514=ADVANCED_FACE('',(#4900),#5206,.T.);
#7515=ADVANCED_FACE('',(#4901),#5207,.T.);
#7516=ADVANCED_FACE('',(#4902),#5208,.F.);
#7517=ADVANCED_FACE('',(#4903),#5209,.T.);
#7518=ADVANCED_FACE('',(#4904),#5210,.F.);
#7519=ADVANCED_FACE('',(#4905,#4906),#57,.F.);
#7520=ADVANCED_FACE('',(#4907,#4908),#5211,.T.);
#7521=ADVANCED_FACE('',(#4909),#5212,.T.);
#7522=ADVANCED_FACE('',(#4910),#5213,.T.);
#7523=ADVANCED_FACE('',(#4911),#5214,.T.);
#7524=ADVANCED_FACE('',(#4912),#58,.T.);
#7525=ADVANCED_FACE('',(#4913),#5215,.T.);
#7526=ADVANCED_FACE('',(#4914),#5216,.T.);
#7527=ADVANCED_FACE('',(#4915),#5217,.T.);
#7528=ADVANCED_FACE('',(#4916),#5218,.F.);
#7529=ADVANCED_FACE('',(#4917),#5219,.T.);
#7530=ADVANCED_FACE('',(#4918),#59,.T.);
#7531=ADVANCED_FACE('',(#4919),#5220,.T.);
#7532=ADVANCED_FACE('',(#4920),#5221,.T.);
#7533=ADVANCED_FACE('',(#4921),#60,.T.);
#7534=ADVANCED_FACE('',(#4922),#5222,.T.);
#7535=ADVANCED_FACE('',(#4923),#61,.F.);
#7536=ADVANCED_FACE('',(#4924),#5223,.F.);
#7537=ADVANCED_FACE('',(#4925),#62,.T.);
#7538=ADVANCED_FACE('',(#4926),#5224,.T.);
#7539=ADVANCED_FACE('',(#4927),#63,.F.);
#7540=ADVANCED_FACE('',(#4928),#64,.F.);
#7541=ADVANCED_FACE('',(#4929),#5225,.T.);
#7542=ADVANCED_FACE('',(#4930),#5226,.F.);
#7543=ADVANCED_FACE('',(#4931),#5227,.T.);
#7544=ADVANCED_FACE('',(#4932),#65,.F.);
#7545=ADVANCED_FACE('',(#4933),#5228,.T.);
#7546=ADVANCED_FACE('',(#4934),#66,.T.);
#7547=ADVANCED_FACE('',(#4935),#67,.T.);
#7548=ADVANCED_FACE('',(#4936),#5229,.T.);
#7549=ADVANCED_FACE('',(#4937),#5230,.F.);
#7550=ADVANCED_FACE('',(#4938),#5231,.T.);
#7551=ADVANCED_FACE('',(#4939),#5232,.T.);
#7552=ADVANCED_FACE('',(#4940),#5233,.T.);
#7553=ADVANCED_FACE('',(#4941,#4942),#5234,.F.);
#7554=ADVANCED_FACE('',(#4943),#5235,.F.);
#7555=ADVANCED_FACE('',(#4944),#5236,.T.);
#7556=ADVANCED_FACE('',(#4945),#5237,.T.);
#7557=ADVANCED_FACE('',(#4946),#5238,.T.);
#7558=ADVANCED_FACE('',(#4947),#5239,.T.);
#7559=ADVANCED_FACE('',(#4948),#5240,.F.);
#7560=ADVANCED_FACE('',(#4949),#5241,.F.);
#7561=ADVANCED_FACE('',(#4950),#68,.F.);
#7562=ADVANCED_FACE('',(#4951),#5242,.T.);
#7563=ADVANCED_FACE('',(#4952),#36,.T.);
#7564=ADVANCED_FACE('',(#4953),#69,.T.);
#7565=ADVANCED_FACE('',(#4954),#5243,.T.);
#7566=ADVANCED_FACE('',(#4955),#37,.T.);
#7567=ADVANCED_FACE('',(#4956),#70,.T.);
#7568=ADVANCED_FACE('',(#4957),#5244,.F.);
#7569=ADVANCED_FACE('',(#4958),#71,.T.);
#7570=ADVANCED_FACE('',(#4959),#5245,.F.);
#7571=ADVANCED_FACE('',(#4960),#5246,.T.);
#7572=ADVANCED_FACE('',(#4961),#72,.F.);
#7573=ADVANCED_FACE('',(#4962),#73,.T.);
#7574=ADVANCED_FACE('',(#4963),#74,.F.);
#7575=ADVANCED_FACE('',(#4964),#75,.F.);
#7576=ADVANCED_FACE('',(#4965),#5247,.F.);
#7577=ADVANCED_FACE('',(#4966),#5248,.T.);
#7578=ADVANCED_FACE('',(#4967),#5249,.T.);
#7579=ADVANCED_FACE('',(#4968),#76,.F.);
#7580=ADVANCED_FACE('',(#4969),#5250,.F.);
#7581=ADVANCED_FACE('',(#4970),#5251,.T.);
#7582=ADVANCED_FACE('',(#4971),#5252,.T.);
#7583=ADVANCED_FACE('',(#4972),#77,.F.);
#7584=ADVANCED_FACE('',(#4973),#78,.F.);
#7585=ADVANCED_FACE('',(#4974),#5253,.T.);
#7586=ADVANCED_FACE('',(#4975),#5254,.T.);
#7587=ADVANCED_FACE('',(#4976),#5255,.F.);
#7588=ADVANCED_FACE('',(#4977),#5256,.T.);
#7589=ADVANCED_FACE('',(#4978),#5257,.T.);
#7590=ADVANCED_FACE('',(#4979),#5258,.F.);
#7591=ADVANCED_FACE('',(#4980),#5259,.T.);
#7592=ADVANCED_FACE('',(#4981),#5260,.F.);
#7593=ADVANCED_FACE('',(#4982),#5261,.F.);
#7594=ADVANCED_FACE('',(#4983),#5262,.F.);
#7595=ADVANCED_FACE('',(#4984),#5263,.T.);
#7596=ADVANCED_FACE('',(#4985),#5264,.T.);
#7597=ADVANCED_FACE('',(#4986),#5265,.T.);
#7598=ADVANCED_FACE('',(#4987),#5266,.F.);
#7599=ADVANCED_FACE('',(#4988),#5267,.F.);
#7600=ADVANCED_FACE('',(#4989),#5268,.T.);
#7601=ADVANCED_FACE('',(#4990),#5269,.F.);
#7602=ADVANCED_FACE('',(#4991),#5270,.F.);
#7603=ADVANCED_FACE('',(#4992),#5271,.T.);
#7604=ADVANCED_FACE('',(#4993),#5272,.F.);
#7605=ADVANCED_FACE('',(#4994),#5273,.T.);
#7606=ADVANCED_FACE('',(#4995),#5274,.T.);
#7607=ADVANCED_FACE('',(#4996,#4997),#5275,.T.);
#7608=ADVANCED_FACE('',(#4998),#5276,.T.);
#7609=ADVANCED_FACE('',(#4999),#5277,.F.);
#7610=ADVANCED_FACE('',(#5000),#5278,.T.);
#7611=ADVANCED_FACE('',(#5001),#5279,.T.);
#7612=ADVANCED_FACE('',(#5002),#5280,.F.);
#7613=ADVANCED_FACE('',(#5003),#5281,.T.);
#7614=ADVANCED_FACE('',(#5004),#79,.T.);
#7615=ADVANCED_FACE('',(#5005),#5282,.T.);
#7616=ADVANCED_FACE('',(#5006),#80,.T.);
#7617=ADVANCED_FACE('',(#5007),#5283,.T.);
#7618=ADVANCED_FACE('',(#5008),#81,.T.);
#7619=ADVANCED_FACE('',(#5009),#5284,.T.);
#7620=ADVANCED_FACE('',(#5010,#5011),#5285,.F.);
#7621=ADVANCED_FACE('',(#5012),#82,.F.);
#7622=ADVANCED_FACE('',(#5013),#5286,.T.);
#7623=ADVANCED_FACE('',(#5014),#5287,.F.);
#7624=ADVANCED_FACE('',(#5015),#5288,.T.);
#7625=ADVANCED_FACE('',(#5016),#83,.F.);
#7626=ADVANCED_FACE('',(#5017),#5289,.T.);
#7627=ADVANCED_FACE('',(#5018),#5290,.T.);
#7628=ADVANCED_FACE('',(#5019),#38,.T.);
#7629=ADVANCED_FACE('',(#5020),#84,.T.);
#7630=ADVANCED_FACE('',(#5021),#5291,.T.);
#7631=ADVANCED_FACE('',(#5022),#85,.F.);
#7632=ADVANCED_FACE('',(#5023),#5292,.T.);
#7633=ADVANCED_FACE('',(#5024),#86,.T.);
#7634=ADVANCED_FACE('',(#5025),#5293,.F.);
#7635=ADVANCED_FACE('',(#5026),#5294,.T.);
#7636=ADVANCED_FACE('',(#5027),#5295,.T.);
#7637=ADVANCED_FACE('',(#5028),#5296,.F.);
#7638=ADVANCED_FACE('',(#5029),#5297,.T.);
#7639=ADVANCED_FACE('',(#5030),#5298,.T.);
#7640=ADVANCED_FACE('',(#5031),#87,.F.);
#7641=ADVANCED_FACE('',(#5032),#5299,.T.);
#7642=ADVANCED_FACE('',(#5033),#5300,.T.);
#7643=ADVANCED_FACE('',(#5034),#5301,.T.);
#7644=ADVANCED_FACE('',(#5035),#5302,.T.);
#7645=ADVANCED_FACE('',(#5036,#5037),#88,.F.);
#7646=ADVANCED_FACE('',(#5038),#5303,.F.);
#7647=ADVANCED_FACE('',(#5039),#89,.F.);
#7648=ADVANCED_FACE('',(#5040),#5304,.T.);
#7649=ADVANCED_FACE('',(#5041),#5305,.T.);
#7650=ADVANCED_FACE('',(#5042),#5306,.F.);
#7651=ADVANCED_FACE('',(#5043),#90,.T.);
#7652=ADVANCED_FACE('',(#5044),#5307,.T.);
#7653=ADVANCED_FACE('',(#5045),#91,.T.);
#7654=ADVANCED_FACE('',(#5046),#5308,.F.);
#7655=ADVANCED_FACE('',(#5047),#92,.F.);
#7656=ADVANCED_FACE('',(#5048),#93,.T.);
#7657=ADVANCED_FACE('',(#5049),#5309,.T.);
#7658=ADVANCED_FACE('',(#5050),#5310,.F.);
#7659=ADVANCED_FACE('',(#5051),#5311,.T.);
#7660=ADVANCED_FACE('',(#5052),#94,.F.);
#7661=ADVANCED_FACE('',(#5053),#5312,.T.);
#7662=ADVANCED_FACE('',(#5054),#39,.T.);
#7663=ADVANCED_FACE('',(#5055),#95,.T.);
#7664=ADVANCED_FACE('',(#5056),#5313,.T.);
#7665=ADVANCED_FACE('',(#5057),#96,.F.);
#7666=ADVANCED_FACE('',(#5058),#5314,.F.);
#7667=ADVANCED_FACE('',(#5059),#97,.T.);
#7668=ADVANCED_FACE('',(#5060),#5315,.F.);
#7669=ADVANCED_FACE('',(#5061),#5316,.T.);
#7670=ADVANCED_FACE('',(#5062),#5317,.T.);
#7671=ADVANCED_FACE('',(#5063),#98,.F.);
#7672=ADVANCED_FACE('',(#5064),#5318,.F.);
#7673=ADVANCED_FACE('',(#5065),#5319,.F.);
#7674=ADVANCED_FACE('',(#5066),#5320,.T.);
#7675=ADVANCED_FACE('',(#5067),#5321,.T.);
#7676=ADVANCED_FACE('',(#5068),#5322,.F.);
#7677=ADVANCED_FACE('',(#5069),#5323,.T.);
#7678=ADVANCED_FACE('',(#5070),#5324,.T.);
#7679=ADVANCED_FACE('',(#5071),#5325,.T.);
#7680=ADVANCED_FACE('',(#5072),#5326,.T.);
#7681=ADVANCED_FACE('',(#5073),#5327,.F.);
#7682=ADVANCED_FACE('',(#5074),#5328,.F.);
#7683=ADVANCED_FACE('',(#5075),#5329,.F.);
#7684=ADVANCED_FACE('',(#5076),#5330,.F.);
#7685=ADVANCED_FACE('',(#5077),#5331,.F.);
#7686=ADVANCED_FACE('',(#5078),#5332,.T.);
#7687=ADVANCED_FACE('',(#5079),#5333,.T.);
#7688=ADVANCED_FACE('',(#5080),#5334,.T.);
#7689=ADVANCED_FACE('',(#5081),#5335,.T.);
#7690=ADVANCED_FACE('',(#5082),#5336,.F.);
#7691=ADVANCED_FACE('',(#5083),#5337,.T.);
#7692=ADVANCED_FACE('',(#5084),#5338,.F.);
#7693=ADVANCED_FACE('',(#5085),#5339,.T.);
#7694=ADVANCED_FACE('',(#5086),#5340,.F.);
#7695=ADVANCED_FACE('',(#5087),#5341,.F.);
#7696=ADVANCED_FACE('',(#5088),#5342,.T.);
#7697=ADVANCED_FACE('',(#5089),#5343,.F.);
#7698=ADVANCED_FACE('',(#5090),#5344,.T.);
#7699=ADVANCED_FACE('',(#5091),#99,.F.);
#7700=ADVANCED_FACE('',(#5092),#5345,.F.);
#7701=ADVANCED_FACE('',(#5093),#5346,.T.);
#7702=ADVANCED_FACE('',(#5094),#5347,.T.);
#7703=ADVANCED_FACE('',(#5095),#100,.F.);
#7704=ADVANCED_FACE('',(#5096),#5348,.F.);
#7705=ADVANCED_FACE('',(#5097),#5349,.T.);
#7706=ADVANCED_FACE('',(#5098,#5099),#5350,.T.);
#7707=ADVANCED_FACE('',(#5100),#5351,.T.);
#7708=ADVANCED_FACE('',(#5101),#5352,.T.);
#7709=ADVANCED_FACE('',(#5102),#5353,.T.);
#7710=ADVANCED_FACE('',(#5103),#5354,.F.);
#7711=ADVANCED_FACE('',(#5104),#5355,.T.);
#7712=ADVANCED_FACE('',(#5105),#5356,.F.);
#7713=ADVANCED_FACE('',(#5106),#101,.T.);
#7714=ADVANCED_FACE('',(#5107),#5357,.F.);
#7715=ADVANCED_FACE('',(#5108),#5358,.T.);
#7716=ADVANCED_FACE('',(#5109),#5359,.T.);
#7717=ADVANCED_FACE('',(#5110),#102,.F.);
#7718=ADVANCED_FACE('',(#5111),#5360,.F.);
#7719=ADVANCED_FACE('',(#5112),#5361,.T.);
#7720=ADVANCED_FACE('',(#5113),#5362,.T.);
#7721=ADVANCED_FACE('',(#5114),#103,.T.);
#7722=ADVANCED_FACE('',(#5115),#5363,.F.);
#7723=ADVANCED_FACE('',(#5116),#5364,.T.);
#7724=ADVANCED_FACE('',(#5117),#5365,.T.);
#7725=ADVANCED_FACE('',(#5118),#5366,.T.);
#7726=ADVANCED_FACE('',(#5119,#5120),#5367,.F.);
#7727=ADVANCED_FACE('',(#5121),#5368,.T.);
#7728=ADVANCED_FACE('',(#5122),#5369,.T.);
#7729=ADVANCED_FACE('',(#5123),#5370,.F.);
#7730=ADVANCED_FACE('',(#5124),#5371,.F.);
#7731=ADVANCED_FACE('',(#5125),#104,.T.);
#7732=ADVANCED_FACE('',(#5126),#5372,.T.);
#7733=ADVANCED_FACE('',(#5127),#5373,.T.);
#7734=ADVANCED_FACE('',(#5128),#5374,.F.);
#7735=ADVANCED_FACE('',(#5129),#5375,.T.);
#7736=ADVANCED_FACE('',(#5130),#5376,.T.);
#7737=ADVANCED_FACE('',(#5131),#5377,.F.);
#7738=ADVANCED_FACE('',(#5132),#5378,.T.);
#7739=ADVANCED_FACE('',(#5133,#5134),#105,.F.);
#7740=ADVANCED_FACE('',(#5135),#5379,.T.);
#7741=ADVANCED_FACE('',(#5136),#5380,.T.);
#7742=ADVANCED_FACE('',(#5137),#5381,.F.);
#7743=ADVANCED_FACE('',(#5138),#5382,.T.);
#7744=ADVANCED_FACE('',(#5139),#5383,.T.);
#7745=ADVANCED_FACE('',(#5140),#5384,.T.);
#7746=ADVANCED_FACE('',(#5141),#5385,.F.);
#7747=ADVANCED_FACE('',(#5142),#5386,.F.);
#7748=ADVANCED_FACE('',(#5143),#5387,.T.);
#7749=ADVANCED_FACE('',(#5144),#5388,.T.);
#7750=ADVANCED_FACE('',(#5145),#5389,.T.);
#7751=ADVANCED_FACE('',(#5146),#5390,.F.);
#7752=ADVANCED_FACE('',(#5147),#106,.F.);
#7753=ADVANCED_FACE('',(#5148),#5391,.T.);
#7754=ADVANCED_FACE('',(#5149),#5392,.F.);
#7755=ADVANCED_FACE('',(#5150),#5393,.T.);
#7756=ADVANCED_FACE('',(#5151),#5394,.T.);
#7757=ADVANCED_FACE('',(#5152),#107,.F.);
#7758=ADVANCED_FACE('',(#5153),#5395,.T.);
#7759=ADVANCED_FACE('',(#5154),#5396,.F.);
#7760=ADVANCED_FACE('',(#5155),#5397,.T.);
#7761=ADVANCED_FACE('',(#5156),#108,.F.);
#7762=ADVANCED_FACE('',(#5157),#5398,.F.);
#7763=ADVANCED_FACE('',(#5158),#5399,.T.);
#7764=ADVANCED_FACE('',(#5159),#40,.T.);
#7765=ADVANCED_FACE('',(#5160),#109,.T.);
#7766=ADVANCED_FACE('',(#5161),#5400,.F.);
#7767=ADVANCED_FACE('',(#5162),#5401,.T.);
#7768=ADVANCED_FACE('',(#5163),#110,.T.);
#7769=ADVANCED_FACE('',(#5164),#111,.F.);
#7770=ADVANCED_FACE('',(#5165),#112,.F.);
#7771=ADVANCED_FACE('',(#5166),#5402,.T.);
#7772=ADVANCED_FACE('',(#5167),#113,.T.);
#7773=ADVANCED_FACE('',(#5168),#114,.F.);
#7774=ADVANCED_FACE('',(#5169),#5403,.F.);
#7775=ADVANCED_FACE('',(#5170),#5404,.T.);
#7776=ADVANCED_FACE('',(#5171),#115,.T.);
#7777=ADVANCED_FACE('',(#5172),#5405,.F.);
#7778=ADVANCED_FACE('',(#5173),#5406,.T.);
#7779=ADVANCED_FACE('',(#5174),#5407,.T.);
#7780=ADVANCED_FACE('',(#5175),#5408,.T.);
#7781=ADVANCED_FACE('',(#5176),#116,.T.);
#7782=ADVANCED_FACE('',(#5177),#5409,.F.);
#7783=ADVANCED_FACE('',(#5178),#5410,.F.);
#7784=ADVANCED_FACE('',(#5179),#5411,.T.);
#7785=ADVANCED_FACE('',(#5180),#5412,.F.);
#7786=ADVANCED_FACE('',(#5181),#117,.F.);
#7787=ADVANCED_FACE('',(#5182),#5413,.T.);
#7788=ADVANCED_FACE('',(#5183),#5414,.T.);
#7789=ADVANCED_FACE('',(#5184),#5415,.T.);
#7790=ADVANCED_FACE('',(#5185),#5416,.T.);
#7791=ADVANCED_FACE('',(#5186),#41,.T.);
#7792=ADVANCED_FACE('',(#5187),#118,.T.);
#7793=ADVANCED_FACE('',(#5188),#5417,.T.);
#7794=ADVANCED_FACE('',(#5189),#5418,.F.);
#7795=ADVANCED_FACE('',(#5190),#5419,.F.);
#7796=ADVANCED_FACE('',(#5191),#119,.F.);
#7797=ADVANCED_FACE('',(#5192),#5420,.T.);
#7798=ADVANCED_FACE('',(#5193),#120,.F.);
#7799=ADVANCED_FACE('',(#5194),#5421,.T.);
#7800=ADVANCED_FACE('',(#5195),#121,.T.);
#7801=ADVANCED_FACE('',(#5196),#122,.F.);
#7802=ADVANCED_FACE('',(#5197),#5422,.T.);
#7803=ADVANCED_FACE('',(#5198),#5423,.F.);
#7804=CLOSED_SHELL('',(#7507,#7508,#7509,#7510,#7511,#7512,#7513,#7514,
#7515,#7516,#7517,#7518,#7519,#7520,#7521,#7522,#7523,#7524,#7525,#7526,
#7527,#7528,#7529,#7530,#7531,#7532,#7533,#7534,#7535,#7536,#7537,#7538,
#7539,#7540,#7541,#7542,#7543,#7544,#7545,#7546,#7547,#7548,#7549,#7550,
#7551,#7552,#7553,#7554,#7555,#7556,#7557,#7558,#7559,#7560,#7561,#7562,
#7563,#7564,#7565,#7566,#7567,#7568,#7569,#7570,#7571,#7572,#7573,#7574,
#7575,#7576,#7577,#7578,#7579,#7580,#7581,#7582,#7583,#7584,#7585,#7586,
#7587,#7588,#7589,#7590,#7591,#7592,#7593,#7594,#7595,#7596,#7597,#7598,
#7599,#7600,#7601,#7602,#7603,#7604,#7605));
#7805=CLOSED_SHELL('',(#7606,#7607,#7608,#7609,#7610,#7611,#7612,#7613,
#7614,#7615,#7616,#7617,#7618,#7619,#7620,#7621,#7622,#7623,#7624,#7625,
#7626,#7627,#7628,#7629,#7630,#7631,#7632,#7633,#7634,#7635,#7636,#7637,
#7638,#7639,#7640,#7641,#7642,#7643,#7644,#7645,#7646,#7647,#7648,#7649,
#7650,#7651,#7652,#7653,#7654,#7655,#7656,#7657,#7658,#7659,#7660,#7661,
#7662,#7663,#7664,#7665,#7666,#7667,#7668,#7669,#7670,#7671,#7672,#7673,
#7674,#7675,#7676,#7677,#7678,#7679,#7680,#7681,#7682,#7683,#7684,#7685,
#7686,#7687,#7688,#7689,#7690,#7691,#7692,#7693,#7694,#7695,#7696,#7697,
#7698,#7699,#7700,#7701,#7702,#7703,#7704));
#7806=CLOSED_SHELL('',(#7705,#7706,#7707,#7708,#7709,#7710,#7711,#7712,
#7713,#7714,#7715,#7716,#7717,#7718,#7719,#7720,#7721,#7722,#7723,#7724,
#7725,#7726,#7727,#7728,#7729,#7730,#7731,#7732,#7733,#7734,#7735,#7736,
#7737,#7738,#7739,#7740,#7741,#7742,#7743,#7744,#7745,#7746,#7747,#7748,
#7749,#7750,#7751,#7752,#7753,#7754,#7755,#7756,#7757,#7758,#7759,#7760,
#7761,#7762,#7763,#7764,#7765,#7766,#7767,#7768,#7769,#7770,#7771,#7772,
#7773,#7774,#7775,#7776,#7777,#7778,#7779,#7780,#7781,#7782,#7783,#7784,
#7785,#7786,#7787,#7788,#7789,#7790,#7791,#7792,#7793,#7794,#7795,#7796,
#7797,#7798,#7799,#7800,#7801,#7802,#7803));
#7807=MANIFOLD_SOLID_BREP('',#7804);
#7808=MANIFOLD_SOLID_BREP('',#7805);
#7809=MANIFOLD_SOLID_BREP('',#7806);
#7810=SHAPE_DEFINITION_REPRESENTATION(#12197,#7814);
#7811=SHAPE_DEFINITION_REPRESENTATION(#12196,#7815);
#7812=SHAPE_DEFINITION_REPRESENTATION(#12199,#7816);
#7813=SHAPE_DEFINITION_REPRESENTATION(#12201,#7817);
#7814=SHAPE_REPRESENTATION('6911377100xx_DX',(#7818),#12186);
#7815=SHAPE_REPRESENTATION('6911377100xx',(#7818,#7964,#8110,#8256),#12185);
#7816=SHAPE_REPRESENTATION('6911377100xx_SX',(#7818),#12187);
#7817=SHAPE_REPRESENTATION('6911377100xx_CNT',(#7818),#12188);
#7818=AXIS2_PLACEMENT_3D('',#9801,#8257,#8258);
#7819=AXIS2_PLACEMENT_3D('',#9802,#8259,#8260);
#7820=AXIS2_PLACEMENT_3D('',#9811,#8265,#8266);
#7821=AXIS2_PLACEMENT_3D('',#9840,#8281,#8282);
#7822=AXIS2_PLACEMENT_3D('',#9849,#8287,#8288);
#7823=AXIS2_PLACEMENT_3D('',#9852,#8291,#8292);
#7824=AXIS2_PLACEMENT_3D('',#9858,#8296,#8297);
#7825=AXIS2_PLACEMENT_3D('',#9864,#8301,#8302);
#7826=AXIS2_PLACEMENT_3D('',#9873,#8308,#8309);
#7827=AXIS2_PLACEMENT_3D('',#9879,#8312,#8313);
#7828=AXIS2_PLACEMENT_3D('',#9883,#8315,#8316);
#7829=AXIS2_PLACEMENT_3D('',#9890,#8320,#8321);
#7830=AXIS2_PLACEMENT_3D('',#9891,#8322,#8323);
#7831=AXIS2_PLACEMENT_3D('',#9895,#8325,#8326);
#7832=AXIS2_PLACEMENT_3D('',#9896,#8327,#8328);
#7833=AXIS2_PLACEMENT_3D('',#9900,#8330,#8331);
#7834=AXIS2_PLACEMENT_3D('',#9906,#8335,#8336);
#7835=AXIS2_PLACEMENT_3D('',#9907,#8337,#8338);
#7836=AXIS2_PLACEMENT_3D('',#9909,#8339,#8340);
#7837=AXIS2_PLACEMENT_3D('',#9912,#8342,#8343);
#7838=AXIS2_PLACEMENT_3D('',#9915,#8346,#8347);
#7839=AXIS2_PLACEMENT_3D('',#9916,#8348,#8349);
#7840=AXIS2_PLACEMENT_3D('',#9918,#8350,#8351);
#7841=AXIS2_PLACEMENT_3D('',#9921,#8354,#8355);
#7842=AXIS2_PLACEMENT_3D('',#9927,#8359,#8360);
#7843=AXIS2_PLACEMENT_3D('',#9930,#8362,#8363);
#7844=AXIS2_PLACEMENT_3D('',#9933,#8365,#8366);
#7845=AXIS2_PLACEMENT_3D('',#9937,#8369,#8370);
#7846=AXIS2_PLACEMENT_3D('',#9938,#8371,#8372);
#7847=AXIS2_PLACEMENT_3D('',#9941,#8374,#8375);
#7848=AXIS2_PLACEMENT_3D('',#9950,#8380,#8381);
#7849=AXIS2_PLACEMENT_3D('',#9953,#8384,#8385);
#7850=AXIS2_PLACEMENT_3D('',#9955,#8387,#8388);
#7851=AXIS2_PLACEMENT_3D('',#9959,#8391,#8392);
#7852=AXIS2_PLACEMENT_3D('',#9960,#8393,#8394);
#7853=AXIS2_PLACEMENT_3D('',#9968,#8398,#8399);
#7854=AXIS2_PLACEMENT_3D('',#9969,#8400,#8401);
#7855=AXIS2_PLACEMENT_3D('',#9974,#8403,#8404);
#7856=AXIS2_PLACEMENT_3D('',#9977,#8406,#8407);
#7857=AXIS2_PLACEMENT_3D('',#9983,#8411,#8412);
#7858=AXIS2_PLACEMENT_3D('',#9989,#8416,#8417);
#7859=AXIS2_PLACEMENT_3D('',#9993,#8419,#8420);
#7860=AXIS2_PLACEMENT_3D('',#9994,#8421,#8422);
#7861=AXIS2_PLACEMENT_3D('',#9995,#8423,#8424);
#7862=AXIS2_PLACEMENT_3D('',#10001,#8428,#8429);
#7863=AXIS2_PLACEMENT_3D('',#10002,#8430,#8431);
#7864=AXIS2_PLACEMENT_3D('',#10007,#8433,#8434);
#7865=AXIS2_PLACEMENT_3D('',#10010,#8436,#8437);
#7866=AXIS2_PLACEMENT_3D('',#10016,#8441,#8442);
#7867=AXIS2_PLACEMENT_3D('',#10017,#8443,#8444);
#7868=AXIS2_PLACEMENT_3D('',#10021,#8446,#8447);
#7869=AXIS2_PLACEMENT_3D('',#10022,#8448,#8449);
#7870=AXIS2_PLACEMENT_3D('',#10032,#8455,#8456);
#7871=AXIS2_PLACEMENT_3D('',#10033,#8457,#8458);
#7872=AXIS2_PLACEMENT_3D('',#10037,#8460,#8461);
#7873=AXIS2_PLACEMENT_3D('',#10038,#8462,#8463);
#7874=AXIS2_PLACEMENT_3D('',#10039,#8464,#8465);
#7875=AXIS2_PLACEMENT_3D('',#10044,#8467,#8468);
#7876=AXIS2_PLACEMENT_3D('',#10047,#8470,#8471);
#7877=AXIS2_PLACEMENT_3D('',#10056,#8476,#8477);
#7878=AXIS2_PLACEMENT_3D('',#10062,#8481,#8482);
#7879=AXIS2_PLACEMENT_3D('',#10071,#8488,#8489);
#7880=AXIS2_PLACEMENT_3D('',#10072,#8490,#8491);
#7881=AXIS2_PLACEMENT_3D('',#10074,#8492,#8493);
#7882=AXIS2_PLACEMENT_3D('',#10077,#8495,#8496);
#7883=AXIS2_PLACEMENT_3D('',#10080,#8499,#8500);
#7884=AXIS2_PLACEMENT_3D('',#10084,#8502,#8503);
#7885=AXIS2_PLACEMENT_3D('',#10159,#8507,#8508);
#7886=AXIS2_PLACEMENT_3D('',#10160,#8509,#8510);
#7887=AXIS2_PLACEMENT_3D('',#10164,#8512,#8513);
#7888=AXIS2_PLACEMENT_3D('',#10165,#8514,#8515);
#7889=AXIS2_PLACEMENT_3D('',#10166,#8516,#8517);
#7890=AXIS2_PLACEMENT_3D('',#10175,#8522,#8523);
#7891=AXIS2_PLACEMENT_3D('',#10181,#8527,#8528);
#7892=AXIS2_PLACEMENT_3D('',#10185,#8531,#8532);
#7893=AXIS2_PLACEMENT_3D('',#10189,#8535,#8536);
#7894=AXIS2_PLACEMENT_3D('',#10191,#8538,#8539);
#7895=AXIS2_PLACEMENT_3D('',#10196,#8542,#8543);
#7896=AXIS2_PLACEMENT_3D('',#10200,#8546,#8547);
#7897=AXIS2_PLACEMENT_3D('',#10279,#8554,#8555);
#7898=AXIS2_PLACEMENT_3D('',#10281,#8557,#8558);
#7899=AXIS2_PLACEMENT_3D('',#10289,#8563,#8564);
#7900=AXIS2_PLACEMENT_3D('',#10296,#8569,#8570);
#7901=AXIS2_PLACEMENT_3D('',#10300,#8573,#8574);
#7902=AXIS2_PLACEMENT_3D('',#10303,#8577,#8578);
#7903=AXIS2_PLACEMENT_3D('',#10304,#8579,#8580);
#7904=AXIS2_PLACEMENT_3D('',#10378,#8584,#8585);
#7905=AXIS2_PLACEMENT_3D('',#10424,#8587,#8588);
#7906=AXIS2_PLACEMENT_3D('',#10425,#8589,#8590);
#7907=AXIS2_PLACEMENT_3D('',#10426,#8591,#8592);
#7908=AXIS2_PLACEMENT_3D('',#10427,#8593,#8594);
#7909=AXIS2_PLACEMENT_3D('',#10428,#8595,#8596);
#7910=AXIS2_PLACEMENT_3D('',#10429,#8597,#8598);
#7911=AXIS2_PLACEMENT_3D('',#10430,#8599,#8600);
#7912=AXIS2_PLACEMENT_3D('',#10431,#8601,#8602);
#7913=AXIS2_PLACEMENT_3D('',#10432,#8603,#8604);
#7914=AXIS2_PLACEMENT_3D('',#10433,#8605,#8606);
#7915=AXIS2_PLACEMENT_3D('',#10434,#8607,#8608);
#7916=AXIS2_PLACEMENT_3D('',#10447,#8616,#8617);
#7917=AXIS2_PLACEMENT_3D('',#10448,#8618,#8619);
#7918=AXIS2_PLACEMENT_3D('',#10449,#8620,#8621);
#7919=AXIS2_PLACEMENT_3D('',#10451,#8623,#8624);
#7920=AXIS2_PLACEMENT_3D('',#10452,#8625,#8626);
#7921=AXIS2_PLACEMENT_3D('',#10455,#8628,#8629);
#7922=AXIS2_PLACEMENT_3D('',#10458,#8631,#8632);
#7923=AXIS2_PLACEMENT_3D('',#10462,#8634,#8635);
#7924=AXIS2_PLACEMENT_3D('',#10473,#8638,#8639);
#7925=AXIS2_PLACEMENT_3D('',#10474,#8640,#8641);
#7926=AXIS2_PLACEMENT_3D('',#10477,#8643,#8644);
#7927=AXIS2_PLACEMENT_3D('',#10478,#8645,#8646);
#7928=AXIS2_PLACEMENT_3D('',#10483,#8649,#8650);
#7929=AXIS2_PLACEMENT_3D('',#10484,#8651,#8652);
#7930=AXIS2_PLACEMENT_3D('',#10491,#8657,#8658);
#7931=AXIS2_PLACEMENT_3D('',#10492,#8659,#8660);
#7932=AXIS2_PLACEMENT_3D('',#10495,#8662,#8663);
#7933=AXIS2_PLACEMENT_3D('',#10496,#8664,#8665);
#7934=AXIS2_PLACEMENT_3D('',#10497,#8666,#8667);
#7935=AXIS2_PLACEMENT_3D('',#10500,#8669,#8670);
#7936=AXIS2_PLACEMENT_3D('',#10501,#8671,#8672);
#7937=AXIS2_PLACEMENT_3D('',#10504,#8675,#8676);
#7938=AXIS2_PLACEMENT_3D('',#10506,#8678,#8679);
#7939=AXIS2_PLACEMENT_3D('',#10508,#8681,#8682);
#7940=AXIS2_PLACEMENT_3D('',#10511,#8684,#8685);
#7941=AXIS2_PLACEMENT_3D('',#10512,#8686,#8687);
#7942=AXIS2_PLACEMENT_3D('',#10515,#8689,#8690);
#7943=AXIS2_PLACEMENT_3D('',#10516,#8691,#8692);
#7944=AXIS2_PLACEMENT_3D('',#10518,#8694,#8695);
#7945=AXIS2_PLACEMENT_3D('',#10532,#8703,#8704);
#7946=AXIS2_PLACEMENT_3D('',#10538,#8708,#8709);
#7947=AXIS2_PLACEMENT_3D('',#10542,#8712,#8713);
#7948=AXIS2_PLACEMENT_3D('',#10548,#8717,#8718);
#7949=AXIS2_PLACEMENT_3D('',#10552,#8721,#8722);
#7950=AXIS2_PLACEMENT_3D('',#10556,#8725,#8726);
#7951=AXIS2_PLACEMENT_3D('',#10558,#8728,#8729);
#7952=AXIS2_PLACEMENT_3D('',#10564,#8733,#8734);
#7953=AXIS2_PLACEMENT_3D('',#10570,#8738,#8739);
#7954=AXIS2_PLACEMENT_3D('',#10572,#8741,#8742);
#7955=AXIS2_PLACEMENT_3D('',#10577,#8746,#8747);
#7956=AXIS2_PLACEMENT_3D('',#10583,#8751,#8752);
#7957=AXIS2_PLACEMENT_3D('',#10586,#8755,#8756);
#7958=AXIS2_PLACEMENT_3D('',#10588,#8758,#8759);
#7959=AXIS2_PLACEMENT_3D('',#10589,#8760,#8761);
#7960=AXIS2_PLACEMENT_3D('',#10590,#8762,#8763);
#7961=AXIS2_PLACEMENT_3D('',#10592,#8765,#8766);
#7962=AXIS2_PLACEMENT_3D('',#10593,#8767,#8768);
#7963=AXIS2_PLACEMENT_3D('',#10594,#8769,#8770);
#7964=AXIS2_PLACEMENT_3D('',#10595,#8771,#8772);
#7965=AXIS2_PLACEMENT_3D('',#10596,#8773,#8774);
#7966=AXIS2_PLACEMENT_3D('',#10610,#8781,#8782);
#7967=AXIS2_PLACEMENT_3D('',#10616,#8785,#8786);
#7968=AXIS2_PLACEMENT_3D('',#10620,#8788,#8789);
#7969=AXIS2_PLACEMENT_3D('',#10631,#8795,#8796);
#7970=AXIS2_PLACEMENT_3D('',#10632,#8797,#8798);
#7971=AXIS2_PLACEMENT_3D('',#10642,#8803,#8804);
#7972=AXIS2_PLACEMENT_3D('',#10651,#8809,#8810);
#7973=AXIS2_PLACEMENT_3D('',#10657,#8814,#8815);
#7974=AXIS2_PLACEMENT_3D('',#10661,#8818,#8819);
#7975=AXIS2_PLACEMENT_3D('',#10678,#8828,#8829);
#7976=AXIS2_PLACEMENT_3D('',#10763,#8838,#8839);
#7977=AXIS2_PLACEMENT_3D('',#10767,#8841,#8842);
#7978=AXIS2_PLACEMENT_3D('',#10771,#8844,#8845);
#7979=AXIS2_PLACEMENT_3D('',#10774,#8847,#8848);
#7980=AXIS2_PLACEMENT_3D('',#10779,#8851,#8852);
#7981=AXIS2_PLACEMENT_3D('',#10780,#8853,#8854);
#7982=AXIS2_PLACEMENT_3D('',#10781,#8855,#8856);
#7983=AXIS2_PLACEMENT_3D('',#10784,#8858,#8859);
#7984=AXIS2_PLACEMENT_3D('',#10788,#8862,#8863);
#7985=AXIS2_PLACEMENT_3D('',#10791,#8865,#8866);
#7986=AXIS2_PLACEMENT_3D('',#10792,#8867,#8868);
#7987=AXIS2_PLACEMENT_3D('',#10796,#8871,#8872);
#7988=AXIS2_PLACEMENT_3D('',#10797,#8873,#8874);
#7989=AXIS2_PLACEMENT_3D('',#10800,#8876,#8877);
#7990=AXIS2_PLACEMENT_3D('',#10804,#8880,#8881);
#7991=AXIS2_PLACEMENT_3D('',#10808,#8883,#8884);
#7992=AXIS2_PLACEMENT_3D('',#10817,#8889,#8890);
#7993=AXIS2_PLACEMENT_3D('',#10821,#8892,#8893);
#7994=AXIS2_PLACEMENT_3D('',#10825,#8896,#8897);
#7995=AXIS2_PLACEMENT_3D('',#10826,#8898,#8899);
#7996=AXIS2_PLACEMENT_3D('',#10831,#8902,#8903);
#7997=AXIS2_PLACEMENT_3D('',#10835,#8906,#8907);
#7998=AXIS2_PLACEMENT_3D('',#10839,#8910,#8911);
#7999=AXIS2_PLACEMENT_3D('',#10844,#8915,#8916);
#8000=AXIS2_PLACEMENT_3D('',#10845,#8917,#8918);
#8001=AXIS2_PLACEMENT_3D('',#10846,#8919,#8920);
#8002=AXIS2_PLACEMENT_3D('',#10850,#8923,#8924);
#8003=AXIS2_PLACEMENT_3D('',#10851,#8925,#8926);
#8004=AXIS2_PLACEMENT_3D('',#10852,#8927,#8928);
#8005=AXIS2_PLACEMENT_3D('',#10853,#8929,#8930);
#8006=AXIS2_PLACEMENT_3D('',#10854,#8931,#8932);
#8007=AXIS2_PLACEMENT_3D('',#10855,#8933,#8934);
#8008=AXIS2_PLACEMENT_3D('',#10860,#8937,#8938);
#8009=AXIS2_PLACEMENT_3D('',#10868,#8942,#8943);
#8010=AXIS2_PLACEMENT_3D('',#10872,#8945,#8946);
#8011=AXIS2_PLACEMENT_3D('',#10876,#8948,#8949);
#8012=AXIS2_PLACEMENT_3D('',#10877,#8950,#8951);
#8013=AXIS2_PLACEMENT_3D('',#10881,#8953,#8954);
#8014=AXIS2_PLACEMENT_3D('',#10885,#8956,#8957);
#8015=AXIS2_PLACEMENT_3D('',#10887,#8958,#8959);
#8016=AXIS2_PLACEMENT_3D('',#10889,#8960,#8961);
#8017=AXIS2_PLACEMENT_3D('',#10890,#8962,#8963);
#8018=AXIS2_PLACEMENT_3D('',#10891,#8964,#8965);
#8019=AXIS2_PLACEMENT_3D('',#10896,#8968,#8969);
#8020=AXIS2_PLACEMENT_3D('',#10906,#8973,#8974);
#8021=AXIS2_PLACEMENT_3D('',#10910,#8977,#8978);
#8022=AXIS2_PLACEMENT_3D('',#10913,#8981,#8982);
#8023=AXIS2_PLACEMENT_3D('',#10919,#8986,#8987);
#8024=AXIS2_PLACEMENT_3D('',#10928,#8992,#8993);
#8025=AXIS2_PLACEMENT_3D('',#10937,#8998,#8999);
#8026=AXIS2_PLACEMENT_3D('',#10951,#9007,#9008);
#8027=AXIS2_PLACEMENT_3D('',#10954,#9010,#9011);
#8028=AXIS2_PLACEMENT_3D('',#10957,#9013,#9014);
#8029=AXIS2_PLACEMENT_3D('',#10977,#9026,#9027);
#8030=AXIS2_PLACEMENT_3D('',#10979,#9029,#9030);
#8031=AXIS2_PLACEMENT_3D('',#11003,#9044,#9045);
#8032=AXIS2_PLACEMENT_3D('',#11012,#9050,#9051);
#8033=AXIS2_PLACEMENT_3D('',#11016,#9053,#9054);
#8034=AXIS2_PLACEMENT_3D('',#11020,#9056,#9057);
#8035=AXIS2_PLACEMENT_3D('',#11021,#9058,#9059);
#8036=AXIS2_PLACEMENT_3D('',#11022,#9060,#9061);
#8037=AXIS2_PLACEMENT_3D('',#11023,#9062,#9063);
#8038=AXIS2_PLACEMENT_3D('',#11026,#9066,#9067);
#8039=AXIS2_PLACEMENT_3D('',#11031,#9070,#9071);
#8040=AXIS2_PLACEMENT_3D('',#11032,#9072,#9073);
#8041=AXIS2_PLACEMENT_3D('',#11034,#9075,#9076);
#8042=AXIS2_PLACEMENT_3D('',#11038,#9079,#9080);
#8043=AXIS2_PLACEMENT_3D('',#11048,#9086,#9087);
#8044=AXIS2_PLACEMENT_3D('',#11049,#9088,#9089);
#8045=AXIS2_PLACEMENT_3D('',#11050,#9090,#9091);
#8046=AXIS2_PLACEMENT_3D('',#11051,#9092,#9093);
#8047=AXIS2_PLACEMENT_3D('',#11053,#9095,#9096);
#8048=AXIS2_PLACEMENT_3D('',#11054,#9097,#9098);
#8049=AXIS2_PLACEMENT_3D('',#11056,#9099,#9100);
#8050=AXIS2_PLACEMENT_3D('',#11059,#9102,#9103);
#8051=AXIS2_PLACEMENT_3D('',#11065,#9107,#9108);
#8052=AXIS2_PLACEMENT_3D('',#11066,#9109,#9110);
#8053=AXIS2_PLACEMENT_3D('',#11068,#9111,#9112);
#8054=AXIS2_PLACEMENT_3D('',#11071,#9114,#9115);
#8055=AXIS2_PLACEMENT_3D('',#11075,#9117,#9118);
#8056=AXIS2_PLACEMENT_3D('',#11150,#9122,#9123);
#8057=AXIS2_PLACEMENT_3D('',#11151,#9124,#9125);
#8058=AXIS2_PLACEMENT_3D('',#11157,#9129,#9130);
#8059=AXIS2_PLACEMENT_3D('',#11165,#9135,#9136);
#8060=AXIS2_PLACEMENT_3D('',#11166,#9137,#9138);
#8061=AXIS2_PLACEMENT_3D('',#11171,#9141,#9142);
#8062=AXIS2_PLACEMENT_3D('',#11172,#9143,#9144);
#8063=AXIS2_PLACEMENT_3D('',#11219,#9147,#9148);
#8064=AXIS2_PLACEMENT_3D('',#11220,#9149,#9150);
#8065=AXIS2_PLACEMENT_3D('',#11223,#9152,#9153);
#8066=AXIS2_PLACEMENT_3D('',#11293,#9154,#9155);
#8067=AXIS2_PLACEMENT_3D('',#11294,#9156,#9157);
#8068=AXIS2_PLACEMENT_3D('',#11297,#9160,#9161);
#8069=AXIS2_PLACEMENT_3D('',#11302,#9165,#9166);
#8070=AXIS2_PLACEMENT_3D('',#11305,#9169,#9170);
#8071=AXIS2_PLACEMENT_3D('',#11309,#9173,#9174);
#8072=AXIS2_PLACEMENT_3D('',#11310,#9175,#9176);
#8073=AXIS2_PLACEMENT_3D('',#11311,#9177,#9178);
#8074=AXIS2_PLACEMENT_3D('',#11313,#9180,#9181);
#8075=AXIS2_PLACEMENT_3D('',#11314,#9182,#9183);
#8076=AXIS2_PLACEMENT_3D('',#11316,#9185,#9186);
#8077=AXIS2_PLACEMENT_3D('',#11317,#9187,#9188);
#8078=AXIS2_PLACEMENT_3D('',#11318,#9189,#9190);
#8079=AXIS2_PLACEMENT_3D('',#11321,#9193,#9194);
#8080=AXIS2_PLACEMENT_3D('',#11323,#9196,#9197);
#8081=AXIS2_PLACEMENT_3D('',#11325,#9199,#9200);
#8082=AXIS2_PLACEMENT_3D('',#11329,#9203,#9204);
#8083=AXIS2_PLACEMENT_3D('',#11331,#9206,#9207);
#8084=AXIS2_PLACEMENT_3D('',#11332,#9208,#9209);
#8085=AXIS2_PLACEMENT_3D('',#11333,#9210,#9211);
#8086=AXIS2_PLACEMENT_3D('',#11334,#9212,#9213);
#8087=AXIS2_PLACEMENT_3D('',#11336,#9215,#9216);
#8088=AXIS2_PLACEMENT_3D('',#11339,#9219,#9220);
#8089=AXIS2_PLACEMENT_3D('',#11345,#9224,#9225);
#8090=AXIS2_PLACEMENT_3D('',#11352,#9230,#9231);
#8091=AXIS2_PLACEMENT_3D('',#11354,#9233,#9234);
#8092=AXIS2_PLACEMENT_3D('',#11355,#9235,#9236);
#8093=AXIS2_PLACEMENT_3D('',#11358,#9239,#9240);
#8094=AXIS2_PLACEMENT_3D('',#11360,#9242,#9243);
#8095=AXIS2_PLACEMENT_3D('',#11361,#9244,#9245);
#8096=AXIS2_PLACEMENT_3D('',#11367,#9249,#9250);
#8097=AXIS2_PLACEMENT_3D('',#11369,#9252,#9253);
#8098=AXIS2_PLACEMENT_3D('',#11371,#9255,#9256);
#8099=AXIS2_PLACEMENT_3D('',#11373,#9258,#9259);
#8100=AXIS2_PLACEMENT_3D('',#11375,#9261,#9262);
#8101=AXIS2_PLACEMENT_3D('',#11377,#9264,#9265);
#8102=AXIS2_PLACEMENT_3D('',#11378,#9266,#9267);
#8103=AXIS2_PLACEMENT_3D('',#11380,#9269,#9270);
#8104=AXIS2_PLACEMENT_3D('',#11383,#9273,#9274);
#8105=AXIS2_PLACEMENT_3D('',#11384,#9275,#9276);
#8106=AXIS2_PLACEMENT_3D('',#11385,#9277,#9278);
#8107=AXIS2_PLACEMENT_3D('',#11386,#9279,#9280);
#8108=AXIS2_PLACEMENT_3D('',#11387,#9281,#9282);
#8109=AXIS2_PLACEMENT_3D('',#11388,#9283,#9284);
#8110=AXIS2_PLACEMENT_3D('',#11389,#9285,#9286);
#8111=AXIS2_PLACEMENT_3D('',#11390,#9287,#9288);
#8112=AXIS2_PLACEMENT_3D('',#11404,#9295,#9296);
#8113=AXIS2_PLACEMENT_3D('',#11410,#9299,#9300);
#8114=AXIS2_PLACEMENT_3D('',#11414,#9302,#9303);
#8115=AXIS2_PLACEMENT_3D('',#11425,#9309,#9310);
#8116=AXIS2_PLACEMENT_3D('',#11426,#9311,#9312);
#8117=AXIS2_PLACEMENT_3D('',#11436,#9317,#9318);
#8118=AXIS2_PLACEMENT_3D('',#11442,#9322,#9323);
#8119=AXIS2_PLACEMENT_3D('',#11465,#9336,#9337);
#8120=AXIS2_PLACEMENT_3D('',#11474,#9342,#9343);
#8121=AXIS2_PLACEMENT_3D('',#11477,#9346,#9347);
#8122=AXIS2_PLACEMENT_3D('',#11480,#9350,#9351);
#8123=AXIS2_PLACEMENT_3D('',#11483,#9354,#9355);
#8124=AXIS2_PLACEMENT_3D('',#11484,#9356,#9357);
#8125=AXIS2_PLACEMENT_3D('',#11553,#9358,#9359);
#8126=AXIS2_PLACEMENT_3D('',#11563,#9365,#9366);
#8127=AXIS2_PLACEMENT_3D('',#11564,#9367,#9368);
#8128=AXIS2_PLACEMENT_3D('',#11567,#9370,#9371);
#8129=AXIS2_PLACEMENT_3D('',#11575,#9375,#9376);
#8130=AXIS2_PLACEMENT_3D('',#11579,#9378,#9379);
#8131=AXIS2_PLACEMENT_3D('',#11584,#9382,#9383);
#8132=AXIS2_PLACEMENT_3D('',#11585,#9384,#9385);
#8133=AXIS2_PLACEMENT_3D('',#11589,#9387,#9388);
#8134=AXIS2_PLACEMENT_3D('',#11590,#9389,#9390);
#8135=AXIS2_PLACEMENT_3D('',#11596,#9393,#9394);
#8136=AXIS2_PLACEMENT_3D('',#11600,#9396,#9397);
#8137=AXIS2_PLACEMENT_3D('',#11604,#9399,#9400);
#8138=AXIS2_PLACEMENT_3D('',#11689,#9409,#9410);
#8139=AXIS2_PLACEMENT_3D('',#11695,#9414,#9415);
#8140=AXIS2_PLACEMENT_3D('',#11701,#9419,#9420);
#8141=AXIS2_PLACEMENT_3D('',#11702,#9421,#9422);
#8142=AXIS2_PLACEMENT_3D('',#11703,#9423,#9424);
#8143=AXIS2_PLACEMENT_3D('',#11712,#9429,#9430);
#8144=AXIS2_PLACEMENT_3D('',#11718,#9434,#9435);
#8145=AXIS2_PLACEMENT_3D('',#11722,#9438,#9439);
#8146=AXIS2_PLACEMENT_3D('',#11726,#9442,#9443);
#8147=AXIS2_PLACEMENT_3D('',#11729,#9445,#9446);
#8148=AXIS2_PLACEMENT_3D('',#11738,#9451,#9452);
#8149=AXIS2_PLACEMENT_3D('',#11740,#9454,#9455);
#8150=AXIS2_PLACEMENT_3D('',#11744,#9458,#9459);
#8151=AXIS2_PLACEMENT_3D('',#11749,#9462,#9463);
#8152=AXIS2_PLACEMENT_3D('',#11753,#9465,#9466);
#8153=AXIS2_PLACEMENT_3D('',#11757,#9468,#9469);
#8154=AXIS2_PLACEMENT_3D('',#11765,#9473,#9474);
#8155=AXIS2_PLACEMENT_3D('',#11769,#9476,#9477);
#8156=AXIS2_PLACEMENT_3D('',#11770,#9478,#9479);
#8157=AXIS2_PLACEMENT_3D('',#11779,#9484,#9485);
#8158=AXIS2_PLACEMENT_3D('',#11786,#9490,#9491);
#8159=AXIS2_PLACEMENT_3D('',#11787,#9492,#9493);
#8160=AXIS2_PLACEMENT_3D('',#11792,#9495,#9496);
#8161=AXIS2_PLACEMENT_3D('',#11795,#9498,#9499);
#8162=AXIS2_PLACEMENT_3D('',#11798,#9502,#9503);
#8163=AXIS2_PLACEMENT_3D('',#11800,#9505,#9506);
#8164=AXIS2_PLACEMENT_3D('',#11809,#9511,#9512);
#8165=AXIS2_PLACEMENT_3D('',#11810,#9513,#9514);
#8166=AXIS2_PLACEMENT_3D('',#11811,#9515,#9516);
#8167=AXIS2_PLACEMENT_3D('',#11812,#9517,#9518);
#8168=AXIS2_PLACEMENT_3D('',#11814,#9519,#9520);
#8169=AXIS2_PLACEMENT_3D('',#11817,#9522,#9523);
#8170=AXIS2_PLACEMENT_3D('',#11823,#9527,#9528);
#8171=AXIS2_PLACEMENT_3D('',#11824,#9529,#9530);
#8172=AXIS2_PLACEMENT_3D('',#11825,#9531,#9532);
#8173=AXIS2_PLACEMENT_3D('',#11826,#9533,#9534);
#8174=AXIS2_PLACEMENT_3D('',#11830,#9537,#9538);
#8175=AXIS2_PLACEMENT_3D('',#11832,#9540,#9541);
#8176=AXIS2_PLACEMENT_3D('',#11841,#9546,#9547);
#8177=AXIS2_PLACEMENT_3D('',#11847,#9551,#9552);
#8178=AXIS2_PLACEMENT_3D('',#11861,#9561,#9562);
#8179=AXIS2_PLACEMENT_3D('',#11863,#9564,#9565);
#8180=AXIS2_PLACEMENT_3D('',#11865,#9567,#9568);
#8181=AXIS2_PLACEMENT_3D('',#11869,#9571,#9572);
#8182=AXIS2_PLACEMENT_3D('',#11872,#9575,#9576);
#8183=AXIS2_PLACEMENT_3D('',#11878,#9580,#9581);
#8184=AXIS2_PLACEMENT_3D('',#11887,#9587,#9588);
#8185=AXIS2_PLACEMENT_3D('',#11889,#9590,#9591);
#8186=AXIS2_PLACEMENT_3D('',#11890,#9592,#9593);
#8187=AXIS2_PLACEMENT_3D('',#11893,#9595,#9596);
#8188=AXIS2_PLACEMENT_3D('',#11894,#9597,#9598);
#8189=AXIS2_PLACEMENT_3D('',#11979,#9607,#9608);
#8190=AXIS2_PLACEMENT_3D('',#11983,#9610,#9611);
#8191=AXIS2_PLACEMENT_3D('',#11984,#9612,#9613);
#8192=AXIS2_PLACEMENT_3D('',#11989,#9616,#9617);
#8193=AXIS2_PLACEMENT_3D('',#11992,#9619,#9620);
#8194=AXIS2_PLACEMENT_3D('',#11998,#9625,#9626);
#8195=AXIS2_PLACEMENT_3D('',#12000,#9628,#9629);
#8196=AXIS2_PLACEMENT_3D('',#12004,#9632,#9633);
#8197=AXIS2_PLACEMENT_3D('',#12008,#9636,#9637);
#8198=AXIS2_PLACEMENT_3D('',#12011,#9640,#9641);
#8199=AXIS2_PLACEMENT_3D('',#12012,#9642,#9643);
#8200=AXIS2_PLACEMENT_3D('',#12018,#9647,#9648);
#8201=AXIS2_PLACEMENT_3D('',#12019,#9649,#9650);
#8202=AXIS2_PLACEMENT_3D('',#12020,#9651,#9652);
#8203=AXIS2_PLACEMENT_3D('',#12021,#9653,#9654);
#8204=AXIS2_PLACEMENT_3D('',#12022,#9655,#9656);
#8205=AXIS2_PLACEMENT_3D('',#12023,#9657,#9658);
#8206=AXIS2_PLACEMENT_3D('',#12031,#9663,#9664);
#8207=AXIS2_PLACEMENT_3D('',#12032,#9665,#9666);
#8208=AXIS2_PLACEMENT_3D('',#12034,#9667,#9668);
#8209=AXIS2_PLACEMENT_3D('',#12037,#9670,#9671);
#8210=AXIS2_PLACEMENT_3D('',#12046,#9674,#9675);
#8211=AXIS2_PLACEMENT_3D('',#12049,#9677,#9678);
#8212=AXIS2_PLACEMENT_3D('',#12052,#9680,#9681);
#8213=AXIS2_PLACEMENT_3D('',#12055,#9683,#9684);
#8214=AXIS2_PLACEMENT_3D('',#12056,#9685,#9686);
#8215=AXIS2_PLACEMENT_3D('',#12057,#9687,#9688);
#8216=AXIS2_PLACEMENT_3D('',#12059,#9690,#9691);
#8217=AXIS2_PLACEMENT_3D('',#12060,#9692,#9693);
#8218=AXIS2_PLACEMENT_3D('',#12061,#9694,#9695);
#8219=AXIS2_PLACEMENT_3D('',#12107,#9696,#9697);
#8220=AXIS2_PLACEMENT_3D('',#12108,#9698,#9699);
#8221=AXIS2_PLACEMENT_3D('',#12109,#9700,#9701);
#8222=AXIS2_PLACEMENT_3D('',#12113,#9704,#9705);
#8223=AXIS2_PLACEMENT_3D('',#12115,#9707,#9708);
#8224=AXIS2_PLACEMENT_3D('',#12117,#9710,#9711);
#8225=AXIS2_PLACEMENT_3D('',#12123,#9715,#9716);
#8226=AXIS2_PLACEMENT_3D('',#12127,#9719,#9720);
#8227=AXIS2_PLACEMENT_3D('',#12129,#9722,#9723);
#8228=AXIS2_PLACEMENT_3D('',#12130,#9724,#9725);
#8229=AXIS2_PLACEMENT_3D('',#12133,#9727,#9728);
#8230=AXIS2_PLACEMENT_3D('',#12136,#9730,#9731);
#8231=AXIS2_PLACEMENT_3D('',#12138,#9733,#9734);
#8232=AXIS2_PLACEMENT_3D('',#12140,#9736,#9737);
#8233=AXIS2_PLACEMENT_3D('',#12141,#9738,#9739);
#8234=AXIS2_PLACEMENT_3D('',#12148,#9744,#9745);
#8235=AXIS2_PLACEMENT_3D('',#12149,#9746,#9747);
#8236=AXIS2_PLACEMENT_3D('',#12152,#9749,#9750);
#8237=AXIS2_PLACEMENT_3D('',#12153,#9751,#9752);
#8238=AXIS2_PLACEMENT_3D('',#12155,#9754,#9755);
#8239=AXIS2_PLACEMENT_3D('',#12160,#9759,#9760);
#8240=AXIS2_PLACEMENT_3D('',#12162,#9762,#9763);
#8241=AXIS2_PLACEMENT_3D('',#12164,#9765,#9766);
#8242=AXIS2_PLACEMENT_3D('',#12165,#9767,#9768);
#8243=AXIS2_PLACEMENT_3D('',#12167,#9770,#9771);
#8244=AXIS2_PLACEMENT_3D('',#12169,#9773,#9774);
#8245=AXIS2_PLACEMENT_3D('',#12170,#9775,#9776);
#8246=AXIS2_PLACEMENT_3D('',#12171,#9777,#9778);
#8247=AXIS2_PLACEMENT_3D('',#12174,#9781,#9782);
#8248=AXIS2_PLACEMENT_3D('',#12175,#9783,#9784);
#8249=AXIS2_PLACEMENT_3D('',#12176,#9785,#9786);
#8250=AXIS2_PLACEMENT_3D('',#12177,#9787,#9788);
#8251=AXIS2_PLACEMENT_3D('',#12178,#9789,#9790);
#8252=AXIS2_PLACEMENT_3D('',#12179,#9791,#9792);
#8253=AXIS2_PLACEMENT_3D('',#12180,#9793,#9794);
#8254=AXIS2_PLACEMENT_3D('',#12181,#9795,#9796);
#8255=AXIS2_PLACEMENT_3D('',#12182,#9797,#9798);
#8256=AXIS2_PLACEMENT_3D('',#12183,#9799,#9800);
#8257=DIRECTION('',(0.,0.,1.));
#8258=DIRECTION('',(1.,0.,0.));
#8259=DIRECTION('',(0.,1.,0.));
#8260=DIRECTION('',(1.,0.,0.));
#8261=DIRECTION('',(0.,0.,-1.));
#8262=DIRECTION('',(-1.,0.,0.));
#8263=DIRECTION('',(0.,0.,-1.));
#8264=DIRECTION('',(-1.,0.,0.));
#8265=DIRECTION('',(0.,-1.,0.));
#8266=DIRECTION('',(-1.,0.,0.));
#8267=DIRECTION('',(0.,0.,1.));
#8268=DIRECTION('',(1.,0.,0.));
#8269=DIRECTION('',(0.,0.,-1.));
#8270=DIRECTION('',(1.,0.,0.));
#8271=DIRECTION('',(0.955285890691349,0.,-0.29568372807112));
#8272=DIRECTION('',(-1.,0.,0.));
#8273=DIRECTION('',(1.,0.,0.));
#8274=DIRECTION('',(0.,0.,1.));
#8275=DIRECTION('',(-1.,0.,0.));
#8276=DIRECTION('',(1.,0.,0.));
#8277=DIRECTION('',(-0.955285890691349,0.,-0.295683728071119));
#8278=DIRECTION('',(-1.,0.,0.));
#8279=DIRECTION('',(0.,0.,-1.));
#8280=DIRECTION('',(1.,0.,0.));
#8281=DIRECTION('',(0.,1.,0.));
#8282=DIRECTION('',(1.,0.,0.));
#8283=DIRECTION('',(0.,0.,-1.));
#8284=DIRECTION('',(-1.,0.,0.));
#8285=DIRECTION('',(0.,0.,-1.));
#8286=DIRECTION('',(-1.,0.,0.));
#8287=DIRECTION('',(1.,0.,0.));
#8288=DIRECTION('',(0.,-1.,0.));
#8289=DIRECTION('',(-1.14882349402438E-16,1.,0.));
#8290=DIRECTION('',(0.,1.,0.));
#8291=DIRECTION('',(0.974370064785235,0.224951054343865,0.));
#8292=DIRECTION('',(0.224951054343865,-0.974370064785235,0.));
#8293=DIRECTION('',(-0.224951054343865,0.974370064785235,0.));
#8294=DIRECTION('',(0.,0.,-1.));
#8295=DIRECTION('',(-0.224951054343865,0.974370064785235,0.));
#8296=DIRECTION('',(1.,0.,0.));
#8297=DIRECTION('',(0.,-1.,0.));
#8298=DIRECTION('',(0.,1.,0.));
#8299=DIRECTION('',(0.,1.,0.));
#8300=DIRECTION('',(0.,0.,-1.));
#8301=DIRECTION('',(1.,0.,0.));
#8302=DIRECTION('',(0.,-1.,0.));
#8303=DIRECTION('',(1.14882349402438E-16,-1.,0.));
#8304=DIRECTION('',(0.,1.,0.));
#8305=DIRECTION('',(0.,-1.,0.));
#8306=DIRECTION('',(0.,0.48860336893184,0.872506015949722));
#8307=DIRECTION('',(0.,0.,-1.));
#8308=DIRECTION('',(1.,0.,0.));
#8309=DIRECTION('',(0.,0.,-1.));
#8310=DIRECTION('',(0.,-1.,0.));
#8311=DIRECTION('',(0.,0.,-1.));
#8312=DIRECTION('',(1.,0.,0.));
#8313=DIRECTION('',(0.,0.707106781186547,-0.707106781186548));
#8314=DIRECTION('',(0.,-1.,0.));
#8315=DIRECTION('',(1.,0.,0.));
#8316=DIRECTION('',(0.,0.,-1.));
#8317=DIRECTION('',(0.,0.,-1.));
#8318=DIRECTION('',(0.,-0.488603368931843,0.87250601594972));
#8319=DIRECTION('',(0.,1.,0.));
#8320=DIRECTION('',(0.,1.,0.));
#8321=DIRECTION('',(1.,0.,0.));
#8322=DIRECTION('',(0.,1.,0.));
#8323=DIRECTION('',(-0.5,0.,-0.866025403784439));
#8324=DIRECTION('',(0.,0.,1.));
#8325=DIRECTION('',(0.,1.,0.));
#8326=DIRECTION('',(1.,0.,0.));
#8327=DIRECTION('',(0.,1.,0.));
#8328=DIRECTION('',(-0.5,0.,-0.866025403784439));
#8329=DIRECTION('',(0.,0.,-1.));
#8330=DIRECTION('',(1.,0.,0.));
#8331=DIRECTION('',(0.,-1.,0.));
#8332=DIRECTION('',(0.,1.,0.));
#8333=DIRECTION('',(0.,0.,-1.));
#8334=DIRECTION('',(0.,1.,0.));
#8335=DIRECTION('',(0.,1.,0.));
#8336=DIRECTION('',(1.,0.,0.));
#8337=DIRECTION('',(0.,1.,0.));
#8338=DIRECTION('',(-0.5,0.,-0.866025403784439));
#8339=DIRECTION('',(0.,1.,0.));
#8340=DIRECTION('',(-0.5,0.,-0.866025403784439));
#8341=DIRECTION('',(0.,0.,1.));
#8342=DIRECTION('',(-1.,0.,0.));
#8343=DIRECTION('',(0.,1.,0.));
#8344=DIRECTION('',(0.,1.,0.));
#8345=DIRECTION('',(0.,1.,0.));
#8346=DIRECTION('',(0.,1.,0.));
#8347=DIRECTION('',(-0.5,0.,-0.866025403784439));
#8348=DIRECTION('',(0.,1.,0.));
#8349=DIRECTION('',(-0.5,0.,-0.866025403784439));
#8350=DIRECTION('',(0.,1.,0.));
#8351=DIRECTION('',(1.,0.,0.));
#8352=DIRECTION('',(1.,1.15648231731787E-16,0.));
#8353=DIRECTION('',(-1.,0.,0.));
#8354=DIRECTION('',(0.,0.,1.));
#8355=DIRECTION('',(1.,0.,0.));
#8356=DIRECTION('',(0.,1.,0.));
#8357=DIRECTION('',(1.,0.,0.));
#8358=DIRECTION('',(0.,1.,0.));
#8359=DIRECTION('',(0.,0.,1.));
#8360=DIRECTION('',(-1.,0.,0.));
#8361=DIRECTION('',(0.,-1.,6.12323399573677E-17));
#8362=DIRECTION('',(0.,6.12323399573677E-17,1.));
#8363=DIRECTION('',(0.,1.,-6.12323399573677E-17));
#8364=DIRECTION('',(0.,-1.,0.));
#8365=DIRECTION('',(-1.,0.,0.));
#8366=DIRECTION('',(0.,0.,-1.));
#8367=DIRECTION('',(0.,1.,-6.12323399573677E-17));
#8368=DIRECTION('',(0.,6.12323399573677E-17,1.));
#8369=DIRECTION('',(0.,6.12323399573677E-17,1.));
#8370=DIRECTION('',(0.,1.,-6.12323399573677E-17));
#8371=DIRECTION('',(0.,-6.12323399573677E-17,-1.));
#8372=DIRECTION('',(0.,-1.,6.12323399573677E-17));
#8373=DIRECTION('',(0.,6.12323399573677E-17,1.));
#8374=DIRECTION('',(0.,-1.,0.));
#8375=DIRECTION('',(0.,0.,-1.));
#8376=DIRECTION('',(-1.,0.,0.));
#8377=DIRECTION('',(0.,0.,-1.));
#8378=DIRECTION('',(1.,0.,-3.33066907387547E-16));
#8379=DIRECTION('',(0.955285890691349,0.,0.295683728071119));
#8380=DIRECTION('',(0.,0.,-1.));
#8381=DIRECTION('',(-1.,0.,0.));
#8382=DIRECTION('',(0.,1.,0.));
#8383=DIRECTION('',(0.,-1.,0.));
#8384=DIRECTION('',(0.,-6.12323399573677E-17,-1.));
#8385=DIRECTION('',(-1.,0.,0.));
#8386=DIRECTION('',(0.,-1.,6.12323399573677E-17));
#8387=DIRECTION('',(0.,-1.,0.));
#8388=DIRECTION('',(0.,0.,1.));
#8389=DIRECTION('',(-1.,0.,0.));
#8390=DIRECTION('',(0.939692620785908,0.,-0.342020143325669));
#8391=DIRECTION('',(-7.105427357601E-15,-1.,-1.22464679914735E-16));
#8392=DIRECTION('',(7.105427357601E-15,-1.22464679914786E-16,1.));
#8393=DIRECTION('',(0.,-1.,0.));
#8394=DIRECTION('',(-1.,0.,0.));
#8395=DIRECTION('',(-1.,7.105427357601E-15,-4.06514908924992E-32));
#8396=DIRECTION('',(-4.4550484381955E-31,0.,1.));
#8397=DIRECTION('',(-1.,0.,0.));
#8398=DIRECTION('',(0.,0.,-1.));
#8399=DIRECTION('',(-1.,0.,0.));
#8400=DIRECTION('',(0.,0.,-1.));
#8401=DIRECTION('',(-1.,0.,0.));
#8402=DIRECTION('',(0.,0.,1.));
#8403=DIRECTION('',(0.,0.,-1.));
#8404=DIRECTION('',(-1.,0.,0.));
#8405=DIRECTION('',(0.,0.,1.));
#8406=DIRECTION('',(-0.562485284140957,-0.826807296245544,0.));
#8407=DIRECTION('',(0.826807296245544,-0.562485284140957,0.));
#8408=DIRECTION('',(-0.826807296245544,0.562485284140957,2.10688610917222E-17));
#8409=DIRECTION('',(0.826807296245544,-0.562485284140957,-2.10688610917222E-17));
#8410=DIRECTION('',(0.,-1.23259516440783E-32,1.));
#8411=DIRECTION('',(0.674306428928574,-0.738451650350647,0.));
#8412=DIRECTION('',(0.738451650350647,0.674306428928574,0.));
#8413=DIRECTION('',(-0.738451650350647,-0.674306428928574,0.));
#8414=DIRECTION('',(0.,0.,1.));
#8415=DIRECTION('',(0.738451650350647,0.674306428928574,0.));
#8416=DIRECTION('',(0.,0.,-1.));
#8417=DIRECTION('',(-1.,0.,0.));
#8418=DIRECTION('',(0.,0.,1.));
#8419=DIRECTION('',(0.,0.,-1.));
#8420=DIRECTION('',(-1.,0.,0.));
#8421=DIRECTION('',(0.,0.,-1.));
#8422=DIRECTION('',(-1.,0.,0.));
#8423=DIRECTION('',(1.,2.7914178904861E-14,0.));
#8424=DIRECTION('',(-2.7914178904861E-14,1.,0.));
#8425=DIRECTION('',(-2.7914178904861E-14,1.,0.));
#8426=DIRECTION('',(0.,0.,-1.));
#8427=DIRECTION('',(2.7914178904861E-14,-1.,0.));
#8428=DIRECTION('',(0.,6.12323399573677E-17,-1.));
#8429=DIRECTION('',(1.,-6.12323399573677E-17,-3.74939945665464E-33));
#8430=DIRECTION('',(0.,6.12323399573677E-17,-1.));
#8431=DIRECTION('',(1.,-6.12323399573677E-17,-3.74939945665464E-33));
#8432=DIRECTION('',(0.,6.12323399573677E-17,-1.));
#8433=DIRECTION('',(0.,6.12323399573677E-17,-1.));
#8434=DIRECTION('',(1.,-6.12323399573677E-17,-3.74939945665464E-33));
#8435=DIRECTION('',(0.,6.12323399573677E-17,-1.));
#8436=DIRECTION('',(-0.500000000000029,-0.866025403784422,-5.30287619362443E-17));
#8437=DIRECTION('',(0.866025403784422,-0.500000000000029,-3.06161699786856E-17));
#8438=DIRECTION('',(0.866025403784422,-0.500000000000029,0.));
#8439=DIRECTION('',(0.,6.12323399573677E-17,-1.));
#8440=DIRECTION('',(-0.866025403784422,0.500000000000029,3.06161699786856E-17));
#8441=DIRECTION('',(0.,6.12323399573677E-17,-1.));
#8442=DIRECTION('',(1.,-6.12323399573677E-17,-3.74939945665464E-33));
#8443=DIRECTION('',(0.,6.12323399573677E-17,-1.));
#8444=DIRECTION('',(1.,-6.12323399573677E-17,-3.74939945665464E-33));
#8445=DIRECTION('',(0.,6.12323399573677E-17,-1.));
#8446=DIRECTION('',(0.,6.12323399573677E-17,-1.));
#8447=DIRECTION('',(1.,-6.12323399573677E-17,-3.74939945665464E-33));
#8448=DIRECTION('',(0.,0.,-1.));
#8449=DIRECTION('',(-1.,0.,0.));
#8450=DIRECTION('',(0.,1.,0.));
#8451=DIRECTION('',(-1.,0.,0.));
#8452=DIRECTION('',(-7.27564623742499E-15,1.,0.));
#8453=DIRECTION('',(7.8011146526182E-15,1.,6.12323399573677E-17));
#8454=DIRECTION('',(1.,0.,0.));
#8455=DIRECTION('',(1.,0.,0.));
#8456=DIRECTION('',(0.,1.,-6.12323399573677E-17));
#8457=DIRECTION('',(1.,0.,0.));
#8458=DIRECTION('',(0.,1.,-6.12323399573677E-17));
#8459=DIRECTION('',(1.,0.,0.));
#8460=DIRECTION('',(1.,0.,0.));
#8461=DIRECTION('',(0.,-0.646854310371733,0.762613598851679));
#8462=DIRECTION('',(-1.,0.,0.));
#8463=DIRECTION('',(0.,-1.,6.12323399573677E-17));
#8464=DIRECTION('',(-1.,0.,0.));
#8465=DIRECTION('',(0.,-1.,6.12323399573677E-17));
#8466=DIRECTION('',(1.,0.,0.));
#8467=DIRECTION('',(-1.,0.,0.));
#8468=DIRECTION('',(0.,3.13021660604611E-13,-1.));
#8469=DIRECTION('',(-1.,0.,0.));
#8470=DIRECTION('',(0.,1.,0.));
#8471=DIRECTION('',(0.,0.,-1.));
#8472=DIRECTION('',(0.,0.,-1.));
#8473=DIRECTION('',(1.,0.,0.));
#8474=DIRECTION('',(-4.4550484381955E-31,0.,1.));
#8475=DIRECTION('',(-1.,7.10542735760101E-15,-4.35081943503005E-31));
#8476=DIRECTION('',(-1.,-4.4550484381955E-31,7.27564623742499E-15));
#8477=DIRECTION('',(7.27564623742499E-15,-6.12323399573677E-17,1.));
#8478=DIRECTION('',(-4.43734259186819E-31,1.,0.));
#8479=DIRECTION('',(-4.4550484381955E-31,0.,1.));
#8480=DIRECTION('',(7.105427357601E-15,1.,-6.12323399573677E-17));
#8481=DIRECTION('',(0.,6.12323399573677E-17,1.));
#8482=DIRECTION('',(0.,1.,-6.12323399573677E-17));
#8483=DIRECTION('',(0.,-1.,6.12323399573677E-17));
#8484=DIRECTION('',(-1.,0.,0.));
#8485=DIRECTION('',(0.,1.,-6.12323399573677E-17));
#8486=DIRECTION('',(1.,-7.10542735760101E-15,4.35081943503005E-31));
#8487=DIRECTION('',(0.,1.,-6.12323399573677E-17));
#8488=DIRECTION('',(-1.,0.,0.));
#8489=DIRECTION('',(0.,-1.,6.12323399573677E-17));
#8490=DIRECTION('',(-1.,0.,0.));
#8491=DIRECTION('',(0.,-1.,6.12323399573677E-17));
#8492=DIRECTION('',(-1.,0.,0.));
#8493=DIRECTION('',(0.,-1.,6.12323399573677E-17));
#8494=DIRECTION('',(-1.,0.,0.));
#8495=DIRECTION('',(0.,1.,0.));
#8496=DIRECTION('',(0.,0.,-1.));
#8497=DIRECTION('',(0.,0.,-1.));
#8498=DIRECTION('',(0.,0.,-1.));
#8499=DIRECTION('',(1.,0.,0.));
#8500=DIRECTION('',(0.,1.,-6.12323399573677E-17));
#8501=DIRECTION('',(1.,0.,0.));
#8502=DIRECTION('',(-1.,0.,0.));
#8503=DIRECTION('',(0.,6.12323399573677E-17,1.));
#8504=DIRECTION('',(1.,-3.5527136788005E-15,-3.94430452610506E-31));
#8505=DIRECTION('',(1.,0.,0.));
#8506=DIRECTION('',(1.,0.,0.));
#8507=DIRECTION('',(1.,0.,0.));
#8508=DIRECTION('',(0.,1.,-6.12323399573677E-17));
#8509=DIRECTION('',(0.,0.,-1.));
#8510=DIRECTION('',(-1.,0.,0.));
#8511=DIRECTION('',(0.,-6.12323399573677E-17,-1.));
#8512=DIRECTION('',(0.,0.,-1.));
#8513=DIRECTION('',(-1.,0.,0.));
#8514=DIRECTION('',(0.,0.,-1.));
#8515=DIRECTION('',(-1.,0.,0.));
#8516=DIRECTION('',(0.,0.,1.));
#8517=DIRECTION('',(-1.,0.,0.));
#8518=DIRECTION('',(1.,0.,0.));
#8519=DIRECTION('',(0.,-1.,0.));
#8520=DIRECTION('',(-1.,0.,0.));
#8521=DIRECTION('',(0.,1.,0.));
#8522=DIRECTION('',(-1.,0.,0.));
#8523=DIRECTION('',(0.,0.,1.));
#8524=DIRECTION('',(0.,0.,1.));
#8525=DIRECTION('',(0.,1.,0.));
#8526=DIRECTION('',(0.,0.,-1.));
#8527=DIRECTION('',(0.,-1.,0.));
#8528=DIRECTION('',(1.,0.,0.));
#8529=DIRECTION('',(-1.,0.,0.));
#8530=DIRECTION('',(0.,0.,-1.));
#8531=DIRECTION('',(0.,0.,-1.));
#8532=DIRECTION('',(1.,0.,0.));
#8533=DIRECTION('',(1.,0.,0.));
#8534=DIRECTION('',(0.,-1.,0.));
#8535=DIRECTION('',(0.,1.,0.));
#8536=DIRECTION('',(-1.,0.,0.));
#8537=DIRECTION('',(0.,0.,1.));
#8538=DIRECTION('',(1.,0.,0.));
#8539=DIRECTION('',(0.,1.,-6.12323399573677E-17));
#8540=DIRECTION('',(0.,-1.,0.));
#8541=DIRECTION('',(7.105427357601E-15,0.,1.));
#8542=DIRECTION('',(-1.,0.,0.));
#8543=DIRECTION('',(0.,0.762613598851423,0.646854310372035));
#8544=DIRECTION('',(7.105427357601E-15,0.,1.));
#8545=DIRECTION('',(0.,1.,0.));
#8546=DIRECTION('',(0.,0.,1.));
#8547=DIRECTION('',(-2.75335310107039E-14,1.,0.));
#8548=DIRECTION('',(-1.,7.105427357601E-15,-4.06514908924992E-32));
#8549=DIRECTION('',(0.,-1.,0.));
#8550=DIRECTION('',(0.,-1.,0.));
#8551=DIRECTION('',(-1.,7.105427357601E-15,-4.06514908924992E-32));
#8552=DIRECTION('',(0.,-1.,0.));
#8553=DIRECTION('',(-1.,0.,0.));
#8554=DIRECTION('',(1.,0.,0.));
#8555=DIRECTION('',(0.,-1.22464679914735E-16,-1.));
#8556=DIRECTION('',(0.,1.22464679914735E-16,1.));
#8557=DIRECTION('',(0.,-1.,1.22464679914735E-16));
#8558=DIRECTION('',(0.,1.22464679914735E-16,1.));
#8559=DIRECTION('',(0.,0.,1.));
#8560=DIRECTION('',(1.,0.,0.));
#8561=DIRECTION('',(0.,1.22464679914735E-16,1.));
#8562=DIRECTION('',(1.,0.,0.));
#8563=DIRECTION('',(1.,0.,0.));
#8564=DIRECTION('',(0.,-1.22464679914735E-16,-1.));
#8565=DIRECTION('',(0.,0.,-1.));
#8566=DIRECTION('',(0.,0.,-1.));
#8567=DIRECTION('',(0.,1.,0.));
#8568=DIRECTION('',(0.,1.,0.));
#8569=DIRECTION('',(0.,1.,0.));
#8570=DIRECTION('',(0.,0.,-1.));
#8571=DIRECTION('',(1.,0.,0.));
#8572=DIRECTION('',(-4.4550484381955E-31,0.,1.));
#8573=DIRECTION('',(-1.,-4.4550484381955E-31,7.27564623742499E-15));
#8574=DIRECTION('',(7.27564623742499E-15,-6.12323399573677E-17,1.));
#8575=DIRECTION('',(-4.43734259186819E-31,1.,0.));
#8576=DIRECTION('',(4.4550484381955E-31,-1.,0.));
#8577=DIRECTION('',(-1.,0.,0.));
#8578=DIRECTION('',(0.,6.12323399573677E-17,1.));
#8579=DIRECTION('',(0.,0.,-1.));
#8580=DIRECTION('',(1.,0.,0.));
#8581=DIRECTION('',(0.,-1.,0.));
#8582=DIRECTION('',(0.,-1.,0.));
#8583=DIRECTION('',(-1.,7.105427357601E-15,-4.06514908924992E-32));
#8584=DIRECTION('',(1.,0.,0.));
#8585=DIRECTION('',(0.,1.,-6.12323399573677E-17));
#8586=DIRECTION('',(-1.,0.,0.));
#8587=DIRECTION('',(-7.105427357601E-15,-1.,-1.22464679914735E-16));
#8588=DIRECTION('',(7.105427357601E-15,-1.22464679914786E-16,1.));
#8589=DIRECTION('',(0.,-1.,0.));
#8590=DIRECTION('',(-1.,0.,0.));
#8591=DIRECTION('',(0.,1.,0.));
#8592=DIRECTION('',(1.,0.,0.));
#8593=DIRECTION('',(0.,-1.,0.));
#8594=DIRECTION('',(-1.,0.,0.));
#8595=DIRECTION('',(0.,-1.,0.));
#8596=DIRECTION('',(-1.,0.,0.));
#8597=DIRECTION('',(-7.105427357601E-15,-1.,-1.22464679914735E-16));
#8598=DIRECTION('',(7.105427357601E-15,-1.22464679914786E-16,1.));
#8599=DIRECTION('',(0.,-1.,0.));
#8600=DIRECTION('',(-1.,0.,0.));
#8601=DIRECTION('',(0.,1.,0.));
#8602=DIRECTION('',(1.,0.,0.));
#8603=DIRECTION('',(0.,-1.,0.));
#8604=DIRECTION('',(-1.,0.,0.));
#8605=DIRECTION('',(0.,-1.,0.));
#8606=DIRECTION('',(-1.,0.,0.));
#8607=DIRECTION('',(0.,0.,1.));
#8608=DIRECTION('',(0.,1.,0.));
#8609=DIRECTION('',(1.,0.,0.));
#8610=DIRECTION('',(0.,1.,0.));
#8611=DIRECTION('',(0.,1.,0.));
#8612=DIRECTION('',(-1.,0.,0.));
#8613=DIRECTION('',(0.,1.,0.));
#8614=DIRECTION('',(-1.,0.,0.));
#8615=DIRECTION('',(0.,-1.,0.));
#8616=DIRECTION('',(0.,1.,0.));
#8617=DIRECTION('',(0.,0.,-1.));
#8618=DIRECTION('',(0.,1.,0.));
#8619=DIRECTION('',(0.,0.,-1.));
#8620=DIRECTION('',(0.,1.,-1.22464679914735E-16));
#8621=DIRECTION('',(0.,-1.22464679914735E-16,-1.));
#8622=DIRECTION('',(0.,1.22464679914735E-16,1.));
#8623=DIRECTION('',(1.,0.,0.));
#8624=DIRECTION('',(0.,0.,1.));
#8625=DIRECTION('',(-0.889126490715988,-0.323615577118185,0.323615577118185));
#8626=DIRECTION('',(-0.342020143325669,0.939692620785908,0.));
#8627=DIRECTION('',(0.889126490715988,0.323615577118185,-0.323615577118185));
#8628=DIRECTION('',(-0.971886436451294,-0.16648836992716,0.16648836992716));
#8629=DIRECTION('',(0.235450110728379,-0.687227489757938,0.687227489757938));
#8630=DIRECTION('',(0.889126490715988,0.323615577118185,-0.323615577118185));
#8631=DIRECTION('',(1.,3.6037095511888E-31,2.66453525910038E-15));
#8632=DIRECTION('',(-2.66453525910038E-15,6.12323399573677E-17,1.));
#8633=DIRECTION('',(1.,0.,2.66453126230348E-15));
#8634=DIRECTION('',(1.,3.6037095511888E-31,2.66453525910038E-15));
#8635=DIRECTION('',(-2.66453525910038E-15,6.12323399573677E-17,1.));
#8636=DIRECTION('',(1.,0.,2.66453126230348E-15));
#8637=DIRECTION('',(1.,0.,2.66453126230348E-15));
#8638=DIRECTION('',(-1.,0.,0.));
#8639=DIRECTION('',(0.,-6.12323399573677E-17,-1.));
#8640=DIRECTION('',(0.939692620785908,0.,-0.342020143325669));
#8641=DIRECTION('',(-0.342020143325669,0.,-0.939692620785908));
#8642=DIRECTION('',(0.939692620785908,0.,-0.342020143325669));
#8643=DIRECTION('',(0.984807753012208,0.,-0.173648177666931));
#8644=DIRECTION('',(0.17364817766693,0.,0.984807753012208));
#8645=DIRECTION('',(1.,0.,0.));
#8646=DIRECTION('',(0.,-1.,0.));
#8647=DIRECTION('',(1.,0.,0.));
#8648=DIRECTION('',(1.,0.,0.));
#8649=DIRECTION('',(1.,0.,0.));
#8650=DIRECTION('',(0.,-1.,0.));
#8651=DIRECTION('',(0.,0.,-1.));
#8652=DIRECTION('',(0.,-1.,0.));
#8653=DIRECTION('',(0.,-1.,0.));
#8654=DIRECTION('',(-1.,0.,0.));
#8655=DIRECTION('',(0.,-1.,0.));
#8656=DIRECTION('',(0.,-1.,0.));
#8657=DIRECTION('',(1.,0.,0.));
#8658=DIRECTION('',(0.,0.,1.));
#8659=DIRECTION('',(-1.,0.,0.));
#8660=DIRECTION('',(0.,1.,0.));
#8661=DIRECTION('',(0.,0.,1.));
#8662=DIRECTION('',(0.342020143325669,0.,0.939692620785908));
#8663=DIRECTION('',(-0.939692620785908,0.,0.342020143325669));
#8664=DIRECTION('',(0.342020143325669,0.,0.939692620785908));
#8665=DIRECTION('',(-0.939692620785908,0.,0.342020143325669));
#8666=DIRECTION('',(-1.,0.,0.));
#8667=DIRECTION('',(0.,1.,0.));
#8668=DIRECTION('',(-1.,0.,0.));
#8669=DIRECTION('',(0.342020143325669,-0.939692620785908,0.));
#8670=DIRECTION('',(-0.939692620785908,-0.342020143325669,0.));
#8671=DIRECTION('',(0.,1.,0.));
#8672=DIRECTION('',(0.,0.,-1.));
#8673=DIRECTION('',(0.,0.,-1.));
#8674=DIRECTION('',(0.,0.,-1.));
#8675=DIRECTION('',(0.342020143325669,-0.939692620785908,0.));
#8676=DIRECTION('',(-0.939692620785908,-0.342020143325669,0.));
#8677=DIRECTION('',(-0.889126490715988,-0.323615577118185,-0.323615577118185));
#8678=DIRECTION('',(0.342020143325669,0.,-0.939692620785908));
#8679=DIRECTION('',(0.939692620785908,0.,0.342020143325669));
#8680=DIRECTION('',(-0.939692620785908,0.,-0.342020143325669));
#8681=DIRECTION('',(-0.939692620785908,0.,-0.342020143325669));
#8682=DIRECTION('',(-0.342020143325669,0.,0.939692620785908));
#8683=DIRECTION('',(-0.939692620785908,0.,-0.342020143325669));
#8684=DIRECTION('',(-0.984807753012208,0.,-0.173648177666931));
#8685=DIRECTION('',(0.17364817766693,0.,-0.984807753012208));
#8686=DIRECTION('',(1.,0.,0.));
#8687=DIRECTION('',(0.,-1.,0.));
#8688=DIRECTION('',(1.,0.,0.));
#8689=DIRECTION('',(1.,0.,0.));
#8690=DIRECTION('',(0.,-1.,0.));
#8691=DIRECTION('',(1.,0.,0.));
#8692=DIRECTION('',(0.,1.22464679914735E-16,1.));
#8693=DIRECTION('',(0.,0.,-1.));
#8694=DIRECTION('',(0.,-1.,0.));
#8695=DIRECTION('',(0.,0.,-1.));
#8696=DIRECTION('',(0.,0.,-1.));
#8697=DIRECTION('',(-1.,0.,0.));
#8698=DIRECTION('',(-1.,0.,0.));
#8699=DIRECTION('',(0.,0.,-1.));
#8700=DIRECTION('',(-1.,0.,0.));
#8701=DIRECTION('',(0.,0.,1.));
#8702=DIRECTION('',(1.,0.,0.));
#8703=DIRECTION('',(-1.,0.,0.));
#8704=DIRECTION('',(0.,0.,1.));
#8705=DIRECTION('',(0.,0.48860336893184,0.872506015949722));
#8706=DIRECTION('',(0.,0.,1.));
#8707=DIRECTION('',(0.,-1.,0.));
#8708=DIRECTION('',(0.,0.,1.));
#8709=DIRECTION('',(-1.,0.,0.));
#8710=DIRECTION('',(1.,0.,0.));
#8711=DIRECTION('',(0.,-1.,0.));
#8712=DIRECTION('',(0.,-6.12323399573677E-17,-1.));
#8713=DIRECTION('',(-1.,0.,0.));
#8714=DIRECTION('',(-1.,0.,0.));
#8715=DIRECTION('',(0.,1.,-6.12323399573677E-17));
#8716=DIRECTION('',(0.,-1.,6.12323399573677E-17));
#8717=DIRECTION('',(-1.,0.,0.));
#8718=DIRECTION('',(0.,0.,1.));
#8719=DIRECTION('',(0.,0.,1.));
#8720=DIRECTION('',(0.,-0.488603368931843,0.87250601594972));
#8721=DIRECTION('',(0.,0.87250601594972,0.488603368931843));
#8722=DIRECTION('',(0.,0.488603368931843,-0.87250601594972));
#8723=DIRECTION('',(1.,0.,0.));
#8724=DIRECTION('',(1.,0.,0.));
#8725=DIRECTION('',(0.,0.,-1.));
#8726=DIRECTION('',(-1.,0.,0.));
#8727=DIRECTION('',(0.,1.,0.));
#8728=DIRECTION('',(-0.29568372807112,0.,-0.955285890691349));
#8729=DIRECTION('',(0.955285890691349,0.,-0.29568372807112));
#8730=DIRECTION('',(0.955285890691349,0.,-0.29568372807112));
#8731=DIRECTION('',(0.,-1.,0.));
#8732=DIRECTION('',(-0.955285890691349,0.,0.29568372807112));
#8733=DIRECTION('',(3.33066907387547E-16,0.,-1.));
#8734=DIRECTION('',(1.,0.,3.33066907387547E-16));
#8735=DIRECTION('',(-1.,0.,-3.33066907387547E-16));
#8736=DIRECTION('',(1.,0.,3.33066907387547E-16));
#8737=DIRECTION('',(0.,-1.,0.));
#8738=DIRECTION('',(0.,-1.,0.));
#8739=DIRECTION('',(0.,0.,-1.));
#8740=DIRECTION('',(0.,0.,-1.));
#8741=DIRECTION('',(1.,0.,0.));
#8742=DIRECTION('',(0.,0.,1.));
#8743=DIRECTION('',(3.47244018950614E-16,0.,1.));
#8744=DIRECTION('',(-3.47244018950614E-16,0.,1.));
#8745=DIRECTION('',(0.,-1.,0.));
#8746=DIRECTION('',(0.,1.,0.));
#8747=DIRECTION('',(0.,0.,-1.));
#8748=DIRECTION('',(1.,0.,0.));
#8749=DIRECTION('',(-0.955285890691349,0.,-0.295683728071119));
#8750=DIRECTION('',(-1.,0.,3.33066907387547E-16));
#8751=DIRECTION('',(0.,0.,1.));
#8752=DIRECTION('',(1.,0.,0.));
#8753=DIRECTION('',(0.,-1.,0.));
#8754=DIRECTION('',(1.,0.,0.));
#8755=DIRECTION('',(0.,-1.,0.));
#8756=DIRECTION('',(0.,0.,1.));
#8757=DIRECTION('',(1.,0.,0.));
#8758=DIRECTION('',(0.,0.872506015949722,-0.48860336893184));
#8759=DIRECTION('',(0.,-0.48860336893184,-0.872506015949722));
#8760=DIRECTION('',(0.,0.,-1.));
#8761=DIRECTION('',(1.,0.,0.));
#8762=DIRECTION('',(3.33066907387547E-16,0.,1.));
#8763=DIRECTION('',(-1.,0.,3.33066907387547E-16));
#8764=DIRECTION('',(0.,-1.,0.));
#8765=DIRECTION('',(0.,1.,0.));
#8766=DIRECTION('',(0.,0.,-1.));
#8767=DIRECTION('',(-0.295683728071119,0.,0.955285890691349));
#8768=DIRECTION('',(-0.955285890691349,0.,-0.295683728071119));
#8769=DIRECTION('',(0.,0.,-1.));
#8770=DIRECTION('',(-1.,0.,0.));
#8771=DIRECTION('',(-1.,1.22464605849178E-16,-2.30330323762219E-53));
#8772=DIRECTION('',(-1.22464605849178E-16,-1.,-1.88079096131566E-37));
#8773=DIRECTION('',(1.,0.,0.));
#8774=DIRECTION('',(0.,-1.,0.));
#8775=DIRECTION('',(0.,0.,-1.));
#8776=DIRECTION('',(0.,-1.,0.));
#8777=DIRECTION('',(0.,0.,-1.));
#8778=DIRECTION('',(0.,-1.,0.));
#8779=DIRECTION('',(0.,0.48860336893184,0.872506015949722));
#8780=DIRECTION('',(0.,0.,-1.));
#8781=DIRECTION('',(1.,0.,0.));
#8782=DIRECTION('',(0.,0.,-1.));
#8783=DIRECTION('',(0.,-1.,0.));
#8784=DIRECTION('',(0.,0.,-1.));
#8785=DIRECTION('',(1.,0.,0.));
#8786=DIRECTION('',(0.,0.707106781186547,-0.707106781186548));
#8787=DIRECTION('',(0.,-1.,0.));
#8788=DIRECTION('',(1.,0.,0.));
#8789=DIRECTION('',(0.,0.,-1.));
#8790=DIRECTION('',(0.,0.,-1.));
#8791=DIRECTION('',(0.,-0.488603368931843,0.87250601594972));
#8792=DIRECTION('',(0.,1.,0.));
#8793=DIRECTION('',(0.,0.,-1.));
#8794=DIRECTION('',(0.,-1.,0.));
#8795=DIRECTION('',(0.,1.,0.));
#8796=DIRECTION('',(1.,0.,0.));
#8797=DIRECTION('',(0.,1.,0.));
#8798=DIRECTION('',(-0.5,0.,-0.866025403784439));
#8799=DIRECTION('',(0.,0.,-1.));
#8800=DIRECTION('',(1.,0.,0.));
#8801=DIRECTION('',(0.,0.,-1.));
#8802=DIRECTION('',(-1.,0.,0.));
#8803=DIRECTION('',(0.,0.,1.));
#8804=DIRECTION('',(-1.,0.,0.));
#8805=DIRECTION('',(1.,0.,0.));
#8806=DIRECTION('',(0.,-1.,0.));
#8807=DIRECTION('',(-1.,0.,0.));
#8808=DIRECTION('',(0.,1.,0.));
#8809=DIRECTION('',(-1.,0.,0.));
#8810=DIRECTION('',(0.,0.,1.));
#8811=DIRECTION('',(0.,0.,-1.));
#8812=DIRECTION('',(0.,0.,1.));
#8813=DIRECTION('',(0.,1.,0.));
#8814=DIRECTION('',(0.,-1.,0.));
#8815=DIRECTION('',(1.,0.,0.));
#8816=DIRECTION('',(0.,0.,-1.));
#8817=DIRECTION('',(-1.,0.,0.));
#8818=DIRECTION('',(0.,-1.,1.22464679914735E-16));
#8819=DIRECTION('',(0.,1.22464679914735E-16,1.));
#8820=DIRECTION('',(0.,-6.12323399573677E-17,-1.));
#8821=DIRECTION('',(-1.,0.,0.));
#8822=DIRECTION('',(0.,1.22464679914735E-16,1.));
#8823=DIRECTION('',(-1.,0.,0.));
#8824=DIRECTION('',(0.,1.22464679914735E-16,1.));
#8825=DIRECTION('',(1.,0.,0.));
#8826=DIRECTION('',(0.,0.,1.));
#8827=DIRECTION('',(1.,0.,0.));
#8828=DIRECTION('',(0.,0.,1.));
#8829=DIRECTION('',(-2.75335310107039E-14,1.,0.));
#8830=DIRECTION('',(0.,1.,0.));
#8831=DIRECTION('',(-1.,7.105427357601E-15,-4.06514908924992E-32));
#8832=DIRECTION('',(0.,-1.,0.));
#8833=DIRECTION('',(0.,-1.,0.));
#8834=DIRECTION('',(-1.,7.105427357601E-15,-4.06514908924992E-32));
#8835=DIRECTION('',(-4.43734259186819E-31,1.,0.));
#8836=DIRECTION('',(1.,0.,0.));
#8837=DIRECTION('',(0.,-1.,0.));
#8838=DIRECTION('',(0.,0.,-1.));
#8839=DIRECTION('',(-1.,0.,0.));
#8840=DIRECTION('',(-2.7914178904861E-14,1.,0.));
#8841=DIRECTION('',(0.,0.,-1.));
#8842=DIRECTION('',(-1.,0.,0.));
#8843=DIRECTION('',(-0.738451650350647,-0.674306428928574,0.));
#8844=DIRECTION('',(0.,0.,-1.));
#8845=DIRECTION('',(-1.,0.,0.));
#8846=DIRECTION('',(-0.826807296245544,0.562485284140957,2.10688610917222E-17));
#8847=DIRECTION('',(1.,0.,0.));
#8848=DIRECTION('',(0.,-1.22464679914735E-16,-1.));
#8849=DIRECTION('',(0.,0.,-1.));
#8850=DIRECTION('',(0.,1.,-6.12323399573677E-17));
#8851=DIRECTION('',(-1.,0.,0.));
#8852=DIRECTION('',(0.,-1.,6.12323399573677E-17));
#8853=DIRECTION('',(0.,0.,-1.));
#8854=DIRECTION('',(-1.,0.,0.));
#8855=DIRECTION('',(0.,0.,-1.));
#8856=DIRECTION('',(-1.,0.,0.));
#8857=DIRECTION('',(0.,0.,-1.));
#8858=DIRECTION('',(1.,2.7914178904861E-14,0.));
#8859=DIRECTION('',(-2.7914178904861E-14,1.,0.));
#8860=DIRECTION('',(0.,0.,1.));
#8861=DIRECTION('',(2.7914178904861E-14,-1.,0.));
#8862=DIRECTION('',(0.,0.,-1.));
#8863=DIRECTION('',(-1.,0.,0.));
#8864=DIRECTION('',(0.,0.,1.));
#8865=DIRECTION('',(0.,0.,-1.));
#8866=DIRECTION('',(-1.,0.,0.));
#8867=DIRECTION('',(0.674306428928574,-0.738451650350647,0.));
#8868=DIRECTION('',(0.738451650350647,0.674306428928574,0.));
#8869=DIRECTION('',(0.738451650350647,0.674306428928574,0.));
#8870=DIRECTION('',(0.,0.,1.));
#8871=DIRECTION('',(0.,0.,-1.));
#8872=DIRECTION('',(-1.,0.,0.));
#8873=DIRECTION('',(0.,0.,-1.));
#8874=DIRECTION('',(-1.,0.,0.));
#8875=DIRECTION('',(0.,0.,1.));
#8876=DIRECTION('',(-0.562485284140957,-0.826807296245544,0.));
#8877=DIRECTION('',(0.826807296245544,-0.562485284140957,0.));
#8878=DIRECTION('',(0.826807296245544,-0.562485284140957,-2.10688610917222E-17));
#8879=DIRECTION('',(0.,-1.23259516440783E-32,1.));
#8880=DIRECTION('',(1.,0.,0.));
#8881=DIRECTION('',(0.,1.,-6.12323399573677E-17));
#8882=DIRECTION('',(0.,0.,-1.));
#8883=DIRECTION('',(-1.,0.,0.));
#8884=DIRECTION('',(0.,3.13021660604611E-13,-1.));
#8885=DIRECTION('',(0.,1.,-6.12323399573677E-17));
#8886=DIRECTION('',(7.105427357601E-15,0.,1.));
#8887=DIRECTION('',(0.,-1.,0.));
#8888=DIRECTION('',(7.105427357601E-15,0.,1.));
#8889=DIRECTION('',(-1.,0.,0.));
#8890=DIRECTION('',(0.,0.762613598851423,0.646854310372035));
#8891=DIRECTION('',(0.,1.,0.));
#8892=DIRECTION('',(1.,0.,0.));
#8893=DIRECTION('',(0.,-0.646854310371733,0.762613598851679));
#8894=DIRECTION('',(0.,0.,1.));
#8895=DIRECTION('',(0.,-1.,0.));
#8896=DIRECTION('',(-1.,0.,0.));
#8897=DIRECTION('',(0.,-1.,6.12323399573677E-17));
#8898=DIRECTION('',(-1.,0.,0.));
#8899=DIRECTION('',(0.,-1.,6.12323399573677E-17));
#8900=DIRECTION('',(1.,0.,0.));
#8901=DIRECTION('',(-1.,0.,0.));
#8902=DIRECTION('',(0.,1.,0.));
#8903=DIRECTION('',(0.,0.,-1.));
#8904=DIRECTION('',(-4.4550484381955E-31,0.,1.));
#8905=DIRECTION('',(-1.,7.10542735760101E-15,-4.35081943503005E-31));
#8906=DIRECTION('',(-1.,-4.4550484381955E-31,7.27564623742499E-15));
#8907=DIRECTION('',(7.27564623742499E-15,-6.12323399573677E-17,1.));
#8908=DIRECTION('',(-4.4550484381955E-31,0.,1.));
#8909=DIRECTION('',(7.105427357601E-15,1.,-6.12323399573677E-17));
#8910=DIRECTION('',(0.,6.12323399573677E-17,1.));
#8911=DIRECTION('',(0.,1.,-6.12323399573677E-17));
#8912=DIRECTION('',(0.,-1.,6.12323399573677E-17));
#8913=DIRECTION('',(-1.,0.,0.));
#8914=DIRECTION('',(1.,-7.10542735760101E-15,4.35081943503005E-31));
#8915=DIRECTION('',(-1.,0.,0.));
#8916=DIRECTION('',(0.,-1.,6.12323399573677E-17));
#8917=DIRECTION('',(-1.,0.,0.));
#8918=DIRECTION('',(0.,-1.,6.12323399573677E-17));
#8919=DIRECTION('',(0.,1.,0.));
#8920=DIRECTION('',(0.,0.,-1.));
#8921=DIRECTION('',(1.,0.,0.));
#8922=DIRECTION('',(0.,0.,-1.));
#8923=DIRECTION('',(-7.105427357601E-15,-1.,-1.22464679914735E-16));
#8924=DIRECTION('',(7.105427357601E-15,-1.22464679914786E-16,1.));
#8925=DIRECTION('',(0.,-1.,0.));
#8926=DIRECTION('',(-1.,0.,0.));
#8927=DIRECTION('',(0.,1.,0.));
#8928=DIRECTION('',(1.,0.,0.));
#8929=DIRECTION('',(0.,-1.,0.));
#8930=DIRECTION('',(-1.,0.,0.));
#8931=DIRECTION('',(0.,-1.,0.));
#8932=DIRECTION('',(-1.,0.,0.));
#8933=DIRECTION('',(1.,0.,0.));
#8934=DIRECTION('',(0.,1.22464679914735E-16,1.));
#8935=DIRECTION('',(0.,0.,-1.));
#8936=DIRECTION('',(0.,1.,0.));
#8937=DIRECTION('',(1.,0.,0.));
#8938=DIRECTION('',(0.,1.,-6.12323399573677E-17));
#8939=DIRECTION('',(7.8011146526182E-15,1.,6.12323399573677E-17));
#8940=DIRECTION('',(0.,6.12323399573677E-17,-1.));
#8941=DIRECTION('',(0.,1.,0.));
#8942=DIRECTION('',(1.,0.,0.));
#8943=DIRECTION('',(0.,-1.,0.));
#8944=DIRECTION('',(0.,0.,-1.));
#8945=DIRECTION('',(1.,0.,0.));
#8946=DIRECTION('',(0.,-1.,0.));
#8947=DIRECTION('',(0.,-1.,0.));
#8948=DIRECTION('',(-1.,0.,0.));
#8949=DIRECTION('',(0.,-6.12323399573677E-17,-1.));
#8950=DIRECTION('',(-1.,0.,0.));
#8951=DIRECTION('',(0.,1.,0.));
#8952=DIRECTION('',(-1.,0.,0.));
#8953=DIRECTION('',(-1.,0.,0.));
#8954=DIRECTION('',(0.,1.,0.));
#8955=DIRECTION('',(-1.,0.,0.));
#8956=DIRECTION('',(0.342020143325669,0.,0.939692620785908));
#8957=DIRECTION('',(-0.939692620785908,0.,0.342020143325669));
#8958=DIRECTION('',(-0.971886436451294,-0.16648836992716,0.16648836992716));
#8959=DIRECTION('',(0.235450110728379,-0.687227489757938,0.687227489757938));
#8960=DIRECTION('',(0.342020143325669,-0.939692620785908,0.));
#8961=DIRECTION('',(-0.939692620785908,-0.342020143325669,0.));
#8962=DIRECTION('',(1.,0.,0.));
#8963=DIRECTION('',(0.,0.,1.));
#8964=DIRECTION('',(1.,3.6037095511888E-31,2.66453525910038E-15));
#8965=DIRECTION('',(-2.66453525910038E-15,6.12323399573677E-17,1.));
#8966=DIRECTION('',(0.,-1.,0.));
#8967=DIRECTION('',(0.,0.,1.));
#8968=DIRECTION('',(1.,3.6037095511888E-31,2.66453525910038E-15));
#8969=DIRECTION('',(-2.66453525910038E-15,6.12323399573677E-17,1.));
#8970=DIRECTION('',(1.,0.,2.66453126230348E-15));
#8971=DIRECTION('',(1.,0.,2.66453126230348E-15));
#8972=DIRECTION('',(1.,0.,2.66453126230348E-15));
#8973=DIRECTION('',(0.,1.,0.));
#8974=DIRECTION('',(0.,0.,-1.));
#8975=DIRECTION('',(0.,0.,-1.));
#8976=DIRECTION('',(-1.,0.,0.));
#8977=DIRECTION('',(0.342020143325669,-0.939692620785908,0.));
#8978=DIRECTION('',(-0.939692620785908,-0.342020143325669,0.));
#8979=DIRECTION('',(0.889126490715988,0.323615577118185,-0.323615577118185));
#8980=DIRECTION('',(-0.889126490715988,-0.323615577118185,-0.323615577118185));
#8981=DIRECTION('',(0.,1.,0.));
#8982=DIRECTION('',(1.,0.,0.));
#8983=DIRECTION('',(-1.,0.,0.));
#8984=DIRECTION('',(1.,0.,0.));
#8985=DIRECTION('',(0.,0.,-1.));
#8986=DIRECTION('',(1.,0.,0.));
#8987=DIRECTION('',(0.,-1.,0.));
#8988=DIRECTION('',(0.,1.,0.));
#8989=DIRECTION('',(0.,0.,-1.));
#8990=DIRECTION('',(0.,1.,0.));
#8991=DIRECTION('',(0.,0.,-1.));
#8992=DIRECTION('',(-1.,0.,0.));
#8993=DIRECTION('',(0.,0.,-1.));
#8994=DIRECTION('',(0.,0.,1.));
#8995=DIRECTION('',(0.,1.,-6.12323399573677E-17));
#8996=DIRECTION('',(0.,6.12323399573677E-17,1.));
#8997=DIRECTION('',(0.,-1.,6.12323399573677E-17));
#8998=DIRECTION('',(0.,-1.,0.));
#8999=DIRECTION('',(0.,0.,-1.));
#9000=DIRECTION('',(0.,0.,-1.));
#9001=DIRECTION('',(-1.,0.,0.));
#9002=DIRECTION('',(-1.,0.,0.));
#9003=DIRECTION('',(0.,0.,-1.));
#9004=DIRECTION('',(-1.,0.,0.));
#9005=DIRECTION('',(0.,0.,1.));
#9006=DIRECTION('',(1.,0.,0.));
#9007=DIRECTION('',(1.,0.,0.));
#9008=DIRECTION('',(0.,-1.,0.));
#9009=DIRECTION('',(1.,0.,0.));
#9010=DIRECTION('',(0.984807753012208,0.,-0.173648177666931));
#9011=DIRECTION('',(0.17364817766693,0.,0.984807753012208));
#9012=DIRECTION('',(1.,0.,0.));
#9013=DIRECTION('',(0.,-1.,0.));
#9014=DIRECTION('',(-1.,0.,0.));
#9015=DIRECTION('',(1.,0.,0.));
#9016=DIRECTION('',(0.,0.,1.));
#9017=DIRECTION('',(-1.,0.,0.));
#9018=DIRECTION('',(1.,0.,0.));
#9019=DIRECTION('',(0.955285890691349,0.,-0.29568372807112));
#9020=DIRECTION('',(-1.,0.,0.));
#9021=DIRECTION('',(1.,0.,0.));
#9022=DIRECTION('',(-1.,0.,0.));
#9023=DIRECTION('',(1.,0.,0.));
#9024=DIRECTION('',(-0.955285890691349,0.,-0.295683728071119));
#9025=DIRECTION('',(-1.,0.,0.));
#9026=DIRECTION('',(0.,1.,0.));
#9027=DIRECTION('',(-1.,0.,0.));
#9028=DIRECTION('',(1.,0.,0.));
#9029=DIRECTION('',(1.,0.,0.));
#9030=DIRECTION('',(0.,0.,1.));
#9031=DIRECTION('',(3.47244018950614E-16,0.,1.));
#9032=DIRECTION('',(0.,-1.,6.12323399573677E-17));
#9033=DIRECTION('',(0.,-1.,0.));
#9034=DIRECTION('',(-3.47244018950614E-16,0.,1.));
#9035=DIRECTION('',(0.,-1.,0.));
#9036=DIRECTION('',(0.,0.,-1.));
#9037=DIRECTION('',(0.,1.,0.));
#9038=DIRECTION('',(0.,-1.,0.));
#9039=DIRECTION('',(0.,6.12323399573677E-17,1.));
#9040=DIRECTION('',(0.,-1.,6.12323399573677E-17));
#9041=DIRECTION('',(0.,1.,0.));
#9042=DIRECTION('',(0.,0.,-1.));
#9043=DIRECTION('',(0.,-1.,0.));
#9044=DIRECTION('',(0.,1.,0.));
#9045=DIRECTION('',(1.,0.,0.));
#9046=DIRECTION('',(-1.,0.,0.));
#9047=DIRECTION('',(0.,0.,-1.));
#9048=DIRECTION('',(1.,0.,0.));
#9049=DIRECTION('',(0.,0.,-1.));
#9050=DIRECTION('',(0.,1.,0.));
#9051=DIRECTION('',(-0.5,0.,-0.866025403784439));
#9052=DIRECTION('',(0.,1.,0.));
#9053=DIRECTION('',(0.,1.,0.));
#9054=DIRECTION('',(-0.5,0.,-0.866025403784439));
#9055=DIRECTION('',(0.,1.,0.));
#9056=DIRECTION('',(0.,1.,0.));
#9057=DIRECTION('',(-0.5,0.,-0.866025403784439));
#9058=DIRECTION('',(0.,1.,0.));
#9059=DIRECTION('',(-0.5,0.,-0.866025403784439));
#9060=DIRECTION('',(0.,1.,0.));
#9061=DIRECTION('',(-0.5,0.,-0.866025403784439));
#9062=DIRECTION('',(1.,0.,0.));
#9063=DIRECTION('',(0.,-1.,0.));
#9064=DIRECTION('',(0.,1.,0.));
#9065=DIRECTION('',(0.,1.,0.));
#9066=DIRECTION('',(-0.939692620785908,0.,-0.342020143325669));
#9067=DIRECTION('',(-0.342020143325669,0.,0.939692620785908));
#9068=DIRECTION('',(-0.939692620785908,0.,-0.342020143325669));
#9069=DIRECTION('',(-0.939692620785908,0.,-0.342020143325669));
#9070=DIRECTION('',(-0.984807753012208,0.,-0.173648177666931));
#9071=DIRECTION('',(0.17364817766693,0.,-0.984807753012208));
#9072=DIRECTION('',(0.342020143325669,0.,-0.939692620785908));
#9073=DIRECTION('',(0.939692620785908,0.,0.342020143325669));
#9074=DIRECTION('',(0.,-1.,0.));
#9075=DIRECTION('',(0.,-6.12323399573677E-17,-1.));
#9076=DIRECTION('',(-1.,0.,0.));
#9077=DIRECTION('',(-1.,0.,0.));
#9078=DIRECTION('',(0.,1.,-6.12323399573677E-17));
#9079=DIRECTION('',(-0.29568372807112,0.,-0.955285890691349));
#9080=DIRECTION('',(0.955285890691349,0.,-0.29568372807112));
#9081=DIRECTION('',(0.,1.,0.));
#9082=DIRECTION('',(0.,1.,0.));
#9083=DIRECTION('',(0.955285890691349,0.,-0.29568372807112));
#9084=DIRECTION('',(0.,-1.,0.));
#9085=DIRECTION('',(-0.955285890691349,0.,0.29568372807112));
#9086=DIRECTION('',(0.,6.12323399573677E-17,1.));
#9087=DIRECTION('',(0.,1.,-6.12323399573677E-17));
#9088=DIRECTION('',(0.,-6.12323399573677E-17,-1.));
#9089=DIRECTION('',(0.,-1.,6.12323399573677E-17));
#9090=DIRECTION('',(0.,6.12323399573677E-17,1.));
#9091=DIRECTION('',(0.,1.,-6.12323399573677E-17));
#9092=DIRECTION('',(0.,0.,1.));
#9093=DIRECTION('',(1.,0.,0.));
#9094=DIRECTION('',(1.,0.,0.));
#9095=DIRECTION('',(0.,6.12323399573677E-17,-1.));
#9096=DIRECTION('',(1.,-6.12323399573677E-17,-3.74939945665464E-33));
#9097=DIRECTION('',(0.,6.12323399573677E-17,-1.));
#9098=DIRECTION('',(1.,-6.12323399573677E-17,-3.74939945665464E-33));
#9099=DIRECTION('',(0.,6.12323399573677E-17,-1.));
#9100=DIRECTION('',(1.,-6.12323399573677E-17,-3.74939945665464E-33));
#9101=DIRECTION('',(0.,6.12323399573677E-17,-1.));
#9102=DIRECTION('',(-0.500000000000029,-0.866025403784422,-5.30287619362443E-17));
#9103=DIRECTION('',(0.866025403784422,-0.500000000000029,-3.06161699786856E-17));
#9104=DIRECTION('',(0.866025403784422,-0.500000000000029,0.));
#9105=DIRECTION('',(-0.866025403784422,0.500000000000029,3.06161699786856E-17));
#9106=DIRECTION('',(0.,6.12323399573677E-17,-1.));
#9107=DIRECTION('',(0.,6.12323399573677E-17,-1.));
#9108=DIRECTION('',(1.,-6.12323399573677E-17,-3.74939945665464E-33));
#9109=DIRECTION('',(0.,6.12323399573677E-17,-1.));
#9110=DIRECTION('',(1.,-6.12323399573677E-17,-3.74939945665464E-33));
#9111=DIRECTION('',(0.,6.12323399573677E-17,-1.));
#9112=DIRECTION('',(1.,-6.12323399573677E-17,-3.74939945665464E-33));
#9113=DIRECTION('',(0.,6.12323399573677E-17,-1.));
#9114=DIRECTION('',(1.,0.,0.));
#9115=DIRECTION('',(0.,1.,-6.12323399573677E-17));
#9116=DIRECTION('',(1.,0.,0.));
#9117=DIRECTION('',(-1.,0.,0.));
#9118=DIRECTION('',(0.,6.12323399573677E-17,1.));
#9119=DIRECTION('',(1.,-3.5527136788005E-15,-3.94430452610506E-31));
#9120=DIRECTION('',(1.,0.,0.));
#9121=DIRECTION('',(1.,0.,0.));
#9122=DIRECTION('',(1.,0.,0.));
#9123=DIRECTION('',(0.,1.,-6.12323399573677E-17));
#9124=DIRECTION('',(0.,1.,0.));
#9125=DIRECTION('',(0.,0.,-1.));
#9126=DIRECTION('',(1.,0.,0.));
#9127=DIRECTION('',(0.,0.,-1.));
#9128=DIRECTION('',(-4.4550484381955E-31,0.,1.));
#9129=DIRECTION('',(-1.,-4.4550484381955E-31,7.27564623742499E-15));
#9130=DIRECTION('',(7.27564623742499E-15,-6.12323399573677E-17,1.));
#9131=DIRECTION('',(-4.4550484381955E-31,0.,1.));
#9132=DIRECTION('',(-4.43734259186819E-31,1.,0.));
#9133=DIRECTION('',(4.4550484381955E-31,-1.,0.));
#9134=DIRECTION('',(-7.27564623742499E-15,1.,0.));
#9135=DIRECTION('',(-1.,0.,0.));
#9136=DIRECTION('',(0.,6.12323399573677E-17,1.));
#9137=DIRECTION('',(-7.105427357601E-15,-1.,-1.22464679914735E-16));
#9138=DIRECTION('',(7.105427357601E-15,-1.22464679914786E-16,1.));
#9139=DIRECTION('',(-1.,0.,0.));
#9140=DIRECTION('',(-1.,7.105427357601E-15,-4.06514908924992E-32));
#9141=DIRECTION('',(0.,-1.,0.));
#9142=DIRECTION('',(-1.,0.,0.));
#9143=DIRECTION('',(1.,0.,0.));
#9144=DIRECTION('',(0.,1.,-6.12323399573677E-17));
#9145=DIRECTION('',(-1.,0.,0.));
#9146=DIRECTION('',(-1.,0.,0.));
#9147=DIRECTION('',(-7.105427357601E-15,-1.,-1.22464679914735E-16));
#9148=DIRECTION('',(7.105427357601E-15,-1.22464679914786E-16,1.));
#9149=DIRECTION('',(0.,-1.,0.));
#9150=DIRECTION('',(-1.,0.,0.));
#9151=DIRECTION('',(-1.,7.105427357601E-15,-4.06514908924992E-32));
#9152=DIRECTION('',(0.,1.,0.));
#9153=DIRECTION('',(1.,0.,0.));
#9154=DIRECTION('',(0.,-1.,0.));
#9155=DIRECTION('',(-1.,0.,0.));
#9156=DIRECTION('',(0.,-1.,0.));
#9157=DIRECTION('',(-1.,0.,0.));
#9158=DIRECTION('',(0.,-1.,0.));
#9159=DIRECTION('',(0.,-1.,0.));
#9160=DIRECTION('',(1.,0.,0.));
#9161=DIRECTION('',(0.,-1.22464679914735E-16,-1.));
#9162=DIRECTION('',(0.,0.,-1.));
#9163=DIRECTION('',(0.,1.,0.));
#9164=DIRECTION('',(0.,1.,0.));
#9165=DIRECTION('',(1.,0.,0.));
#9166=DIRECTION('',(0.,-1.,0.));
#9167=DIRECTION('',(1.,0.,0.));
#9168=DIRECTION('',(1.,0.,0.));
#9169=DIRECTION('',(0.,0.,1.));
#9170=DIRECTION('',(0.,1.,0.));
#9171=DIRECTION('',(0.,1.,0.));
#9172=DIRECTION('',(-1.,0.,0.));
#9173=DIRECTION('',(0.,1.,0.));
#9174=DIRECTION('',(0.,0.,-1.));
#9175=DIRECTION('',(0.,1.,0.));
#9176=DIRECTION('',(0.,0.,-1.));
#9177=DIRECTION('',(0.,1.,-1.22464679914735E-16));
#9178=DIRECTION('',(0.,-1.22464679914735E-16,-1.));
#9179=DIRECTION('',(0.,1.22464679914735E-16,1.));
#9180=DIRECTION('',(1.,0.,0.));
#9181=DIRECTION('',(0.,0.,1.));
#9182=DIRECTION('',(0.,0.,-1.));
#9183=DIRECTION('',(-1.,0.,0.));
#9184=DIRECTION('',(1.,0.,0.));
#9185=DIRECTION('',(1.,0.,0.));
#9186=DIRECTION('',(0.,1.,-6.12323399573677E-17));
#9187=DIRECTION('',(0.,0.,-1.));
#9188=DIRECTION('',(1.,0.,0.));
#9189=DIRECTION('',(0.,0.,1.));
#9190=DIRECTION('',(-1.,0.,0.));
#9191=DIRECTION('',(0.,1.,0.));
#9192=DIRECTION('',(-0.224951054343865,0.974370064785235,0.));
#9193=DIRECTION('',(0.,-1.,0.));
#9194=DIRECTION('',(0.,0.,-1.));
#9195=DIRECTION('',(-1.,0.,-3.33066907387547E-16));
#9196=DIRECTION('',(0.,1.,0.));
#9197=DIRECTION('',(1.,0.,0.));
#9198=DIRECTION('',(0.,0.,1.));
#9199=DIRECTION('',(-1.,0.,0.));
#9200=DIRECTION('',(0.,0.,1.));
#9201=DIRECTION('',(0.,0.,1.));
#9202=DIRECTION('',(0.,-0.488603368931843,0.87250601594972));
#9203=DIRECTION('',(0.974370064785235,0.224951054343865,0.));
#9204=DIRECTION('',(0.224951054343865,-0.974370064785235,0.));
#9205=DIRECTION('',(-0.224951054343865,0.974370064785235,0.));
#9206=DIRECTION('',(0.,0.,-1.));
#9207=DIRECTION('',(1.,0.,0.));
#9208=DIRECTION('',(0.,1.,0.));
#9209=DIRECTION('',(1.,0.,0.));
#9210=DIRECTION('',(0.,-6.12323399573677E-17,-1.));
#9211=DIRECTION('',(-1.,0.,0.));
#9212=DIRECTION('',(-1.,0.,0.));
#9213=DIRECTION('',(0.,1.,0.));
#9214=DIRECTION('',(0.,0.,1.));
#9215=DIRECTION('',(0.,-1.,0.));
#9216=DIRECTION('',(0.,0.,1.));
#9217=DIRECTION('',(-1.,0.,0.));
#9218=DIRECTION('',(0.939692620785908,0.,-0.342020143325669));
#9219=DIRECTION('',(3.33066907387547E-16,0.,1.));
#9220=DIRECTION('',(-1.,0.,3.33066907387547E-16));
#9221=DIRECTION('',(1.,0.,-3.33066907387547E-16));
#9222=DIRECTION('',(-1.,0.,3.33066907387547E-16));
#9223=DIRECTION('',(0.,-1.,0.));
#9224=DIRECTION('',(-0.295683728071119,0.,0.955285890691349));
#9225=DIRECTION('',(-0.955285890691349,0.,-0.295683728071119));
#9226=DIRECTION('',(0.,-1.,0.));
#9227=DIRECTION('',(0.,-1.,0.));
#9228=DIRECTION('',(0.955285890691349,0.,0.295683728071119));
#9229=DIRECTION('',(-0.955285890691349,0.,-0.295683728071119));
#9230=DIRECTION('',(3.33066907387547E-16,0.,-1.));
#9231=DIRECTION('',(1.,0.,3.33066907387547E-16));
#9232=DIRECTION('',(1.,0.,3.33066907387547E-16));
#9233=DIRECTION('',(0.,0.,1.));
#9234=DIRECTION('',(-1.,0.,0.));
#9235=DIRECTION('',(0.,0.87250601594972,0.488603368931843));
#9236=DIRECTION('',(0.,0.488603368931843,-0.87250601594972));
#9237=DIRECTION('',(1.,0.,0.));
#9238=DIRECTION('',(1.,0.,0.));
#9239=DIRECTION('',(0.,0.,-1.));
#9240=DIRECTION('',(-1.,0.,0.));
#9241=DIRECTION('',(-1.,0.,0.));
#9242=DIRECTION('',(0.,-1.,0.));
#9243=DIRECTION('',(0.,0.,-1.));
#9244=DIRECTION('',(-1.,0.,0.));
#9245=DIRECTION('',(0.,0.,1.));
#9246=DIRECTION('',(0.,0.48860336893184,0.872506015949722));
#9247=DIRECTION('',(0.,0.,1.));
#9248=DIRECTION('',(0.,-1.,0.));
#9249=DIRECTION('',(0.,0.,1.));
#9250=DIRECTION('',(-1.,0.,0.));
#9251=DIRECTION('',(1.,0.,0.));
#9252=DIRECTION('',(0.,0.,-1.));
#9253=DIRECTION('',(0.,-1.,0.));
#9254=DIRECTION('',(0.,-1.,0.));
#9255=DIRECTION('',(0.,1.,0.));
#9256=DIRECTION('',(0.,0.,-1.));
#9257=DIRECTION('',(1.,0.,0.));
#9258=DIRECTION('',(0.,0.,1.));
#9259=DIRECTION('',(1.,0.,0.));
#9260=DIRECTION('',(1.,0.,0.));
#9261=DIRECTION('',(0.,-1.,0.));
#9262=DIRECTION('',(0.,0.,1.));
#9263=DIRECTION('',(1.,0.,0.));
#9264=DIRECTION('',(0.,0.872506015949722,-0.48860336893184));
#9265=DIRECTION('',(0.,-0.48860336893184,-0.872506015949722));
#9266=DIRECTION('',(1.,0.,0.));
#9267=DIRECTION('',(0.,-1.,0.));
#9268=DIRECTION('',(0.,1.,0.));
#9269=DIRECTION('',(0.342020143325669,0.,0.939692620785908));
#9270=DIRECTION('',(-0.939692620785908,0.,0.342020143325669));
#9271=DIRECTION('',(0.939692620785908,0.,-0.342020143325669));
#9272=DIRECTION('',(0.889126490715988,0.323615577118185,-0.323615577118185));
#9273=DIRECTION('',(0.939692620785908,0.,-0.342020143325669));
#9274=DIRECTION('',(-0.342020143325669,0.,-0.939692620785908));
#9275=DIRECTION('',(0.,0.,-1.));
#9276=DIRECTION('',(-1.,0.,0.));
#9277=DIRECTION('',(0.,1.,0.));
#9278=DIRECTION('',(1.,0.,0.));
#9279=DIRECTION('',(0.,1.,0.));
#9280=DIRECTION('',(0.,0.,-1.));
#9281=DIRECTION('',(-0.889126490715988,-0.323615577118185,0.323615577118185));
#9282=DIRECTION('',(-0.342020143325669,0.939692620785908,0.));
#9283=DIRECTION('',(0.,0.,-1.));
#9284=DIRECTION('',(-1.,0.,0.));
#9285=DIRECTION('',(-1.,1.46607561895284E-15,1.15052781508094E-15));
#9286=DIRECTION('',(-1.46607561895284E-15,-1.,-2.33146835171283E-15));
#9287=DIRECTION('',(1.,0.,0.));
#9288=DIRECTION('',(0.,-1.,0.));
#9289=DIRECTION('',(0.,0.,-1.));
#9290=DIRECTION('',(0.,-1.,0.));
#9291=DIRECTION('',(0.,0.,-1.));
#9292=DIRECTION('',(0.,-1.,0.));
#9293=DIRECTION('',(0.,0.48860336893184,0.872506015949722));
#9294=DIRECTION('',(0.,0.,-1.));
#9295=DIRECTION('',(1.,0.,0.));
#9296=DIRECTION('',(0.,0.,-1.));
#9297=DIRECTION('',(0.,-1.,0.));
#9298=DIRECTION('',(0.,0.,-1.));
#9299=DIRECTION('',(1.,0.,0.));
#9300=DIRECTION('',(0.,0.707106781186547,-0.707106781186548));
#9301=DIRECTION('',(0.,-1.,0.));
#9302=DIRECTION('',(1.,0.,0.));
#9303=DIRECTION('',(0.,0.,-1.));
#9304=DIRECTION('',(0.,0.,-1.));
#9305=DIRECTION('',(0.,-0.488603368931843,0.87250601594972));
#9306=DIRECTION('',(0.,1.,0.));
#9307=DIRECTION('',(0.,0.,-1.));
#9308=DIRECTION('',(1.14882349402438E-16,-1.,0.));
#9309=DIRECTION('',(0.,1.,0.));
#9310=DIRECTION('',(1.,0.,0.));
#9311=DIRECTION('',(0.,1.,0.));
#9312=DIRECTION('',(-0.5,0.,-0.866025403784439));
#9313=DIRECTION('',(0.,0.,-1.));
#9314=DIRECTION('',(1.,0.,0.));
#9315=DIRECTION('',(0.,0.,-1.));
#9316=DIRECTION('',(1.,1.15648231731787E-16,0.));
#9317=DIRECTION('',(0.,1.,0.));
#9318=DIRECTION('',(1.,0.,0.));
#9319=DIRECTION('',(-1.,0.,0.));
#9320=DIRECTION('',(-1.,0.,0.));
#9321=DIRECTION('',(0.,0.,-1.));
#9322=DIRECTION('',(0.,-1.,0.));
#9323=DIRECTION('',(-1.,0.,0.));
#9324=DIRECTION('',(1.,0.,0.));
#9325=DIRECTION('',(0.,0.,1.));
#9326=DIRECTION('',(1.,0.,0.));
#9327=DIRECTION('',(1.,0.,0.));
#9328=DIRECTION('',(0.955285890691349,0.,-0.29568372807112));
#9329=DIRECTION('',(-1.,0.,0.));
#9330=DIRECTION('',(1.,0.,0.));
#9331=DIRECTION('',(0.,0.,1.));
#9332=DIRECTION('',(-1.,0.,0.));
#9333=DIRECTION('',(1.,0.,0.));
#9334=DIRECTION('',(-0.955285890691349,0.,-0.295683728071119));
#9335=DIRECTION('',(-1.,0.,0.));
#9336=DIRECTION('',(0.,1.,0.));
#9337=DIRECTION('',(1.,0.,0.));
#9338=DIRECTION('',(-1.,0.,0.));
#9339=DIRECTION('',(0.,0.,-1.));
#9340=DIRECTION('',(-1.,0.,0.));
#9341=DIRECTION('',(0.,0.,-1.));
#9342=DIRECTION('',(1.,0.,0.));
#9343=DIRECTION('',(0.,-1.,0.));
#9344=DIRECTION('',(0.,1.,0.));
#9345=DIRECTION('',(-1.14882349402438E-16,1.,0.));
#9346=DIRECTION('',(0.974370064785235,0.224951054343865,0.));
#9347=DIRECTION('',(0.224951054343865,-0.974370064785235,0.));
#9348=DIRECTION('',(-0.224951054343865,0.974370064785235,0.));
#9349=DIRECTION('',(-0.224951054343865,0.974370064785235,0.));
#9350=DIRECTION('',(1.,0.,0.));
#9351=DIRECTION('',(0.,-1.,0.));
#9352=DIRECTION('',(0.,1.,0.));
#9353=DIRECTION('',(0.,1.,0.));
#9354=DIRECTION('',(0.,1.,0.));
#9355=DIRECTION('',(0.,0.,-1.));
#9356=DIRECTION('',(0.,1.,0.));
#9357=DIRECTION('',(0.,0.,-1.));
#9358=DIRECTION('',(0.,1.,-1.22464679914735E-16));
#9359=DIRECTION('',(0.,-1.22464679914735E-16,-1.));
#9360=DIRECTION('',(-1.,0.,0.));
#9361=DIRECTION('',(0.,1.22464679914735E-16,1.));
#9362=DIRECTION('',(1.,0.,0.));
#9363=DIRECTION('',(1.,0.,0.));
#9364=DIRECTION('',(0.,0.,-1.));
#9365=DIRECTION('',(1.,0.,0.));
#9366=DIRECTION('',(0.,0.,1.));
#9367=DIRECTION('',(1.,0.,0.));
#9368=DIRECTION('',(0.,1.,-6.12323399573677E-17));
#9369=DIRECTION('',(0.,1.,0.));
#9370=DIRECTION('',(0.,0.,-1.));
#9371=DIRECTION('',(-1.,0.,0.));
#9372=DIRECTION('',(0.,1.,0.));
#9373=DIRECTION('',(-1.,0.,0.));
#9374=DIRECTION('',(-7.27564623742499E-15,1.,0.));
#9375=DIRECTION('',(0.,6.12323399573677E-17,-1.));
#9376=DIRECTION('',(1.,-6.12323399573677E-17,-3.74939945665464E-33));
#9377=DIRECTION('',(-0.866025403784422,0.500000000000029,3.06161699786856E-17));
#9378=DIRECTION('',(0.,6.12323399573677E-17,-1.));
#9379=DIRECTION('',(1.,-6.12323399573677E-17,-3.74939945665464E-33));
#9380=DIRECTION('',(7.8011146526182E-15,1.,6.12323399573677E-17));
#9381=DIRECTION('',(1.,0.,0.));
#9382=DIRECTION('',(1.,0.,0.));
#9383=DIRECTION('',(0.,1.,-6.12323399573677E-17));
#9384=DIRECTION('',(1.,0.,0.));
#9385=DIRECTION('',(0.,1.,-6.12323399573677E-17));
#9386=DIRECTION('',(1.,0.,0.));
#9387=DIRECTION('',(1.,0.,0.));
#9388=DIRECTION('',(0.,-0.646854310371733,0.762613598851679));
#9389=DIRECTION('',(0.,0.,-1.));
#9390=DIRECTION('',(1.,0.,0.));
#9391=DIRECTION('',(0.,-1.,0.));
#9392=DIRECTION('',(0.826807296245544,-0.562485284140957,-2.10688610917222E-17));
#9393=DIRECTION('',(0.,0.,-1.));
#9394=DIRECTION('',(-1.,0.,0.));
#9395=DIRECTION('',(0.738451650350647,0.674306428928574,0.));
#9396=DIRECTION('',(0.,0.,-1.));
#9397=DIRECTION('',(-1.,0.,0.));
#9398=DIRECTION('',(2.7914178904861E-14,-1.,0.));
#9399=DIRECTION('',(0.,0.,-1.));
#9400=DIRECTION('',(-1.,0.,0.));
#9401=DIRECTION('',(1.,0.,0.));
#9402=DIRECTION('',(0.,1.,0.));
#9403=DIRECTION('',(1.,0.,0.));
#9404=DIRECTION('',(-4.43734259186819E-31,1.,0.));
#9405=DIRECTION('',(-1.,7.105427357601E-15,-4.06514908924992E-32));
#9406=DIRECTION('',(0.,-1.,0.));
#9407=DIRECTION('',(0.,-1.,0.));
#9408=DIRECTION('',(-1.,7.105427357601E-15,-4.06514908924992E-32));
#9409=DIRECTION('',(0.674306428928574,-0.738451650350647,0.));
#9410=DIRECTION('',(0.738451650350647,0.674306428928574,0.));
#9411=DIRECTION('',(0.,0.,1.));
#9412=DIRECTION('',(0.,0.,1.));
#9413=DIRECTION('',(-0.738451650350647,-0.674306428928574,0.));
#9414=DIRECTION('',(-0.562485284140957,-0.826807296245544,0.));
#9415=DIRECTION('',(0.826807296245544,-0.562485284140957,0.));
#9416=DIRECTION('',(0.,0.,1.));
#9417=DIRECTION('',(0.,-1.23259516440783E-32,1.));
#9418=DIRECTION('',(-0.826807296245544,0.562485284140957,2.10688610917222E-17));
#9419=DIRECTION('',(0.,0.,-1.));
#9420=DIRECTION('',(-1.,0.,0.));
#9421=DIRECTION('',(0.,0.,-1.));
#9422=DIRECTION('',(-1.,0.,0.));
#9423=DIRECTION('',(-1.,0.,0.));
#9424=DIRECTION('',(0.,0.,1.));
#9425=DIRECTION('',(0.,0.,1.));
#9426=DIRECTION('',(0.,1.,0.));
#9427=DIRECTION('',(0.,0.,-1.));
#9428=DIRECTION('',(0.,-1.,0.));
#9429=DIRECTION('',(0.,1.,0.));
#9430=DIRECTION('',(-1.,0.,0.));
#9431=DIRECTION('',(1.,0.,0.));
#9432=DIRECTION('',(0.,0.,1.));
#9433=DIRECTION('',(-1.,0.,0.));
#9434=DIRECTION('',(0.,0.,-1.));
#9435=DIRECTION('',(1.,0.,0.));
#9436=DIRECTION('',(-1.,0.,0.));
#9437=DIRECTION('',(0.,-1.,0.));
#9438=DIRECTION('',(0.,-1.,0.));
#9439=DIRECTION('',(1.,0.,0.));
#9440=DIRECTION('',(1.,0.,0.));
#9441=DIRECTION('',(0.,0.,-1.));
#9442=DIRECTION('',(1.,0.,0.));
#9443=DIRECTION('',(0.,1.,-6.12323399573677E-17));
#9444=DIRECTION('',(0.,0.,-1.));
#9445=DIRECTION('',(-1.,0.,0.));
#9446=DIRECTION('',(0.,3.13021660604611E-13,-1.));
#9447=DIRECTION('',(0.,1.,-6.12323399573677E-17));
#9448=DIRECTION('',(7.105427357601E-15,0.,1.));
#9449=DIRECTION('',(0.,1.,0.));
#9450=DIRECTION('',(7.105427357601E-15,0.,1.));
#9451=DIRECTION('',(-1.,0.,0.));
#9452=DIRECTION('',(0.,0.762613598851423,0.646854310372035));
#9453=DIRECTION('',(0.,1.,0.));
#9454=DIRECTION('',(0.,1.,0.));
#9455=DIRECTION('',(0.,0.,-1.));
#9456=DIRECTION('',(0.,0.,-1.));
#9457=DIRECTION('',(-1.,0.,0.));
#9458=DIRECTION('',(1.,0.,0.));
#9459=DIRECTION('',(0.,1.22464679914735E-16,1.));
#9460=DIRECTION('',(0.,6.12323399573677E-17,-1.));
#9461=DIRECTION('',(0.,1.,0.));
#9462=DIRECTION('',(1.,0.,0.));
#9463=DIRECTION('',(0.,-1.,0.));
#9464=DIRECTION('',(0.,0.,-1.));
#9465=DIRECTION('',(1.,0.,0.));
#9466=DIRECTION('',(0.,-1.,0.));
#9467=DIRECTION('',(0.,-1.,0.));
#9468=DIRECTION('',(-1.,0.,0.));
#9469=DIRECTION('',(0.,-6.12323399573677E-17,-1.));
#9470=DIRECTION('',(0.,0.,-1.));
#9471=DIRECTION('',(0.,1.,0.));
#9472=DIRECTION('',(0.,1.22464679914735E-16,1.));
#9473=DIRECTION('',(-1.,0.,0.));
#9474=DIRECTION('',(0.,-1.,6.12323399573677E-17));
#9475=DIRECTION('',(0.,-1.,6.12323399573677E-17));
#9476=DIRECTION('',(-1.,0.,0.));
#9477=DIRECTION('',(0.,-1.,6.12323399573677E-17));
#9478=DIRECTION('',(3.33066907387547E-16,0.,1.));
#9479=DIRECTION('',(-1.,0.,3.33066907387547E-16));
#9480=DIRECTION('',(1.,0.,-3.33066907387547E-16));
#9481=DIRECTION('',(0.,-1.,0.));
#9482=DIRECTION('',(-1.,0.,3.33066907387547E-16));
#9483=DIRECTION('',(0.,-1.,0.));
#9484=DIRECTION('',(-0.295683728071119,0.,0.955285890691349));
#9485=DIRECTION('',(-0.955285890691349,0.,-0.295683728071119));
#9486=DIRECTION('',(0.,-1.,0.));
#9487=DIRECTION('',(0.,-1.,0.));
#9488=DIRECTION('',(0.955285890691349,0.,0.295683728071119));
#9489=DIRECTION('',(-0.955285890691349,0.,-0.295683728071119));
#9490=DIRECTION('',(0.,6.12323399573677E-17,1.));
#9491=DIRECTION('',(0.,1.,-6.12323399573677E-17));
#9492=DIRECTION('',(0.,6.12323399573677E-17,1.));
#9493=DIRECTION('',(0.,1.,-6.12323399573677E-17));
#9494=DIRECTION('',(0.,6.12323399573677E-17,1.));
#9495=DIRECTION('',(0.,-6.12323399573677E-17,-1.));
#9496=DIRECTION('',(0.,-1.,6.12323399573677E-17));
#9497=DIRECTION('',(0.,6.12323399573677E-17,1.));
#9498=DIRECTION('',(0.,0.,1.));
#9499=DIRECTION('',(-1.,0.,0.));
#9500=DIRECTION('',(0.,-1.,6.12323399573677E-17));
#9501=DIRECTION('',(0.,-1.,0.));
#9502=DIRECTION('',(-1.,0.,0.));
#9503=DIRECTION('',(0.,0.,-1.));
#9504=DIRECTION('',(0.,1.,-6.12323399573677E-17));
#9505=DIRECTION('',(1.,0.,0.));
#9506=DIRECTION('',(0.,-1.,0.));
#9507=DIRECTION('',(0.,0.,-1.));
#9508=DIRECTION('',(0.,1.,0.));
#9509=DIRECTION('',(0.,0.,-1.));
#9510=DIRECTION('',(0.,1.,0.));
#9511=DIRECTION('',(0.,1.,0.));
#9512=DIRECTION('',(1.,0.,0.));
#9513=DIRECTION('',(0.,1.,0.));
#9514=DIRECTION('',(-0.5,0.,-0.866025403784439));
#9515=DIRECTION('',(0.,1.,0.));
#9516=DIRECTION('',(1.,0.,0.));
#9517=DIRECTION('',(0.,1.,0.));
#9518=DIRECTION('',(-0.5,0.,-0.866025403784439));
#9519=DIRECTION('',(0.,1.,0.));
#9520=DIRECTION('',(-0.5,0.,-0.866025403784439));
#9521=DIRECTION('',(0.,0.,1.));
#9522=DIRECTION('',(-1.,0.,0.));
#9523=DIRECTION('',(0.,1.,0.));
#9524=DIRECTION('',(0.,1.,0.));
#9525=DIRECTION('',(0.,1.,0.));
#9526=DIRECTION('',(0.,0.,1.));
#9527=DIRECTION('',(0.,1.,0.));
#9528=DIRECTION('',(1.,0.,0.));
#9529=DIRECTION('',(0.,1.,0.));
#9530=DIRECTION('',(-0.5,0.,-0.866025403784439));
#9531=DIRECTION('',(0.,1.,0.));
#9532=DIRECTION('',(-0.5,0.,-0.866025403784439));
#9533=DIRECTION('',(0.,0.,-1.));
#9534=DIRECTION('',(-1.,0.,0.));
#9535=DIRECTION('',(0.,1.,0.));
#9536=DIRECTION('',(-1.,0.,0.));
#9537=DIRECTION('',(0.,-1.,0.));
#9538=DIRECTION('',(0.,0.,-1.));
#9539=DIRECTION('',(0.,0.,-1.));
#9540=DIRECTION('',(-1.,0.,0.));
#9541=DIRECTION('',(0.,0.,1.));
#9542=DIRECTION('',(0.,0.,-1.));
#9543=DIRECTION('',(0.,0.48860336893184,0.872506015949722));
#9544=DIRECTION('',(0.,0.,1.));
#9545=DIRECTION('',(0.,-1.,0.));
#9546=DIRECTION('',(0.,0.,1.));
#9547=DIRECTION('',(-1.,0.,0.));
#9548=DIRECTION('',(-1.,0.,0.));
#9549=DIRECTION('',(1.,0.,0.));
#9550=DIRECTION('',(0.,-1.,0.));
#9551=DIRECTION('',(1.,0.,0.));
#9552=DIRECTION('',(0.,0.,1.));
#9553=DIRECTION('',(0.,0.,1.));
#9554=DIRECTION('',(-3.47244018950614E-16,0.,1.));
#9555=DIRECTION('',(0.,-1.,6.12323399573677E-17));
#9556=DIRECTION('',(0.,1.,0.));
#9557=DIRECTION('',(0.,0.,-1.));
#9558=DIRECTION('',(0.,-1.,0.));
#9559=DIRECTION('',(3.47244018950614E-16,0.,1.));
#9560=DIRECTION('',(0.,-1.,6.12323399573677E-17));
#9561=DIRECTION('',(0.,1.,0.));
#9562=DIRECTION('',(0.,0.,-1.));
#9563=DIRECTION('',(1.,0.,0.));
#9564=DIRECTION('',(0.,0.,1.));
#9565=DIRECTION('',(1.,0.,0.));
#9566=DIRECTION('',(1.,0.,0.));
#9567=DIRECTION('',(0.,-1.,0.));
#9568=DIRECTION('',(0.,0.,1.));
#9569=DIRECTION('',(1.,0.,0.));
#9570=DIRECTION('',(-0.939692620785908,0.,-0.342020143325669));
#9571=DIRECTION('',(0.,0.872506015949722,-0.48860336893184));
#9572=DIRECTION('',(0.,-0.48860336893184,-0.872506015949722));
#9573=DIRECTION('',(-1.,0.,0.));
#9574=DIRECTION('',(1.,0.,0.));
#9575=DIRECTION('',(0.,-1.,0.));
#9576=DIRECTION('',(0.,0.,-1.));
#9577=DIRECTION('',(1.,0.,0.));
#9578=DIRECTION('',(0.,0.,-1.));
#9579=DIRECTION('',(-1.,0.,0.));
#9580=DIRECTION('',(0.,0.87250601594972,0.488603368931843));
#9581=DIRECTION('',(0.,0.488603368931843,-0.87250601594972));
#9582=DIRECTION('',(-1.,0.,0.));
#9583=DIRECTION('',(1.,0.,0.));
#9584=DIRECTION('',(0.,-0.488603368931843,0.87250601594972));
#9585=DIRECTION('',(1.,0.,0.));
#9586=DIRECTION('',(1.,0.,0.));
#9587=DIRECTION('',(0.,-1.,0.));
#9588=DIRECTION('',(0.,0.,1.));
#9589=DIRECTION('',(0.939692620785908,0.,-0.342020143325669));
#9590=DIRECTION('',(1.,0.,0.));
#9591=DIRECTION('',(0.,-1.,0.));
#9592=DIRECTION('',(0.984807753012208,0.,-0.173648177666931));
#9593=DIRECTION('',(0.17364817766693,0.,0.984807753012208));
#9594=DIRECTION('',(1.,0.,0.));
#9595=DIRECTION('',(0.,0.,1.));
#9596=DIRECTION('',(-1.,0.,0.));
#9597=DIRECTION('',(0.,0.,1.));
#9598=DIRECTION('',(-2.75335310107039E-14,1.,0.));
#9599=DIRECTION('',(-1.,7.105427357601E-15,-4.06514908924992E-32));
#9600=DIRECTION('',(0.,-1.,0.));
#9601=DIRECTION('',(0.,-1.,0.));
#9602=DIRECTION('',(-1.,7.105427357601E-15,-4.06514908924992E-32));
#9603=DIRECTION('',(-4.43734259186819E-31,1.,0.));
#9604=DIRECTION('',(1.,0.,0.));
#9605=DIRECTION('',(0.,-1.,0.));
#9606=DIRECTION('',(-1.,0.,0.));
#9607=DIRECTION('',(0.,0.,-1.));
#9608=DIRECTION('',(-1.,0.,0.));
#9609=DIRECTION('',(-2.7914178904861E-14,1.,0.));
#9610=DIRECTION('',(0.,0.,-1.));
#9611=DIRECTION('',(-1.,0.,0.));
#9612=DIRECTION('',(1.,0.,0.));
#9613=DIRECTION('',(0.,-1.22464679914735E-16,-1.));
#9614=DIRECTION('',(0.,0.,-1.));
#9615=DIRECTION('',(0.,1.,-6.12323399573677E-17));
#9616=DIRECTION('',(-1.,0.,0.));
#9617=DIRECTION('',(0.,-1.,6.12323399573677E-17));
#9618=DIRECTION('',(0.,1.22464679914735E-16,1.));
#9619=DIRECTION('',(0.,-1.,1.22464679914735E-16));
#9620=DIRECTION('',(0.,1.22464679914735E-16,1.));
#9621=DIRECTION('',(0.,0.,1.));
#9622=DIRECTION('',(0.,-6.12323399573677E-17,-1.));
#9623=DIRECTION('',(-1.,0.,0.));
#9624=DIRECTION('',(1.,0.,0.));
#9625=DIRECTION('',(-1.,0.,0.));
#9626=DIRECTION('',(0.,-1.,6.12323399573677E-17));
#9627=DIRECTION('',(1.,0.,0.));
#9628=DIRECTION('',(0.,1.,0.));
#9629=DIRECTION('',(0.,0.,-1.));
#9630=DIRECTION('',(-4.4550484381955E-31,0.,1.));
#9631=DIRECTION('',(-1.,7.10542735760101E-15,-4.35081943503005E-31));
#9632=DIRECTION('',(-1.,-4.4550484381955E-31,7.27564623742499E-15));
#9633=DIRECTION('',(7.27564623742499E-15,-6.12323399573677E-17,1.));
#9634=DIRECTION('',(-4.4550484381955E-31,0.,1.));
#9635=DIRECTION('',(7.105427357601E-15,1.,-6.12323399573677E-17));
#9636=DIRECTION('',(0.,6.12323399573677E-17,1.));
#9637=DIRECTION('',(0.,1.,-6.12323399573677E-17));
#9638=DIRECTION('',(-1.,0.,0.));
#9639=DIRECTION('',(1.,-7.10542735760101E-15,4.35081943503005E-31));
#9640=DIRECTION('',(-1.,0.,0.));
#9641=DIRECTION('',(0.,-1.,6.12323399573677E-17));
#9642=DIRECTION('',(-0.500000000000029,-0.866025403784422,-5.30287619362443E-17));
#9643=DIRECTION('',(0.866025403784422,-0.500000000000029,-3.06161699786856E-17));
#9644=DIRECTION('',(0.866025403784422,-0.500000000000029,0.));
#9645=DIRECTION('',(0.,6.12323399573677E-17,-1.));
#9646=DIRECTION('',(0.,6.12323399573677E-17,-1.));
#9647=DIRECTION('',(-7.105427357601E-15,-1.,-1.22464679914735E-16));
#9648=DIRECTION('',(7.105427357601E-15,-1.22464679914786E-16,1.));
#9649=DIRECTION('',(0.,-1.,0.));
#9650=DIRECTION('',(-1.,0.,0.));
#9651=DIRECTION('',(0.,1.,0.));
#9652=DIRECTION('',(1.,0.,0.));
#9653=DIRECTION('',(0.,-1.,0.));
#9654=DIRECTION('',(-1.,0.,0.));
#9655=DIRECTION('',(0.,-1.,0.));
#9656=DIRECTION('',(-1.,0.,0.));
#9657=DIRECTION('',(0.,0.,-1.));
#9658=DIRECTION('',(0.,-1.,0.));
#9659=DIRECTION('',(0.,-1.,0.));
#9660=DIRECTION('',(-1.,0.,0.));
#9661=DIRECTION('',(0.,-1.,0.));
#9662=DIRECTION('',(1.,0.,2.66453126230348E-15));
#9663=DIRECTION('',(1.,0.,0.));
#9664=DIRECTION('',(0.,0.,1.));
#9665=DIRECTION('',(1.,3.6037095511888E-31,2.66453525910038E-15));
#9666=DIRECTION('',(-2.66453525910038E-15,6.12323399573677E-17,1.));
#9667=DIRECTION('',(-1.,0.,0.));
#9668=DIRECTION('',(0.,1.,0.));
#9669=DIRECTION('',(0.,0.,1.));
#9670=DIRECTION('',(1.,3.6037095511888E-31,2.66453525910038E-15));
#9671=DIRECTION('',(-2.66453525910038E-15,6.12323399573677E-17,1.));
#9672=DIRECTION('',(1.,0.,2.66453126230348E-15));
#9673=DIRECTION('',(1.,0.,2.66453126230348E-15));
#9674=DIRECTION('',(-0.889126490715988,-0.323615577118185,0.323615577118185));
#9675=DIRECTION('',(-0.342020143325669,0.939692620785908,0.));
#9676=DIRECTION('',(0.889126490715988,0.323615577118185,-0.323615577118185));
#9677=DIRECTION('',(-0.971886436451294,-0.16648836992716,0.16648836992716));
#9678=DIRECTION('',(0.235450110728379,-0.687227489757938,0.687227489757938));
#9679=DIRECTION('',(0.889126490715988,0.323615577118185,-0.323615577118185));
#9680=DIRECTION('',(-1.,0.,0.));
#9681=DIRECTION('',(0.,1.,0.));
#9682=DIRECTION('',(-1.,0.,0.));
#9683=DIRECTION('',(0.342020143325669,0.,0.939692620785908));
#9684=DIRECTION('',(-0.939692620785908,0.,0.342020143325669));
#9685=DIRECTION('',(0.342020143325669,-0.939692620785908,0.));
#9686=DIRECTION('',(-0.939692620785908,-0.342020143325669,0.));
#9687=DIRECTION('',(0.342020143325669,0.,0.939692620785908));
#9688=DIRECTION('',(-0.939692620785908,0.,0.342020143325669));
#9689=DIRECTION('',(0.939692620785908,0.,-0.342020143325669));
#9690=DIRECTION('',(0.,-1.,0.));
#9691=DIRECTION('',(-1.,0.,0.));
#9692=DIRECTION('',(0.,-1.,0.));
#9693=DIRECTION('',(-1.,0.,0.));
#9694=DIRECTION('',(0.,-1.,0.));
#9695=DIRECTION('',(-1.,0.,0.));
#9696=DIRECTION('',(0.,-1.,0.));
#9697=DIRECTION('',(-1.,0.,0.));
#9698=DIRECTION('',(0.939692620785908,0.,-0.342020143325669));
#9699=DIRECTION('',(-0.342020143325669,0.,-0.939692620785908));
#9700=DIRECTION('',(-1.,0.,0.));
#9701=DIRECTION('',(0.,0.,1.));
#9702=DIRECTION('',(0.,0.,1.));
#9703=DIRECTION('',(0.,1.,-6.12323399573677E-17));
#9704=DIRECTION('',(0.,-6.12323399573677E-17,-1.));
#9705=DIRECTION('',(-1.,0.,0.));
#9706=DIRECTION('',(-1.,0.,0.));
#9707=DIRECTION('',(0.,0.,-1.));
#9708=DIRECTION('',(-1.,0.,0.));
#9709=DIRECTION('',(0.,0.,1.));
#9710=DIRECTION('',(3.33066907387547E-16,0.,-1.));
#9711=DIRECTION('',(1.,0.,3.33066907387547E-16));
#9712=DIRECTION('',(-1.,0.,-3.33066907387547E-16));
#9713=DIRECTION('',(0.,-1.,0.));
#9714=DIRECTION('',(1.,0.,3.33066907387547E-16));
#9715=DIRECTION('',(0.,0.,1.));
#9716=DIRECTION('',(1.,0.,0.));
#9717=DIRECTION('',(0.,1.,0.));
#9718=DIRECTION('',(1.,0.,0.));
#9719=DIRECTION('',(0.,-1.,0.));
#9720=DIRECTION('',(0.,0.,-1.));
#9721=DIRECTION('',(-0.955285890691349,0.,0.29568372807112));
#9722=DIRECTION('',(0.,-6.12323399573677E-17,-1.));
#9723=DIRECTION('',(-1.,0.,0.));
#9724=DIRECTION('',(1.,0.,0.));
#9725=DIRECTION('',(0.,1.,-6.12323399573677E-17));
#9726=DIRECTION('',(1.,0.,0.));
#9727=DIRECTION('',(-1.,0.,0.));
#9728=DIRECTION('',(0.,6.12323399573677E-17,1.));
#9729=DIRECTION('',(1.,-3.5527136788005E-15,-3.94430452610506E-31));
#9730=DIRECTION('',(0.,0.,-1.));
#9731=DIRECTION('',(-1.,0.,0.));
#9732=DIRECTION('',(0.,1.,0.));
#9733=DIRECTION('',(-0.29568372807112,0.,-0.955285890691349));
#9734=DIRECTION('',(0.955285890691349,0.,-0.29568372807112));
#9735=DIRECTION('',(0.955285890691349,0.,-0.29568372807112));
#9736=DIRECTION('',(0.,1.,0.));
#9737=DIRECTION('',(0.,0.,-1.));
#9738=DIRECTION('',(-1.,-4.4550484381955E-31,7.27564623742499E-15));
#9739=DIRECTION('',(7.27564623742499E-15,-6.12323399573677E-17,1.));
#9740=DIRECTION('',(-4.4550484381955E-31,0.,1.));
#9741=DIRECTION('',(-4.4550484381955E-31,0.,1.));
#9742=DIRECTION('',(4.4550484381955E-31,-1.,0.));
#9743=DIRECTION('',(0.,6.12323399573677E-17,-1.));
#9744=DIRECTION('',(-1.,0.,0.));
#9745=DIRECTION('',(0.,6.12323399573677E-17,1.));
#9746=DIRECTION('',(1.,0.,0.));
#9747=DIRECTION('',(0.,-1.,0.));
#9748=DIRECTION('',(1.,0.,0.));
#9749=DIRECTION('',(-0.984807753012208,0.,-0.173648177666931));
#9750=DIRECTION('',(0.17364817766693,0.,-0.984807753012208));
#9751=DIRECTION('',(-7.105427357601E-15,-1.,-1.22464679914735E-16));
#9752=DIRECTION('',(7.105427357601E-15,-1.22464679914786E-16,1.));
#9753=DIRECTION('',(-1.,0.,0.));
#9754=DIRECTION('',(0.342020143325669,0.,-0.939692620785908));
#9755=DIRECTION('',(0.939692620785908,0.,0.342020143325669));
#9756=DIRECTION('',(-0.939692620785908,0.,-0.342020143325669));
#9757=DIRECTION('',(0.,-1.,0.));
#9758=DIRECTION('',(-0.889126490715988,-0.323615577118185,-0.323615577118185));
#9759=DIRECTION('',(-7.105427357601E-15,-1.,-1.22464679914735E-16));
#9760=DIRECTION('',(7.105427357601E-15,-1.22464679914786E-16,1.));
#9761=DIRECTION('',(-1.,0.,0.));
#9762=DIRECTION('',(0.342020143325669,-0.939692620785908,0.));
#9763=DIRECTION('',(-0.939692620785908,-0.342020143325669,0.));
#9764=DIRECTION('',(0.,0.,-1.));
#9765=DIRECTION('',(0.,1.,0.));
#9766=DIRECTION('',(1.,0.,0.));
#9767=DIRECTION('',(0.,0.,-1.));
#9768=DIRECTION('',(-1.,0.,0.));
#9769=DIRECTION('',(0.,0.,-1.));
#9770=DIRECTION('',(0.,1.,0.));
#9771=DIRECTION('',(0.,0.,-1.));
#9772=DIRECTION('',(0.,0.,-1.));
#9773=DIRECTION('',(0.,0.,1.));
#9774=DIRECTION('',(0.,1.,0.));
#9775=DIRECTION('',(0.,6.12323399573677E-17,-1.));
#9776=DIRECTION('',(1.,-6.12323399573677E-17,-3.74939945665464E-33));
#9777=DIRECTION('',(0.,6.12323399573677E-17,-1.));
#9778=DIRECTION('',(1.,-6.12323399573677E-17,-3.74939945665464E-33));
#9779=DIRECTION('',(0.,1.,0.));
#9780=DIRECTION('',(-1.,0.,0.));
#9781=DIRECTION('',(0.,1.,0.));
#9782=DIRECTION('',(0.,0.,-1.));
#9783=DIRECTION('',(0.,6.12323399573677E-17,-1.));
#9784=DIRECTION('',(1.,-6.12323399573677E-17,-3.74939945665464E-33));
#9785=DIRECTION('',(1.,0.,0.));
#9786=DIRECTION('',(0.,-1.22464679914735E-16,-1.));
#9787=DIRECTION('',(1.,0.,0.));
#9788=DIRECTION('',(0.,1.,-6.12323399573677E-17));
#9789=DIRECTION('',(1.,2.7914178904861E-14,0.));
#9790=DIRECTION('',(-2.7914178904861E-14,1.,0.));
#9791=DIRECTION('',(0.,6.12323399573677E-17,-1.));
#9792=DIRECTION('',(1.,-6.12323399573677E-17,-3.74939945665464E-33));
#9793=DIRECTION('',(-0.939692620785908,0.,-0.342020143325669));
#9794=DIRECTION('',(-0.342020143325669,0.,0.939692620785908));
#9795=DIRECTION('',(0.,0.,-1.));
#9796=DIRECTION('',(-1.,0.,0.));
#9797=DIRECTION('',(0.,0.,-1.));
#9798=DIRECTION('',(-1.,0.,0.));
#9799=DIRECTION('',(-1.,1.22464592890134E-16,3.46845168824059E-16));
#9800=DIRECTION('',(-1.22464592890134E-16,-1.,-1.52655665885959E-16));
#9801=CARTESIAN_POINT('',(0.,0.,0.));
#9802=CARTESIAN_POINT('',(4.,8.,-5.));
#9803=CARTESIAN_POINT('',(4.,8.,-10.));
#9804=CARTESIAN_POINT('',(4.,8.,0.));
#9805=CARTESIAN_POINT('',(4.,8.,-5.));
#9806=CARTESIAN_POINT('',(4.,8.,-5.));
#9807=CARTESIAN_POINT('',(3.5,8.,-5.));
#9808=CARTESIAN_POINT('',(3.5,8.,-10.));
#9809=CARTESIAN_POINT('',(3.5,8.,0.));
#9810=CARTESIAN_POINT('',(0.,8.,0.));
#9811=CARTESIAN_POINT('',(-5.,0.,0.));
#9812=CARTESIAN_POINT('',(-3.5,0.,0.));
#9813=CARTESIAN_POINT('',(-3.5,0.,-5.));
#9814=CARTESIAN_POINT('',(-3.5,0.,0.));
#9815=CARTESIAN_POINT('',(-5.,0.,-5.));
#9816=CARTESIAN_POINT('',(4.,0.,-5.));
#9817=CARTESIAN_POINT('',(4.,0.,0.));
#9818=CARTESIAN_POINT('',(4.,0.,-3.1));
#9819=CARTESIAN_POINT('',(-74.42636,0.,-3.1));
#9820=CARTESIAN_POINT('',(2.4,0.,-3.1));
#9821=CARTESIAN_POINT('',(0.,0.,-2.35714285714289));
#9822=CARTESIAN_POINT('',(1.59230769230766,0.,-2.85));
#9823=CARTESIAN_POINT('',(0.,0.,-2.85));
#9824=CARTESIAN_POINT('',(0.499999999999955,0.,-2.85));
#9825=CARTESIAN_POINT('',(0.,0.,-2.85));
#9826=CARTESIAN_POINT('',(-0.500000000000045,0.,-2.85));
#9827=CARTESIAN_POINT('',(-0.500000000000045,0.,5.));
#9828=CARTESIAN_POINT('',(-0.500000000000045,0.,-2.15));
#9829=CARTESIAN_POINT('',(0.,0.,-2.15));
#9830=CARTESIAN_POINT('',(0.499999999999955,0.,-2.15));
#9831=CARTESIAN_POINT('',(0.,0.,-2.15));
#9832=CARTESIAN_POINT('',(1.59230769230766,0.,-2.15));
#9833=CARTESIAN_POINT('',(0.,0.,-2.64285714285711));
#9834=CARTESIAN_POINT('',(2.4,0.,-1.9));
#9835=CARTESIAN_POINT('',(0.,0.,-1.9));
#9836=CARTESIAN_POINT('',(4.,0.,-1.9));
#9837=CARTESIAN_POINT('',(4.,0.,5.));
#9838=CARTESIAN_POINT('',(4.,0.,0.));
#9839=CARTESIAN_POINT('',(0.,0.,0.));
#9840=CARTESIAN_POINT('',(4.,8.,-10.));
#9841=CARTESIAN_POINT('',(-2.5,8.,-10.));
#9842=CARTESIAN_POINT('',(-2.5,8.,0.));
#9843=CARTESIAN_POINT('',(-2.5,8.,-5.));
#9844=CARTESIAN_POINT('',(4.,8.,-5.));
#9845=CARTESIAN_POINT('',(-3.5,8.,-5.));
#9846=CARTESIAN_POINT('',(-3.5,8.,-10.));
#9847=CARTESIAN_POINT('',(-3.5,8.,0.));
#9848=CARTESIAN_POINT('',(0.,8.,0.));
#9849=CARTESIAN_POINT('',(-3.5,8.,-16.0000024));
#9850=CARTESIAN_POINT('',(-3.5,-3.6,-5.));
#9851=CARTESIAN_POINT('',(-3.5,0.,0.));
#9852=CARTESIAN_POINT('',(3.5,8.,-10.));
#9853=CARTESIAN_POINT('',(3.5,8.,-5.));
#9854=CARTESIAN_POINT('',(2.69196133106053,11.5,-5.));
#9855=CARTESIAN_POINT('',(2.69196133106053,11.5,-10.));
#9856=CARTESIAN_POINT('',(2.69196133106053,11.5,0.));
#9857=CARTESIAN_POINT('',(5.3469455290045,0.,0.));
#9858=CARTESIAN_POINT('',(-2.5,12.181374,-16.0000024));
#9859=CARTESIAN_POINT('',(-2.5,12.181374,-5.));
#9860=CARTESIAN_POINT('',(-2.5,11.5,-5.));
#9861=CARTESIAN_POINT('',(-2.5,0.,0.));
#9862=CARTESIAN_POINT('',(-2.5,11.5,0.));
#9863=CARTESIAN_POINT('',(-2.5,11.5,-10.));
#9864=CARTESIAN_POINT('',(4.,0.,-10.));
#9865=CARTESIAN_POINT('',(4.,11.5,-5.));
#9866=CARTESIAN_POINT('',(4.,0.,0.));
#9867=CARTESIAN_POINT('',(4.,-26.995163,-1.9));
#9868=CARTESIAN_POINT('',(4.,0.650000000000001,-1.9));
#9869=CARTESIAN_POINT('',(4.,4.51399999999997,5.));
#9870=CARTESIAN_POINT('',(4.,1.,-1.275));
#9871=CARTESIAN_POINT('',(4.,1.,5.));
#9872=CARTESIAN_POINT('',(4.,1.,-1.07156305399438));
#9873=CARTESIAN_POINT('',(4.,1.8,-1.07156305399438));
#9874=CARTESIAN_POINT('',(4.,1.8,-0.22022083601366));
#9875=CARTESIAN_POINT('',(4.,4.10238958199319,-0.22022083601366));
#9876=CARTESIAN_POINT('',(4.,7.20477916398638,-0.22022083601366));
#9877=CARTESIAN_POINT('',(4.,7.20477916398638,-2.5));
#9878=CARTESIAN_POINT('',(4.,7.20477916398638,-4.63882527086846));
#9879=CARTESIAN_POINT('',(4.,7.04515249811499,-4.62015249811495));
#9880=CARTESIAN_POINT('',(4.,7.06382527086849,-4.77977916398634));
#9881=CARTESIAN_POINT('',(4.,4.10238958199319,-4.77977916398634));
#9882=CARTESIAN_POINT('',(4.,1.8,-4.77977916398634));
#9883=CARTESIAN_POINT('',(4.,1.8,-3.92843694600561));
#9884=CARTESIAN_POINT('',(4.,1.,-3.92843694600561));
#9885=CARTESIAN_POINT('',(4.,1.,5.));
#9886=CARTESIAN_POINT('',(4.,1.,-3.725));
#9887=CARTESIAN_POINT('',(4.,-3.886,5.));
#9888=CARTESIAN_POINT('',(4.,0.650000000000001,-3.1));
#9889=CARTESIAN_POINT('',(4.,-26.995163,-3.1));
#9890=CARTESIAN_POINT('',(7.105427357601E-15,10.6,-2.5));
#9891=CARTESIAN_POINT('',(0.,10.6,-2.5));
#9892=CARTESIAN_POINT('',(-0.399999999999983,10.6,-4.30623918681885));
#9893=CARTESIAN_POINT('',(-0.399999999999984,10.6,-0.69376081318115));
#9894=CARTESIAN_POINT('',(-0.399999999999984,10.6,2.5));
#9895=CARTESIAN_POINT('',(7.105427357601E-15,10.6,-2.5));
#9896=CARTESIAN_POINT('',(0.,10.6,-2.5));
#9897=CARTESIAN_POINT('',(0.4,10.6,-0.69376081318116));
#9898=CARTESIAN_POINT('',(0.400000000000001,10.6,-4.30623918681885));
#9899=CARTESIAN_POINT('',(0.4,10.6,2.5));
#9900=CARTESIAN_POINT('',(0.4,10.6,7.5));
#9901=CARTESIAN_POINT('',(0.400000000000001,11.5,-4.30623918681885));
#9902=CARTESIAN_POINT('',(0.400000000000001,9.70000000000001,-4.30623918681885));
#9903=CARTESIAN_POINT('',(0.4,9.70000000000001,2.5));
#9904=CARTESIAN_POINT('',(0.4,9.70000000000001,-0.69376081318116));
#9905=CARTESIAN_POINT('',(0.4,11.5,-0.69376081318116));
#9906=CARTESIAN_POINT('',(7.105427357601E-15,9.70000000000001,-2.5));
#9907=CARTESIAN_POINT('',(0.,9.70000000000001,-2.5));
#9908=CARTESIAN_POINT('',(-0.399999999999984,9.70000000000001,-0.69376081318115));
#9909=CARTESIAN_POINT('',(0.,9.70000000000001,-2.5));
#9910=CARTESIAN_POINT('',(-0.399999999999983,9.70000000000001,-4.30623918681885));
#9911=CARTESIAN_POINT('',(-0.399999999999984,9.70000000000001,2.5));
#9912=CARTESIAN_POINT('',(-0.399999999999984,10.6,7.5));
#9913=CARTESIAN_POINT('',(-0.399999999999984,11.5,-0.69376081318115));
#9914=CARTESIAN_POINT('',(-0.399999999999983,11.5,-4.30623918681885));
#9915=CARTESIAN_POINT('',(0.,11.5,-2.5));
#9916=CARTESIAN_POINT('',(0.,11.5,-2.5));
#9917=CARTESIAN_POINT('',(-0.925,11.5,-4.10214699700121));
#9918=CARTESIAN_POINT('',(2.69196133106053,11.5,-5.));
#9919=CARTESIAN_POINT('',(-3.5,11.5,-5.));
#9920=CARTESIAN_POINT('',(0.,11.5,0.));
#9921=CARTESIAN_POINT('',(2.04384615384613,0.,-2.85));
#9922=CARTESIAN_POINT('',(1.59230769230766,0.,-2.85));
#9923=CARTESIAN_POINT('',(1.59230769230766,0.2,-2.85));
#9924=CARTESIAN_POINT('',(0.499999999999956,0.2,-2.85));
#9925=CARTESIAN_POINT('',(0.499999999999955,0.2,-2.85));
#9926=CARTESIAN_POINT('',(0.499999999999956,0.,-2.85));
#9927=CARTESIAN_POINT('',(0.499999999999955,-4.6590024,-2.15));
#9928=CARTESIAN_POINT('',(-0.500000000000045,2.89256632606654,-2.15));
#9929=CARTESIAN_POINT('',(-0.500000000000044,-3.1,-2.15));
#9930=CARTESIAN_POINT('',(-4.44089209850063E-14,-3.1,-2.15));
#9931=CARTESIAN_POINT('',(0.499999999999955,-3.1,-2.15));
#9932=CARTESIAN_POINT('',(0.499999999999956,2.89256632606654,-2.15));
#9933=CARTESIAN_POINT('',(-0.500000000000045,-4.6590024,-2.15));
#9934=CARTESIAN_POINT('',(-0.500000000000045,2.89256632606654,-2.85));
#9935=CARTESIAN_POINT('',(-0.500000000000044,-3.1,-2.85));
#9936=CARTESIAN_POINT('',(-0.500000000000044,-3.1,-2.850006));
#9937=CARTESIAN_POINT('',(-4.44089209850063E-14,-3.1,-9.81468301078272));
#9938=CARTESIAN_POINT('',(-4.44089209850063E-14,-3.1,-2.85));
#9939=CARTESIAN_POINT('',(0.499999999999955,-3.1,-2.85));
#9940=CARTESIAN_POINT('',(0.499999999999956,-3.1,-2.850006));
#9941=CARTESIAN_POINT('',(-2.10000000000002,0.2,-7.5));
#9942=CARTESIAN_POINT('',(2.04384615384613,0.2,-2.15));
#9943=CARTESIAN_POINT('',(1.59230769230766,0.2,-2.15));
#9944=CARTESIAN_POINT('',(0.499999999999955,0.2,-2.15));
#9945=CARTESIAN_POINT('',(0.499999999999956,0.2,-2.1));
#9946=CARTESIAN_POINT('',(0.499999999999955,0.2,-2.225));
#9947=CARTESIAN_POINT('',(0.,0.2,-2.225));
#9948=CARTESIAN_POINT('',(1.34999999999996,0.2,-2.225));
#9949=CARTESIAN_POINT('',(0.,0.2,-2.64285714285711));
#9950=CARTESIAN_POINT('',(0.499999999999956,0.,-2.15));
#9951=CARTESIAN_POINT('',(0.499999999999956,0.,-2.15));
#9952=CARTESIAN_POINT('',(1.59230769230767,0.,-2.15));
#9953=CARTESIAN_POINT('',(0.499999999999956,0.999999999999999,-2.85));
#9954=CARTESIAN_POINT('',(0.499999999999955,2.89256632606654,-2.85));
#9955=CARTESIAN_POINT('',(4.,1.,-4.6));
#9956=CARTESIAN_POINT('',(0.,1.,-3.725));
#9957=CARTESIAN_POINT('',(3.44106158456677,1.,-3.725));
#9958=CARTESIAN_POINT('',(0.,1.,-2.4725560089408));
#9959=CARTESIAN_POINT('',(-2.50000000000004,5.35000000000003,-4.08119479163584));
#9960=CARTESIAN_POINT('',(7.3305335795239E-15,5.35000000000002,-2.5));
#9961=CARTESIAN_POINT('',(0.593717104351898,5.35000000000001,-1.4));
#9962=CARTESIAN_POINT('',(0.248746859276655,5.35000000000002,-1.275));
#9963=CARTESIAN_POINT('',(-2.50000000000002,5.35000000000003,-1.4));
#9964=CARTESIAN_POINT('',(2.24999999999996,5.35,-1.4));
#9965=CARTESIAN_POINT('',(2.25,5.35,-0.467566326066511));
#9966=CARTESIAN_POINT('',(2.25,5.35000000000001,-1.275));
#9967=CARTESIAN_POINT('',(-2.49999999999999,5.35000000000003,-1.275));
#9968=CARTESIAN_POINT('',(0.0228664934658003,4.39967313539756,-4.525));
#9969=CARTESIAN_POINT('',(0.0228664934658003,4.39967313539757,-3.6));
#9970=CARTESIAN_POINT('',(0.697172922394386,3.66122148504693,-3.6));
#9971=CARTESIAN_POINT('',(-0.539618790675156,3.57286583915202,-3.6));
#9972=CARTESIAN_POINT('',(0.697172922394378,3.66122148504692,-4.525));
#9973=CARTESIAN_POINT('',(0.697172922394382,3.66122148504692,-1.4));
#9974=CARTESIAN_POINT('',(0.0228664934658003,4.39967313539757,-1.4));
#9975=CARTESIAN_POINT('',(-0.539618790675156,3.57286583915202,-1.4));
#9976=CARTESIAN_POINT('',(-0.539618790675156,3.57286583915202,-4.525));
#9977=CARTESIAN_POINT('',(-0.539618790675156,3.57286583915202,-4.525));
#9978=CARTESIAN_POINT('',(-2.50000000000002,4.90653280914477,-3.6));
#9979=CARTESIAN_POINT('',(-2.50000000000002,4.90653280914477,-3.6));
#9980=CARTESIAN_POINT('',(-2.50000000000002,4.90653280914477,-1.4));
#9981=CARTESIAN_POINT('',(-2.50000000000002,4.90653280914477,-1.4));
#9982=CARTESIAN_POINT('',(-2.50000000000002,4.90653280914477,-9.81468301078272));
#9983=CARTESIAN_POINT('',(2.38486128578568,5.20230966992987,-4.525));
#9984=CARTESIAN_POINT('',(-9.51530668877807,-5.66415635634005,-3.6));
#9985=CARTESIAN_POINT('',(2.43486128578567,5.24796644573965,-3.6));
#9986=CARTESIAN_POINT('',(2.43486128578567,5.24796644573965,-4.525));
#9987=CARTESIAN_POINT('',(2.43486128578567,5.24796644573965,-1.4));
#9988=CARTESIAN_POINT('',(-9.51530668877807,-5.66415635634005,-1.4));
#9989=CARTESIAN_POINT('',(2.29999999999996,5.39565677580978,-4.525));
#9990=CARTESIAN_POINT('',(2.49999999999996,5.39565677580979,-4.525));
#9991=CARTESIAN_POINT('',(2.49999999999996,5.39565677580979,-3.6));
#9992=CARTESIAN_POINT('',(2.49999999999996,5.39565677580979,-1.4));
#9993=CARTESIAN_POINT('',(2.29999999999996,5.39565677580978,-1.4));
#9994=CARTESIAN_POINT('',(2.29999999999996,5.39565677580978,-3.6));
#9995=CARTESIAN_POINT('',(2.49999999999994,6.04999999999998,-9.525));
#9996=CARTESIAN_POINT('',(2.50000000000004,2.37963007209157,-3.6));
#9997=CARTESIAN_POINT('',(2.49999999999994,6.05,-3.6));
#9998=CARTESIAN_POINT('',(2.49999999999994,6.05,-4.525));
#9999=CARTESIAN_POINT('',(2.49999999999994,6.05,-1.4));
#10000=CARTESIAN_POINT('',(2.50000000000004,2.37963007209157,-1.4));
#10001=CARTESIAN_POINT('',(2.45,4.99773623330457,-0.4049976));
#10002=CARTESIAN_POINT('',(2.45,4.99773623330457,-0.475));
#10003=CARTESIAN_POINT('',(2.35,4.82453115254768,-0.475));
#10004=CARTESIAN_POINT('',(2.25,4.99773623330457,-0.475));
#10005=CARTESIAN_POINT('',(2.35,4.82453115254768,-0.4049976));
#10006=CARTESIAN_POINT('',(2.35,4.82453115254768,-1.175));
#10007=CARTESIAN_POINT('',(2.45,4.99773623330457,-1.175));
#10008=CARTESIAN_POINT('',(2.25,4.99773623330457,-1.175));
#10009=CARTESIAN_POINT('',(2.25,4.99773623330457,-0.4049976));
#10010=CARTESIAN_POINT('',(2.35,4.82453115254768,-0.4049976));
#10011=CARTESIAN_POINT('',(0.,6.1813042851434,-0.475));
#10012=CARTESIAN_POINT('',(2.4,4.7956636390882,-0.475));
#10013=CARTESIAN_POINT('',(2.4,4.7956636390882,-0.4049976));
#10014=CARTESIAN_POINT('',(2.4,4.7956636390882,-1.175));
#10015=CARTESIAN_POINT('',(-0.0690022210232937,6.22114273602589,-1.175));
#10016=CARTESIAN_POINT('',(2.3,4.62245855833131,-0.4049976));
#10017=CARTESIAN_POINT('',(2.3,4.62245855833131,-0.475));
#10018=CARTESIAN_POINT('',(2.5,4.62245855833131,-0.475));
#10019=CARTESIAN_POINT('',(2.5,4.62245855833131,-0.4049976));
#10020=CARTESIAN_POINT('',(2.49999999999998,4.62245855833131,-1.175));
#10021=CARTESIAN_POINT('',(2.3,4.62245855833131,-1.175));
#10022=CARTESIAN_POINT('',(-2.66453525910038E-14,3.52500000000002,-1.175));
#10023=CARTESIAN_POINT('',(-2.50000000000002,2.89256632606654,-1.175));
#10024=CARTESIAN_POINT('',(-2.50000000000002,1.8,-1.175));
#10025=CARTESIAN_POINT('',(-2.50000000000002,5.25000000000003,-1.175));
#10026=CARTESIAN_POINT('',(-2.49999999999999,5.25000000000003,-1.175));
#10027=CARTESIAN_POINT('',(2.25,5.25000000000003,-1.175));
#10028=CARTESIAN_POINT('',(2.25000000000003,0.338414385035249,-1.175));
#10029=CARTESIAN_POINT('',(2.49999999999998,2.01053106975139,-1.175));
#10030=CARTESIAN_POINT('',(2.49999999999998,1.8,-1.175));
#10031=CARTESIAN_POINT('',(-2.50000000000002,1.8,-1.175));
#10032=CARTESIAN_POINT('',(2.25000000000002,1.8,-1.275));
#10033=CARTESIAN_POINT('',(2.49999999999998,1.8,-1.275));
#10034=CARTESIAN_POINT('',(2.49999999999998,1.7,-1.275));
#10035=CARTESIAN_POINT('',(-2.50003000000002,1.7,-1.275));
#10036=CARTESIAN_POINT('',(-2.50000000000002,1.7,-1.275));
#10037=CARTESIAN_POINT('',(-2.50000000000002,1.8,-1.275));
#10038=CARTESIAN_POINT('',(0.499999999999955,1.8,-3.725));
#10039=CARTESIAN_POINT('',(2.49999999999998,1.8,-3.725));
#10040=CARTESIAN_POINT('',(2.49999999999998,1.8,-3.825));
#10041=CARTESIAN_POINT('',(2.49999999999998,1.7,-3.725));
#10042=CARTESIAN_POINT('',(-2.50000000000002,1.8,-3.825));
#10043=CARTESIAN_POINT('',(-2.50000000000002,1.8,-3.825));
#10044=CARTESIAN_POINT('',(-2.50000000000002,1.79999999999997,-3.72500000000009));
#10045=CARTESIAN_POINT('',(-2.50000000000002,1.7,-3.725));
#10046=CARTESIAN_POINT('',(0.499999999999955,1.7,-3.725));
#10047=CARTESIAN_POINT('',(1.6574568076968,6.05,-1.08745883286568));
#10048=CARTESIAN_POINT('',(1.69999999999998,6.05,-9.81468301078272));
#10049=CARTESIAN_POINT('',(1.69999999999998,6.05,-3.6));
#10050=CARTESIAN_POINT('',(1.69999999999998,6.05,-3.825));
#10051=CARTESIAN_POINT('',(-2.50000000000002,6.05,-3.6));
#10052=CARTESIAN_POINT('',(2.24999999999998,6.05,-3.6));
#10053=CARTESIAN_POINT('',(2.24999999999999,6.05,-0.467566326066511));
#10054=CARTESIAN_POINT('',(2.24999999999999,6.05,-3.825));
#10055=CARTESIAN_POINT('',(-2.50000000000002,6.05000000000003,-3.825));
#10056=CARTESIAN_POINT('',(2.24999999999998,6.12000240000003,-3.40816381164879));
#10057=CARTESIAN_POINT('',(2.24999999999998,2.89256632606654,-3.6));
#10058=CARTESIAN_POINT('',(2.24999999999996,5.35,-3.6));
#10059=CARTESIAN_POINT('',(2.25,5.35,-0.467566326066511));
#10060=CARTESIAN_POINT('',(2.24999999999999,5.35,-3.825));
#10061=CARTESIAN_POINT('',(2.24999999999997,2.89256632606654,-3.825));
#10062=CARTESIAN_POINT('',(-2.50000000000002,-8.69690260418206,-3.825));
#10063=CARTESIAN_POINT('',(2.49999999999998,7.36974942661361,-3.825));
#10064=CARTESIAN_POINT('',(2.49999999999998,6.15000000000003,-3.825));
#10065=CARTESIAN_POINT('',(-2.50000000000002,6.15000000000003,-3.825));
#10066=CARTESIAN_POINT('',(1.69999999999998,6.15000000000003,-3.825));
#10067=CARTESIAN_POINT('',(1.69999999999998,2.89256632606654,-3.825));
#10068=CARTESIAN_POINT('',(-2.50000000000002,5.35000000000003,-3.825));
#10069=CARTESIAN_POINT('',(-2.50000000000002,5.35000000000003,-3.825));
#10070=CARTESIAN_POINT('',(-2.50000000000002,2.89256632606654,-3.825));
#10071=CARTESIAN_POINT('',(-2.50000000000002,6.15000000000003,-3.725));
#10072=CARTESIAN_POINT('',(1.69999999999998,6.15000000000003,-3.725));
#10073=CARTESIAN_POINT('',(1.69999999999998,6.25000000000003,-3.725));
#10074=CARTESIAN_POINT('',(2.49999999999998,6.15000000000003,-3.725));
#10075=CARTESIAN_POINT('',(2.49999999999998,6.25000000000003,-3.725));
#10076=CARTESIAN_POINT('',(-2.50000000000002,6.25000000000003,-3.725));
#10077=CARTESIAN_POINT('',(-2.50000000000002,1.7,6.175));
#10078=CARTESIAN_POINT('',(-2.50000000000002,1.7,-9.81468301078272));
#10079=CARTESIAN_POINT('',(2.49999999999998,1.7,-9.81468301078272));
#10080=CARTESIAN_POINT('',(2.25,5.25000000000003,-1.275));
#10081=CARTESIAN_POINT('',(-2.50000375000002,5.25000000000003,-0.47500000000001));
#10082=CARTESIAN_POINT('',(-2.50000000000002,5.25000000000003,-0.47500000000001));
#10083=CARTESIAN_POINT('',(2.25,5.25000000000003,-0.47500000000001));
#10084=CARTESIAN_POINT('',(2.25,5.25000000000003,-1.275));
#10085=CARTESIAN_POINT('',(2.25,6.05000000000001,-1.275));
#10086=CARTESIAN_POINT('',(2.25,6.05,-1.275));
#10087=CARTESIAN_POINT('',(1.69999999999998,6.05000000000002,-1.275));
#10088=CARTESIAN_POINT('',(-2.50000375000002,6.05000000000002,-1.275));
#10089=CARTESIAN_POINT('',(0.775806032459124,6.05000000000002,-1.275));
#10090=CARTESIAN_POINT('',(-0.775806032459143,6.05000000000001,-1.275));
#10091=CARTESIAN_POINT('',(-0.761381038862786,6.05000000000001,-1.26586449220388));
#10092=CARTESIAN_POINT('',(-0.746780774099229,6.04984355747623,-1.25697509747719));
#10093=CARTESIAN_POINT('',(-0.717257761811737,6.0492678834602,-1.23970886866538));
#10094=CARTESIAN_POINT('',(-0.702335060026717,6.04884866048339,-1.23133206356278));
#10095=CARTESIAN_POINT('',(-0.672197030884072,6.04779645226557,-1.21510933498386));
#10096=CARTESIAN_POINT('',(-0.656981751889849,6.04716347921957,-1.20726343879172));
#10097=CARTESIAN_POINT('',(-0.626289904051163,6.04573144051239,-1.19211858521519));
#10098=CARTESIAN_POINT('',(-0.610813386622758,6.04493238996444,-1.18481965335955));
#10099=CARTESIAN_POINT('',(-0.579631588811095,6.04321414584672,-1.17078235078878));
#10100=CARTESIAN_POINT('',(-0.563926363881356,6.0422949695327,-1.16404400386556));
#10101=CARTESIAN_POINT('',(-0.532320516965974,6.04038027729265,-1.15113891181892));
#10102=CARTESIAN_POINT('',(-0.516419955754782,6.03938477990928,-1.14497218861531));
#10103=CARTESIAN_POINT('',(-0.48445719518015,6.03735863548483,-1.13321868348164));
#10104=CARTESIAN_POINT('',(-0.468395063233678,6.03632800727224,-1.12763192115122));
#10105=CARTESIAN_POINT('',(-0.436145468400565,6.03426986908717,-1.11704478989721));
#10106=CARTESIAN_POINT('',(-0.419958758876239,6.03324234380748,-1.11204347924117));
#10107=CARTESIAN_POINT('',(-0.387328078824381,6.03121498426107,-1.10258617523582));
#10108=CARTESIAN_POINT('',(-0.370911955210904,6.03021692783349,-1.09813906718632));
#10109=CARTESIAN_POINT('',(-0.337900243554032,6.02828393490177,-1.08981803362419));
#10110=CARTESIAN_POINT('',(-0.321304713232299,6.02734902049147,-1.0859441283887));
#10111=CARTESIAN_POINT('',(-0.287964394989948,6.02557153334349,-1.07877966747067));
#10112=CARTESIAN_POINT('',(-0.271219675179743,6.02472898227881,-1.07548913092021));
#10113=CARTESIAN_POINT('',(-0.23761256871176,6.02316178099622,-1.06949952977195));
#10114=CARTESIAN_POINT('',(-0.220750260908617,6.02243715056772,-1.0668004821265));
#10115=CARTESIAN_POINT('',(-0.186940560747111,6.02112714767036,-1.06199973486681));
#10116=CARTESIAN_POINT('',(-0.169993257440085,6.0205417915763,-1.05989804873898));
#10117=CARTESIAN_POINT('',(-0.136046640039252,6.01952702927255,-1.05629551164846));
#10118=CARTESIAN_POINT('',(-0.119047423579008,6.01909763458806,-1.05479466929864));
#10119=CARTESIAN_POINT('',(-0.0850299264186725,6.01840647422465,-1.05239485726589));
#10120=CARTESIAN_POINT('',(-0.0680117491542225,6.01814471408535,-1.05149588996285));
#10121=CARTESIAN_POINT('',(-0.0339884086909601,6.01779529082819,-1.05029846381403));
#10122=CARTESIAN_POINT('',(-0.0169833508794359,6.01770762663922,-1.05));
#10123=CARTESIAN_POINT('',(0.0169833508794288,6.01770762663922,-1.05));
#10124=CARTESIAN_POINT('',(0.0339884086909614,6.01779529082819,-1.05029846381403));
#10125=CARTESIAN_POINT('',(0.0680117491542234,6.01814471408536,-1.05149588996285));
#10126=CARTESIAN_POINT('',(0.085029926418668,6.01840647422465,-1.05239485726589));
#10127=CARTESIAN_POINT('',(0.119047423577449,6.01909763458803,-1.05479466929853));
#10128=CARTESIAN_POINT('',(0.136046640037701,6.01952702927251,-1.0562955116483));
#10129=CARTESIAN_POINT('',(0.169993257440084,6.02054179157631,-1.05989804873898));
#10130=CARTESIAN_POINT('',(0.186940560747112,6.02112714767036,-1.06199973486681));
#10131=CARTESIAN_POINT('',(0.22075026090862,6.02243715056772,-1.0668004821265));
#10132=CARTESIAN_POINT('',(0.237612568711758,6.02316178099623,-1.06949952977195));
#10133=CARTESIAN_POINT('',(0.271219675179746,6.02472898227881,-1.07548913092021));
#10134=CARTESIAN_POINT('',(0.287964394989946,6.02557153334349,-1.07877966747067));
#10135=CARTESIAN_POINT('',(0.321304713234889,6.02734902049162,-1.08594412838925));
#10136=CARTESIAN_POINT('',(0.337900243556601,6.02828393490193,-1.08981803362484));
#10137=CARTESIAN_POINT('',(0.370911955210905,6.0302169278335,-1.09813906718632));
#10138=CARTESIAN_POINT('',(0.387328078824382,6.03121498426108,-1.10258617523582));
#10139=CARTESIAN_POINT('',(0.419958758874747,6.03324234380739,-1.11204347924074));
#10140=CARTESIAN_POINT('',(0.436145468399093,6.03426986908708,-1.11704478989672));
#10141=CARTESIAN_POINT('',(0.468395063230748,6.03632800727206,-1.12763192115026));
#10142=CARTESIAN_POINT('',(0.484457195177271,6.03735863548465,-1.13321868348058));
#10143=CARTESIAN_POINT('',(0.516419955752084,6.03938477990912,-1.14497218861431));
#10144=CARTESIAN_POINT('',(0.532320516963316,6.04038027729249,-1.15113891181783));
#10145=CARTESIAN_POINT('',(0.563926363883751,6.04229496953285,-1.16404400386653));
#10146=CARTESIAN_POINT('',(0.579631588813451,6.04321414584686,-1.17078235078984));
#10147=CARTESIAN_POINT('',(0.610813386622752,6.04493238996445,-1.18481965335955));
#10148=CARTESIAN_POINT('',(0.626289904051172,6.0457314405124,-1.19211858521519));
#10149=CARTESIAN_POINT('',(0.656981751889849,6.04716347921958,-1.20726343879172));
#10150=CARTESIAN_POINT('',(0.672197030884067,6.04779645226558,-1.21510933498386));
#10151=CARTESIAN_POINT('',(0.702335060028154,6.04884866048345,-1.23133206356356));
#10152=CARTESIAN_POINT('',(0.717257761813147,6.04926788346024,-1.2397088686662));
#10153=CARTESIAN_POINT('',(0.746780774100468,6.04984355747627,-1.25697509747792));
#10154=CARTESIAN_POINT('',(0.761381038863996,6.05000000000002,-1.26586449220465));
#10155=CARTESIAN_POINT('',(0.775806032459142,6.05000000000002,-1.275));
#10156=CARTESIAN_POINT('',(-0.775806032459167,6.05000000000002,-1.275));
#10157=CARTESIAN_POINT('',(-2.50000375000002,6.05000000000002,-1.275));
#10158=CARTESIAN_POINT('',(-2.50000000000002,6.05000000000002,-1.275));
#10159=CARTESIAN_POINT('',(-2.5,5.25000000000003,-1.275));
#10160=CARTESIAN_POINT('',(2.29999999999994,6.05,-4.525));
#10161=CARTESIAN_POINT('',(2.29999999999994,6.25,-1.399985));
#10162=CARTESIAN_POINT('',(2.29999999999994,6.25,-1.4));
#10163=CARTESIAN_POINT('',(2.29999999999994,6.25,-3.6));
#10164=CARTESIAN_POINT('',(2.29999999999994,6.05,-1.4));
#10165=CARTESIAN_POINT('',(2.29999999999994,6.05,-3.6));
#10166=CARTESIAN_POINT('',(-2.5,0.389997600000001,-4.));
#10167=CARTESIAN_POINT('',(0.,5.6,-4.));
#10168=CARTESIAN_POINT('',(-2.8,5.6,-4.));
#10169=CARTESIAN_POINT('',(-2.50000000000002,5.6,-4.));
#10170=CARTESIAN_POINT('',(-2.8,0.,-4.));
#10171=CARTESIAN_POINT('',(-2.8,1.65,-4.));
#10172=CARTESIAN_POINT('',(0.,1.65,-4.));
#10173=CARTESIAN_POINT('',(-2.50000000000002,1.65,-4.));
#10174=CARTESIAN_POINT('',(-2.50000000000002,0.,-4.));
#10175=CARTESIAN_POINT('',(-2.8,4.,0.));
#10176=CARTESIAN_POINT('',(-2.8,5.6,5.));
#10177=CARTESIAN_POINT('',(-2.8,5.6,-1.));
#10178=CARTESIAN_POINT('',(-2.8,0.,-1.));
#10179=CARTESIAN_POINT('',(-2.8,1.65,-1.));
#10180=CARTESIAN_POINT('',(-2.8,1.65,5.));
#10181=CARTESIAN_POINT('',(-2.8,5.6,-1.));
#10182=CARTESIAN_POINT('',(0.,5.6,-1.));
#10183=CARTESIAN_POINT('',(-2.50000000000002,5.6,-1.));
#10184=CARTESIAN_POINT('',(-2.50000000000002,5.6,5.));
#10185=CARTESIAN_POINT('',(-4.8,0.389997600000001,-1.));
#10186=CARTESIAN_POINT('',(0.,1.65,-1.));
#10187=CARTESIAN_POINT('',(-2.50000000000002,1.65,-1.));
#10188=CARTESIAN_POINT('',(-2.50000000000002,0.,-1.));
#10189=CARTESIAN_POINT('',(-2.50000000000002,1.65,-1.));
#10190=CARTESIAN_POINT('',(-2.50000000000002,1.65,5.));
#10191=CARTESIAN_POINT('',(-2.50000000000002,-2.05433627811555,-5.18658561496478));
#10192=CARTESIAN_POINT('',(-2.50000000000002,2.89256632606654,-1.4));
#10193=CARTESIAN_POINT('',(-2.50000000000002,5.35000000000003,-1.4));
#10194=CARTESIAN_POINT('',(-2.50000000000002,5.35,-0.467566326066511));
#10195=CARTESIAN_POINT('',(-2.50000000000002,5.35000000000003,-1.275));
#10196=CARTESIAN_POINT('',(-2.50000000000002,5.25000000000008,-1.275));
#10197=CARTESIAN_POINT('',(-2.50000000000002,5.35,-0.467566326066511));
#10198=CARTESIAN_POINT('',(-2.50000000000002,5.35000000000003,-3.6));
#10199=CARTESIAN_POINT('',(-2.50000000000002,2.89256632606654,-3.6));
#10200=CARTESIAN_POINT('',(-2.79125386128577,3.15341599999985,-3.6));
#10201=CARTESIAN_POINT('',(-2.50000000000002,5.35000000000003,-3.6));
#10202=CARTESIAN_POINT('',(-0.593717104351894,5.35000000000002,-3.6));
#10203=CARTESIAN_POINT('',(-0.593717104351894,9.7,-3.6));
#10204=CARTESIAN_POINT('',(-0.593717104351894,4.97125920269685,-3.6));
#10205=CARTESIAN_POINT('',(-0.593717104354021,4.97125920265539,-3.59999999998995));
#10206=CARTESIAN_POINT('',(-0.571636092514383,4.95628092984914,-3.59999999998995));
#10207=CARTESIAN_POINT('',(-0.549251370883905,4.94174264185131,-3.6));
#10208=CARTESIAN_POINT('',(-0.526551883604379,4.92774556193218,-3.6));
#10209=CARTESIAN_POINT('',(-0.503852418416096,4.91374849563508,-3.6));
#10210=CARTESIAN_POINT('',(-0.480837532814091,4.90029209634267,-3.59999999999082));
#10211=CARTESIAN_POINT('',(-0.45748995555351,4.88748767516206,-3.59999999999082));
#10212=CARTESIAN_POINT('',(-0.434142498701704,4.87468332001677,-3.59999999999082));
#10213=CARTESIAN_POINT('',(-0.410461355822455,4.86253033792188,-3.59999999999996));
#10214=CARTESIAN_POINT('',(-0.386425631528271,4.85115315496745,-3.59999999999996));
#10215=CARTESIAN_POINT('',(-0.362410761759437,4.83978584339229,-3.59999999999996));
#10216=CARTESIAN_POINT('',(-0.337966705832636,4.82915665740645,-3.59999999999921));
#10217=CARTESIAN_POINT('',(-0.313053278550371,4.81941751563084,-3.59999999999921));
#10218=CARTESIAN_POINT('',(-0.288149989279081,4.80968233700028,-3.59999999999921));
#10219=CARTESIAN_POINT('',(-0.262821626687658,4.80085831070054,-3.59999999999751));
#10220=CARTESIAN_POINT('',(-0.237167989408199,4.79313650728071,-3.59999999999751));
#10221=CARTESIAN_POINT('',(-0.22434147602886,4.78927569745486,-3.59999999999751));
#10222=CARTESIAN_POINT('',(-0.211434448919347,4.7856901951743,-3.59999999999849));
#10223=CARTESIAN_POINT('',(-0.198461400015005,4.78240059705076,-3.59999999999849));
#10224=CARTESIAN_POINT('',(-0.185488342240027,4.77911099667787,-3.59999999999849));
#10225=CARTESIAN_POINT('',(-0.172449467186997,4.77611739002309,-3.59999999999953));
#10226=CARTESIAN_POINT('',(-0.15935996093667,4.7734371562651,-3.59999999999953));
#10227=CARTESIAN_POINT('',(-0.146270422601884,4.77075691593744,-3.59999999999953));
#10228=CARTESIAN_POINT('',(-0.133130514340631,4.76839012577985,-3.59999999999995));
#10229=CARTESIAN_POINT('',(-0.119955392006561,4.76635032437429,-3.59999999999995));
#10230=CARTESIAN_POINT('',(-0.106780207047362,4.76431051327297,-3.59999999999995));
#10231=CARTESIAN_POINT('',(-0.0935701137387882,4.76259774071604,-3.6));
#10232=CARTESIAN_POINT('',(-0.0803391918897344,4.76122134641113,-3.6));
#10233=CARTESIAN_POINT('',(-0.0671110138315546,4.75984523753894,-3.6));
#10234=CARTESIAN_POINT('',(-0.053857961402161,4.75880410708614,-3.6));
#10235=CARTESIAN_POINT('',(-0.040544798216318,4.75810377807046,-3.6));
#10236=CARTESIAN_POINT('',(-0.0272358453720932,4.75740367053666,-3.6));
#10237=CARTESIAN_POINT('',(-0.0138850457880734,4.7570460900777,-3.6));
#10238=CARTESIAN_POINT('',(-0.000513650144398391,4.75703717295712,-3.6));
#10239=CARTESIAN_POINT('',(0.0128576499811565,4.75702825590024,-3.6));
#10240=CARTESIAN_POINT('',(0.0262490519352673,4.75736805087932,-3.6));
#10241=CARTESIAN_POINT('',(0.0396365269197058,4.75805653359071,-3.6));
#10242=CARTESIAN_POINT('',(0.0530239530005722,4.75874501378711,-3.6));
#10243=CARTESIAN_POINT('',(0.0664069491196396,4.75978216453932,-3.59999999999999));
#10244=CARTESIAN_POINT('',(0.0797604702892888,4.76116135850733,-3.59999999999999));
#10245=CARTESIAN_POINT('',(0.0931139829296258,4.76254055159442,-3.59999999999999));
#10246=CARTESIAN_POINT('',(0.106437553627486,4.7642617119878,-3.59999999999996));
#10247=CARTESIAN_POINT('',(0.119706675046134,4.76631185691983,-3.59999999999996));
#10248=CARTESIAN_POINT('',(0.132975822364867,4.76836200585356,-3.59999999999996));
#10249=CARTESIAN_POINT('',(0.14619012316119,4.7707410215049,-3.59999999999992));
#10250=CARTESIAN_POINT('',(0.159326865486932,4.77343038026488,-3.59999999999992));
#10251=CARTESIAN_POINT('',(0.172463662899324,4.77611975030221,-3.59999999999992));
#10252=CARTESIAN_POINT('',(0.185522592336365,4.77911932471928,-3.59999999999996));
#10253=CARTESIAN_POINT('',(0.198483667490014,4.78240624376573,-3.59999999999996));
#10254=CARTESIAN_POINT('',(0.211444822547535,4.78569318307574,-3.59999999999996));
#10255=CARTESIAN_POINT('',(0.22430790388427,4.78926732699167,-3.6));
#10256=CARTESIAN_POINT('',(0.23705627560491,4.79310288874965,-3.6));
#10257=CARTESIAN_POINT('',(0.262530166341007,4.8007671366454,-3.6));
#10258=CARTESIAN_POINT('',(0.28765791949726,4.80950691340839,-3.59999999999553));
#10259=CARTESIAN_POINT('',(0.312469372690373,4.8191894524456,-3.59999999999553));
#10260=CARTESIAN_POINT('',(0.337277710023722,4.82887077553493,-3.59999999999553));
#10261=CARTESIAN_POINT('',(0.361755979428899,4.83949001990429,-3.6));
#10262=CARTESIAN_POINT('',(0.385895337564845,4.85090229646053,-3.6));
#10263=CARTESIAN_POINT('',(0.410034693133949,4.86231457180327,-3.6));
#10264=CARTESIAN_POINT('',(0.433835562243299,4.87451984963334,-3.6));
#10265=CARTESIAN_POINT('',(0.457288012165182,4.88737694501297,-3.6));
#10266=CARTESIAN_POINT('',(0.480740442462966,4.90023402963428,-3.6));
#10267=CARTESIAN_POINT('',(0.503844912066387,4.91374308195486,-3.59999999999373));
#10268=CARTESIAN_POINT('',(0.526588142880051,4.92776792092127,-3.59999999999373));
#10269=CARTESIAN_POINT('',(0.549331335757352,4.94179273649385,-3.59999999999373));
#10270=CARTESIAN_POINT('',(0.571713660828924,4.95633354701747,-3.59999999999998));
#10271=CARTESIAN_POINT('',(0.593717104351936,4.97125920269682,-3.59999999999998));
#10272=CARTESIAN_POINT('',(0.593717104351909,4.97125920269685,-3.6));
#10273=CARTESIAN_POINT('',(0.593717104351909,9.7,-3.6));
#10274=CARTESIAN_POINT('',(0.593717104351909,5.35000000000001,-3.6));
#10275=CARTESIAN_POINT('',(-2.50000000000002,5.35000000000003,-3.6));
#10276=CARTESIAN_POINT('',(1.69999999999998,2.89256632606654,-3.6));
#10277=CARTESIAN_POINT('',(1.69999999999998,6.25000000000003,-3.6));
#10278=CARTESIAN_POINT('',(-2.50000000000002,6.25000000000003,-3.6));
#10279=CARTESIAN_POINT('',(1.69999999999998,3.97500000000002,-4.175));
#10280=CARTESIAN_POINT('',(1.69999999999998,6.25000000000003,-9.81468301078272));
#10281=CARTESIAN_POINT('',(-2.50000000000002,6.25000000000003,-18.85));
#10282=CARTESIAN_POINT('',(1.69999999999998,6.25,-9.81468301078272));
#10283=CARTESIAN_POINT('',(1.69999999999998,6.25,-1.4));
#10284=CARTESIAN_POINT('',(1.69999999999998,6.25,-0.475));
#10285=CARTESIAN_POINT('',(-2.50000000000002,6.25000000000003,-1.4));
#10286=CARTESIAN_POINT('',(2.49999999999998,6.25000000000003,-9.81468301078272));
#10287=CARTESIAN_POINT('',(2.49999999999998,6.25000000000003,-0.475));
#10288=CARTESIAN_POINT('',(0.,6.25000000000003,-0.475));
#10289=CARTESIAN_POINT('',(1.69999999999998,3.97500000000002,-4.175));
#10290=CARTESIAN_POINT('',(1.69999999999998,6.05,-9.81468301078272));
#10291=CARTESIAN_POINT('',(1.69999999999998,6.05,-0.475));
#10292=CARTESIAN_POINT('',(1.69999999999998,6.05,-9.81468301078272));
#10293=CARTESIAN_POINT('',(1.69999999999998,6.05,-1.4));
#10294=CARTESIAN_POINT('',(1.69999999999998,2.89256632606654,-1.4));
#10295=CARTESIAN_POINT('',(1.69999999999998,0.,-0.475));
#10296=CARTESIAN_POINT('',(1.6574568076968,6.05,-1.08745883286568));
#10297=CARTESIAN_POINT('',(-2.50000000000002,6.05,-1.4));
#10298=CARTESIAN_POINT('',(2.24999999999999,6.05,-1.4));
#10299=CARTESIAN_POINT('',(2.24999999999999,6.05,-0.467566326066511));
#10300=CARTESIAN_POINT('',(2.24999999999998,6.12000240000003,-3.40816381164879));
#10301=CARTESIAN_POINT('',(2.24999999999999,2.89256632606654,-1.4));
#10302=CARTESIAN_POINT('',(2.25,0.,-0.475));
#10303=CARTESIAN_POINT('',(2.25,5.25000000000003,-1.275));
#10304=CARTESIAN_POINT('',(1.69999999999998,3.11463804893732,-1.4));
#10305=CARTESIAN_POINT('',(0.593717104351898,9.7,-1.4));
#10306=CARTESIAN_POINT('',(0.593717104351898,4.97125920269685,-1.4));
#10307=CARTESIAN_POINT('',(0.593717104354024,4.97125920265539,-1.40000000001004));
#10308=CARTESIAN_POINT('',(0.571636092514385,4.95628092984914,-1.40000000001004));
#10309=CARTESIAN_POINT('',(0.549251370883911,4.94174264185131,-1.4));
#10310=CARTESIAN_POINT('',(0.526551883604382,4.92774556193218,-1.4));
#10311=CARTESIAN_POINT('',(0.503852418416104,4.91374849563508,-1.4));
#10312=CARTESIAN_POINT('',(0.480837532814095,4.90029209634267,-1.40000000000917));
#10313=CARTESIAN_POINT('',(0.457489955553515,4.88748767516207,-1.40000000000917));
#10314=CARTESIAN_POINT('',(0.434142498701708,4.87468332001678,-1.40000000000917));
#10315=CARTESIAN_POINT('',(0.410461355822464,4.86253033792189,-1.40000000000004));
#10316=CARTESIAN_POINT('',(0.386425631528277,4.85115315496746,-1.40000000000004));
#10317=CARTESIAN_POINT('',(0.362410761759448,4.8397858433923,-1.40000000000004));
#10318=CARTESIAN_POINT('',(0.337966705832642,4.82915665740645,-1.40000000000078));
#10319=CARTESIAN_POINT('',(0.31305327855038,4.81941751563084,-1.40000000000078));
#10320=CARTESIAN_POINT('',(0.28814998927909,4.80968233700029,-1.40000000000078));
#10321=CARTESIAN_POINT('',(0.262821626687667,4.80085831070055,-1.40000000000249));
#10322=CARTESIAN_POINT('',(0.237167989408209,4.79313650728072,-1.40000000000249));
#10323=CARTESIAN_POINT('',(0.224341476028868,4.78927569745487,-1.40000000000249));
#10324=CARTESIAN_POINT('',(0.211434448919358,4.7856901951743,-1.40000000000151));
#10325=CARTESIAN_POINT('',(0.198461400015016,4.78240059705077,-1.40000000000151));
#10326=CARTESIAN_POINT('',(0.185488342240038,4.77911099667788,-1.40000000000151));
#10327=CARTESIAN_POINT('',(0.172449467187007,4.7761173900231,-1.40000000000046));
#10328=CARTESIAN_POINT('',(0.159359960936681,4.77343715626511,-1.40000000000046));
#10329=CARTESIAN_POINT('',(0.146270422595391,4.77075691593612,-1.40000000000046));
#10330=CARTESIAN_POINT('',(0.133130514334084,4.76839012577884,-1.40000000000005));
#10331=CARTESIAN_POINT('',(0.119955392006573,4.7663503243743,-1.40000000000005));
#10332=CARTESIAN_POINT('',(0.106780207047375,4.76431051327298,-1.40000000000005));
#10333=CARTESIAN_POINT('',(0.0935701137388018,4.76259774071605,-1.4));
#10334=CARTESIAN_POINT('',(0.0803391918897478,4.76122134641114,-1.4));
#10335=CARTESIAN_POINT('',(0.0671110138315699,4.75984523753896,-1.4));
#10336=CARTESIAN_POINT('',(0.0538579614021743,4.75880410708615,-1.4));
#10337=CARTESIAN_POINT('',(0.0405447982163325,4.75810377807047,-1.4));
#10338=CARTESIAN_POINT('',(0.027235845372107,4.75740367053667,-1.4));
#10339=CARTESIAN_POINT('',(0.0138850457880891,4.75704609007771,-1.4));
#10340=CARTESIAN_POINT('',(0.000513650144413696,4.75703717295713,-1.4));
#10341=CARTESIAN_POINT('',(-0.0128576499811413,4.75702825590025,-1.4));
#10342=CARTESIAN_POINT('',(-0.0262490519352514,4.75736805087933,-1.4));
#10343=CARTESIAN_POINT('',(-0.0396365269196897,4.75805653359072,-1.4));
#10344=CARTESIAN_POINT('',(-0.0530239530005555,4.75874501378712,-1.4));
#10345=CARTESIAN_POINT('',(-0.0664069491196229,4.75978216453933,-1.4));
#10346=CARTESIAN_POINT('',(-0.0797604702892719,4.76116135850734,-1.4));
#10347=CARTESIAN_POINT('',(-0.0931139829296073,4.76254055159443,-1.4));
#10348=CARTESIAN_POINT('',(-0.10643755362747,4.76426171198781,-1.40000000000004));
#10349=CARTESIAN_POINT('',(-0.119706675046115,4.76631185691984,-1.40000000000004));
#10350=CARTESIAN_POINT('',(-0.13297582236485,4.76836200585357,-1.40000000000004));
#10351=CARTESIAN_POINT('',(-0.146190123161171,4.77074102150491,-1.40000000000007));
#10352=CARTESIAN_POINT('',(-0.159326865486913,4.77343038026488,-1.40000000000007));
#10353=CARTESIAN_POINT('',(-0.172463662899303,4.77611975030222,-1.40000000000007));
#10354=CARTESIAN_POINT('',(-0.185522592336347,4.77911932471929,-1.40000000000004));
#10355=CARTESIAN_POINT('',(-0.198483667489995,4.78240624376574,-1.40000000000004));
#10356=CARTESIAN_POINT('',(-0.211444822547514,4.78569318307575,-1.40000000000004));
#10357=CARTESIAN_POINT('',(-0.224307903884248,4.78926732699168,-1.4));
#10358=CARTESIAN_POINT('',(-0.237056275604889,4.79310288874966,-1.4));
#10359=CARTESIAN_POINT('',(-0.262530166340981,4.8007671366454,-1.4));
#10360=CARTESIAN_POINT('',(-0.287657919497241,4.8095069134084,-1.40000000000447));
#10361=CARTESIAN_POINT('',(-0.31246937269035,4.8191894524456,-1.40000000000447));
#10362=CARTESIAN_POINT('',(-0.3372777100237,4.82887077553493,-1.40000000000447));
#10363=CARTESIAN_POINT('',(-0.361755979428875,4.83949001990429,-1.4));
#10364=CARTESIAN_POINT('',(-0.385895337564821,4.85090229646054,-1.4));
#10365=CARTESIAN_POINT('',(-0.410034693133926,4.86231457180327,-1.4));
#10366=CARTESIAN_POINT('',(-0.433835562243273,4.87451984963334,-1.4));
#10367=CARTESIAN_POINT('',(-0.457288012165157,4.88737694501297,-1.4));
#10368=CARTESIAN_POINT('',(-0.48074044246294,4.90023402963429,-1.4));
#10369=CARTESIAN_POINT('',(-0.503844912066361,4.91374308195486,-1.40000000000627));
#10370=CARTESIAN_POINT('',(-0.526588142880025,4.92776792092127,-1.40000000000627));
#10371=CARTESIAN_POINT('',(-0.549331335757323,4.94179273649385,-1.40000000000627));
#10372=CARTESIAN_POINT('',(-0.571713660828902,4.95633354701747,-1.40000000000002));
#10373=CARTESIAN_POINT('',(-0.593717104351908,4.97125920269682,-1.40000000000002));
#10374=CARTESIAN_POINT('',(-0.593717104351882,4.97125920269685,-1.4));
#10375=CARTESIAN_POINT('',(-0.593717104351882,9.7,-1.4));
#10376=CARTESIAN_POINT('',(-0.593717104351882,5.35000000000002,-1.4));
#10377=CARTESIAN_POINT('',(-2.50000000000002,5.35000000000003,-1.4));
#10378=CARTESIAN_POINT('',(2.25,5.25000000000003,-1.275));
#10379=CARTESIAN_POINT('',(-2.49999999999999,5.35000000000003,-1.275));
#10380=CARTESIAN_POINT('',(-0.24874685927664,5.35000000000002,-1.275));
#10381=CARTESIAN_POINT('',(-0.248746859276643,5.35000000000019,-1.275));
#10382=CARTESIAN_POINT('',(-0.23850851382705,5.35000000000019,-1.2729210152859));
#10383=CARTESIAN_POINT('',(-0.22824404470807,5.34993542841487,-1.27097041543167));
#10384=CARTESIAN_POINT('',(-0.217960675889921,5.34982870701729,-1.2691494226489));
#10385=CARTESIAN_POINT('',(-0.207677306883695,5.34972198561776,-1.26732842983282));
#10386=CARTESIAN_POINT('',(-0.197375042106468,5.3495730952912,-1.26563704562054));
#10387=CARTESIAN_POINT('',(-0.187061284277188,5.34940154292233,-1.26407602340413));
#10388=CARTESIAN_POINT('',(-0.166436568157786,5.34905848475031,-1.26095440269103));
#10389=CARTESIAN_POINT('',(-0.145726867450844,5.34862671799405,-1.25834828947048));
#10390=CARTESIAN_POINT('',(-0.124967785108295,5.34822883910334,-1.25626246631972));
#10391=CARTESIAN_POINT('',(-0.11458794156488,5.34802989386256,-1.2552195243627));
#10392=CARTESIAN_POINT('',(-0.104197396852714,5.34783880232564,-1.2543067418167));
#10393=CARTESIAN_POINT('',(-0.0937965104710208,5.34766670332296,-1.25352408181166));
#10394=CARTESIAN_POINT('',(-0.0833952664758054,5.34749459840299,-1.25274139489644));
#10395=CARTESIAN_POINT('',(-0.0729828971499091,5.34734149283373,-1.25208881887515));
#10396=CARTESIAN_POINT('',(-0.0625643250588319,5.34721563885679,-1.25156669972724));
#10397=CARTESIAN_POINT('',(-0.0521455606976778,5.34708978255727,-1.25104457094386));
#10398=CARTESIAN_POINT('',(-0.0417218901936977,5.34699119792808,-1.25065292361255));
#10399=CARTESIAN_POINT('',(-0.0312928350234943,5.34692489064033,-1.25039175799926));
#10400=CARTESIAN_POINT('',(-0.0208640413175164,5.34685858501495,-1.25013059893359));
#10401=CARTESIAN_POINT('',(-0.0104313740149064,5.34682458365522,-1.25));
#10402=CARTESIAN_POINT('',(7.54053273909227E-15,5.34682458365522,-1.25));
#10403=CARTESIAN_POINT('',(0.0104313740149206,5.34682458365522,-1.25));
#10404=CARTESIAN_POINT('',(0.0208640413175322,5.34685858501495,-1.25013059893359));
#10405=CARTESIAN_POINT('',(0.0312928350235092,5.34692489064033,-1.25039175799926));
#10406=CARTESIAN_POINT('',(0.0417218901937123,5.34699119792808,-1.25065292361255));
#10407=CARTESIAN_POINT('',(0.052145560697693,5.34708978255727,-1.25104457094386));
#10408=CARTESIAN_POINT('',(0.0625643250588469,5.34721563885679,-1.25156669972724));
#10409=CARTESIAN_POINT('',(0.0729828971499238,5.34734149283373,-1.25208881887515));
#10410=CARTESIAN_POINT('',(0.0833952664758208,5.34749459840299,-1.25274139489644));
#10411=CARTESIAN_POINT('',(0.0937965104710359,5.34766670332296,-1.25352408181166));
#10412=CARTESIAN_POINT('',(0.104197396852729,5.34783880232564,-1.2543067418167));
#10413=CARTESIAN_POINT('',(0.114587941564896,5.34802989386256,-1.2552195243627));
#10414=CARTESIAN_POINT('',(0.12496778510831,5.34822883910334,-1.25626246631972));
#10415=CARTESIAN_POINT('',(0.14572686745086,5.34862671799405,-1.25834828947048));
#10416=CARTESIAN_POINT('',(0.1664365681578,5.34905848475031,-1.26095440269103));
#10417=CARTESIAN_POINT('',(0.187061284277203,5.34940154292233,-1.26407602340413));
#10418=CARTESIAN_POINT('',(0.197375042106483,5.3495730952912,-1.26563704562054));
#10419=CARTESIAN_POINT('',(0.20767730688371,5.34972198561776,-1.26732842983282));
#10420=CARTESIAN_POINT('',(0.217960675889937,5.34982870701729,-1.2691494226489));
#10421=CARTESIAN_POINT('',(0.228244044708085,5.34993542841487,-1.27097041543167));
#10422=CARTESIAN_POINT('',(0.238508513827066,5.35000000000019,-1.2729210152859));
#10423=CARTESIAN_POINT('',(0.248746859276658,5.35000000000019,-1.275));
#10424=CARTESIAN_POINT('',(-2.50000000000004,5.35000000000003,-4.08119479163584));
#10425=CARTESIAN_POINT('',(7.3305335795239E-15,5.35000000000002,-2.5));
#10426=CARTESIAN_POINT('',(7.3305335795239E-15,4.4,-2.5));
#10427=CARTESIAN_POINT('',(7.3305335795239E-15,4.97125920269685,-2.5));
#10428=CARTESIAN_POINT('',(7.3305335795239E-15,9.7,-2.5));
#10429=CARTESIAN_POINT('',(-2.50000000000004,5.35000000000003,-4.08119479163584));
#10430=CARTESIAN_POINT('',(7.3305335795239E-15,5.35000000000002,-2.5));
#10431=CARTESIAN_POINT('',(7.3305335795239E-15,4.4,-2.5));
#10432=CARTESIAN_POINT('',(7.3305335795239E-15,4.97125920269685,-2.5));
#10433=CARTESIAN_POINT('',(7.3305335795239E-15,9.7,-2.5));
#10434=CARTESIAN_POINT('',(4.,7.1,-0.475));
#10435=CARTESIAN_POINT('',(0.,1.8,-0.475));
#10436=CARTESIAN_POINT('',(2.49999999999998,1.8,-0.475));
#10437=CARTESIAN_POINT('',(3.3,1.8,-0.475));
#10438=CARTESIAN_POINT('',(2.49999999999998,0.,-0.475));
#10439=CARTESIAN_POINT('',(-2.5,1.65872570797066,-0.475));
#10440=CARTESIAN_POINT('',(-2.5,6.05,-0.475));
#10441=CARTESIAN_POINT('',(0.,6.05,-0.475));
#10442=CARTESIAN_POINT('',(2.49999999999998,0.,-0.475));
#10443=CARTESIAN_POINT('',(2.49999999999998,6.95000000000003,-0.475));
#10444=CARTESIAN_POINT('',(0.,6.95000000000003,-0.475));
#10445=CARTESIAN_POINT('',(3.3,6.95000000000003,-0.475));
#10446=CARTESIAN_POINT('',(3.3,4.10238958199319,-0.475));
#10447=CARTESIAN_POINT('',(0.,6.75,-2.5));
#10448=CARTESIAN_POINT('',(0.,6.05,-2.5));
#10449=CARTESIAN_POINT('',(1.69999999999998,6.05,-4.355));
#10450=CARTESIAN_POINT('',(-2.5,6.05,0.));
#10451=CARTESIAN_POINT('',(-2.5,0.389997600000001,-1.));
#10452=CARTESIAN_POINT('',(0.,5.58927156105018,-3.16427156105014));
#10453=CARTESIAN_POINT('',(-0.0513030214988504,5.73022545416806,-3.16427156105014));
#10454=CARTESIAN_POINT('',(3.29929204001808,6.94974232363956,-4.38378843052164));
#10455=CARTESIAN_POINT('',(3.32644904710627,6.80000000000003,-4.375));
#10456=CARTESIAN_POINT('',(3.29929204001808,6.80878843052168,-4.52474232363953));
#10457=CARTESIAN_POINT('',(-0.0513030214988504,5.58927156105018,-3.30522545416803));
#10458=CARTESIAN_POINT('',(-2.50000000000002,6.15000000000003,-3.725));
#10459=CARTESIAN_POINT('',(-2.50000375000002,6.15000000000003,-4.525));
#10460=CARTESIAN_POINT('',(-2.50000000000002,6.15000000000003,-4.525));
#10461=CARTESIAN_POINT('',(2.49999999999998,6.15000000000003,-4.525));
#10462=CARTESIAN_POINT('',(-2.50000000000002,6.15000000000003,-3.725));
#10463=CARTESIAN_POINT('',(-2.50000000000002,6.95000000000003,-3.725));
#10464=CARTESIAN_POINT('',(-2.50000375000002,6.95000000000003,-3.725));
#10465=CARTESIAN_POINT('',(-0.248746859276692,6.95000000000003,-3.72499999999999));
#10466=CARTESIAN_POINT('',(0.248746859276739,6.95000000000003,-3.72499999999999));
#10467=CARTESIAN_POINT('',(0.0829156197587297,6.95000000000003,-3.75867346938776));
#10468=CARTESIAN_POINT('',(-0.0829156197590802,6.95000000000003,-3.75867346938776));
#10469=CARTESIAN_POINT('',(-0.248746859276691,6.95000000000003,-3.72499999999999));
#10470=CARTESIAN_POINT('',(0.248746859276713,6.95000000000003,-3.72499999999999));
#10471=CARTESIAN_POINT('',(-2.50000375000002,6.95000000000003,-3.725));
#10472=CARTESIAN_POINT('',(2.49999999999998,6.95000000000003,-3.72499999999999));
#10473=CARTESIAN_POINT('',(2.49999999999998,6.15000000000003,-3.72499999999999));
#10474=CARTESIAN_POINT('',(0.,1.8,-2.4725560089408));
#10475=CARTESIAN_POINT('',(-0.273616114660535,1.8,-3.22431010556953));
#10476=CARTESIAN_POINT('',(3.3,1.8,-4.525));
#10477=CARTESIAN_POINT('',(3.44106158456677,1.8,-3.725));
#10478=CARTESIAN_POINT('',(0.,1.8,-3.725));
#10479=CARTESIAN_POINT('',(0.,1.,-3.725));
#10480=CARTESIAN_POINT('',(2.49999999999998,0.999999999999998,-3.725));
#10481=CARTESIAN_POINT('',(0.,1.8,-4.525));
#10482=CARTESIAN_POINT('',(2.49999999999998,1.8,-4.525));
#10483=CARTESIAN_POINT('',(2.49999999999998,1.8,-3.725));
#10484=CARTESIAN_POINT('',(4.,7.1,-4.525));
#10485=CARTESIAN_POINT('',(3.3,4.10238958199319,-4.525));
#10486=CARTESIAN_POINT('',(3.3,6.80000000000003,-4.525));
#10487=CARTESIAN_POINT('',(0.,6.80000000000003,-4.525));
#10488=CARTESIAN_POINT('',(-2.50000000000002,6.80000000000003,-4.525));
#10489=CARTESIAN_POINT('',(-2.50000000000002,0.,-4.525));
#10490=CARTESIAN_POINT('',(2.49999999999998,0.,-4.525));
#10491=CARTESIAN_POINT('',(-2.5,0.389997600000001,-5.8));
#10492=CARTESIAN_POINT('',(-2.50000000000002,6.80000000000003,-4.375));
#10493=CARTESIAN_POINT('',(-2.5,6.95000000000003,-4.375));
#10494=CARTESIAN_POINT('',(-2.5,6.95000000000003,5.));
#10495=CARTESIAN_POINT('',(3.65,4.10238958199319,-4.65238958199317));
#10496=CARTESIAN_POINT('',(2.88787838708181,6.80000000000003,-4.375));
#10497=CARTESIAN_POINT('',(0.,6.80000000000003,-4.375));
#10498=CARTESIAN_POINT('',(0.,6.95000000000003,-4.375));
#10499=CARTESIAN_POINT('',(3.3,6.95000000000003,-4.375));
#10500=CARTESIAN_POINT('',(2.88787838708181,6.80000000000003,-4.375));
#10501=CARTESIAN_POINT('',(4.,6.95000000000003,-0.4));
#10502=CARTESIAN_POINT('',(3.3,6.95000000000003,-2.5));
#10503=CARTESIAN_POINT('',(2.49999999999998,6.95000000000003,0.));
#10504=CARTESIAN_POINT('',(3.65,7.0773895819932,-2.5));
#10505=CARTESIAN_POINT('',(0.,5.74889822692156,-1.67610177307847));
#10506=CARTESIAN_POINT('',(3.65,4.10238958199319,-0.34761041800683));
#10507=CARTESIAN_POINT('',(-0.273616114660535,1.8,-1.77568989443047));
#10508=CARTESIAN_POINT('',(0.,1.8,-2.5274439910592));
#10509=CARTESIAN_POINT('',(0.,1.,-2.5274439910592));
#10510=CARTESIAN_POINT('',(3.44106158456677,1.,-1.275));
#10511=CARTESIAN_POINT('',(3.44106158456677,1.8,-1.275));
#10512=CARTESIAN_POINT('',(0.,1.8,-1.275));
#10513=CARTESIAN_POINT('',(0.,1.,-1.275));
#10514=CARTESIAN_POINT('',(2.49999999999998,0.999999999999998,-1.275));
#10515=CARTESIAN_POINT('',(2.49999999999998,1.8,-1.275));
#10516=CARTESIAN_POINT('',(2.49999999999998,7.61158561496481,-17.2074336739335));
#10517=CARTESIAN_POINT('',(2.49999999999998,1.,5.));
#10518=CARTESIAN_POINT('',(-3.95130634301441,0.999999999999998,-1.61982857685563));
#10519=CARTESIAN_POINT('',(-0.500000000000045,0.999999999999998,5.));
#10520=CARTESIAN_POINT('',(-0.500000000000045,0.999999999999998,-2.85));
#10521=CARTESIAN_POINT('',(-0.500000000000045,0.999999999999998,-3.725));
#10522=CARTESIAN_POINT('',(4.,1.,-3.725));
#10523=CARTESIAN_POINT('',(4.,1.,-1.275));
#10524=CARTESIAN_POINT('',(-0.500000000000045,0.999999999999999,-1.275));
#10525=CARTESIAN_POINT('',(-0.500000000000045,0.999999999999998,5.));
#10526=CARTESIAN_POINT('',(-0.500000000000045,0.999999999999998,-2.15));
#10527=CARTESIAN_POINT('',(0.,0.999999999999998,-2.15));
#10528=CARTESIAN_POINT('',(0.499999999999955,0.999999999999998,-2.15));
#10529=CARTESIAN_POINT('',(0.499999999999955,0.999999999999998,5.));
#10530=CARTESIAN_POINT('',(0.499999999999955,0.999999999999998,-2.85));
#10531=CARTESIAN_POINT('',(0.,0.999999999999998,-2.85));
#10532=CARTESIAN_POINT('',(-0.500000000000045,0.,-1.9));
#10533=CARTESIAN_POINT('',(-0.500000000000045,4.51399999999997,5.));
#10534=CARTESIAN_POINT('',(-0.500000000000045,0.65,-1.9));
#10535=CARTESIAN_POINT('',(-0.500000000000045,0.65,5.));
#10536=CARTESIAN_POINT('',(-0.500000000000045,0.65,-2.15));
#10537=CARTESIAN_POINT('',(-0.500000000000045,0.,-2.15));
#10538=CARTESIAN_POINT('',(0.499999999999955,-4.6590024,-2.15));
#10539=CARTESIAN_POINT('',(0.,0.65,-2.15));
#10540=CARTESIAN_POINT('',(0.499999999999955,0.65,-2.15));
#10541=CARTESIAN_POINT('',(0.499999999999956,2.89256632606654,-2.15));
#10542=CARTESIAN_POINT('',(0.499999999999956,0.999999999999999,-2.85));
#10543=CARTESIAN_POINT('',(0.,0.65,-2.85));
#10544=CARTESIAN_POINT('',(0.499999999999955,0.65,-2.85));
#10545=CARTESIAN_POINT('',(-0.500000000000045,0.65,-2.85));
#10546=CARTESIAN_POINT('',(-0.500000000000045,0.,-2.85));
#10547=CARTESIAN_POINT('',(0.499999999999955,2.89256632606654,-2.85));
#10548=CARTESIAN_POINT('',(-0.500000000000045,0.,-1.9));
#10549=CARTESIAN_POINT('',(-0.500000000000045,0.65,5.));
#10550=CARTESIAN_POINT('',(-0.500000000000045,0.65,-3.1));
#10551=CARTESIAN_POINT('',(-0.500000000000045,-3.886,5.));
#10552=CARTESIAN_POINT('',(4.,1.,-3.725));
#10553=CARTESIAN_POINT('',(0.,0.65,-3.1));
#10554=CARTESIAN_POINT('',(2.4,0.65,-3.1));
#10555=CARTESIAN_POINT('',(0.,0.65,-3.1));
#10556=CARTESIAN_POINT('',(-0.659436999999997,0.,-3.1));
#10557=CARTESIAN_POINT('',(2.4,0.,-3.1));
#10558=CARTESIAN_POINT('',(2.4,0.65,-3.1));
#10559=CARTESIAN_POINT('',(0.2,0.65,-2.41904761904765));
#10560=CARTESIAN_POINT('',(1.34999999999996,0.65,-2.775));
#10561=CARTESIAN_POINT('',(1.34999999999996,0.65,-2.775));
#10562=CARTESIAN_POINT('',(1.34999999999996,0.2,-2.775));
#10563=CARTESIAN_POINT('',(0.,0.2,-2.35714285714289));
#10564=CARTESIAN_POINT('',(1.34999999999996,0.65,-2.775));
#10565=CARTESIAN_POINT('',(0.,0.2,-2.775));
#10566=CARTESIAN_POINT('',(0.499999999999955,0.2,-2.775));
#10567=CARTESIAN_POINT('',(0.,0.65,-2.775));
#10568=CARTESIAN_POINT('',(0.499999999999955,0.65,-2.775));
#10569=CARTESIAN_POINT('',(0.499999999999955,0.65,-2.775));
#10570=CARTESIAN_POINT('',(-2.10000000000002,0.2,-7.5));
#10571=CARTESIAN_POINT('',(0.499999999999956,0.2,-2.1));
#10572=CARTESIAN_POINT('',(0.499999999999955,-4.65900240000001,-3.02539081872033));
#10573=CARTESIAN_POINT('',(0.499999999999956,0.65,0.));
#10574=CARTESIAN_POINT('',(0.499999999999955,0.65,0.));
#10575=CARTESIAN_POINT('',(0.499999999999955,0.65,-2.225));
#10576=CARTESIAN_POINT('',(0.499999999999956,0.65,-2.225));
#10577=CARTESIAN_POINT('',(1.57499999999998,0.65,-1.92767857142857));
#10578=CARTESIAN_POINT('',(0.,0.65,-1.9));
#10579=CARTESIAN_POINT('',(2.4,0.65,-1.9));
#10580=CARTESIAN_POINT('',(0.2,0.65,-2.58095238095235));
#10581=CARTESIAN_POINT('',(1.34999999999995,0.65,-2.225));
#10582=CARTESIAN_POINT('',(0.,0.65,-2.225));
#10583=CARTESIAN_POINT('',(-0.132309586641398,0.,-1.9));
#10584=CARTESIAN_POINT('',(2.4,0.,-1.9));
#10585=CARTESIAN_POINT('',(0.,0.65,-1.9));
#10586=CARTESIAN_POINT('',(4.,1.,-4.6));
#10587=CARTESIAN_POINT('',(0.,1.,-1.275));
#10588=CARTESIAN_POINT('',(4.,0.650000000000001,-1.9));
#10589=CARTESIAN_POINT('',(-4.5,-5.1100024,0.));
#10590=CARTESIAN_POINT('',(0.649999999999956,0.65,-2.225));
#10591=CARTESIAN_POINT('',(1.34999999999996,0.65,-2.225));
#10592=CARTESIAN_POINT('',(1.57499999999998,0.65,-1.92767857142857));
#10593=CARTESIAN_POINT('',(1.34999999999996,0.65,-2.225));
#10594=CARTESIAN_POINT('',(0.,0.,-5.));
#10595=CARTESIAN_POINT('',(-2.93382624128063E-7,4.,1.03397576569128E-22));
#10596=CARTESIAN_POINT('',(4.,0.,-10.));
#10597=CARTESIAN_POINT('',(4.,8.,-10.));
#10598=CARTESIAN_POINT('',(4.,8.,-15.));
#10599=CARTESIAN_POINT('',(4.,8.,-20.));
#10600=CARTESIAN_POINT('',(4.,11.5,-15.));
#10601=CARTESIAN_POINT('',(4.,0.,-15.));
#10602=CARTESIAN_POINT('',(4.,0.,-10.));
#10603=CARTESIAN_POINT('',(4.,0.,-16.9));
#10604=CARTESIAN_POINT('',(4.,-26.995163,-16.9));
#10605=CARTESIAN_POINT('',(4.,0.650000000000001,-16.9));
#10606=CARTESIAN_POINT('',(4.,4.51399999999997,-10.));
#10607=CARTESIAN_POINT('',(4.,1.,-16.275));
#10608=CARTESIAN_POINT('',(4.,1.,-10.));
#10609=CARTESIAN_POINT('',(4.,1.,-16.0715630539944));
#10610=CARTESIAN_POINT('',(4.,1.8,-16.0715630539944));
#10611=CARTESIAN_POINT('',(4.,1.8,-15.2202208360137));
#10612=CARTESIAN_POINT('',(4.,4.10238958199319,-15.2202208360137));
#10613=CARTESIAN_POINT('',(4.,7.20477916398638,-15.2202208360137));
#10614=CARTESIAN_POINT('',(4.,7.20477916398638,-17.5));
#10615=CARTESIAN_POINT('',(4.,7.20477916398638,-19.6388252708685));
#10616=CARTESIAN_POINT('',(4.,7.04515249811499,-19.620152498115));
#10617=CARTESIAN_POINT('',(4.,7.06382527086849,-19.7797791639863));
#10618=CARTESIAN_POINT('',(4.,4.10238958199319,-19.7797791639863));
#10619=CARTESIAN_POINT('',(4.,1.8,-19.7797791639863));
#10620=CARTESIAN_POINT('',(4.,1.8,-18.9284369460056));
#10621=CARTESIAN_POINT('',(4.,1.,-18.9284369460056));
#10622=CARTESIAN_POINT('',(4.,1.,-10.));
#10623=CARTESIAN_POINT('',(4.,1.,-18.725));
#10624=CARTESIAN_POINT('',(4.,-3.886,-10.));
#10625=CARTESIAN_POINT('',(4.,0.650000000000001,-18.1));
#10626=CARTESIAN_POINT('',(4.,-26.995163,-18.1));
#10627=CARTESIAN_POINT('',(4.,0.,-18.1));
#10628=CARTESIAN_POINT('',(4.,0.,-15.));
#10629=CARTESIAN_POINT('',(4.,0.,-20.));
#10630=CARTESIAN_POINT('',(4.,0.,-20.));
#10631=CARTESIAN_POINT('',(2.69196133106053,11.5,-5.));
#10632=CARTESIAN_POINT('',(0.,11.5,-17.5));
#10633=CARTESIAN_POINT('',(-0.925,11.5,-19.1021469970012));
#10634=CARTESIAN_POINT('',(-2.5,11.5,-10.));
#10635=CARTESIAN_POINT('',(-2.5,11.5,-15.));
#10636=CARTESIAN_POINT('',(-2.5,11.5,-20.));
#10637=CARTESIAN_POINT('',(-3.5,11.5,-15.));
#10638=CARTESIAN_POINT('',(2.69196133106053,11.5,-15.));
#10639=CARTESIAN_POINT('',(2.69196133106053,11.5,-10.));
#10640=CARTESIAN_POINT('',(2.69196133106053,11.5,-20.));
#10641=CARTESIAN_POINT('',(0.,11.5,-20.));
#10642=CARTESIAN_POINT('',(-2.5,0.389997600000001,-19.));
#10643=CARTESIAN_POINT('',(0.,5.6,-19.));
#10644=CARTESIAN_POINT('',(-2.8,5.6,-19.));
#10645=CARTESIAN_POINT('',(-2.50000000000002,5.6,-19.));
#10646=CARTESIAN_POINT('',(-2.8,0.,-19.));
#10647=CARTESIAN_POINT('',(-2.8,1.65,-19.));
#10648=CARTESIAN_POINT('',(0.,1.65,-19.));
#10649=CARTESIAN_POINT('',(-2.50000000000002,1.65,-19.));
#10650=CARTESIAN_POINT('',(-2.50000000000002,0.,-19.));
#10651=CARTESIAN_POINT('',(-2.8,4.,-15.));
#10652=CARTESIAN_POINT('',(-2.8,1.65,-10.));
#10653=CARTESIAN_POINT('',(-2.8,1.65,-16.));
#10654=CARTESIAN_POINT('',(-2.8,5.6,-10.));
#10655=CARTESIAN_POINT('',(-2.8,5.6,-16.));
#10656=CARTESIAN_POINT('',(-2.8,0.,-16.));
#10657=CARTESIAN_POINT('',(-2.8,5.6,-16.));
#10658=CARTESIAN_POINT('',(-2.50000000000002,5.6,-10.));
#10659=CARTESIAN_POINT('',(-2.50000000000002,5.6,-16.));
#10660=CARTESIAN_POINT('',(0.,5.6,-16.));
#10661=CARTESIAN_POINT('',(-2.50000000000002,6.25000000000003,-33.85));
#10662=CARTESIAN_POINT('',(2.29999999999994,6.25,-16.399985));
#10663=CARTESIAN_POINT('',(2.29999999999994,6.25,-16.4));
#10664=CARTESIAN_POINT('',(2.29999999999994,6.25,-18.6));
#10665=CARTESIAN_POINT('',(-2.50000000000002,6.25000000000003,-18.6));
#10666=CARTESIAN_POINT('',(1.69999999999998,6.25000000000003,-18.6));
#10667=CARTESIAN_POINT('',(1.69999999999998,6.25000000000003,-24.8146830107827));
#10668=CARTESIAN_POINT('',(1.69999999999998,6.25000000000003,-18.725));
#10669=CARTESIAN_POINT('',(-2.50000000000002,6.25000000000003,-18.725));
#10670=CARTESIAN_POINT('',(2.49999999999998,6.25000000000003,-18.725));
#10671=CARTESIAN_POINT('',(2.49999999999998,6.25000000000003,-24.8146830107827));
#10672=CARTESIAN_POINT('',(2.49999999999998,6.25000000000003,-15.475));
#10673=CARTESIAN_POINT('',(0.,6.25000000000003,-15.475));
#10674=CARTESIAN_POINT('',(1.69999999999998,6.25,-15.475));
#10675=CARTESIAN_POINT('',(1.69999999999998,6.25,-24.8146830107827));
#10676=CARTESIAN_POINT('',(1.69999999999998,6.25,-16.4));
#10677=CARTESIAN_POINT('',(-2.50000000000002,6.25000000000003,-16.4));
#10678=CARTESIAN_POINT('',(-2.79125386128577,3.15341599999985,-18.6));
#10679=CARTESIAN_POINT('',(-2.50000000000002,2.89256632606654,-18.6));
#10680=CARTESIAN_POINT('',(-2.50000000000002,4.90653280914477,-18.6));
#10681=CARTESIAN_POINT('',(-2.50000000000002,5.35000000000003,-18.6));
#10682=CARTESIAN_POINT('',(-2.50000000000002,5.35000000000003,-18.6));
#10683=CARTESIAN_POINT('',(-0.593717104351894,5.35000000000002,-18.6));
#10684=CARTESIAN_POINT('',(-0.593717104351894,9.7,-18.6));
#10685=CARTESIAN_POINT('',(-0.593717104351894,4.97125920269685,-18.6));
#10686=CARTESIAN_POINT('',(-0.59371710435402,4.97125920265539,-18.59999999999));
#10687=CARTESIAN_POINT('',(-0.571636092514384,4.95628092984915,-18.59999999999));
#10688=CARTESIAN_POINT('',(-0.549251370883905,4.94174264185131,-18.6));
#10689=CARTESIAN_POINT('',(-0.526551883604379,4.92774556193218,-18.6));
#10690=CARTESIAN_POINT('',(-0.503852418416101,4.91374849563508,-18.6));
#10691=CARTESIAN_POINT('',(-0.48083753281409,4.90029209634267,-18.5999999999908));
#10692=CARTESIAN_POINT('',(-0.457489955553511,4.88748767516206,-18.5999999999908));
#10693=CARTESIAN_POINT('',(-0.434142498701703,4.87468332001677,-18.5999999999908));
#10694=CARTESIAN_POINT('',(-0.410461355822455,4.86253033792188,-18.6));
#10695=CARTESIAN_POINT('',(-0.386425631528271,4.85115315496745,-18.6));
#10696=CARTESIAN_POINT('',(-0.362410761759436,4.83978584339229,-18.6));
#10697=CARTESIAN_POINT('',(-0.337966705832637,4.82915665740645,-18.5999999999992));
#10698=CARTESIAN_POINT('',(-0.313053278550371,4.81941751563084,-18.5999999999992));
#10699=CARTESIAN_POINT('',(-0.288149989279079,4.80968233700028,-18.5999999999992));
#10700=CARTESIAN_POINT('',(-0.26282162668766,4.80085831070054,-18.5999999999975));
#10701=CARTESIAN_POINT('',(-0.237167989408199,4.79313650728071,-18.5999999999975));
#10702=CARTESIAN_POINT('',(-0.224341476028859,4.78927569745486,-18.5999999999975));
#10703=CARTESIAN_POINT('',(-0.211434448919348,4.7856901951743,-18.5999999999985));
#10704=CARTESIAN_POINT('',(-0.198461400015006,4.78240059705076,-18.5999999999985));
#10705=CARTESIAN_POINT('',(-0.185488342232973,4.77911099667608,-18.5999999999985));
#10706=CARTESIAN_POINT('',(-0.172449467179868,4.77611739002163,-18.5999999999995));
#10707=CARTESIAN_POINT('',(-0.159359960936669,4.77343715626511,-18.5999999999995));
#10708=CARTESIAN_POINT('',(-0.146270422601883,4.77075691593744,-18.5999999999995));
#10709=CARTESIAN_POINT('',(-0.133130514340632,4.76839012577985,-18.5999999999999));
#10710=CARTESIAN_POINT('',(-0.119955392006561,4.76635032437429,-18.5999999999999));
#10711=CARTESIAN_POINT('',(-0.106780207047362,4.76431051327297,-18.5999999999999));
#10712=CARTESIAN_POINT('',(-0.0935701137387884,4.76259774071604,-18.6));
#10713=CARTESIAN_POINT('',(-0.0803391918897343,4.76122134641113,-18.6));
#10714=CARTESIAN_POINT('',(-0.0671110138315536,4.75984523753895,-18.6));
#10715=CARTESIAN_POINT('',(-0.053857961402162,4.75880410708614,-18.6));
#10716=CARTESIAN_POINT('',(-0.040544798216318,4.75810377807046,-18.6));
#10717=CARTESIAN_POINT('',(-0.0272358453720926,4.75740367053666,-18.6));
#10718=CARTESIAN_POINT('',(-0.0138850457880739,4.7570460900777,-18.6));
#10719=CARTESIAN_POINT('',(-0.000513650144398391,4.75703717295712,-18.6));
#10720=CARTESIAN_POINT('',(0.0128576499800923,4.75702825590024,-18.6));
#10721=CARTESIAN_POINT('',(0.0262490519342058,4.75736805087927,-18.6));
#10722=CARTESIAN_POINT('',(0.0396365269197058,4.75805653359071,-18.6));
#10723=CARTESIAN_POINT('',(0.0530239530005726,4.75874501378711,-18.6));
#10724=CARTESIAN_POINT('',(0.0664069491196394,4.75978216453932,-18.6));
#10725=CARTESIAN_POINT('',(0.0797604702892888,4.76116135850733,-18.6));
#10726=CARTESIAN_POINT('',(0.0931139829296253,4.76254055159442,-18.6));
#10727=CARTESIAN_POINT('',(0.106437553627486,4.7642617119878,-18.6));
#10728=CARTESIAN_POINT('',(0.119706675046134,4.76631185691983,-18.6));
#10729=CARTESIAN_POINT('',(0.132975822364865,4.76836200585356,-18.6));
#10730=CARTESIAN_POINT('',(0.146190123161191,4.7707410215049,-18.5999999999999));
#10731=CARTESIAN_POINT('',(0.159326865486931,4.77343038026488,-18.5999999999999));
#10732=CARTESIAN_POINT('',(0.172463662899323,4.77611975030221,-18.5999999999999));
#10733=CARTESIAN_POINT('',(0.185522592336367,4.77911932471928,-18.6));
#10734=CARTESIAN_POINT('',(0.198483667490015,4.78240624376573,-18.6));
#10735=CARTESIAN_POINT('',(0.211444822547534,4.78569318307574,-18.6));
#10736=CARTESIAN_POINT('',(0.22430790388427,4.78926732699167,-18.6));
#10737=CARTESIAN_POINT('',(0.23705627560491,4.79310288874965,-18.6));
#10738=CARTESIAN_POINT('',(0.262530166341002,4.8007671366454,-18.6));
#10739=CARTESIAN_POINT('',(0.287657919497265,4.80950691340839,-18.5999999999955));
#10740=CARTESIAN_POINT('',(0.312469372690373,4.8191894524456,-18.5999999999955));
#10741=CARTESIAN_POINT('',(0.337277710023721,4.82887077553492,-18.5999999999955));
#10742=CARTESIAN_POINT('',(0.361755979428899,4.83949001990429,-18.6));
#10743=CARTESIAN_POINT('',(0.385895337564844,4.85090229646053,-18.6));
#10744=CARTESIAN_POINT('',(0.410034693133948,4.86231457180327,-18.6));
#10745=CARTESIAN_POINT('',(0.433835562243299,4.87451984963334,-18.6));
#10746=CARTESIAN_POINT('',(0.457288012165182,4.88737694501297,-18.6));
#10747=CARTESIAN_POINT('',(0.480740442462965,4.90023402963429,-18.6));
#10748=CARTESIAN_POINT('',(0.503844912066387,4.91374308195486,-18.5999999999937));
#10749=CARTESIAN_POINT('',(0.526588142880051,4.92776792092127,-18.5999999999937));
#10750=CARTESIAN_POINT('',(0.549331335757353,4.94179273649385,-18.5999999999937));
#10751=CARTESIAN_POINT('',(0.571713660828927,4.95633354701747,-18.6));
#10752=CARTESIAN_POINT('',(0.593717104351936,4.97125920269682,-18.6));
#10753=CARTESIAN_POINT('',(0.593717104351909,4.97125920269685,-18.6));
#10754=CARTESIAN_POINT('',(0.593717104351909,9.7,-18.6));
#10755=CARTESIAN_POINT('',(0.593717104351909,5.35000000000001,-18.6));
#10756=CARTESIAN_POINT('',(-2.50000000000002,5.35000000000003,-18.6));
#10757=CARTESIAN_POINT('',(2.24999999999996,5.35,-18.6));
#10758=CARTESIAN_POINT('',(2.24999999999998,2.89256632606654,-18.6));
#10759=CARTESIAN_POINT('',(2.24999999999998,6.05,-18.6));
#10760=CARTESIAN_POINT('',(-2.50000000000002,6.05,-18.6));
#10761=CARTESIAN_POINT('',(1.69999999999998,6.05,-18.6));
#10762=CARTESIAN_POINT('',(1.69999999999998,2.89256632606654,-18.6));
#10763=CARTESIAN_POINT('',(2.29999999999994,6.05,-18.6));
#10764=CARTESIAN_POINT('',(2.49999999999994,6.05,-18.6));
#10765=CARTESIAN_POINT('',(2.50000000000004,2.37963007209157,-18.6));
#10766=CARTESIAN_POINT('',(2.49999999999996,5.39565677580979,-18.6));
#10767=CARTESIAN_POINT('',(2.29999999999996,5.39565677580978,-18.6));
#10768=CARTESIAN_POINT('',(2.43486128578567,5.24796644573965,-18.6));
#10769=CARTESIAN_POINT('',(-9.51530668877807,-5.66415635634005,-18.6));
#10770=CARTESIAN_POINT('',(0.697172922394386,3.66122148504693,-18.6));
#10771=CARTESIAN_POINT('',(0.0228664934658003,4.39967313539757,-18.6));
#10772=CARTESIAN_POINT('',(-0.539618790675156,3.57286583915202,-18.6));
#10773=CARTESIAN_POINT('',(-2.50000000000002,4.90653280914477,-18.6));
#10774=CARTESIAN_POINT('',(1.69999999999998,3.97500000000002,-19.175));
#10775=CARTESIAN_POINT('',(1.69999999999998,6.05,-24.8146830107827));
#10776=CARTESIAN_POINT('',(1.69999999999998,6.05,-18.825));
#10777=CARTESIAN_POINT('',(1.69999999999998,2.89256632606654,-18.825));
#10778=CARTESIAN_POINT('',(1.69999999999998,6.15000000000003,-18.825));
#10779=CARTESIAN_POINT('',(1.69999999999998,6.15000000000003,-18.725));
#10780=CARTESIAN_POINT('',(2.29999999999994,6.05,-19.525));
#10781=CARTESIAN_POINT('',(2.29999999999994,6.05,-16.4));
#10782=CARTESIAN_POINT('',(2.49999999999994,6.05,-16.4));
#10783=CARTESIAN_POINT('',(2.49999999999994,6.05,-19.525));
#10784=CARTESIAN_POINT('',(2.49999999999994,6.04999999999998,-24.525));
#10785=CARTESIAN_POINT('',(2.49999999999996,5.39565677580979,-19.525));
#10786=CARTESIAN_POINT('',(2.49999999999996,5.39565677580979,-16.4));
#10787=CARTESIAN_POINT('',(2.50000000000004,2.37963007209157,-16.4));
#10788=CARTESIAN_POINT('',(2.29999999999996,5.39565677580978,-19.525));
#10789=CARTESIAN_POINT('',(2.43486128578567,5.24796644573965,-19.525));
#10790=CARTESIAN_POINT('',(2.43486128578567,5.24796644573965,-16.4));
#10791=CARTESIAN_POINT('',(2.29999999999996,5.39565677580978,-16.4));
#10792=CARTESIAN_POINT('',(2.38486128578568,5.20230966992987,-19.525));
#10793=CARTESIAN_POINT('',(-9.51530668877807,-5.66415635634005,-16.4));
#10794=CARTESIAN_POINT('',(0.697172922394382,3.66122148504692,-16.4));
#10795=CARTESIAN_POINT('',(0.697172922394378,3.66122148504692,-19.525));
#10796=CARTESIAN_POINT('',(0.0228664934658003,4.39967313539756,-19.525));
#10797=CARTESIAN_POINT('',(0.0228664934658003,4.39967313539757,-16.4));
#10798=CARTESIAN_POINT('',(-0.539618790675156,3.57286583915202,-16.4));
#10799=CARTESIAN_POINT('',(-0.539618790675156,3.57286583915202,-19.525));
#10800=CARTESIAN_POINT('',(-0.539618790675156,3.57286583915202,-19.525));
#10801=CARTESIAN_POINT('',(-2.50000000000002,4.90653280914477,-16.4));
#10802=CARTESIAN_POINT('',(-2.50000000000002,4.90653280914477,-16.4));
#10803=CARTESIAN_POINT('',(-2.50000000000002,4.90653280914477,-24.8146830107827));
#10804=CARTESIAN_POINT('',(-2.50000000000002,-2.05433627811555,-20.1865856149648));
#10805=CARTESIAN_POINT('',(-2.50000000000002,1.7,-24.8146830107827));
#10806=CARTESIAN_POINT('',(-2.50000000000002,1.7,-16.275));
#10807=CARTESIAN_POINT('',(-2.50000000000002,1.7,-18.725));
#10808=CARTESIAN_POINT('',(-2.50000000000002,1.79999999999997,-18.7250000000001));
#10809=CARTESIAN_POINT('',(-2.50000000000002,1.8,-18.825));
#10810=CARTESIAN_POINT('',(-2.50000000000002,2.89256632606654,-18.825));
#10811=CARTESIAN_POINT('',(-2.50000000000002,5.35000000000003,-18.825));
#10812=CARTESIAN_POINT('',(-2.50000000000002,5.35,-15.4675663260665));
#10813=CARTESIAN_POINT('',(-2.50000000000002,2.89256632606654,-16.4));
#10814=CARTESIAN_POINT('',(-2.50000000000002,5.35000000000003,-16.4));
#10815=CARTESIAN_POINT('',(-2.50000000000002,5.35,-15.4675663260665));
#10816=CARTESIAN_POINT('',(-2.50000000000002,5.35000000000003,-16.275));
#10817=CARTESIAN_POINT('',(-2.50000000000002,5.25000000000008,-16.275));
#10818=CARTESIAN_POINT('',(-2.50000000000002,5.25000000000003,-16.175));
#10819=CARTESIAN_POINT('',(-2.50000000000002,2.89256632606654,-16.175));
#10820=CARTESIAN_POINT('',(-2.50000000000002,1.8,-16.175));
#10821=CARTESIAN_POINT('',(-2.50000000000002,1.8,-16.275));
#10822=CARTESIAN_POINT('',(-2.50000000000002,1.65,-10.));
#10823=CARTESIAN_POINT('',(-2.50000000000002,1.65,-16.));
#10824=CARTESIAN_POINT('',(-2.50000000000002,0.,-16.));
#10825=CARTESIAN_POINT('',(0.499999999999955,1.8,-18.725));
#10826=CARTESIAN_POINT('',(2.49999999999998,1.8,-18.725));
#10827=CARTESIAN_POINT('',(2.49999999999998,1.8,-18.825));
#10828=CARTESIAN_POINT('',(2.49999999999998,1.7,-18.725));
#10829=CARTESIAN_POINT('',(-2.50000000000002,1.8,-18.825));
#10830=CARTESIAN_POINT('',(0.499999999999955,1.7,-18.725));
#10831=CARTESIAN_POINT('',(1.6574568076968,6.05,-16.0874588328657));
#10832=CARTESIAN_POINT('',(2.24999999999999,6.05,-15.4675663260665));
#10833=CARTESIAN_POINT('',(2.24999999999999,6.05,-18.825));
#10834=CARTESIAN_POINT('',(-2.50000000000002,6.05000000000003,-18.825));
#10835=CARTESIAN_POINT('',(2.24999999999998,6.12000240000003,-18.4081638116488));
#10836=CARTESIAN_POINT('',(2.25,5.35,-15.4675663260665));
#10837=CARTESIAN_POINT('',(2.24999999999999,5.35,-18.825));
#10838=CARTESIAN_POINT('',(2.24999999999997,2.89256632606654,-18.825));
#10839=CARTESIAN_POINT('',(-2.50000000000002,-8.69690260418206,-18.825));
#10840=CARTESIAN_POINT('',(2.49999999999998,7.36974942661361,-18.825));
#10841=CARTESIAN_POINT('',(2.49999999999998,6.15000000000003,-18.825));
#10842=CARTESIAN_POINT('',(-2.50000000000002,6.15000000000003,-18.825));
#10843=CARTESIAN_POINT('',(-2.50000000000002,5.35000000000003,-18.825));
#10844=CARTESIAN_POINT('',(-2.50000000000002,6.15000000000003,-18.725));
#10845=CARTESIAN_POINT('',(2.49999999999998,6.15000000000003,-18.725));
#10846=CARTESIAN_POINT('',(-2.50000000000002,1.7,-8.825));
#10847=CARTESIAN_POINT('',(-2.50003000000002,1.7,-16.275));
#10848=CARTESIAN_POINT('',(2.49999999999998,1.7,-16.275));
#10849=CARTESIAN_POINT('',(2.49999999999998,1.7,-24.8146830107827));
#10850=CARTESIAN_POINT('',(-2.50000000000004,5.35000000000003,-19.0811947916358));
#10851=CARTESIAN_POINT('',(7.3305335795239E-15,5.35000000000002,-17.5));
#10852=CARTESIAN_POINT('',(7.3305335795239E-15,4.4,-17.5));
#10853=CARTESIAN_POINT('',(7.3305335795239E-15,4.97125920269685,-17.5));
#10854=CARTESIAN_POINT('',(7.3305335795239E-15,9.7,-17.5));
#10855=CARTESIAN_POINT('',(2.49999999999998,7.61158561496481,-32.2074336739335));
#10856=CARTESIAN_POINT('',(2.49999999999998,6.95000000000003,-15.));
#10857=CARTESIAN_POINT('',(2.49999999999998,6.95000000000003,-15.475));
#10858=CARTESIAN_POINT('',(2.49999999999998,6.95000000000003,-18.725));
#10859=CARTESIAN_POINT('',(2.49999999999998,0.,-15.475));
#10860=CARTESIAN_POINT('',(2.49999999999998,1.8,-16.275));
#10861=CARTESIAN_POINT('',(2.49999999999998,1.8,-16.175));
#10862=CARTESIAN_POINT('',(2.49999999999998,2.01053106975139,-16.175));
#10863=CARTESIAN_POINT('',(2.49999999999998,4.62245855833131,-16.175));
#10864=CARTESIAN_POINT('',(2.5,4.62245855833131,-15.4049976));
#10865=CARTESIAN_POINT('',(2.5,4.62245855833131,-15.475));
#10866=CARTESIAN_POINT('',(2.49999999999998,0.,-15.475));
#10867=CARTESIAN_POINT('',(2.49999999999998,1.8,-15.475));
#10868=CARTESIAN_POINT('',(2.49999999999998,1.8,-16.275));
#10869=CARTESIAN_POINT('',(2.49999999999998,0.999999999999998,-16.275));
#10870=CARTESIAN_POINT('',(2.49999999999998,1.,-10.));
#10871=CARTESIAN_POINT('',(2.49999999999998,0.999999999999998,-18.725));
#10872=CARTESIAN_POINT('',(2.49999999999998,1.8,-18.725));
#10873=CARTESIAN_POINT('',(2.49999999999998,1.8,-19.525));
#10874=CARTESIAN_POINT('',(2.49999999999998,0.,-19.525));
#10875=CARTESIAN_POINT('',(2.49999999999998,6.15000000000003,-19.525));
#10876=CARTESIAN_POINT('',(2.49999999999998,6.15000000000003,-18.725));
#10877=CARTESIAN_POINT('',(0.,6.80000000000003,-19.375));
#10878=CARTESIAN_POINT('',(0.,6.95000000000003,-19.375));
#10879=CARTESIAN_POINT('',(3.3,6.95000000000003,-19.375));
#10880=CARTESIAN_POINT('',(-2.5,6.95000000000003,-19.375));
#10881=CARTESIAN_POINT('',(-2.50000000000002,6.80000000000003,-19.375));
#10882=CARTESIAN_POINT('',(-2.50000000000002,6.80000000000003,-19.525));
#10883=CARTESIAN_POINT('',(0.,6.80000000000003,-19.525));
#10884=CARTESIAN_POINT('',(3.3,6.80000000000003,-19.525));
#10885=CARTESIAN_POINT('',(2.88787838708181,6.80000000000003,-19.375));
#10886=CARTESIAN_POINT('',(3.29929204001808,6.80878843052168,-19.5247423236395));
#10887=CARTESIAN_POINT('',(3.32644904710627,6.80000000000003,-19.375));
#10888=CARTESIAN_POINT('',(3.29929204001808,6.94974232363956,-19.3837884305216));
#10889=CARTESIAN_POINT('',(2.88787838708181,6.80000000000003,-19.375));
#10890=CARTESIAN_POINT('',(-2.5,0.389997600000001,-20.8));
#10891=CARTESIAN_POINT('',(-2.50000000000002,6.15000000000003,-18.725));
#10892=CARTESIAN_POINT('',(-2.50000000000002,6.15000000000003,-19.525));
#10893=CARTESIAN_POINT('',(-2.50000000000002,6.95000000000003,-18.725));
#10894=CARTESIAN_POINT('',(-2.50000000000002,0.,-19.525));
#10895=CARTESIAN_POINT('',(-2.5,6.95000000000003,-10.));
#10896=CARTESIAN_POINT('',(-2.50000000000002,6.15000000000003,-18.725));
#10897=CARTESIAN_POINT('',(-2.50000375000002,6.15000000000003,-19.525));
#10898=CARTESIAN_POINT('',(-2.50000375000002,6.95000000000003,-18.725));
#10899=CARTESIAN_POINT('',(-0.248746859276692,6.95000000000003,-18.725));
#10900=CARTESIAN_POINT('',(0.248746859276739,6.95000000000003,-18.725));
#10901=CARTESIAN_POINT('',(0.0829156197589205,6.95000000000003,-18.7586734693876));
#10902=CARTESIAN_POINT('',(-0.0829156197588894,6.95000000000003,-18.7586734693876));
#10903=CARTESIAN_POINT('',(-0.248746859276691,6.95000000000003,-18.725));
#10904=CARTESIAN_POINT('',(0.248746859276713,6.95000000000003,-18.725));
#10905=CARTESIAN_POINT('',(-2.50000375000002,6.95000000000003,-18.725));
#10906=CARTESIAN_POINT('',(4.,6.95000000000003,-15.4));
#10907=CARTESIAN_POINT('',(3.3,6.95000000000003,-17.5));
#10908=CARTESIAN_POINT('',(3.3,6.95000000000003,-15.475));
#10909=CARTESIAN_POINT('',(0.,6.95000000000003,-15.475));
#10910=CARTESIAN_POINT('',(3.65,7.0773895819932,-17.5));
#10911=CARTESIAN_POINT('',(-0.0513030214988504,5.73022545416806,-18.1642715610501));
#10912=CARTESIAN_POINT('',(0.,5.74889822692156,-16.6761017730785));
#10913=CARTESIAN_POINT('',(4.,8.,-5.));
#10914=CARTESIAN_POINT('',(4.,8.,-15.));
#10915=CARTESIAN_POINT('',(3.5,8.,-15.));
#10916=CARTESIAN_POINT('',(0.,8.,-20.));
#10917=CARTESIAN_POINT('',(3.5,8.,-20.));
#10918=CARTESIAN_POINT('',(3.5,8.,-10.));
#10919=CARTESIAN_POINT('',(0.4,10.6,-7.5));
#10920=CARTESIAN_POINT('',(0.400000000000001,11.5,-19.3062391868188));
#10921=CARTESIAN_POINT('',(0.400000000000001,9.70000000000001,-19.3062391868188));
#10922=CARTESIAN_POINT('',(0.400000000000001,10.6,-19.3062391868188));
#10923=CARTESIAN_POINT('',(0.4,9.70000000000001,-12.5));
#10924=CARTESIAN_POINT('',(0.4,9.70000000000001,-15.6937608131812));
#10925=CARTESIAN_POINT('',(0.4,11.5,-15.6937608131812));
#10926=CARTESIAN_POINT('',(0.4,10.6,-15.6937608131812));
#10927=CARTESIAN_POINT('',(0.4,10.6,-12.5));
#10928=CARTESIAN_POINT('',(-0.500000000000045,-4.6590024,-17.15));
#10929=CARTESIAN_POINT('',(-0.500000000000045,0.,-10.));
#10930=CARTESIAN_POINT('',(-0.500000000000045,0.,-17.85));
#10931=CARTESIAN_POINT('',(-0.500000000000045,0.,-17.15));
#10932=CARTESIAN_POINT('',(-0.500000000000045,2.89256632606654,-17.85));
#10933=CARTESIAN_POINT('',(-0.500000000000044,-3.1,-17.85));
#10934=CARTESIAN_POINT('',(-0.500000000000044,-3.1,-17.850006));
#10935=CARTESIAN_POINT('',(-0.500000000000044,-3.1,-17.15));
#10936=CARTESIAN_POINT('',(-0.500000000000045,2.89256632606654,-17.15));
#10937=CARTESIAN_POINT('',(-3.95130634301441,0.999999999999998,-16.6198285768556));
#10938=CARTESIAN_POINT('',(-0.500000000000045,0.999999999999998,-10.));
#10939=CARTESIAN_POINT('',(-0.500000000000045,0.999999999999998,-17.85));
#10940=CARTESIAN_POINT('',(-0.500000000000045,0.999999999999998,-18.725));
#10941=CARTESIAN_POINT('',(4.,1.,-18.725));
#10942=CARTESIAN_POINT('',(4.,1.,-16.275));
#10943=CARTESIAN_POINT('',(-0.500000000000045,0.999999999999999,-16.275));
#10944=CARTESIAN_POINT('',(-0.500000000000045,0.999999999999998,-10.));
#10945=CARTESIAN_POINT('',(-0.500000000000045,0.999999999999998,-17.15));
#10946=CARTESIAN_POINT('',(0.,0.999999999999998,-17.15));
#10947=CARTESIAN_POINT('',(0.499999999999955,0.999999999999998,-17.15));
#10948=CARTESIAN_POINT('',(0.499999999999955,0.999999999999998,-10.));
#10949=CARTESIAN_POINT('',(0.499999999999955,0.999999999999998,-17.85));
#10950=CARTESIAN_POINT('',(0.,0.999999999999998,-17.85));
#10951=CARTESIAN_POINT('',(0.,1.8,-18.725));
#10952=CARTESIAN_POINT('',(0.,1.,-18.725));
#10953=CARTESIAN_POINT('',(3.44106158456677,1.,-18.725));
#10954=CARTESIAN_POINT('',(3.44106158456677,1.8,-18.725));
#10955=CARTESIAN_POINT('',(3.3,1.8,-19.525));
#10956=CARTESIAN_POINT('',(0.,1.8,-19.525));
#10957=CARTESIAN_POINT('',(-5.,0.,0.));
#10958=CARTESIAN_POINT('',(-5.,0.,-15.));
#10959=CARTESIAN_POINT('',(-3.5,0.,-15.));
#10960=CARTESIAN_POINT('',(-3.5,0.,0.));
#10961=CARTESIAN_POINT('',(-3.5,0.,-20.));
#10962=CARTESIAN_POINT('',(0.,0.,-20.));
#10963=CARTESIAN_POINT('',(-74.42636,0.,-18.1));
#10964=CARTESIAN_POINT('',(2.4,0.,-18.1));
#10965=CARTESIAN_POINT('',(0.,0.,-17.3571428571429));
#10966=CARTESIAN_POINT('',(1.59230769230766,0.,-17.85));
#10967=CARTESIAN_POINT('',(0.,0.,-17.85));
#10968=CARTESIAN_POINT('',(0.499999999999955,0.,-17.85));
#10969=CARTESIAN_POINT('',(0.,0.,-17.85));
#10970=CARTESIAN_POINT('',(0.,0.,-17.15));
#10971=CARTESIAN_POINT('',(0.499999999999955,0.,-17.15));
#10972=CARTESIAN_POINT('',(0.,0.,-17.15));
#10973=CARTESIAN_POINT('',(1.59230769230766,0.,-17.15));
#10974=CARTESIAN_POINT('',(0.,0.,-17.6428571428571));
#10975=CARTESIAN_POINT('',(2.4,0.,-16.9));
#10976=CARTESIAN_POINT('',(0.,0.,-16.9));
#10977=CARTESIAN_POINT('',(-2.50000000000002,1.65,-16.));
#10978=CARTESIAN_POINT('',(0.,1.65,-16.));
#10979=CARTESIAN_POINT('',(0.499999999999955,-4.65900240000001,-18.0253908187203));
#10980=CARTESIAN_POINT('',(0.499999999999956,0.65,-15.));
#10981=CARTESIAN_POINT('',(0.499999999999955,0.65,-17.85));
#10982=CARTESIAN_POINT('',(0.499999999999955,0.65,-17.775));
#10983=CARTESIAN_POINT('',(0.499999999999955,2.89256632606654,-17.85));
#10984=CARTESIAN_POINT('',(0.499999999999956,2.89256632606654,-17.15));
#10985=CARTESIAN_POINT('',(0.499999999999955,0.65,-17.15));
#10986=CARTESIAN_POINT('',(0.499999999999955,0.65,-15.));
#10987=CARTESIAN_POINT('',(0.499999999999955,0.65,-17.225));
#10988=CARTESIAN_POINT('',(0.499999999999956,0.65,-17.225));
#10989=CARTESIAN_POINT('',(0.499999999999955,0.2,-17.225));
#10990=CARTESIAN_POINT('',(0.499999999999956,0.2,-17.1));
#10991=CARTESIAN_POINT('',(0.499999999999955,0.2,-17.15));
#10992=CARTESIAN_POINT('',(0.499999999999956,0.,-17.15));
#10993=CARTESIAN_POINT('',(0.499999999999956,2.89256632606654,-17.15));
#10994=CARTESIAN_POINT('',(0.499999999999955,-3.1,-17.15));
#10995=CARTESIAN_POINT('',(0.499999999999956,-3.1,-17.850006));
#10996=CARTESIAN_POINT('',(0.499999999999955,-3.1,-17.85));
#10997=CARTESIAN_POINT('',(0.499999999999955,2.89256632606654,-17.85));
#10998=CARTESIAN_POINT('',(0.499999999999956,0.,-17.85));
#10999=CARTESIAN_POINT('',(0.499999999999955,0.2,-17.85));
#11000=CARTESIAN_POINT('',(0.499999999999956,0.2,-17.1));
#11001=CARTESIAN_POINT('',(0.499999999999955,0.2,-17.775));
#11002=CARTESIAN_POINT('',(0.499999999999955,0.65,-17.775));
#11003=CARTESIAN_POINT('',(4.,8.,-10.));
#11004=CARTESIAN_POINT('',(4.,8.,-15.));
#11005=CARTESIAN_POINT('',(-2.5,8.,-15.));
#11006=CARTESIAN_POINT('',(-3.5,8.,-15.));
#11007=CARTESIAN_POINT('',(-2.5,8.,-10.));
#11008=CARTESIAN_POINT('',(-2.5,8.,-20.));
#11009=CARTESIAN_POINT('',(0.,8.,-20.));
#11010=CARTESIAN_POINT('',(-3.5,8.,-20.));
#11011=CARTESIAN_POINT('',(-3.5,8.,-10.));
#11012=CARTESIAN_POINT('',(0.,11.5,-17.5));
#11013=CARTESIAN_POINT('',(-0.399999999999984,11.5,-15.6937608131812));
#11014=CARTESIAN_POINT('',(-0.399999999999984,9.70000000000001,-15.6937608131812));
#11015=CARTESIAN_POINT('',(-0.399999999999984,10.6,-15.6937608131812));
#11016=CARTESIAN_POINT('',(0.,10.6,-17.5));
#11017=CARTESIAN_POINT('',(-0.399999999999983,10.6,-19.3062391868188));
#11018=CARTESIAN_POINT('',(-0.399999999999983,11.5,-19.3062391868188));
#11019=CARTESIAN_POINT('',(-0.399999999999983,9.70000000000001,-19.3062391868188));
#11020=CARTESIAN_POINT('',(0.,9.70000000000001,-17.5));
#11021=CARTESIAN_POINT('',(0.,10.6,-17.5));
#11022=CARTESIAN_POINT('',(0.,9.70000000000001,-17.5));
#11023=CARTESIAN_POINT('',(-3.5,8.,-16.0000024));
#11024=CARTESIAN_POINT('',(-3.5,-3.6,-15.));
#11025=CARTESIAN_POINT('',(-3.5,0.,-20.));
#11026=CARTESIAN_POINT('',(0.,1.8,-17.5274439910592));
#11027=CARTESIAN_POINT('',(-0.273616114660535,1.8,-16.7756898944305));
#11028=CARTESIAN_POINT('',(3.3,1.8,-15.475));
#11029=CARTESIAN_POINT('',(0.,1.,-17.5274439910592));
#11030=CARTESIAN_POINT('',(3.44106158456677,1.,-16.275));
#11031=CARTESIAN_POINT('',(3.44106158456677,1.8,-16.275));
#11032=CARTESIAN_POINT('',(3.65,4.10238958199319,-15.3476104180068));
#11033=CARTESIAN_POINT('',(3.3,4.10238958199319,-15.475));
#11034=CARTESIAN_POINT('',(0.499999999999956,0.999999999999999,-17.85));
#11035=CARTESIAN_POINT('',(0.,0.65,-17.85));
#11036=CARTESIAN_POINT('',(-0.500000000000045,0.65,-17.85));
#11037=CARTESIAN_POINT('',(-0.500000000000045,0.,-17.85));
#11038=CARTESIAN_POINT('',(2.4,0.65,-18.1));
#11039=CARTESIAN_POINT('',(1.59230769230766,0.,-17.85));
#11040=CARTESIAN_POINT('',(1.59230769230766,0.2,-17.85));
#11041=CARTESIAN_POINT('',(2.4,0.,-18.1));
#11042=CARTESIAN_POINT('',(2.4,0.65,-18.1));
#11043=CARTESIAN_POINT('',(0.2,0.65,-17.4190476190476));
#11044=CARTESIAN_POINT('',(1.34999999999996,0.65,-17.775));
#11045=CARTESIAN_POINT('',(1.34999999999996,0.65,-17.775));
#11046=CARTESIAN_POINT('',(1.34999999999996,0.2,-17.775));
#11047=CARTESIAN_POINT('',(0.,0.2,-17.3571428571429));
#11048=CARTESIAN_POINT('',(-4.44089209850063E-14,-3.1,-24.8146830107827));
#11049=CARTESIAN_POINT('',(-4.44089209850063E-14,-3.1,-17.85));
#11050=CARTESIAN_POINT('',(-4.44089209850063E-14,-3.1,-17.15));
#11051=CARTESIAN_POINT('',(2.04384615384613,0.,-17.85));
#11052=CARTESIAN_POINT('',(0.499999999999956,0.2,-17.85));
#11053=CARTESIAN_POINT('',(2.3,4.62245855833131,-15.4049976));
#11054=CARTESIAN_POINT('',(2.3,4.62245855833131,-15.475));
#11055=CARTESIAN_POINT('',(2.4,4.7956636390882,-15.475));
#11056=CARTESIAN_POINT('',(2.3,4.62245855833131,-16.175));
#11057=CARTESIAN_POINT('',(2.4,4.7956636390882,-16.175));
#11058=CARTESIAN_POINT('',(2.4,4.7956636390882,-15.4049976));
#11059=CARTESIAN_POINT('',(2.35,4.82453115254768,-15.4049976));
#11060=CARTESIAN_POINT('',(0.,6.1813042851434,-15.475));
#11061=CARTESIAN_POINT('',(2.35,4.82453115254768,-15.475));
#11062=CARTESIAN_POINT('',(-0.0690022210232937,6.22114273602589,-16.175));
#11063=CARTESIAN_POINT('',(2.35,4.82453115254768,-16.175));
#11064=CARTESIAN_POINT('',(2.35,4.82453115254768,-15.4049976));
#11065=CARTESIAN_POINT('',(2.45,4.99773623330457,-15.4049976));
#11066=CARTESIAN_POINT('',(2.45,4.99773623330457,-15.475));
#11067=CARTESIAN_POINT('',(2.25,4.99773623330457,-15.475));
#11068=CARTESIAN_POINT('',(2.45,4.99773623330457,-16.175));
#11069=CARTESIAN_POINT('',(2.25,4.99773623330457,-16.175));
#11070=CARTESIAN_POINT('',(2.25,4.99773623330457,-15.4049976));
#11071=CARTESIAN_POINT('',(2.25,5.25000000000003,-16.275));
#11072=CARTESIAN_POINT('',(-2.50000375000002,5.25000000000003,-15.475));
#11073=CARTESIAN_POINT('',(-2.50000000000002,5.25000000000003,-15.475));
#11074=CARTESIAN_POINT('',(2.25,5.25000000000003,-15.475));
#11075=CARTESIAN_POINT('',(2.25,5.25000000000003,-16.275));
#11076=CARTESIAN_POINT('',(2.25,6.05000000000001,-16.275));
#11077=CARTESIAN_POINT('',(2.25,6.05,-16.275));
#11078=CARTESIAN_POINT('',(1.69999999999998,6.05000000000002,-16.275));
#11079=CARTESIAN_POINT('',(-2.50000375000002,6.05000000000002,-16.275));
#11080=CARTESIAN_POINT('',(0.775806032459124,6.05000000000002,-16.275));
#11081=CARTESIAN_POINT('',(-0.775806032459143,6.05000000000001,-16.275));
#11082=CARTESIAN_POINT('',(-0.761381038862786,6.05000000000001,-16.2658644922039));
#11083=CARTESIAN_POINT('',(-0.746780774099229,6.04984355747623,-16.2569750974772));
#11084=CARTESIAN_POINT('',(-0.717257761811737,6.0492678834602,-16.2397088686654));
#11085=CARTESIAN_POINT('',(-0.702335060026717,6.04884866048339,-16.2313320635628));
#11086=CARTESIAN_POINT('',(-0.672197030884072,6.04779645226557,-16.2151093349839));
#11087=CARTESIAN_POINT('',(-0.656981751889849,6.04716347921957,-16.2072634387917));
#11088=CARTESIAN_POINT('',(-0.626289904051163,6.04573144051239,-16.1921185852152));
#11089=CARTESIAN_POINT('',(-0.610813386622758,6.04493238996444,-16.1848196533596));
#11090=CARTESIAN_POINT('',(-0.579631588811095,6.04321414584672,-16.1707823507888));
#11091=CARTESIAN_POINT('',(-0.563926363881356,6.0422949695327,-16.1640440038656));
#11092=CARTESIAN_POINT('',(-0.532320516965974,6.04038027729265,-16.1511389118189));
#11093=CARTESIAN_POINT('',(-0.516419955754782,6.03938477990928,-16.1449721886153));
#11094=CARTESIAN_POINT('',(-0.48445719518015,6.03735863548483,-16.1332186834816));
#11095=CARTESIAN_POINT('',(-0.468395063233678,6.03632800727224,-16.1276319211512));
#11096=CARTESIAN_POINT('',(-0.436145468400565,6.03426986908717,-16.1170447898972));
#11097=CARTESIAN_POINT('',(-0.419958758876239,6.03324234380748,-16.1120434792412));
#11098=CARTESIAN_POINT('',(-0.387328078824381,6.03121498426107,-16.1025861752358));
#11099=CARTESIAN_POINT('',(-0.370911955210904,6.03021692783349,-16.0981390671863));
#11100=CARTESIAN_POINT('',(-0.337900243554032,6.02828393490177,-16.0898180336242));
#11101=CARTESIAN_POINT('',(-0.321304713232299,6.02734902049147,-16.0859441283887));
#11102=CARTESIAN_POINT('',(-0.287964394989948,6.02557153334349,-16.0787796674707));
#11103=CARTESIAN_POINT('',(-0.271219675179743,6.02472898227881,-16.0754891309202));
#11104=CARTESIAN_POINT('',(-0.23761256871176,6.02316178099622,-16.0694995297719));
#11105=CARTESIAN_POINT('',(-0.220750260908617,6.02243715056772,-16.0668004821265));
#11106=CARTESIAN_POINT('',(-0.186940560747111,6.02112714767036,-16.0619997348668));
#11107=CARTESIAN_POINT('',(-0.169993257440085,6.0205417915763,-16.059898048739));
#11108=CARTESIAN_POINT('',(-0.136046640039252,6.01952702927255,-16.0562955116485));
#11109=CARTESIAN_POINT('',(-0.119047423579008,6.01909763458806,-16.0547946692986));
#11110=CARTESIAN_POINT('',(-0.0850299264186725,6.01840647422465,-16.0523948572659));
#11111=CARTESIAN_POINT('',(-0.0680117491542225,6.01814471408535,-16.0514958899629));
#11112=CARTESIAN_POINT('',(-0.0339884086909601,6.01779529082819,-16.050298463814));
#11113=CARTESIAN_POINT('',(-0.0169833508794359,6.01770762663922,-16.05));
#11114=CARTESIAN_POINT('',(0.0169833508794288,6.01770762663922,-16.05));
#11115=CARTESIAN_POINT('',(0.0339884086909614,6.01779529082819,-16.050298463814));
#11116=CARTESIAN_POINT('',(0.0680117491542234,6.01814471408536,-16.0514958899629));
#11117=CARTESIAN_POINT('',(0.085029926418668,6.01840647422465,-16.0523948572659));
#11118=CARTESIAN_POINT('',(0.119047423577449,6.01909763458803,-16.0547946692985));
#11119=CARTESIAN_POINT('',(0.136046640037701,6.01952702927251,-16.0562955116483));
#11120=CARTESIAN_POINT('',(0.169993257440084,6.02054179157631,-16.059898048739));
#11121=CARTESIAN_POINT('',(0.186940560747112,6.02112714767036,-16.0619997348668));
#11122=CARTESIAN_POINT('',(0.22075026090862,6.02243715056772,-16.0668004821265));
#11123=CARTESIAN_POINT('',(0.237612568711758,6.02316178099623,-16.0694995297719));
#11124=CARTESIAN_POINT('',(0.271219675179746,6.02472898227881,-16.0754891309202));
#11125=CARTESIAN_POINT('',(0.287964394989946,6.02557153334349,-16.0787796674707));
#11126=CARTESIAN_POINT('',(0.321304713234889,6.02734902049162,-16.0859441283893));
#11127=CARTESIAN_POINT('',(0.337900243556601,6.02828393490193,-16.0898180336248));
#11128=CARTESIAN_POINT('',(0.370911955210905,6.0302169278335,-16.0981390671863));
#11129=CARTESIAN_POINT('',(0.387328078824382,6.03121498426108,-16.1025861752358));
#11130=CARTESIAN_POINT('',(0.419958758874747,6.03324234380739,-16.1120434792407));
#11131=CARTESIAN_POINT('',(0.436145468399093,6.03426986908708,-16.1170447898967));
#11132=CARTESIAN_POINT('',(0.468395063230748,6.03632800727206,-16.1276319211503));
#11133=CARTESIAN_POINT('',(0.484457195177271,6.03735863548465,-16.1332186834806));
#11134=CARTESIAN_POINT('',(0.516419955752084,6.03938477990912,-16.1449721886143));
#11135=CARTESIAN_POINT('',(0.532320516963316,6.04038027729249,-16.1511389118178));
#11136=CARTESIAN_POINT('',(0.563926363883751,6.04229496953285,-16.1640440038665));
#11137=CARTESIAN_POINT('',(0.579631588813451,6.04321414584686,-16.1707823507898));
#11138=CARTESIAN_POINT('',(0.610813386622752,6.04493238996445,-16.1848196533595));
#11139=CARTESIAN_POINT('',(0.626289904051172,6.0457314405124,-16.1921185852152));
#11140=CARTESIAN_POINT('',(0.656981751889849,6.04716347921958,-16.2072634387917));
#11141=CARTESIAN_POINT('',(0.672197030884067,6.04779645226558,-16.2151093349839));
#11142=CARTESIAN_POINT('',(0.702335060028154,6.04884866048345,-16.2313320635636));
#11143=CARTESIAN_POINT('',(0.717257761813147,6.04926788346024,-16.2397088686662));
#11144=CARTESIAN_POINT('',(0.746780774100468,6.04984355747627,-16.2569750974779));
#11145=CARTESIAN_POINT('',(0.761381038863996,6.05000000000002,-16.2658644922047));
#11146=CARTESIAN_POINT('',(0.775806032459142,6.05000000000002,-16.275));
#11147=CARTESIAN_POINT('',(-0.775806032459167,6.05000000000002,-16.275));
#11148=CARTESIAN_POINT('',(-2.50000375000002,6.05000000000002,-16.275));
#11149=CARTESIAN_POINT('',(-2.50000000000002,6.05000000000002,-16.275));
#11150=CARTESIAN_POINT('',(-2.5,5.25000000000003,-16.275));
#11151=CARTESIAN_POINT('',(1.6574568076968,6.05,-16.0874588328657));
#11152=CARTESIAN_POINT('',(-2.50000000000002,6.05,-16.4));
#11153=CARTESIAN_POINT('',(1.69999999999998,6.05,-16.4));
#11154=CARTESIAN_POINT('',(2.24999999999999,6.05,-16.4));
#11155=CARTESIAN_POINT('',(1.69999999999998,6.05,-24.8146830107827));
#11156=CARTESIAN_POINT('',(2.24999999999999,6.05,-15.4675663260665));
#11157=CARTESIAN_POINT('',(2.24999999999998,6.12000240000003,-18.4081638116488));
#11158=CARTESIAN_POINT('',(2.25,5.35,-15.4675663260665));
#11159=CARTESIAN_POINT('',(2.24999999999996,5.35,-16.4));
#11160=CARTESIAN_POINT('',(2.25,5.35000000000001,-16.275));
#11161=CARTESIAN_POINT('',(2.24999999999999,2.89256632606654,-16.4));
#11162=CARTESIAN_POINT('',(2.25,0.,-15.475));
#11163=CARTESIAN_POINT('',(2.25000000000003,0.338414385035249,-16.175));
#11164=CARTESIAN_POINT('',(2.25,5.25000000000003,-16.175));
#11165=CARTESIAN_POINT('',(2.25,5.25000000000003,-16.275));
#11166=CARTESIAN_POINT('',(-2.50000000000004,5.35000000000003,-19.0811947916358));
#11167=CARTESIAN_POINT('',(-2.49999999999999,5.35000000000003,-16.275));
#11168=CARTESIAN_POINT('',(-0.24874685927664,5.35000000000002,-16.275));
#11169=CARTESIAN_POINT('',(-2.50000000000002,5.35000000000003,-16.4));
#11170=CARTESIAN_POINT('',(-0.593717104351882,5.35000000000002,-16.4));
#11171=CARTESIAN_POINT('',(7.3305335795239E-15,5.35000000000002,-17.5));
#11172=CARTESIAN_POINT('',(2.25,5.25000000000003,-16.275));
#11173=CARTESIAN_POINT('',(-0.248746859276643,5.35000000000019,-16.275));
#11174=CARTESIAN_POINT('',(-0.238508513827048,5.35000000000019,-16.2729210152859));
#11175=CARTESIAN_POINT('',(-0.228244044708074,5.34993542841487,-16.2709704154317));
#11176=CARTESIAN_POINT('',(-0.217960675889922,5.34982870701729,-16.2691494226489));
#11177=CARTESIAN_POINT('',(-0.207677306883697,5.34972198561776,-16.2673284298328));
#11178=CARTESIAN_POINT('',(-0.197375042106466,5.3495730952912,-16.2656370456205));
#11179=CARTESIAN_POINT('',(-0.187061284277188,5.34940154292233,-16.2640760234041));
#11180=CARTESIAN_POINT('',(-0.166436568157786,5.34905848475031,-16.260954402691));
#11181=CARTESIAN_POINT('',(-0.145726867450843,5.34862671799405,-16.2583482894705));
#11182=CARTESIAN_POINT('',(-0.124967785108295,5.34822883910334,-16.2562624663197));
#11183=CARTESIAN_POINT('',(-0.11458794156488,5.34802989386256,-16.2552195243627));
#11184=CARTESIAN_POINT('',(-0.104197396852715,5.34783880232564,-16.2543067418167));
#11185=CARTESIAN_POINT('',(-0.0937965104710208,5.34766670332296,-16.2535240818117));
#11186=CARTESIAN_POINT('',(-0.0833952664758057,5.34749459840299,-16.2527413948964));
#11187=CARTESIAN_POINT('',(-0.0729828971499086,5.34734149283373,-16.2520888188752));
#11188=CARTESIAN_POINT('',(-0.0625643250588319,5.34721563885679,-16.2515666997272));
#11189=CARTESIAN_POINT('',(-0.0521455606976778,5.34708978255727,-16.2510445709439));
#11190=CARTESIAN_POINT('',(-0.0417218901936978,5.34699119792808,-16.2506529236125));
#11191=CARTESIAN_POINT('',(-0.0312928350234943,5.34692489064033,-16.2503917579993));
#11192=CARTESIAN_POINT('',(-0.0208640413185619,5.34685858501495,-16.2501305989336));
#11193=CARTESIAN_POINT('',(-0.0104313740159522,5.34682458365522,-16.25));
#11194=CARTESIAN_POINT('',(7.54053273909227E-15,5.34682458365522,-16.25));
#11195=CARTESIAN_POINT('',(0.0104313740159665,5.34682458365522,-16.25));
#11196=CARTESIAN_POINT('',(0.0208640413185774,5.34685858501495,-16.2501305989336));
#11197=CARTESIAN_POINT('',(0.0312928350235092,5.34692489064033,-16.2503917579993));
#11198=CARTESIAN_POINT('',(0.0417218901937126,5.34699119792808,-16.2506529236125));
#11199=CARTESIAN_POINT('',(0.0521455606976927,5.34708978255727,-16.2510445709439));
#11200=CARTESIAN_POINT('',(0.0625643250588469,5.34721563885679,-16.2515666997272));
#11201=CARTESIAN_POINT('',(0.0729828971499245,5.34734149283373,-16.2520888188752));
#11202=CARTESIAN_POINT('',(0.0833952664758197,5.34749459840299,-16.2527413948964));
#11203=CARTESIAN_POINT('',(0.0937965104710358,5.34766670332296,-16.2535240818117));
#11204=CARTESIAN_POINT('',(0.104197396852729,5.34783880232564,-16.2543067418167));
#11205=CARTESIAN_POINT('',(0.114587941564896,5.34802989386256,-16.2552195243627));
#11206=CARTESIAN_POINT('',(0.12496778510831,5.34822883910334,-16.2562624663197));
#11207=CARTESIAN_POINT('',(0.14572686745086,5.34862671799405,-16.2583482894705));
#11208=CARTESIAN_POINT('',(0.166436568157801,5.34905848475031,-16.260954402691));
#11209=CARTESIAN_POINT('',(0.187061284277203,5.34940154292233,-16.2640760234041));
#11210=CARTESIAN_POINT('',(0.197375042106484,5.3495730952912,-16.2656370456205));
#11211=CARTESIAN_POINT('',(0.207677306883708,5.34972198561776,-16.2673284298328));
#11212=CARTESIAN_POINT('',(0.217960675889937,5.34982870701729,-16.2691494226489));
#11213=CARTESIAN_POINT('',(0.228244044708085,5.34993542841487,-16.2709704154317));
#11214=CARTESIAN_POINT('',(0.238508513827066,5.35000000000019,-16.2729210152859));
#11215=CARTESIAN_POINT('',(0.248746859276658,5.35000000000019,-16.275));
#11216=CARTESIAN_POINT('',(0.248746859276655,5.35000000000002,-16.275));
#11217=CARTESIAN_POINT('',(-2.49999999999999,5.35000000000003,-16.275));
#11218=CARTESIAN_POINT('',(-2.49999999999999,5.25000000000003,-16.175));
#11219=CARTESIAN_POINT('',(-2.50000000000004,5.35000000000003,-19.0811947916358));
#11220=CARTESIAN_POINT('',(7.3305335795239E-15,5.35000000000002,-17.5));
#11221=CARTESIAN_POINT('',(0.593717104351898,5.35000000000001,-16.4));
#11222=CARTESIAN_POINT('',(-2.50000000000002,5.35000000000003,-16.4));
#11223=CARTESIAN_POINT('',(7.3305335795239E-15,4.4,-17.5));
#11224=CARTESIAN_POINT('',(0.593717104354024,4.97125920265539,-16.40000000001));
#11225=CARTESIAN_POINT('',(0.571636092514387,4.95628092984914,-16.40000000001));
#11226=CARTESIAN_POINT('',(0.54925137088391,4.94174264185132,-16.4));
#11227=CARTESIAN_POINT('',(0.526551883604381,4.92774556193219,-16.4));
#11228=CARTESIAN_POINT('',(0.503852418416104,4.91374849563508,-16.4));
#11229=CARTESIAN_POINT('',(0.480837532814097,4.90029209634267,-16.4000000000092));
#11230=CARTESIAN_POINT('',(0.457489955553516,4.88748767516207,-16.4000000000092));
#11231=CARTESIAN_POINT('',(0.434142498701705,4.87468332001677,-16.4000000000092));
#11232=CARTESIAN_POINT('',(0.410461355822466,4.86253033792189,-16.4));
#11233=CARTESIAN_POINT('',(0.386425631528276,4.85115315496746,-16.4));
#11234=CARTESIAN_POINT('',(0.362410761759444,4.8397858433923,-16.4));
#11235=CARTESIAN_POINT('',(0.337966705832644,4.82915665740645,-16.4000000000008));
#11236=CARTESIAN_POINT('',(0.31305327855038,4.81941751563084,-16.4000000000008));
#11237=CARTESIAN_POINT('',(0.28814998927909,4.80968233700029,-16.4000000000008));
#11238=CARTESIAN_POINT('',(0.262821626687666,4.80085831070055,-16.4000000000025));
#11239=CARTESIAN_POINT('',(0.23716798940821,4.79313650728072,-16.4000000000025));
#11240=CARTESIAN_POINT('',(0.224341476028868,4.78927569745487,-16.4000000000025));
#11241=CARTESIAN_POINT('',(0.211434448919357,4.7856901951743,-16.4000000000015));
#11242=CARTESIAN_POINT('',(0.198461400015016,4.78240059705077,-16.4000000000015));
#11243=CARTESIAN_POINT('',(0.18548834224004,4.77911099667788,-16.4000000000015));
#11244=CARTESIAN_POINT('',(0.172449467187007,4.7761173900231,-16.4000000000005));
#11245=CARTESIAN_POINT('',(0.159359960936682,4.77343715626511,-16.4000000000005));
#11246=CARTESIAN_POINT('',(0.146270422601897,4.77075691593745,-16.4000000000005));
#11247=CARTESIAN_POINT('',(0.133130514340643,4.76839012577986,-16.4));
#11248=CARTESIAN_POINT('',(0.119955392006574,4.7663503243743,-16.4));
#11249=CARTESIAN_POINT('',(0.106780207047375,4.76431051327298,-16.4));
#11250=CARTESIAN_POINT('',(0.0935701137388012,4.76259774071605,-16.4));
#11251=CARTESIAN_POINT('',(0.0803391918897479,4.76122134641114,-16.4));
#11252=CARTESIAN_POINT('',(0.0671110138315704,4.75984523753896,-16.4));
#11253=CARTESIAN_POINT('',(0.0538579614021736,4.75880410708615,-16.4));
#11254=CARTESIAN_POINT('',(0.0405447982163325,4.75810377807047,-16.4));
#11255=CARTESIAN_POINT('',(0.0272358453721079,4.75740367053667,-16.4));
#11256=CARTESIAN_POINT('',(0.0138850457880881,4.75704609007771,-16.4));
#11257=CARTESIAN_POINT('',(0.000513650144413696,4.75703717295713,-16.4));
#11258=CARTESIAN_POINT('',(-0.0128576499811395,4.75702825590025,-16.4));
#11259=CARTESIAN_POINT('',(-0.0262490519352531,4.75736805087933,-16.4));
#11260=CARTESIAN_POINT('',(-0.0396365269196898,4.75805653359072,-16.4));
#11261=CARTESIAN_POINT('',(-0.0530239530057428,4.75874501378739,-16.4));
#11262=CARTESIAN_POINT('',(-0.0664069491247904,4.75978216453986,-16.4));
#11263=CARTESIAN_POINT('',(-0.0797604702892718,4.76116135850734,-16.4));
#11264=CARTESIAN_POINT('',(-0.093113982929608,4.76254055159442,-16.4));
#11265=CARTESIAN_POINT('',(-0.106437553627468,4.76426171198781,-16.4));
#11266=CARTESIAN_POINT('',(-0.119706675046116,4.76631185691984,-16.4));
#11267=CARTESIAN_POINT('',(-0.132975822364849,4.76836200585357,-16.4));
#11268=CARTESIAN_POINT('',(-0.146190123161172,4.77074102150491,-16.4000000000001));
#11269=CARTESIAN_POINT('',(-0.159326865486912,4.77343038026489,-16.4000000000001));
#11270=CARTESIAN_POINT('',(-0.172463662899301,4.77611975030222,-16.4000000000001));
#11271=CARTESIAN_POINT('',(-0.185522592336348,4.77911932471929,-16.4));
#11272=CARTESIAN_POINT('',(-0.198483667489995,4.78240624376574,-16.4));
#11273=CARTESIAN_POINT('',(-0.211444822547513,4.78569318307575,-16.4));
#11274=CARTESIAN_POINT('',(-0.22430790388425,4.78926732699168,-16.4));
#11275=CARTESIAN_POINT('',(-0.237056275604889,4.79310288874966,-16.4));
#11276=CARTESIAN_POINT('',(-0.262530166340981,4.80076713664541,-16.4));
#11277=CARTESIAN_POINT('',(-0.287657919497241,4.8095069134084,-16.4000000000045));
#11278=CARTESIAN_POINT('',(-0.312469372690351,4.8191894524456,-16.4000000000045));
#11279=CARTESIAN_POINT('',(-0.337277710023695,4.82887077553493,-16.4000000000045));
#11280=CARTESIAN_POINT('',(-0.361755979428878,4.83949001990429,-16.4));
#11281=CARTESIAN_POINT('',(-0.385895337564821,4.85090229646054,-16.4));
#11282=CARTESIAN_POINT('',(-0.410034693133924,4.86231457180327,-16.4));
#11283=CARTESIAN_POINT('',(-0.433835562243274,4.87451984963334,-16.4));
#11284=CARTESIAN_POINT('',(-0.457288012165157,4.88737694501297,-16.4));
#11285=CARTESIAN_POINT('',(-0.480740442462943,4.90023402963429,-16.4));
#11286=CARTESIAN_POINT('',(-0.503844912066357,4.91374308195486,-16.4000000000063));
#11287=CARTESIAN_POINT('',(-0.526588142880024,4.92776792092127,-16.4000000000063));
#11288=CARTESIAN_POINT('',(-0.549331335757325,4.94179273649385,-16.4000000000063));
#11289=CARTESIAN_POINT('',(-0.571713660828897,4.95633354701747,-16.4));
#11290=CARTESIAN_POINT('',(-0.593717104351908,4.97125920269682,-16.4));
#11291=CARTESIAN_POINT('',(0.593717104351898,4.97125920269685,-16.4));
#11292=CARTESIAN_POINT('',(-0.593717104351882,4.97125920269685,-16.4));
#11293=CARTESIAN_POINT('',(7.3305335795239E-15,4.97125920269685,-17.5));
#11294=CARTESIAN_POINT('',(7.3305335795239E-15,9.7,-17.5));
#11295=CARTESIAN_POINT('',(-0.593717104351882,9.7,-16.4));
#11296=CARTESIAN_POINT('',(0.593717104351898,9.7,-16.4));
#11297=CARTESIAN_POINT('',(1.69999999999998,3.97500000000002,-19.175));
#11298=CARTESIAN_POINT('',(1.69999999999998,6.05,-24.8146830107827));
#11299=CARTESIAN_POINT('',(1.69999999999998,6.05,-15.475));
#11300=CARTESIAN_POINT('',(1.69999999999998,2.89256632606654,-16.4));
#11301=CARTESIAN_POINT('',(1.69999999999998,0.,-15.475));
#11302=CARTESIAN_POINT('',(0.,1.8,-16.275));
#11303=CARTESIAN_POINT('',(0.,1.8,-15.475));
#11304=CARTESIAN_POINT('',(0.,1.,-16.275));
#11305=CARTESIAN_POINT('',(4.,7.1,-15.475));
#11306=CARTESIAN_POINT('',(-2.5,1.65872570797066,-15.475));
#11307=CARTESIAN_POINT('',(-2.5,6.05,-15.475));
#11308=CARTESIAN_POINT('',(0.,6.05,-15.475));
#11309=CARTESIAN_POINT('',(0.,6.75,-17.5));
#11310=CARTESIAN_POINT('',(0.,6.05,-17.5));
#11311=CARTESIAN_POINT('',(1.69999999999998,6.05,-19.355));
#11312=CARTESIAN_POINT('',(-2.5,6.05,-15.));
#11313=CARTESIAN_POINT('',(-2.5,0.389997600000001,-16.));
#11314=CARTESIAN_POINT('',(-2.66453525910038E-14,3.52500000000002,-16.175));
#11315=CARTESIAN_POINT('',(-2.50000000000002,1.8,-16.175));
#11316=CARTESIAN_POINT('',(2.25000000000002,1.8,-16.275));
#11317=CARTESIAN_POINT('',(1.69999999999998,3.11463804893732,-16.4));
#11318=CARTESIAN_POINT('',(5.2,-5.2600024,-20.));
#11319=CARTESIAN_POINT('',(-2.5,0.,-20.));
#11320=CARTESIAN_POINT('',(5.3469455290045,0.,-20.));
#11321=CARTESIAN_POINT('',(-2.10000000000002,0.2,-22.5));
#11322=CARTESIAN_POINT('',(0.,0.2,-17.775));
#11323=CARTESIAN_POINT('',(7.105427357601E-15,10.6,-17.5));
#11324=CARTESIAN_POINT('',(-0.399999999999984,10.6,-12.5));
#11325=CARTESIAN_POINT('',(-0.500000000000045,0.,-16.9));
#11326=CARTESIAN_POINT('',(-0.500000000000045,0.65,-10.));
#11327=CARTESIAN_POINT('',(-0.500000000000045,0.65,-18.1));
#11328=CARTESIAN_POINT('',(-0.500000000000045,-3.886,-10.));
#11329=CARTESIAN_POINT('',(3.5,8.,-10.));
#11330=CARTESIAN_POINT('',(3.5,8.,-15.));
#11331=CARTESIAN_POINT('',(-4.8,0.389997600000001,-16.));
#11332=CARTESIAN_POINT('',(7.105427357601E-15,10.6,-17.5));
#11333=CARTESIAN_POINT('',(0.499999999999956,0.999999999999999,-17.85));
#11334=CARTESIAN_POINT('',(-0.399999999999984,10.6,-7.5));
#11335=CARTESIAN_POINT('',(-0.399999999999984,9.70000000000001,-12.5));
#11336=CARTESIAN_POINT('',(4.,1.,-19.6));
#11337=CARTESIAN_POINT('',(0.,1.,-18.725));
#11338=CARTESIAN_POINT('',(0.,1.,-17.4725560089408));
#11339=CARTESIAN_POINT('',(0.649999999999956,0.65,-17.225));
#11340=CARTESIAN_POINT('',(0.,0.2,-17.225));
#11341=CARTESIAN_POINT('',(1.34999999999996,0.2,-17.225));
#11342=CARTESIAN_POINT('',(0.,0.65,-17.225));
#11343=CARTESIAN_POINT('',(1.34999999999995,0.65,-17.225));
#11344=CARTESIAN_POINT('',(1.34999999999996,0.65,-17.225));
#11345=CARTESIAN_POINT('',(1.34999999999996,0.65,-17.225));
#11346=CARTESIAN_POINT('',(2.4,0.,-16.9));
#11347=CARTESIAN_POINT('',(2.4,0.65,-16.9));
#11348=CARTESIAN_POINT('',(1.59230769230767,0.,-17.15));
#11349=CARTESIAN_POINT('',(1.59230769230766,0.2,-17.15));
#11350=CARTESIAN_POINT('',(0.,0.2,-17.6428571428571));
#11351=CARTESIAN_POINT('',(0.2,0.65,-17.5809523809524));
#11352=CARTESIAN_POINT('',(1.34999999999996,0.65,-17.775));
#11353=CARTESIAN_POINT('',(0.,0.65,-17.775));
#11354=CARTESIAN_POINT('',(0.499999999999955,-4.6590024,-17.15));
#11355=CARTESIAN_POINT('',(4.,1.,-18.725));
#11356=CARTESIAN_POINT('',(0.,0.65,-18.1));
#11357=CARTESIAN_POINT('',(0.,0.65,-18.1));
#11358=CARTESIAN_POINT('',(0.499999999999956,0.,-17.15));
#11359=CARTESIAN_POINT('',(2.04384615384613,0.2,-17.15));
#11360=CARTESIAN_POINT('',(-2.10000000000002,0.2,-22.5));
#11361=CARTESIAN_POINT('',(-0.500000000000045,0.,-16.9));
#11362=CARTESIAN_POINT('',(-0.500000000000045,4.51399999999997,-10.));
#11363=CARTESIAN_POINT('',(-0.500000000000045,0.65,-16.9));
#11364=CARTESIAN_POINT('',(-0.500000000000045,0.65,-10.));
#11365=CARTESIAN_POINT('',(-0.500000000000045,0.65,-17.15));
#11366=CARTESIAN_POINT('',(-0.500000000000045,0.,-17.15));
#11367=CARTESIAN_POINT('',(0.499999999999955,-4.6590024,-17.15));
#11368=CARTESIAN_POINT('',(0.,0.65,-17.15));
#11369=CARTESIAN_POINT('',(4.,7.1,-19.525));
#11370=CARTESIAN_POINT('',(3.3,4.10238958199319,-19.525));
#11371=CARTESIAN_POINT('',(1.57499999999998,0.65,-16.9276785714286));
#11372=CARTESIAN_POINT('',(0.,0.65,-16.9));
#11373=CARTESIAN_POINT('',(-0.132309586641398,0.,-16.9));
#11374=CARTESIAN_POINT('',(0.,0.65,-16.9));
#11375=CARTESIAN_POINT('',(4.,1.,-19.6));
#11376=CARTESIAN_POINT('',(0.,1.,-16.275));
#11377=CARTESIAN_POINT('',(4.,0.650000000000001,-16.9));
#11378=CARTESIAN_POINT('',(-2.5,12.181374,-16.0000024));
#11379=CARTESIAN_POINT('',(-2.5,12.181374,-15.));
#11380=CARTESIAN_POINT('',(3.65,4.10238958199319,-19.6523895819932));
#11381=CARTESIAN_POINT('',(-0.273616114660535,1.8,-18.2243101055695));
#11382=CARTESIAN_POINT('',(-0.0513030214988504,5.58927156105018,-18.305225454168));
#11383=CARTESIAN_POINT('',(0.,1.8,-17.4725560089408));
#11384=CARTESIAN_POINT('',(-0.659436999999997,0.,-18.1));
#11385=CARTESIAN_POINT('',(7.105427357601E-15,9.70000000000001,-17.5));
#11386=CARTESIAN_POINT('',(1.57499999999998,0.65,-16.9276785714286));
#11387=CARTESIAN_POINT('',(0.,5.58927156105018,-18.1642715610501));
#11388=CARTESIAN_POINT('',(0.,0.,-15.));
#11389=CARTESIAN_POINT('',(-5.00000029338258,3.99999999999999,-7.41594285980085E-14));
#11390=CARTESIAN_POINT('',(4.,0.,-10.));
#11391=CARTESIAN_POINT('',(4.,8.,-10.));
#11392=CARTESIAN_POINT('',(4.,8.,-5.));
#11393=CARTESIAN_POINT('',(4.,8.,-10.));
#11394=CARTESIAN_POINT('',(4.,11.5,-5.));
#11395=CARTESIAN_POINT('',(4.,0.,-5.));
#11396=CARTESIAN_POINT('',(4.,0.,0.));
#11397=CARTESIAN_POINT('',(4.,0.,-6.9));
#11398=CARTESIAN_POINT('',(4.,-26.995163,-6.9));
#11399=CARTESIAN_POINT('',(4.,0.650000000000001,-6.9));
#11400=CARTESIAN_POINT('',(4.,4.51399999999997,0.));
#11401=CARTESIAN_POINT('',(4.,1.,-6.275));
#11402=CARTESIAN_POINT('',(4.,1.,0.));
#11403=CARTESIAN_POINT('',(4.,1.,-6.07156305399439));
#11404=CARTESIAN_POINT('',(4.,1.8,-6.07156305399439));
#11405=CARTESIAN_POINT('',(4.,1.8,-5.22022083601366));
#11406=CARTESIAN_POINT('',(4.,4.10238958199319,-5.22022083601366));
#11407=CARTESIAN_POINT('',(4.,7.20477916398638,-5.22022083601366));
#11408=CARTESIAN_POINT('',(4.,7.20477916398638,-7.5));
#11409=CARTESIAN_POINT('',(4.,7.20477916398638,-9.63882527086846));
#11410=CARTESIAN_POINT('',(4.,7.04515249811499,-9.62015249811495));
#11411=CARTESIAN_POINT('',(4.,7.06382527086849,-9.77977916398634));
#11412=CARTESIAN_POINT('',(4.,4.10238958199319,-9.77977916398634));
#11413=CARTESIAN_POINT('',(4.,1.8,-9.77977916398634));
#11414=CARTESIAN_POINT('',(4.,1.8,-8.92843694600561));
#11415=CARTESIAN_POINT('',(4.,1.,-8.92843694600561));
#11416=CARTESIAN_POINT('',(4.,1.,0.));
#11417=CARTESIAN_POINT('',(4.,1.,-8.725));
#11418=CARTESIAN_POINT('',(4.,-3.886,0.));
#11419=CARTESIAN_POINT('',(4.,0.650000000000001,-8.1));
#11420=CARTESIAN_POINT('',(4.,-26.995163,-8.1));
#11421=CARTESIAN_POINT('',(4.,0.,-8.1));
#11422=CARTESIAN_POINT('',(4.,0.,-5.));
#11423=CARTESIAN_POINT('',(4.,0.,-10.));
#11424=CARTESIAN_POINT('',(4.,11.5,-10.));
#11425=CARTESIAN_POINT('',(2.69196133106053,11.5,-5.));
#11426=CARTESIAN_POINT('',(0.,11.5,-7.5));
#11427=CARTESIAN_POINT('',(-0.925,11.5,-9.10214699700121));
#11428=CARTESIAN_POINT('',(-2.5,11.5,-10.));
#11429=CARTESIAN_POINT('',(-2.5,11.5,-5.));
#11430=CARTESIAN_POINT('',(-2.5,11.5,-10.));
#11431=CARTESIAN_POINT('',(-3.5,11.5,-5.));
#11432=CARTESIAN_POINT('',(2.69196133106053,11.5,-5.));
#11433=CARTESIAN_POINT('',(2.69196133106053,11.5,-10.));
#11434=CARTESIAN_POINT('',(2.69196133106053,11.5,-10.));
#11435=CARTESIAN_POINT('',(-3.5,11.5,-10.));
#11436=CARTESIAN_POINT('',(4.,8.,-5.));
#11437=CARTESIAN_POINT('',(4.,8.,-5.));
#11438=CARTESIAN_POINT('',(3.5,8.,-5.));
#11439=CARTESIAN_POINT('',(4.,8.,-10.));
#11440=CARTESIAN_POINT('',(3.5,8.,-10.));
#11441=CARTESIAN_POINT('',(3.5,8.,-10.));
#11442=CARTESIAN_POINT('',(-5.,0.,0.));
#11443=CARTESIAN_POINT('',(-5.,0.,-5.));
#11444=CARTESIAN_POINT('',(-3.5,0.,-5.));
#11445=CARTESIAN_POINT('',(-3.5,0.,0.));
#11446=CARTESIAN_POINT('',(-3.5,0.,-10.));
#11447=CARTESIAN_POINT('',(-5.,0.,-10.));
#11448=CARTESIAN_POINT('',(-74.42636,0.,-8.1));
#11449=CARTESIAN_POINT('',(2.4,0.,-8.1));
#11450=CARTESIAN_POINT('',(0.,0.,-7.35714285714289));
#11451=CARTESIAN_POINT('',(1.59230769230766,0.,-7.85));
#11452=CARTESIAN_POINT('',(0.,0.,-7.85));
#11453=CARTESIAN_POINT('',(0.499999999999955,0.,-7.85));
#11454=CARTESIAN_POINT('',(0.,0.,-7.85));
#11455=CARTESIAN_POINT('',(-0.500000000000045,0.,-7.85));
#11456=CARTESIAN_POINT('',(-0.500000000000045,0.,0.));
#11457=CARTESIAN_POINT('',(-0.500000000000045,0.,-7.15));
#11458=CARTESIAN_POINT('',(0.,0.,-7.15));
#11459=CARTESIAN_POINT('',(0.499999999999955,0.,-7.15));
#11460=CARTESIAN_POINT('',(0.,0.,-7.15));
#11461=CARTESIAN_POINT('',(1.59230769230766,0.,-7.15));
#11462=CARTESIAN_POINT('',(0.,0.,-7.64285714285711));
#11463=CARTESIAN_POINT('',(2.4,0.,-6.9));
#11464=CARTESIAN_POINT('',(0.,0.,-6.9));
#11465=CARTESIAN_POINT('',(4.,8.,-10.));
#11466=CARTESIAN_POINT('',(4.,8.,-5.));
#11467=CARTESIAN_POINT('',(-2.5,8.,-5.));
#11468=CARTESIAN_POINT('',(-3.5,8.,-5.));
#11469=CARTESIAN_POINT('',(-2.5,8.,-10.));
#11470=CARTESIAN_POINT('',(-2.5,8.,-10.));
#11471=CARTESIAN_POINT('',(4.,8.,-10.));
#11472=CARTESIAN_POINT('',(-3.5,8.,-10.));
#11473=CARTESIAN_POINT('',(-3.5,8.,-10.));
#11474=CARTESIAN_POINT('',(-3.5,8.,-16.0000024));
#11475=CARTESIAN_POINT('',(-3.5,-3.6,-5.));
#11476=CARTESIAN_POINT('',(-3.5,-3.6,-10.));
#11477=CARTESIAN_POINT('',(3.5,8.,-10.));
#11478=CARTESIAN_POINT('',(3.5,8.,-5.));
#11479=CARTESIAN_POINT('',(3.5,8.,-10.));
#11480=CARTESIAN_POINT('',(-2.5,12.181374,-16.0000024));
#11481=CARTESIAN_POINT('',(-2.5,12.181374,-5.));
#11482=CARTESIAN_POINT('',(-2.5,12.181374,-10.));
#11483=CARTESIAN_POINT('',(0.,6.75,-7.5));
#11484=CARTESIAN_POINT('',(0.,6.05,-7.5));
#11485=CARTESIAN_POINT('',(-0.775806032459167,6.05000000000002,-6.275));
#11486=CARTESIAN_POINT('',(0.775806032459124,6.05000000000002,-6.275));
#11487=CARTESIAN_POINT('',(-0.775806032459143,6.05000000000001,-6.275));
#11488=CARTESIAN_POINT('',(-0.761381038862786,6.05000000000001,-6.26586449220388));
#11489=CARTESIAN_POINT('',(-0.746780774099229,6.04984355747623,-6.25697509747719));
#11490=CARTESIAN_POINT('',(-0.717257761811737,6.0492678834602,-6.23970886866538));
#11491=CARTESIAN_POINT('',(-0.702335060026717,6.04884866048339,-6.23133206356278));
#11492=CARTESIAN_POINT('',(-0.672197030884072,6.04779645226557,-6.21510933498386));
#11493=CARTESIAN_POINT('',(-0.656981751889849,6.04716347921957,-6.20726343879172));
#11494=CARTESIAN_POINT('',(-0.626289904051163,6.04573144051239,-6.19211858521519));
#11495=CARTESIAN_POINT('',(-0.610813386622758,6.04493238996444,-6.18481965335955));
#11496=CARTESIAN_POINT('',(-0.579631588811095,6.04321414584672,-6.17078235078878));
#11497=CARTESIAN_POINT('',(-0.563926363881356,6.0422949695327,-6.16404400386556));
#11498=CARTESIAN_POINT('',(-0.532320516965974,6.04038027729265,-6.15113891181892));
#11499=CARTESIAN_POINT('',(-0.516419955754782,6.03938477990928,-6.14497218861531));
#11500=CARTESIAN_POINT('',(-0.48445719518015,6.03735863548483,-6.13321868348164));
#11501=CARTESIAN_POINT('',(-0.468395063233678,6.03632800727224,-6.12763192115122));
#11502=CARTESIAN_POINT('',(-0.436145468400565,6.03426986908717,-6.11704478989721));
#11503=CARTESIAN_POINT('',(-0.419958758876239,6.03324234380748,-6.11204347924117));
#11504=CARTESIAN_POINT('',(-0.387328078824381,6.03121498426107,-6.10258617523582));
#11505=CARTESIAN_POINT('',(-0.370911955210904,6.03021692783349,-6.09813906718632));
#11506=CARTESIAN_POINT('',(-0.337900243554032,6.02828393490177,-6.08981803362419));
#11507=CARTESIAN_POINT('',(-0.321304713232299,6.02734902049147,-6.0859441283887));
#11508=CARTESIAN_POINT('',(-0.287964394989948,6.02557153334349,-6.07877966747067));
#11509=CARTESIAN_POINT('',(-0.271219675179743,6.02472898227881,-6.07548913092021));
#11510=CARTESIAN_POINT('',(-0.23761256871176,6.02316178099622,-6.06949952977195));
#11511=CARTESIAN_POINT('',(-0.220750260908617,6.02243715056772,-6.0668004821265));
#11512=CARTESIAN_POINT('',(-0.186940560747111,6.02112714767036,-6.06199973486681));
#11513=CARTESIAN_POINT('',(-0.169993257440085,6.0205417915763,-6.05989804873898));
#11514=CARTESIAN_POINT('',(-0.136046640039252,6.01952702927255,-6.05629551164846));
#11515=CARTESIAN_POINT('',(-0.119047423579008,6.01909763458806,-6.05479466929864));
#11516=CARTESIAN_POINT('',(-0.0850299264186725,6.01840647422465,-6.05239485726589));
#11517=CARTESIAN_POINT('',(-0.0680117491542225,6.01814471408535,-6.05149588996285));
#11518=CARTESIAN_POINT('',(-0.0339884086909601,6.01779529082819,-6.05029846381403));
#11519=CARTESIAN_POINT('',(-0.0169833508794359,6.01770762663922,-6.05));
#11520=CARTESIAN_POINT('',(0.0169833508794288,6.01770762663922,-6.05));
#11521=CARTESIAN_POINT('',(0.0339884086909614,6.01779529082819,-6.05029846381403));
#11522=CARTESIAN_POINT('',(0.0680117491542234,6.01814471408536,-6.05149588996285));
#11523=CARTESIAN_POINT('',(0.085029926418668,6.01840647422465,-6.05239485726589));
#11524=CARTESIAN_POINT('',(0.119047423577449,6.01909763458803,-6.05479466929853));
#11525=CARTESIAN_POINT('',(0.136046640037701,6.01952702927251,-6.0562955116483));
#11526=CARTESIAN_POINT('',(0.169993257440084,6.02054179157631,-6.05989804873898));
#11527=CARTESIAN_POINT('',(0.186940560747112,6.02112714767036,-6.06199973486681));
#11528=CARTESIAN_POINT('',(0.22075026090862,6.02243715056772,-6.0668004821265));
#11529=CARTESIAN_POINT('',(0.237612568711758,6.02316178099623,-6.06949952977195));
#11530=CARTESIAN_POINT('',(0.271219675179746,6.02472898227881,-6.07548913092021));
#11531=CARTESIAN_POINT('',(0.287964394989946,6.02557153334349,-6.07877966747067));
#11532=CARTESIAN_POINT('',(0.321304713234889,6.02734902049162,-6.08594412838925));
#11533=CARTESIAN_POINT('',(0.337900243556601,6.02828393490193,-6.08981803362484));
#11534=CARTESIAN_POINT('',(0.370911955210905,6.0302169278335,-6.09813906718632));
#11535=CARTESIAN_POINT('',(0.387328078824382,6.03121498426108,-6.10258617523582));
#11536=CARTESIAN_POINT('',(0.419958758874747,6.03324234380739,-6.11204347924074));
#11537=CARTESIAN_POINT('',(0.436145468399093,6.03426986908708,-6.11704478989672));
#11538=CARTESIAN_POINT('',(0.468395063230748,6.03632800727206,-6.12763192115026));
#11539=CARTESIAN_POINT('',(0.484457195177271,6.03735863548465,-6.13321868348058));
#11540=CARTESIAN_POINT('',(0.516419955752084,6.03938477990912,-6.14497218861431));
#11541=CARTESIAN_POINT('',(0.532320516963316,6.04038027729249,-6.15113891181783));
#11542=CARTESIAN_POINT('',(0.563926363883751,6.04229496953285,-6.16404400386653));
#11543=CARTESIAN_POINT('',(0.579631588813451,6.04321414584686,-6.17078235078984));
#11544=CARTESIAN_POINT('',(0.610813386622752,6.04493238996445,-6.18481965335955));
#11545=CARTESIAN_POINT('',(0.626289904051172,6.0457314405124,-6.19211858521519));
#11546=CARTESIAN_POINT('',(0.656981751889849,6.04716347921958,-6.20726343879172));
#11547=CARTESIAN_POINT('',(0.672197030884067,6.04779645226558,-6.21510933498386));
#11548=CARTESIAN_POINT('',(0.702335060028154,6.04884866048345,-6.23133206356356));
#11549=CARTESIAN_POINT('',(0.717257761813147,6.04926788346024,-6.2397088686662));
#11550=CARTESIAN_POINT('',(0.746780774100468,6.04984355747627,-6.25697509747792));
#11551=CARTESIAN_POINT('',(0.761381038863996,6.05000000000002,-6.26586449220465));
#11552=CARTESIAN_POINT('',(0.775806032459142,6.05000000000002,-6.275));
#11553=CARTESIAN_POINT('',(1.69999999999998,6.05,-9.355));
#11554=CARTESIAN_POINT('',(0.,6.05,-5.475));
#11555=CARTESIAN_POINT('',(1.69999999999998,6.05,-5.475));
#11556=CARTESIAN_POINT('',(-2.5,6.05,-5.475));
#11557=CARTESIAN_POINT('',(-2.5,6.05,-5.));
#11558=CARTESIAN_POINT('',(-2.50000000000002,6.05000000000002,-6.275));
#11559=CARTESIAN_POINT('',(-2.50000375000002,6.05000000000002,-6.275));
#11560=CARTESIAN_POINT('',(-2.50000375000002,6.05000000000002,-6.275));
#11561=CARTESIAN_POINT('',(1.69999999999998,6.05000000000002,-6.275));
#11562=CARTESIAN_POINT('',(1.69999999999998,6.05,-14.8146830107827));
#11563=CARTESIAN_POINT('',(-2.5,0.389997600000001,-6.));
#11564=CARTESIAN_POINT('',(-2.5,5.25000000000003,-6.275));
#11565=CARTESIAN_POINT('',(-2.50000000000002,5.25000000000003,-5.47500000000001));
#11566=CARTESIAN_POINT('',(-2.5,1.65872570797066,-5.475));
#11567=CARTESIAN_POINT('',(-2.66453525910038E-14,3.52500000000002,-6.175));
#11568=CARTESIAN_POINT('',(-2.50000000000002,2.89256632606654,-6.175));
#11569=CARTESIAN_POINT('',(-2.50000000000002,1.8,-6.175));
#11570=CARTESIAN_POINT('',(-2.50000000000002,5.25000000000003,-6.175));
#11571=CARTESIAN_POINT('',(-2.49999999999999,5.25000000000003,-6.175));
#11572=CARTESIAN_POINT('',(2.25,5.25000000000003,-6.175));
#11573=CARTESIAN_POINT('',(2.25000000000003,0.338414385035249,-6.175));
#11574=CARTESIAN_POINT('',(2.25,4.99773623330457,-6.175));
#11575=CARTESIAN_POINT('',(2.45,4.99773623330457,-6.175));
#11576=CARTESIAN_POINT('',(2.35,4.82453115254768,-6.175));
#11577=CARTESIAN_POINT('',(-0.0690022210232937,6.22114273602589,-6.175));
#11578=CARTESIAN_POINT('',(2.4,4.7956636390882,-6.175));
#11579=CARTESIAN_POINT('',(2.3,4.62245855833131,-6.175));
#11580=CARTESIAN_POINT('',(2.49999999999998,4.62245855833131,-6.175));
#11581=CARTESIAN_POINT('',(2.49999999999998,2.01053106975139,-6.175));
#11582=CARTESIAN_POINT('',(2.49999999999998,1.8,-6.175));
#11583=CARTESIAN_POINT('',(-2.50000000000002,1.8,-6.175));
#11584=CARTESIAN_POINT('',(2.25000000000002,1.8,-6.275));
#11585=CARTESIAN_POINT('',(2.49999999999998,1.8,-6.275));
#11586=CARTESIAN_POINT('',(2.49999999999998,1.7,-6.275));
#11587=CARTESIAN_POINT('',(-2.50003000000002,1.7,-6.275));
#11588=CARTESIAN_POINT('',(-2.50000000000002,1.7,-6.275));
#11589=CARTESIAN_POINT('',(-2.50000000000002,1.8,-6.275));
#11590=CARTESIAN_POINT('',(1.69999999999998,3.11463804893732,-6.4));
#11591=CARTESIAN_POINT('',(-2.50000000000002,2.89256632606654,-6.4));
#11592=CARTESIAN_POINT('',(-2.50000000000002,5.35000000000003,-6.4));
#11593=CARTESIAN_POINT('',(-2.50000000000002,4.90653280914477,-6.4));
#11594=CARTESIAN_POINT('',(-2.50000000000002,4.90653280914477,-6.4));
#11595=CARTESIAN_POINT('',(-0.539618790675156,3.57286583915202,-6.4));
#11596=CARTESIAN_POINT('',(0.0228664934658003,4.39967313539757,-6.4));
#11597=CARTESIAN_POINT('',(0.697172922394382,3.66122148504692,-6.4));
#11598=CARTESIAN_POINT('',(-9.51530668877807,-5.66415635634005,-6.4));
#11599=CARTESIAN_POINT('',(2.43486128578567,5.24796644573965,-6.4));
#11600=CARTESIAN_POINT('',(2.29999999999996,5.39565677580978,-6.4));
#11601=CARTESIAN_POINT('',(2.49999999999996,5.39565677580979,-6.4));
#11602=CARTESIAN_POINT('',(2.50000000000004,2.37963007209157,-6.4));
#11603=CARTESIAN_POINT('',(2.49999999999994,6.05,-6.4));
#11604=CARTESIAN_POINT('',(2.29999999999994,6.05,-6.4));
#11605=CARTESIAN_POINT('',(2.29999999999994,6.25,-6.4));
#11606=CARTESIAN_POINT('',(-2.50000000000002,6.25000000000003,-6.4));
#11607=CARTESIAN_POINT('',(1.69999999999998,6.25,-6.4));
#11608=CARTESIAN_POINT('',(1.69999999999998,2.89256632606654,-6.4));
#11609=CARTESIAN_POINT('',(1.69999999999998,6.05,-6.4));
#11610=CARTESIAN_POINT('',(-2.50000000000002,6.05,-6.4));
#11611=CARTESIAN_POINT('',(2.24999999999999,6.05,-6.4));
#11612=CARTESIAN_POINT('',(2.24999999999999,2.89256632606654,-6.4));
#11613=CARTESIAN_POINT('',(2.24999999999996,5.35,-6.4));
#11614=CARTESIAN_POINT('',(-2.50000000000002,5.35000000000003,-6.4));
#11615=CARTESIAN_POINT('',(0.593717104351898,5.35000000000001,-6.4));
#11616=CARTESIAN_POINT('',(0.593717104351898,9.7,-6.4));
#11617=CARTESIAN_POINT('',(0.593717104351898,4.97125920269685,-6.4));
#11618=CARTESIAN_POINT('',(0.593717104354024,4.97125920265539,-6.40000000001004));
#11619=CARTESIAN_POINT('',(0.57163609251439,4.95628092984915,-6.40000000001004));
#11620=CARTESIAN_POINT('',(0.549251370883909,4.94174264185131,-6.4));
#11621=CARTESIAN_POINT('',(0.526551883604383,4.92774556193218,-6.4));
#11622=CARTESIAN_POINT('',(0.503852418416105,4.91374849563508,-6.4));
#11623=CARTESIAN_POINT('',(0.480837532814096,4.90029209634267,-6.40000000000917));
#11624=CARTESIAN_POINT('',(0.457489955553515,4.88748767516207,-6.40000000000917));
#11625=CARTESIAN_POINT('',(0.434142498701707,4.87468332001678,-6.40000000000917));
#11626=CARTESIAN_POINT('',(0.410461355822464,4.86253033792189,-6.40000000000004));
#11627=CARTESIAN_POINT('',(0.386425631528277,4.85115315496746,-6.40000000000004));
#11628=CARTESIAN_POINT('',(0.362410761759447,4.8397858433923,-6.40000000000004));
#11629=CARTESIAN_POINT('',(0.337966705832643,4.82915665740645,-6.40000000000078));
#11630=CARTESIAN_POINT('',(0.31305327855038,4.81941751563084,-6.40000000000078));
#11631=CARTESIAN_POINT('',(0.288149989279088,4.80968233700029,-6.40000000000078));
#11632=CARTESIAN_POINT('',(0.262821626687669,4.80085831070055,-6.40000000000249));
#11633=CARTESIAN_POINT('',(0.237167989408209,4.79313650728072,-6.40000000000249));
#11634=CARTESIAN_POINT('',(0.224341476028867,4.78927569745487,-6.40000000000249));
#11635=CARTESIAN_POINT('',(0.211434448919358,4.7856901951743,-6.40000000000151));
#11636=CARTESIAN_POINT('',(0.198461400015016,4.78240059705077,-6.40000000000151));
#11637=CARTESIAN_POINT('',(0.185488342240039,4.77911099667788,-6.40000000000151));
#11638=CARTESIAN_POINT('',(0.172449467187007,4.7761173900231,-6.40000000000047));
#11639=CARTESIAN_POINT('',(0.159359960936682,4.77343715626511,-6.40000000000047));
#11640=CARTESIAN_POINT('',(0.146270422601894,4.77075691593745,-6.40000000000047));
#11641=CARTESIAN_POINT('',(0.133130514340645,4.76839012577986,-6.40000000000005));
#11642=CARTESIAN_POINT('',(0.119955392006573,4.7663503243743,-6.40000000000005));
#11643=CARTESIAN_POINT('',(0.106780207047375,4.76431051327298,-6.40000000000005));
#11644=CARTESIAN_POINT('',(0.0935701137388018,4.76259774071605,-6.4));
#11645=CARTESIAN_POINT('',(0.0803391918897477,4.76122134641114,-6.4));
#11646=CARTESIAN_POINT('',(0.067111013837325,4.75984523753956,-6.4));
#11647=CARTESIAN_POINT('',(0.0538579614079532,4.75880410708645,-6.4));
#11648=CARTESIAN_POINT('',(0.0405447982163325,4.75810377807047,-6.4));
#11649=CARTESIAN_POINT('',(0.0272358453721069,4.75740367053667,-6.4));
#11650=CARTESIAN_POINT('',(0.0138850457880889,4.75704609007771,-6.4));
#11651=CARTESIAN_POINT('',(0.000513650144413696,4.75703717295713,-6.4));
#11652=CARTESIAN_POINT('',(-0.0128576499800775,4.75702825590025,-6.4));
#11653=CARTESIAN_POINT('',(-0.0262490519341894,4.75736805087928,-6.4));
#11654=CARTESIAN_POINT('',(-0.0396365269196897,4.75805653359072,-6.4));
#11655=CARTESIAN_POINT('',(-0.0530239530057436,4.75874501378739,-6.4));
#11656=CARTESIAN_POINT('',(-0.066406949124789,4.75978216453986,-6.4));
#11657=CARTESIAN_POINT('',(-0.0797604702892719,4.76116135850734,-6.4));
#11658=CARTESIAN_POINT('',(-0.0931139829296074,4.76254055159443,-6.4));
#11659=CARTESIAN_POINT('',(-0.106437553627469,4.76426171198781,-6.40000000000004));
#11660=CARTESIAN_POINT('',(-0.119706675046115,4.76631185691984,-6.40000000000004));
#11661=CARTESIAN_POINT('',(-0.132975822364849,4.76836200585357,-6.40000000000004));
#11662=CARTESIAN_POINT('',(-0.146190123161172,4.77074102150491,-6.40000000000007));
#11663=CARTESIAN_POINT('',(-0.159326865486913,4.77343038026488,-6.40000000000007));
#11664=CARTESIAN_POINT('',(-0.172463662899303,4.77611975030222,-6.40000000000007));
#11665=CARTESIAN_POINT('',(-0.185522592336347,4.77911932471929,-6.40000000000004));
#11666=CARTESIAN_POINT('',(-0.198483667489995,4.78240624376574,-6.40000000000004));
#11667=CARTESIAN_POINT('',(-0.211444822547514,4.78569318307575,-6.40000000000004));
#11668=CARTESIAN_POINT('',(-0.224307903884248,4.78926732699168,-6.4));
#11669=CARTESIAN_POINT('',(-0.237056275604889,4.79310288874966,-6.4));
#11670=CARTESIAN_POINT('',(-0.26253016634098,4.8007671366454,-6.4));
#11671=CARTESIAN_POINT('',(-0.287657919497243,4.8095069134084,-6.40000000000447));
#11672=CARTESIAN_POINT('',(-0.31246937269035,4.8191894524456,-6.40000000000447));
#11673=CARTESIAN_POINT('',(-0.337277710023697,4.82887077553493,-6.40000000000447));
#11674=CARTESIAN_POINT('',(-0.361755979428878,4.83949001990429,-6.4));
#11675=CARTESIAN_POINT('',(-0.385895337564821,4.85090229646054,-6.4));
#11676=CARTESIAN_POINT('',(-0.410034693133925,4.86231457180327,-6.4));
#11677=CARTESIAN_POINT('',(-0.433835562243273,4.87451984963334,-6.4));
#11678=CARTESIAN_POINT('',(-0.457288012165157,4.88737694501297,-6.4));
#11679=CARTESIAN_POINT('',(-0.480740442462942,4.90023402963429,-6.4));
#11680=CARTESIAN_POINT('',(-0.503844912066359,4.91374308195486,-6.40000000000627));
#11681=CARTESIAN_POINT('',(-0.526588142880025,4.92776792092127,-6.40000000000627));
#11682=CARTESIAN_POINT('',(-0.549331335757324,4.94179273649385,-6.40000000000627));
#11683=CARTESIAN_POINT('',(-0.571713660828902,4.95633354701747,-6.40000000000002));
#11684=CARTESIAN_POINT('',(-0.593717104351908,4.97125920269682,-6.40000000000002));
#11685=CARTESIAN_POINT('',(-0.593717104351882,4.97125920269685,-6.4));
#11686=CARTESIAN_POINT('',(-0.593717104351882,9.7,-6.4));
#11687=CARTESIAN_POINT('',(-0.593717104351882,5.35000000000002,-6.4));
#11688=CARTESIAN_POINT('',(-2.50000000000002,5.35000000000003,-6.4));
#11689=CARTESIAN_POINT('',(2.38486128578568,5.20230966992987,-9.525));
#11690=CARTESIAN_POINT('',(2.43486128578567,5.24796644573965,-9.525));
#11691=CARTESIAN_POINT('',(2.43486128578567,5.24796644573965,-8.6));
#11692=CARTESIAN_POINT('',(0.697172922394378,3.66122148504692,-9.525));
#11693=CARTESIAN_POINT('',(0.697172922394386,3.66122148504693,-8.6));
#11694=CARTESIAN_POINT('',(-9.51530668877807,-5.66415635634005,-8.6));
#11695=CARTESIAN_POINT('',(-0.539618790675156,3.57286583915202,-9.525));
#11696=CARTESIAN_POINT('',(-0.539618790675156,3.57286583915202,-9.525));
#11697=CARTESIAN_POINT('',(-0.539618790675156,3.57286583915202,-8.6));
#11698=CARTESIAN_POINT('',(-2.50000000000002,4.90653280914477,-14.8146830107827));
#11699=CARTESIAN_POINT('',(-2.50000000000002,4.90653280914477,-8.6));
#11700=CARTESIAN_POINT('',(-2.50000000000002,4.90653280914477,-8.6));
#11701=CARTESIAN_POINT('',(0.0228664934658003,4.39967313539756,-9.525));
#11702=CARTESIAN_POINT('',(0.0228664934658003,4.39967313539757,-8.6));
#11703=CARTESIAN_POINT('',(-2.8,4.,-5.));
#11704=CARTESIAN_POINT('',(-2.8,5.6,0.));
#11705=CARTESIAN_POINT('',(-2.8,5.6,-9.));
#11706=CARTESIAN_POINT('',(-2.8,5.6,-6.));
#11707=CARTESIAN_POINT('',(-2.8,0.,-6.));
#11708=CARTESIAN_POINT('',(-2.8,1.65,-6.));
#11709=CARTESIAN_POINT('',(-2.8,1.65,0.));
#11710=CARTESIAN_POINT('',(-2.8,1.65,-9.));
#11711=CARTESIAN_POINT('',(-2.8,0.,-9.));
#11712=CARTESIAN_POINT('',(-2.50000000000002,1.65,-6.));
#11713=CARTESIAN_POINT('',(0.,1.65,-6.));
#11714=CARTESIAN_POINT('',(-2.50000000000002,1.65,-6.));
#11715=CARTESIAN_POINT('',(-2.50000000000002,1.65,0.));
#11716=CARTESIAN_POINT('',(-2.50000000000002,1.65,-9.));
#11717=CARTESIAN_POINT('',(0.,1.65,-9.));
#11718=CARTESIAN_POINT('',(-4.8,0.389997600000001,-6.));
#11719=CARTESIAN_POINT('',(0.,5.6,-6.));
#11720=CARTESIAN_POINT('',(-2.50000000000002,5.6,-6.));
#11721=CARTESIAN_POINT('',(-2.50000000000002,0.,-6.));
#11722=CARTESIAN_POINT('',(-2.8,5.6,-6.));
#11723=CARTESIAN_POINT('',(0.,5.6,-9.));
#11724=CARTESIAN_POINT('',(-2.50000000000002,5.6,-9.));
#11725=CARTESIAN_POINT('',(-2.50000000000002,5.6,0.));
#11726=CARTESIAN_POINT('',(-2.50000000000002,-2.05433627811555,-10.1865856149648));
#11727=CARTESIAN_POINT('',(-2.50000000000002,1.7,-14.8146830107827));
#11728=CARTESIAN_POINT('',(-2.50000000000002,1.7,-8.725));
#11729=CARTESIAN_POINT('',(-2.50000000000002,1.79999999999997,-8.72500000000009));
#11730=CARTESIAN_POINT('',(-2.50000000000002,1.8,-8.825));
#11731=CARTESIAN_POINT('',(-2.50000000000002,2.89256632606654,-8.825));
#11732=CARTESIAN_POINT('',(-2.50000000000002,5.35000000000003,-8.825));
#11733=CARTESIAN_POINT('',(-2.50000000000002,5.35,-5.46756632606651));
#11734=CARTESIAN_POINT('',(-2.50000000000002,5.35000000000003,-8.6));
#11735=CARTESIAN_POINT('',(-2.50000000000002,2.89256632606654,-8.6));
#11736=CARTESIAN_POINT('',(-2.50000000000002,5.35,-5.46756632606651));
#11737=CARTESIAN_POINT('',(-2.50000000000002,5.35000000000003,-6.275));
#11738=CARTESIAN_POINT('',(-2.50000000000002,5.25000000000008,-6.275));
#11739=CARTESIAN_POINT('',(-2.50000000000002,0.,-9.));
#11740=CARTESIAN_POINT('',(-2.50000000000002,1.7,1.175));
#11741=CARTESIAN_POINT('',(2.49999999999998,1.7,-14.8146830107827));
#11742=CARTESIAN_POINT('',(2.49999999999998,1.7,-8.725));
#11743=CARTESIAN_POINT('',(0.499999999999955,1.7,-8.725));
#11744=CARTESIAN_POINT('',(2.49999999999998,7.61158561496481,-22.2074336739335));
#11745=CARTESIAN_POINT('',(2.5,4.62245855833131,-5.4049976));
#11746=CARTESIAN_POINT('',(2.5,4.62245855833131,-5.475));
#11747=CARTESIAN_POINT('',(2.49999999999998,0.,-5.475));
#11748=CARTESIAN_POINT('',(2.49999999999998,1.8,-5.475));
#11749=CARTESIAN_POINT('',(2.49999999999998,1.8,-6.275));
#11750=CARTESIAN_POINT('',(2.49999999999998,0.999999999999998,-6.275));
#11751=CARTESIAN_POINT('',(2.49999999999998,1.,0.));
#11752=CARTESIAN_POINT('',(2.49999999999998,0.999999999999998,-8.725));
#11753=CARTESIAN_POINT('',(2.49999999999998,1.8,-8.725));
#11754=CARTESIAN_POINT('',(2.49999999999998,1.8,-9.525));
#11755=CARTESIAN_POINT('',(2.49999999999998,0.,-9.525));
#11756=CARTESIAN_POINT('',(2.49999999999998,6.15000000000003,-9.525));
#11757=CARTESIAN_POINT('',(2.49999999999998,6.15000000000003,-8.72499999999999));
#11758=CARTESIAN_POINT('',(2.49999999999998,6.95000000000003,-8.72499999999999));
#11759=CARTESIAN_POINT('',(2.49999999999998,6.95000000000003,-5.));
#11760=CARTESIAN_POINT('',(2.49999999999998,6.95000000000003,-5.475));
#11761=CARTESIAN_POINT('',(2.49999999999998,0.,-5.475));
#11762=CARTESIAN_POINT('',(2.49999999999998,6.25000000000003,-5.475));
#11763=CARTESIAN_POINT('',(2.49999999999998,6.25000000000003,-14.8146830107827));
#11764=CARTESIAN_POINT('',(2.49999999999998,6.25000000000003,-8.725));
#11765=CARTESIAN_POINT('',(2.49999999999998,6.15000000000003,-8.725));
#11766=CARTESIAN_POINT('',(2.49999999999998,6.15000000000003,-8.825));
#11767=CARTESIAN_POINT('',(2.49999999999998,7.36974942661361,-8.825));
#11768=CARTESIAN_POINT('',(2.49999999999998,1.8,-8.825));
#11769=CARTESIAN_POINT('',(2.49999999999998,1.8,-8.725));
#11770=CARTESIAN_POINT('',(0.649999999999956,0.65,-7.225));
#11771=CARTESIAN_POINT('',(0.,0.2,-7.225));
#11772=CARTESIAN_POINT('',(0.499999999999955,0.2,-7.225));
#11773=CARTESIAN_POINT('',(1.34999999999996,0.2,-7.225));
#11774=CARTESIAN_POINT('',(0.499999999999956,0.65,-7.225));
#11775=CARTESIAN_POINT('',(0.499999999999955,0.65,-7.225));
#11776=CARTESIAN_POINT('',(0.,0.65,-7.225));
#11777=CARTESIAN_POINT('',(1.34999999999995,0.65,-7.225));
#11778=CARTESIAN_POINT('',(1.34999999999996,0.65,-7.225));
#11779=CARTESIAN_POINT('',(1.34999999999996,0.65,-7.225));
#11780=CARTESIAN_POINT('',(2.4,0.,-6.9));
#11781=CARTESIAN_POINT('',(2.4,0.65,-6.9));
#11782=CARTESIAN_POINT('',(1.59230769230767,0.,-7.15));
#11783=CARTESIAN_POINT('',(1.59230769230766,0.2,-7.15));
#11784=CARTESIAN_POINT('',(0.,0.2,-7.64285714285711));
#11785=CARTESIAN_POINT('',(0.2,0.65,-7.58095238095235));
#11786=CARTESIAN_POINT('',(-4.44089209850063E-14,-3.1,-14.8146830107827));
#11787=CARTESIAN_POINT('',(-4.44089209850063E-14,-3.1,-7.15));
#11788=CARTESIAN_POINT('',(-0.500000000000044,-3.1,-7.15));
#11789=CARTESIAN_POINT('',(0.499999999999955,-3.1,-7.15));
#11790=CARTESIAN_POINT('',(-0.500000000000044,-3.1,-7.850006));
#11791=CARTESIAN_POINT('',(-0.500000000000044,-3.1,-7.85));
#11792=CARTESIAN_POINT('',(-4.44089209850063E-14,-3.1,-7.85));
#11793=CARTESIAN_POINT('',(0.499999999999955,-3.1,-7.85));
#11794=CARTESIAN_POINT('',(0.499999999999956,-3.1,-7.850006));
#11795=CARTESIAN_POINT('',(0.499999999999955,-4.6590024,-7.15));
#11796=CARTESIAN_POINT('',(-0.500000000000045,2.89256632606654,-7.15));
#11797=CARTESIAN_POINT('',(0.499999999999956,2.89256632606654,-7.15));
#11798=CARTESIAN_POINT('',(-0.500000000000045,-4.6590024,-7.15));
#11799=CARTESIAN_POINT('',(-0.500000000000045,2.89256632606654,-7.85));
#11800=CARTESIAN_POINT('',(0.4,10.6,2.5));
#11801=CARTESIAN_POINT('',(0.4,9.70000000000001,-2.5));
#11802=CARTESIAN_POINT('',(0.4,9.70000000000001,-5.69376081318116));
#11803=CARTESIAN_POINT('',(0.400000000000001,9.70000000000001,-9.30623918681884));
#11804=CARTESIAN_POINT('',(0.4,11.5,-5.69376081318116));
#11805=CARTESIAN_POINT('',(0.4,10.6,-5.69376081318116));
#11806=CARTESIAN_POINT('',(0.4,10.6,-2.5));
#11807=CARTESIAN_POINT('',(0.400000000000001,10.6,-9.30623918681884));
#11808=CARTESIAN_POINT('',(0.400000000000001,11.5,-9.30623918681884));
#11809=CARTESIAN_POINT('',(7.105427357601E-15,10.6,-7.5));
#11810=CARTESIAN_POINT('',(0.,10.6,-7.5));
#11811=CARTESIAN_POINT('',(7.105427357601E-15,9.70000000000001,-7.5));
#11812=CARTESIAN_POINT('',(0.,9.70000000000001,-7.5));
#11813=CARTESIAN_POINT('',(-0.399999999999984,9.70000000000001,-5.69376081318115));
#11814=CARTESIAN_POINT('',(0.,9.70000000000001,-7.5));
#11815=CARTESIAN_POINT('',(-0.399999999999983,9.70000000000001,-9.30623918681885));
#11816=CARTESIAN_POINT('',(-0.399999999999984,9.70000000000001,-2.5));
#11817=CARTESIAN_POINT('',(-0.399999999999984,10.6,2.5));
#11818=CARTESIAN_POINT('',(-0.399999999999984,11.5,-5.69376081318115));
#11819=CARTESIAN_POINT('',(-0.399999999999984,10.6,-5.69376081318115));
#11820=CARTESIAN_POINT('',(-0.399999999999983,11.5,-9.30623918681885));
#11821=CARTESIAN_POINT('',(-0.399999999999983,10.6,-9.30623918681885));
#11822=CARTESIAN_POINT('',(-0.399999999999984,10.6,-2.5));
#11823=CARTESIAN_POINT('',(7.105427357601E-15,10.6,-7.5));
#11824=CARTESIAN_POINT('',(0.,10.6,-7.5));
#11825=CARTESIAN_POINT('',(0.,11.5,-7.5));
#11826=CARTESIAN_POINT('',(0.499999999999956,0.,-7.15));
#11827=CARTESIAN_POINT('',(0.499999999999956,0.,-7.15));
#11828=CARTESIAN_POINT('',(0.499999999999955,0.2,-7.15));
#11829=CARTESIAN_POINT('',(2.04384615384613,0.2,-7.15));
#11830=CARTESIAN_POINT('',(-2.10000000000002,0.2,-12.5));
#11831=CARTESIAN_POINT('',(0.499999999999956,0.2,-7.1));
#11832=CARTESIAN_POINT('',(-0.500000000000045,0.,-6.9));
#11833=CARTESIAN_POINT('',(-0.500000000000045,0.999999999999998,0.));
#11834=CARTESIAN_POINT('',(-0.500000000000045,0.999999999999999,-6.275));
#11835=CARTESIAN_POINT('',(-0.500000000000045,0.999999999999998,-7.15));
#11836=CARTESIAN_POINT('',(-0.500000000000045,4.51399999999997,0.));
#11837=CARTESIAN_POINT('',(-0.500000000000045,0.65,-6.9));
#11838=CARTESIAN_POINT('',(-0.500000000000045,0.65,0.));
#11839=CARTESIAN_POINT('',(-0.500000000000045,0.65,-7.15));
#11840=CARTESIAN_POINT('',(-0.500000000000045,0.,-7.15));
#11841=CARTESIAN_POINT('',(0.499999999999955,-4.6590024,-7.15));
#11842=CARTESIAN_POINT('',(0.,0.999999999999998,-7.15));
#11843=CARTESIAN_POINT('',(0.499999999999955,0.999999999999998,-7.15));
#11844=CARTESIAN_POINT('',(0.,0.65,-7.15));
#11845=CARTESIAN_POINT('',(0.499999999999955,0.65,-7.15));
#11846=CARTESIAN_POINT('',(0.499999999999956,2.89256632606654,-7.15));
#11847=CARTESIAN_POINT('',(0.499999999999955,-4.65900240000001,-8.02539081872033));
#11848=CARTESIAN_POINT('',(0.499999999999955,0.999999999999998,0.));
#11849=CARTESIAN_POINT('',(0.499999999999955,0.999999999999998,-7.85));
#11850=CARTESIAN_POINT('',(0.499999999999955,0.65,-5.));
#11851=CARTESIAN_POINT('',(0.499999999999955,2.89256632606654,-7.85));
#11852=CARTESIAN_POINT('',(0.499999999999956,0.,-7.85));
#11853=CARTESIAN_POINT('',(0.499999999999955,0.2,-7.85));
#11854=CARTESIAN_POINT('',(0.499999999999956,0.2,-7.1));
#11855=CARTESIAN_POINT('',(0.499999999999955,0.2,-7.775));
#11856=CARTESIAN_POINT('',(0.499999999999955,0.65,-7.775));
#11857=CARTESIAN_POINT('',(0.499999999999955,0.65,-7.775));
#11858=CARTESIAN_POINT('',(0.499999999999956,0.65,-5.));
#11859=CARTESIAN_POINT('',(0.499999999999955,0.65,-7.85));
#11860=CARTESIAN_POINT('',(0.499999999999955,2.89256632606654,-7.85));
#11861=CARTESIAN_POINT('',(1.57499999999998,0.65,-6.92767857142857));
#11862=CARTESIAN_POINT('',(0.,0.65,-6.9));
#11863=CARTESIAN_POINT('',(-0.132309586641398,0.,-6.9));
#11864=CARTESIAN_POINT('',(0.,0.65,-6.9));
#11865=CARTESIAN_POINT('',(4.,1.,-9.6));
#11866=CARTESIAN_POINT('',(0.,1.,-6.275));
#11867=CARTESIAN_POINT('',(3.44106158456677,1.,-6.275));
#11868=CARTESIAN_POINT('',(0.,1.,-7.5274439910592));
#11869=CARTESIAN_POINT('',(4.,0.650000000000001,-6.9));
#11870=CARTESIAN_POINT('',(4.,1.,-6.275));
#11871=CARTESIAN_POINT('',(0.,1.,-6.275));
#11872=CARTESIAN_POINT('',(-3.95130634301441,0.999999999999998,-6.61982857685563));
#11873=CARTESIAN_POINT('',(0.,0.999999999999998,-7.85));
#11874=CARTESIAN_POINT('',(-0.500000000000045,0.999999999999998,-7.85));
#11875=CARTESIAN_POINT('',(-0.500000000000045,0.999999999999998,0.));
#11876=CARTESIAN_POINT('',(-0.500000000000045,0.999999999999998,-8.725));
#11877=CARTESIAN_POINT('',(4.,1.,-8.725));
#11878=CARTESIAN_POINT('',(4.,1.,-8.725));
#11879=CARTESIAN_POINT('',(0.,1.,-8.725));
#11880=CARTESIAN_POINT('',(3.44106158456677,1.,-8.725));
#11881=CARTESIAN_POINT('',(0.,1.,-8.725));
#11882=CARTESIAN_POINT('',(-0.500000000000045,-3.886,0.));
#11883=CARTESIAN_POINT('',(-0.500000000000045,0.65,-8.1));
#11884=CARTESIAN_POINT('',(0.,0.65,-8.1));
#11885=CARTESIAN_POINT('',(2.4,0.65,-8.1));
#11886=CARTESIAN_POINT('',(0.,0.65,-8.1));
#11887=CARTESIAN_POINT('',(4.,1.,-9.6));
#11888=CARTESIAN_POINT('',(0.,1.,-7.4725560089408));
#11889=CARTESIAN_POINT('',(0.,1.8,-8.725));
#11890=CARTESIAN_POINT('',(3.44106158456677,1.8,-8.725));
#11891=CARTESIAN_POINT('',(3.3,1.8,-9.525));
#11892=CARTESIAN_POINT('',(0.,1.8,-9.525));
#11893=CARTESIAN_POINT('',(-2.5,0.389997600000001,-9.));
#11894=CARTESIAN_POINT('',(-2.79125386128577,3.15341599999985,-8.6));
#11895=CARTESIAN_POINT('',(-2.50000000000002,5.35000000000003,-8.6));
#11896=CARTESIAN_POINT('',(-0.593717104351894,5.35000000000002,-8.6));
#11897=CARTESIAN_POINT('',(-0.593717104351894,9.7,-8.6));
#11898=CARTESIAN_POINT('',(-0.593717104351894,4.97125920269685,-8.6));
#11899=CARTESIAN_POINT('',(-0.593717104354021,4.97125920265539,-8.59999999998996));
#11900=CARTESIAN_POINT('',(-0.571636092514385,4.95628092984914,-8.59999999998996));
#11901=CARTESIAN_POINT('',(-0.549251370883905,4.94174264185131,-8.6));
#11902=CARTESIAN_POINT('',(-0.526551883604379,4.92774556193218,-8.6));
#11903=CARTESIAN_POINT('',(-0.503852418416102,4.91374849563508,-8.6));
#11904=CARTESIAN_POINT('',(-0.480837532814088,4.90029209634267,-8.59999999999082));
#11905=CARTESIAN_POINT('',(-0.45748995555351,4.88748767516206,-8.59999999999082));
#11906=CARTESIAN_POINT('',(-0.434142498701702,4.87468332001677,-8.59999999999082));
#11907=CARTESIAN_POINT('',(-0.410461355822458,4.86253033792188,-8.59999999999996));
#11908=CARTESIAN_POINT('',(-0.386425631528271,4.85115315496745,-8.59999999999996));
#11909=CARTESIAN_POINT('',(-0.362410761759438,4.83978584339229,-8.59999999999996));
#11910=CARTESIAN_POINT('',(-0.337966705832637,4.82915665740645,-8.59999999999921));
#11911=CARTESIAN_POINT('',(-0.313053278550371,4.81941751563083,-8.59999999999921));
#11912=CARTESIAN_POINT('',(-0.28814998927908,4.80968233700028,-8.59999999999921));
#11913=CARTESIAN_POINT('',(-0.262821626687658,4.80085831070054,-8.59999999999751));
#11914=CARTESIAN_POINT('',(-0.237167989408199,4.79313650728071,-8.59999999999751));
#11915=CARTESIAN_POINT('',(-0.224341476028859,4.78927569745486,-8.59999999999751));
#11916=CARTESIAN_POINT('',(-0.211434448919347,4.7856901951743,-8.59999999999849));
#11917=CARTESIAN_POINT('',(-0.198461400015005,4.78240059705076,-8.59999999999849));
#11918=CARTESIAN_POINT('',(-0.185488342240026,4.77911099667787,-8.59999999999849));
#11919=CARTESIAN_POINT('',(-0.172449467186997,4.77611739002309,-8.59999999999953));
#11920=CARTESIAN_POINT('',(-0.15935996093667,4.7734371562651,-8.59999999999953));
#11921=CARTESIAN_POINT('',(-0.146270422601884,4.77075691593744,-8.59999999999953));
#11922=CARTESIAN_POINT('',(-0.133130514340632,4.76839012577985,-8.59999999999995));
#11923=CARTESIAN_POINT('',(-0.119955392006561,4.76635032437429,-8.59999999999995));
#11924=CARTESIAN_POINT('',(-0.106780207047362,4.76431051327297,-8.59999999999995));
#11925=CARTESIAN_POINT('',(-0.0935701137387886,4.76259774071604,-8.6));
#11926=CARTESIAN_POINT('',(-0.0803391918897344,4.76122134641113,-8.6));
#11927=CARTESIAN_POINT('',(-0.0671110138373109,4.75984523753954,-8.6));
#11928=CARTESIAN_POINT('',(-0.053857961407939,4.75880410708644,-8.6));
#11929=CARTESIAN_POINT('',(-0.040544798216318,4.75810377807046,-8.6));
#11930=CARTESIAN_POINT('',(-0.0272358453720928,4.75740367053666,-8.6));
#11931=CARTESIAN_POINT('',(-0.0138850457880736,4.7570460900777,-8.6));
#11932=CARTESIAN_POINT('',(-0.000513650144398391,4.75703717295712,-8.6));
#11933=CARTESIAN_POINT('',(0.0128576499811554,4.75702825590024,-8.6));
#11934=CARTESIAN_POINT('',(0.0262490519352687,4.75736805087932,-8.6));
#11935=CARTESIAN_POINT('',(0.0396365269197058,4.75805653359071,-8.6));
#11936=CARTESIAN_POINT('',(0.0530239530005714,4.75874501378711,-8.6));
#11937=CARTESIAN_POINT('',(0.0664069491196402,4.75978216453932,-8.59999999999999));
#11938=CARTESIAN_POINT('',(0.0797604702892888,4.76116135850733,-8.59999999999999));
#11939=CARTESIAN_POINT('',(0.0931139829296254,4.76254055159442,-8.59999999999999));
#11940=CARTESIAN_POINT('',(0.106437553627487,4.7642617119878,-8.59999999999996));
#11941=CARTESIAN_POINT('',(0.119706675046134,4.76631185691983,-8.59999999999996));
#11942=CARTESIAN_POINT('',(0.132975822364867,4.76836200585356,-8.59999999999996));
#11943=CARTESIAN_POINT('',(0.146190123161191,4.7707410215049,-8.59999999999992));
#11944=CARTESIAN_POINT('',(0.159326865486931,4.77343038026488,-8.59999999999992));
#11945=CARTESIAN_POINT('',(0.172463662899324,4.77611975030221,-8.59999999999992));
#11946=CARTESIAN_POINT('',(0.185522592336365,4.77911932471928,-8.59999999999996));
#11947=CARTESIAN_POINT('',(0.198483667490014,4.78240624376573,-8.59999999999996));
#11948=CARTESIAN_POINT('',(0.211444822547534,4.78569318307574,-8.59999999999996));
#11949=CARTESIAN_POINT('',(0.22430790388427,4.78926732699167,-8.6));
#11950=CARTESIAN_POINT('',(0.23705627560491,4.79310288874965,-8.6));
#11951=CARTESIAN_POINT('',(0.262530166341004,4.8007671366454,-8.6));
#11952=CARTESIAN_POINT('',(0.287657919497262,4.80950691340839,-8.59999999999553));
#11953=CARTESIAN_POINT('',(0.312469372690373,4.8191894524456,-8.59999999999553));
#11954=CARTESIAN_POINT('',(0.337277710023721,4.82887077553493,-8.59999999999553));
#11955=CARTESIAN_POINT('',(0.361755979428899,4.83949001990429,-8.6));
#11956=CARTESIAN_POINT('',(0.385895337564844,4.85090229646053,-8.6));
#11957=CARTESIAN_POINT('',(0.410034693133949,4.86231457180327,-8.6));
#11958=CARTESIAN_POINT('',(0.433835562243299,4.87451984963334,-8.6));
#11959=CARTESIAN_POINT('',(0.457288012165182,4.88737694501297,-8.6));
#11960=CARTESIAN_POINT('',(0.480740442462967,4.90023402963428,-8.6));
#11961=CARTESIAN_POINT('',(0.503844912066387,4.91374308195486,-8.59999999999373));
#11962=CARTESIAN_POINT('',(0.526588142880051,4.92776792092127,-8.59999999999373));
#11963=CARTESIAN_POINT('',(0.54933133575735,4.94179273649384,-8.59999999999373));
#11964=CARTESIAN_POINT('',(0.571713660828928,4.95633354701747,-8.59999999999998));
#11965=CARTESIAN_POINT('',(0.593717104351936,4.97125920269682,-8.59999999999998));
#11966=CARTESIAN_POINT('',(0.593717104351909,4.97125920269685,-8.6));
#11967=CARTESIAN_POINT('',(0.593717104351909,9.7,-8.6));
#11968=CARTESIAN_POINT('',(0.593717104351909,5.35000000000001,-8.6));
#11969=CARTESIAN_POINT('',(-2.50000000000002,5.35000000000003,-8.6));
#11970=CARTESIAN_POINT('',(2.24999999999996,5.35,-8.6));
#11971=CARTESIAN_POINT('',(2.24999999999998,2.89256632606654,-8.6));
#11972=CARTESIAN_POINT('',(2.24999999999998,6.05,-8.6));
#11973=CARTESIAN_POINT('',(-2.50000000000002,6.05,-8.6));
#11974=CARTESIAN_POINT('',(1.69999999999998,6.05,-8.6));
#11975=CARTESIAN_POINT('',(1.69999999999998,2.89256632606654,-8.6));
#11976=CARTESIAN_POINT('',(1.69999999999998,6.25000000000003,-8.6));
#11977=CARTESIAN_POINT('',(-2.50000000000002,6.25000000000003,-8.6));
#11978=CARTESIAN_POINT('',(2.29999999999994,6.25,-8.6));
#11979=CARTESIAN_POINT('',(2.29999999999994,6.05,-8.6));
#11980=CARTESIAN_POINT('',(2.49999999999994,6.05,-8.6));
#11981=CARTESIAN_POINT('',(2.50000000000004,2.37963007209157,-8.6));
#11982=CARTESIAN_POINT('',(2.49999999999996,5.39565677580979,-8.6));
#11983=CARTESIAN_POINT('',(2.29999999999996,5.39565677580978,-8.6));
#11984=CARTESIAN_POINT('',(1.69999999999998,3.97500000000002,-9.175));
#11985=CARTESIAN_POINT('',(1.69999999999998,6.05,-14.8146830107827));
#11986=CARTESIAN_POINT('',(1.69999999999998,6.05,-8.825));
#11987=CARTESIAN_POINT('',(1.69999999999998,2.89256632606654,-8.825));
#11988=CARTESIAN_POINT('',(1.69999999999998,6.15000000000003,-8.825));
#11989=CARTESIAN_POINT('',(1.69999999999998,6.15000000000003,-8.725));
#11990=CARTESIAN_POINT('',(1.69999999999998,6.25000000000003,-8.725));
#11991=CARTESIAN_POINT('',(1.69999999999998,6.25000000000003,-14.8146830107827));
#11992=CARTESIAN_POINT('',(-2.50000000000002,6.25000000000003,-23.85));
#11993=CARTESIAN_POINT('',(1.69999999999998,6.25,-14.8146830107827));
#11994=CARTESIAN_POINT('',(1.69999999999998,6.25,-5.475));
#11995=CARTESIAN_POINT('',(2.29999999999994,6.25,-6.399985));
#11996=CARTESIAN_POINT('',(-2.50000000000002,6.25000000000003,-8.725));
#11997=CARTESIAN_POINT('',(0.,6.25000000000003,-5.475));
#11998=CARTESIAN_POINT('',(0.499999999999955,1.8,-8.725));
#11999=CARTESIAN_POINT('',(-2.50000000000002,1.8,-8.825));
#12000=CARTESIAN_POINT('',(1.6574568076968,6.05,-6.08745883286568));
#12001=CARTESIAN_POINT('',(2.24999999999999,6.05,-5.46756632606651));
#12002=CARTESIAN_POINT('',(2.24999999999999,6.05,-8.825));
#12003=CARTESIAN_POINT('',(-2.50000000000002,6.05000000000003,-8.825));
#12004=CARTESIAN_POINT('',(2.24999999999998,6.12000240000003,-8.40816381164879));
#12005=CARTESIAN_POINT('',(2.25,5.35,-5.46756632606651));
#12006=CARTESIAN_POINT('',(2.24999999999999,5.35,-8.825));
#12007=CARTESIAN_POINT('',(2.24999999999997,2.89256632606654,-8.825));
#12008=CARTESIAN_POINT('',(-2.50000000000002,-8.69690260418206,-8.825));
#12009=CARTESIAN_POINT('',(-2.50000000000002,6.15000000000003,-8.825));
#12010=CARTESIAN_POINT('',(-2.50000000000002,5.35000000000003,-8.825));
#12011=CARTESIAN_POINT('',(-2.50000000000002,6.15000000000003,-8.725));
#12012=CARTESIAN_POINT('',(2.35,4.82453115254768,-5.4049976));
#12013=CARTESIAN_POINT('',(0.,6.1813042851434,-5.475));
#12014=CARTESIAN_POINT('',(2.35,4.82453115254768,-5.475));
#12015=CARTESIAN_POINT('',(2.4,4.7956636390882,-5.475));
#12016=CARTESIAN_POINT('',(2.4,4.7956636390882,-5.4049976));
#12017=CARTESIAN_POINT('',(2.35,4.82453115254768,-5.4049976));
#12018=CARTESIAN_POINT('',(-2.50000000000004,5.35000000000003,-9.08119479163584));
#12019=CARTESIAN_POINT('',(7.3305335795239E-15,5.35000000000002,-7.5));
#12020=CARTESIAN_POINT('',(7.3305335795239E-15,4.4,-7.5));
#12021=CARTESIAN_POINT('',(7.3305335795239E-15,4.97125920269685,-7.5));
#12022=CARTESIAN_POINT('',(7.3305335795239E-15,9.7,-7.5));
#12023=CARTESIAN_POINT('',(4.,7.1,-9.525));
#12024=CARTESIAN_POINT('',(3.3,4.10238958199319,-9.525));
#12025=CARTESIAN_POINT('',(3.3,6.80000000000003,-9.525));
#12026=CARTESIAN_POINT('',(0.,6.80000000000003,-9.525));
#12027=CARTESIAN_POINT('',(-2.50000000000002,6.80000000000003,-9.525));
#12028=CARTESIAN_POINT('',(-2.50000000000002,0.,-9.525));
#12029=CARTESIAN_POINT('',(-2.50000000000002,6.15000000000003,-9.525));
#12030=CARTESIAN_POINT('',(-2.50000375000002,6.15000000000003,-9.525));
#12031=CARTESIAN_POINT('',(-2.5,0.389997600000001,-10.8));
#12032=CARTESIAN_POINT('',(-2.50000000000002,6.15000000000003,-8.725));
#12033=CARTESIAN_POINT('',(-2.50000000000002,6.95000000000003,-8.725));
#12034=CARTESIAN_POINT('',(-2.50000000000002,6.80000000000003,-9.375));
#12035=CARTESIAN_POINT('',(-2.5,6.95000000000003,-9.375));
#12036=CARTESIAN_POINT('',(-2.5,6.95000000000003,0.));
#12037=CARTESIAN_POINT('',(-2.50000000000002,6.15000000000003,-8.725));
#12038=CARTESIAN_POINT('',(-2.50000375000002,6.95000000000003,-8.725));
#12039=CARTESIAN_POINT('',(-0.248746859276692,6.95000000000003,-8.72499999999999));
#12040=CARTESIAN_POINT('',(0.248746859276713,6.95000000000003,-8.72499999999999));
#12041=CARTESIAN_POINT('',(0.0829156197589107,6.95000000000003,-8.75867346938776));
#12042=CARTESIAN_POINT('',(-0.0829156197588912,6.95000000000003,-8.75867346938776));
#12043=CARTESIAN_POINT('',(-0.248746859276693,6.95000000000003,-8.72499999999999));
#12044=CARTESIAN_POINT('',(0.248746859276713,6.95000000000003,-8.72499999999999));
#12045=CARTESIAN_POINT('',(-2.50000375000002,6.95000000000003,-8.725));
#12046=CARTESIAN_POINT('',(0.,5.58927156105018,-8.16427156105014));
#12047=CARTESIAN_POINT('',(-0.0513030214988504,5.73022545416806,-8.16427156105014));
#12048=CARTESIAN_POINT('',(3.29929204001808,6.94974232363956,-9.38378843052164));
#12049=CARTESIAN_POINT('',(3.32644904710627,6.80000000000003,-9.375));
#12050=CARTESIAN_POINT('',(3.29929204001808,6.80878843052168,-9.52474232363953));
#12051=CARTESIAN_POINT('',(-0.0513030214988504,5.58927156105018,-8.30522545416803));
#12052=CARTESIAN_POINT('',(0.,6.80000000000003,-9.375));
#12053=CARTESIAN_POINT('',(0.,6.95000000000003,-9.375));
#12054=CARTESIAN_POINT('',(3.3,6.95000000000003,-9.375));
#12055=CARTESIAN_POINT('',(2.88787838708181,6.80000000000003,-9.375));
#12056=CARTESIAN_POINT('',(2.88787838708181,6.80000000000003,-9.375));
#12057=CARTESIAN_POINT('',(3.65,4.10238958199319,-9.65238958199317));
#12058=CARTESIAN_POINT('',(-0.273616114660535,1.8,-8.22431010556953));
#12059=CARTESIAN_POINT('',(7.3305335795239E-15,9.7,-7.5));
#12060=CARTESIAN_POINT('',(7.3305335795239E-15,4.97125920269685,-7.5));
#12061=CARTESIAN_POINT('',(7.3305335795239E-15,5.35000000000002,-7.5));
#12062=CARTESIAN_POINT('',(0.248746859276655,5.35000000000002,-6.275));
#12063=CARTESIAN_POINT('',(-0.248746859276643,5.35000000000019,-6.275));
#12064=CARTESIAN_POINT('',(-0.23850851382705,5.35000000000019,-6.2729210152859));
#12065=CARTESIAN_POINT('',(-0.228244044708071,5.34993542841487,-6.27097041543167));
#12066=CARTESIAN_POINT('',(-0.217960675889921,5.34982870701729,-6.2691494226489));
#12067=CARTESIAN_POINT('',(-0.207677306883696,5.34972198561776,-6.26732842983282));
#12068=CARTESIAN_POINT('',(-0.197375042106467,5.3495730952912,-6.26563704562054));
#12069=CARTESIAN_POINT('',(-0.187061284277188,5.34940154292233,-6.26407602340412));
#12070=CARTESIAN_POINT('',(-0.166436568157786,5.34905848475031,-6.26095440269103));
#12071=CARTESIAN_POINT('',(-0.145726867450844,5.34862671799405,-6.25834828947048));
#12072=CARTESIAN_POINT('',(-0.124967785108295,5.34822883910334,-6.25626246631972));
#12073=CARTESIAN_POINT('',(-0.11458794156488,5.34802989386256,-6.2552195243627));
#12074=CARTESIAN_POINT('',(-0.104197396852714,5.34783880232564,-6.2543067418167));
#12075=CARTESIAN_POINT('',(-0.0937965104710208,5.34766670332296,-6.25352408181166));
#12076=CARTESIAN_POINT('',(-0.0833952664758054,5.34749459840299,-6.25274139489644));
#12077=CARTESIAN_POINT('',(-0.0729828971499091,5.34734149283373,-6.25208881887515));
#12078=CARTESIAN_POINT('',(-0.0625643250588319,5.34721563885679,-6.25156669972724));
#12079=CARTESIAN_POINT('',(-0.0521455606976779,5.34708978255727,-6.25104457094386));
#12080=CARTESIAN_POINT('',(-0.0417218901936976,5.34699119792808,-6.25065292361255));
#12081=CARTESIAN_POINT('',(-0.0312928350234943,5.34692489064033,-6.25039175799926));
#12082=CARTESIAN_POINT('',(-0.0208640413185621,5.34685858501495,-6.25013059893361));
#12083=CARTESIAN_POINT('',(-0.010431374015952,5.34682458365522,-6.25));
#12084=CARTESIAN_POINT('',(7.54053273909227E-15,5.34682458365522,-6.25));
#12085=CARTESIAN_POINT('',(0.0104313740149207,5.34682458365522,-6.25));
#12086=CARTESIAN_POINT('',(0.0208640413175321,5.34685858501495,-6.25013059893359));
#12087=CARTESIAN_POINT('',(0.0312928350235092,5.34692489064033,-6.25039175799926));
#12088=CARTESIAN_POINT('',(0.0417218901937123,5.34699119792808,-6.25065292361255));
#12089=CARTESIAN_POINT('',(0.052145560697693,5.34708978255727,-6.25104457094386));
#12090=CARTESIAN_POINT('',(0.0625643250588469,5.34721563885679,-6.25156669972724));
#12091=CARTESIAN_POINT('',(0.072982897149924,5.34734149283373,-6.25208881887515));
#12092=CARTESIAN_POINT('',(0.0833952664758204,5.34749459840299,-6.25274139489644));
#12093=CARTESIAN_POINT('',(0.0937965104710359,5.34766670332296,-6.25352408181166));
#12094=CARTESIAN_POINT('',(0.104197396852729,5.34783880232564,-6.2543067418167));
#12095=CARTESIAN_POINT('',(0.114587941564895,5.34802989386256,-6.2552195243627));
#12096=CARTESIAN_POINT('',(0.12496778510831,5.34822883910334,-6.25626246631972));
#12097=CARTESIAN_POINT('',(0.145726867450859,5.34862671799405,-6.25834828947048));
#12098=CARTESIAN_POINT('',(0.166436568157801,5.34905848475031,-6.26095440269103));
#12099=CARTESIAN_POINT('',(0.187061284277203,5.34940154292233,-6.26407602340412));
#12100=CARTESIAN_POINT('',(0.197375042106483,5.3495730952912,-6.26563704562054));
#12101=CARTESIAN_POINT('',(0.20767730688371,5.34972198561776,-6.26732842983282));
#12102=CARTESIAN_POINT('',(0.217960675889937,5.34982870701729,-6.2691494226489));
#12103=CARTESIAN_POINT('',(0.228244044708086,5.34993542841487,-6.27097041543167));
#12104=CARTESIAN_POINT('',(0.238508513827065,5.35000000000019,-6.2729210152859));
#12105=CARTESIAN_POINT('',(0.248746859276658,5.35000000000019,-6.275));
#12106=CARTESIAN_POINT('',(-0.24874685927664,5.35000000000002,-6.275));
#12107=CARTESIAN_POINT('',(7.3305335795239E-15,5.35000000000002,-7.5));
#12108=CARTESIAN_POINT('',(0.,1.8,-7.4725560089408));
#12109=CARTESIAN_POINT('',(-0.500000000000045,0.,-6.9));
#12110=CARTESIAN_POINT('',(-0.500000000000045,0.65,0.));
#12111=CARTESIAN_POINT('',(-0.500000000000045,0.65,-7.85));
#12112=CARTESIAN_POINT('',(-0.500000000000045,0.,-7.85));
#12113=CARTESIAN_POINT('',(0.499999999999956,0.999999999999999,-7.85));
#12114=CARTESIAN_POINT('',(0.,0.65,-7.85));
#12115=CARTESIAN_POINT('',(2.29999999999996,5.39565677580978,-9.525));
#12116=CARTESIAN_POINT('',(2.49999999999996,5.39565677580979,-9.525));
#12117=CARTESIAN_POINT('',(1.34999999999996,0.65,-7.775));
#12118=CARTESIAN_POINT('',(0.,0.2,-7.775));
#12119=CARTESIAN_POINT('',(1.34999999999996,0.2,-7.775));
#12120=CARTESIAN_POINT('',(1.34999999999996,0.65,-7.775));
#12121=CARTESIAN_POINT('',(1.34999999999996,0.65,-7.775));
#12122=CARTESIAN_POINT('',(0.,0.65,-7.775));
#12123=CARTESIAN_POINT('',(2.04384615384613,0.,-7.85));
#12124=CARTESIAN_POINT('',(1.59230769230766,0.,-7.85));
#12125=CARTESIAN_POINT('',(1.59230769230766,0.2,-7.85));
#12126=CARTESIAN_POINT('',(0.499999999999956,0.2,-7.85));
#12127=CARTESIAN_POINT('',(-2.10000000000002,0.2,-12.5));
#12128=CARTESIAN_POINT('',(0.,0.2,-7.35714285714289));
#12129=CARTESIAN_POINT('',(0.499999999999956,0.999999999999999,-7.85));
#12130=CARTESIAN_POINT('',(2.25,5.25000000000003,-6.275));
#12131=CARTESIAN_POINT('',(-2.50000375000002,5.25000000000003,-5.47500000000001));
#12132=CARTESIAN_POINT('',(2.25,5.25000000000003,-5.47500000000001));
#12133=CARTESIAN_POINT('',(2.25,5.25000000000003,-6.275));
#12134=CARTESIAN_POINT('',(2.25,6.05000000000001,-6.275));
#12135=CARTESIAN_POINT('',(2.25,6.05,-6.275));
#12136=CARTESIAN_POINT('',(-0.659436999999997,0.,-8.1));
#12137=CARTESIAN_POINT('',(2.4,0.,-8.1));
#12138=CARTESIAN_POINT('',(2.4,0.65,-8.1));
#12139=CARTESIAN_POINT('',(0.2,0.65,-7.41904761904765));
#12140=CARTESIAN_POINT('',(1.57499999999998,0.65,-6.92767857142857));
#12141=CARTESIAN_POINT('',(2.24999999999998,6.12000240000003,-8.40816381164879));
#12142=CARTESIAN_POINT('',(2.25,5.35,-5.46756632606651));
#12143=CARTESIAN_POINT('',(2.25,5.35000000000001,-6.275));
#12144=CARTESIAN_POINT('',(2.24999999999999,6.05,-5.46756632606651));
#12145=CARTESIAN_POINT('',(2.25,0.,-5.475));
#12146=CARTESIAN_POINT('',(2.25,4.99773623330457,-5.475));
#12147=CARTESIAN_POINT('',(2.25,4.99773623330457,-5.4049976));
#12148=CARTESIAN_POINT('',(2.25,5.25000000000003,-6.275));
#12149=CARTESIAN_POINT('',(0.,1.8,-6.275));
#12150=CARTESIAN_POINT('',(0.,1.8,-5.475));
#12151=CARTESIAN_POINT('',(3.3,1.8,-5.475));
#12152=CARTESIAN_POINT('',(3.44106158456677,1.8,-6.275));
#12153=CARTESIAN_POINT('',(-2.50000000000004,5.35000000000003,-9.08119479163584));
#12154=CARTESIAN_POINT('',(-2.49999999999999,5.35000000000003,-6.275));
#12155=CARTESIAN_POINT('',(3.65,4.10238958199319,-5.34761041800683));
#12156=CARTESIAN_POINT('',(-0.273616114660535,1.8,-6.77568989443047));
#12157=CARTESIAN_POINT('',(3.3,4.10238958199319,-5.475));
#12158=CARTESIAN_POINT('',(3.3,6.95000000000003,-5.475));
#12159=CARTESIAN_POINT('',(0.,5.74889822692156,-6.67610177307847));
#12160=CARTESIAN_POINT('',(-2.50000000000004,5.35000000000003,-9.08119479163584));
#12161=CARTESIAN_POINT('',(-2.49999999999999,5.35000000000003,-6.275));
#12162=CARTESIAN_POINT('',(3.65,7.0773895819932,-7.5));
#12163=CARTESIAN_POINT('',(3.3,6.95000000000003,-7.5));
#12164=CARTESIAN_POINT('',(7.3305335795239E-15,4.4,-7.5));
#12165=CARTESIAN_POINT('',(2.29999999999994,6.05,-9.525));
#12166=CARTESIAN_POINT('',(2.49999999999994,6.05,-9.525));
#12167=CARTESIAN_POINT('',(1.6574568076968,6.05,-6.08745883286568));
#12168=CARTESIAN_POINT('',(1.69999999999998,6.05,-14.8146830107827));
#12169=CARTESIAN_POINT('',(4.,7.1,-5.475));
#12170=CARTESIAN_POINT('',(2.3,4.62245855833131,-5.475));
#12171=CARTESIAN_POINT('',(2.45,4.99773623330457,-5.475));
#12172=CARTESIAN_POINT('',(1.69999999999998,0.,-5.475));
#12173=CARTESIAN_POINT('',(0.,6.95000000000003,-5.475));
#12174=CARTESIAN_POINT('',(4.,6.95000000000003,-5.4));
#12175=CARTESIAN_POINT('',(2.45,4.99773623330457,-5.4049976));
#12176=CARTESIAN_POINT('',(1.69999999999998,3.97500000000002,-9.175));
#12177=CARTESIAN_POINT('',(2.25,5.25000000000003,-6.275));
#12178=CARTESIAN_POINT('',(2.49999999999994,6.04999999999998,-14.525));
#12179=CARTESIAN_POINT('',(2.3,4.62245855833131,-5.4049976));
#12180=CARTESIAN_POINT('',(0.,1.8,-7.5274439910592));
#12181=CARTESIAN_POINT('',(0.,0.,-10.));
#12182=CARTESIAN_POINT('',(0.,0.,-5.));
#12183=CARTESIAN_POINT('',(-1.77178974141081E-6,3.99999999999993,-4.51028095482164E-14));
#12184=MECHANICAL_DESIGN_GEOMETRIC_PRESENTATION_REPRESENTATION('',(#5424,
#5425,#5426,#5427,#5428,#5429,#5430,#5431,#5432,#5433,#5434,#5435,#5436,
#5437,#5438,#5439,#5440,#5441,#5442,#5443,#5444,#5445,#5446,#5447,#5448,
#5449,#5450,#5451,#5452,#5453,#5454,#5455,#5456,#5457,#5458,#5459,#5460,
#5461,#5462,#5463,#5464,#5465,#5466,#5467,#5468,#5469,#5470,#5471,#5472,
#5473,#5474,#5475,#5476,#5477,#5478,#5479,#5480,#5481,#5482,#5483,#5484,
#5485,#5486,#5487,#5488,#5489,#5490,#5491,#5492,#5493,#5494,#5495,#5496,
#5497,#5498,#5499,#5500,#5501,#5502,#5503,#5504,#5505,#5506,#5507,#5508,
#5509,#5510,#5511,#5512,#5513,#5514,#5515,#5516,#5517,#5518,#5519,#5520,
#5521,#5522,#5523,#5524,#5525,#5526,#5527,#5528,#5529,#5530,#5531,#5532,
#5533,#5534,#5535,#5536,#5537,#5538,#5539,#5540,#5541,#5542,#5543,#5544,
#5545,#5546,#5547,#5548,#5549,#5550,#5551,#5552,#5553,#5554,#5555,#5556,
#5557,#5558,#5559,#5560,#5561,#5562,#5563,#5564,#5565,#5566,#5567,#5568,
#5569,#5570,#5571,#5572,#5573,#5574,#5575,#5576,#5577,#5578,#5579,#5580,
#5581,#5582,#5583,#5584,#5585,#5586,#5587,#5588,#5589,#5590,#5591,#5592,
#5593,#5594,#5595,#5596,#5597,#5598,#5599,#5600,#5601,#5602,#5603,#5604,
#5605,#5606,#5607,#5608,#5609,#5610,#5611,#5612,#5613,#5614,#5615,#5616,
#5617,#5618,#5619,#5620,#5621,#5622,#5623,#5624,#5625,#5626,#5627,#5628,
#5629,#5630,#5631,#5632,#5633,#5634,#5635,#5636,#5637,#5638,#5639,#5640,
#5641,#5642,#5643,#5644,#5645,#5646,#5647,#5648,#5649,#5650,#5651,#5652,
#5653,#5654,#5655,#5656,#5657,#5658,#5659,#5660,#5661,#5662,#5663,#5664,
#5665,#5666,#5667,#5668,#5669,#5670,#5671,#5672,#5673,#5674,#5675,#5676,
#5677,#5678,#5679,#5680,#5681,#5682,#5683,#5684,#5685,#5686,#5687,#5688,
#5689,#5690,#5691,#5692,#5693,#5694,#5695,#5696,#5697,#5698,#5699,#5700,
#5701,#5702,#5703,#5704,#5705,#5706,#5707,#5708,#5709,#5710,#5711,#5712,
#5713,#5714,#5715,#5716,#5717,#5718,#5719,#5720),#12185);
#12185=(
GEOMETRIC_REPRESENTATION_CONTEXT(3)
GLOBAL_UNCERTAINTY_ASSIGNED_CONTEXT((#12189))
GLOBAL_UNIT_ASSIGNED_CONTEXT((#12195,#12194,#12193))
REPRESENTATION_CONTEXT('6911377100xx','TOP_LEVEL_ASSEMBLY_PART')
);
#12186=(
GEOMETRIC_REPRESENTATION_CONTEXT(3)
GLOBAL_UNCERTAINTY_ASSIGNED_CONTEXT((#12190))
GLOBAL_UNIT_ASSIGNED_CONTEXT((#12195,#12194,#12193))
REPRESENTATION_CONTEXT('6911377100xx_DX','COMPONENT_PART')
);
#12187=(
GEOMETRIC_REPRESENTATION_CONTEXT(3)
GLOBAL_UNCERTAINTY_ASSIGNED_CONTEXT((#12191))
GLOBAL_UNIT_ASSIGNED_CONTEXT((#12195,#12194,#12193))
REPRESENTATION_CONTEXT('6911377100xx_SX','COMPONENT_PART')
);
#12188=(
GEOMETRIC_REPRESENTATION_CONTEXT(3)
GLOBAL_UNCERTAINTY_ASSIGNED_CONTEXT((#12192))
GLOBAL_UNIT_ASSIGNED_CONTEXT((#12195,#12194,#12193))
REPRESENTATION_CONTEXT('6911377100xx_CNT','COMPONENT_PART')
);
#12189=UNCERTAINTY_MEASURE_WITH_UNIT(LENGTH_MEASURE(0.005),#12195,
'DISTANCE_ACCURACY_VALUE','Maximum Tolerance applied to model');
#12190=UNCERTAINTY_MEASURE_WITH_UNIT(LENGTH_MEASURE(0.005),#12195,
'DISTANCE_ACCURACY_VALUE','Maximum Tolerance applied to model');
#12191=UNCERTAINTY_MEASURE_WITH_UNIT(LENGTH_MEASURE(0.005),#12195,
'DISTANCE_ACCURACY_VALUE','Maximum Tolerance applied to model');
#12192=UNCERTAINTY_MEASURE_WITH_UNIT(LENGTH_MEASURE(0.005),#12195,
'DISTANCE_ACCURACY_VALUE','Maximum Tolerance applied to model');
#12193=(
NAMED_UNIT(*)
SI_UNIT($,.STERADIAN.)
SOLID_ANGLE_UNIT()
);
#12194=(
NAMED_UNIT(*)
PLANE_ANGLE_UNIT()
SI_UNIT($,.RADIAN.)
);
#12195=(
LENGTH_UNIT()
NAMED_UNIT(*)
SI_UNIT(.MILLI.,.METRE.)
);
#12196=PRODUCT_DEFINITION_SHAPE('','',#12203);
#12197=PRODUCT_DEFINITION_SHAPE('','',#12204);
#12198=PRODUCT_DEFINITION_SHAPE(' ','NAUO PRDDFN',#21);
#12199=PRODUCT_DEFINITION_SHAPE('','',#12205);
#12200=PRODUCT_DEFINITION_SHAPE(' ','NAUO PRDDFN',#22);
#12201=PRODUCT_DEFINITION_SHAPE('','',#12206);
#12202=PRODUCT_DEFINITION_SHAPE(' ','NAUO PRDDFN',#23);
#12203=PRODUCT_DEFINITION('','',#12211,#12207);
#12204=PRODUCT_DEFINITION('','',#12212,#12208);
#12205=PRODUCT_DEFINITION('','',#12213,#12209);
#12206=PRODUCT_DEFINITION('','',#12214,#12210);
#12207=PRODUCT_DEFINITION_CONTEXT('',#12232,'design');
#12208=PRODUCT_DEFINITION_CONTEXT('',#12232,'design');
#12209=PRODUCT_DEFINITION_CONTEXT('',#12232,'design');
#12210=PRODUCT_DEFINITION_CONTEXT('',#12232,'design');
#12211=PRODUCT_DEFINITION_FORMATION_WITH_SPECIFIED_SOURCE('','',#12219,
 .NOT_KNOWN.);
#12212=PRODUCT_DEFINITION_FORMATION_WITH_SPECIFIED_SOURCE('','',#12220,
 .NOT_KNOWN.);
#12213=PRODUCT_DEFINITION_FORMATION_WITH_SPECIFIED_SOURCE('','',#12221,
 .NOT_KNOWN.);
#12214=PRODUCT_DEFINITION_FORMATION_WITH_SPECIFIED_SOURCE('','',#12222,
 .NOT_KNOWN.);
#12215=PRODUCT_RELATED_PRODUCT_CATEGORY('','',(#12219));
#12216=PRODUCT_RELATED_PRODUCT_CATEGORY('','',(#12220));
#12217=PRODUCT_RELATED_PRODUCT_CATEGORY('','',(#12221));
#12218=PRODUCT_RELATED_PRODUCT_CATEGORY('','',(#12222));
#12219=PRODUCT('6911377100xx','6911377100xx','6911377100xx',(#12227));
#12220=PRODUCT('6911377100xx_DX','6911377100xx_DX','6911377100xx_DX',(#12228));
#12221=PRODUCT('6911377100xx_SX','6911377100xx_SX','6911377100xx_SX',(#12229));
#12222=PRODUCT('6911377100xx_CNT','6911377100xx_CNT','6911377100xx_CNT',
(#12230));
#12223=PRODUCT_CATEGORY('','');
#12224=PRODUCT_CATEGORY('','');
#12225=PRODUCT_CATEGORY('','');
#12226=PRODUCT_CATEGORY('','');
#12227=PRODUCT_CONTEXT('',#12232,'mechanical');
#12228=PRODUCT_CONTEXT('',#12232,'mechanical');
#12229=PRODUCT_CONTEXT('',#12232,'mechanical');
#12230=PRODUCT_CONTEXT('',#12232,'mechanical');
#12231=APPLICATION_PROTOCOL_DEFINITION('international standard',
'automotive_design',2010,#12232);
#12232=APPLICATION_CONTEXT(
'core data for automotive mechanical design processes');
ENDSEC;
END-ISO-10303-21;
