ISO-10303-21;
HEADER;
FILE_DESCRIPTION( ( 'Unknown' ), '1' );
FILE_NAME( 'C:/Users/alban.klein/Documents/0-CAD-3D 2D/Fait/6912109100xx/Construction_data/6912109100xx/691210910003/691210910003.stp', 'Unknown', ( 'Unknown' ), ( 'Unknown' ), 'PSStep 18.0.17', 'Unknown', '  ' );
FILE_SCHEMA( ( 'AUTOMOTIVE_DESIGN { 1 0 10303 214 1 1 1 1 }' ) );
ENDSEC;
DATA;
#1 = PRODUCT_DEFINITION_CONTEXT( '', #32, 'design' );
#2 = APPLICATION_PROTOCOL_DEFINITION( 'international standard', 'automotive_design', 2001, #32 );
#3 = PRODUCT_CATEGORY_RELATIONSHIP( 'NONE', 'NONE', #33, #34 );
#4 = SHAPE_DEFINITION_REPRESENTATION( #35, #36 );
#5 = PRODUCT_CATEGORY_RELATIONSHIP( 'NONE', 'NONE', #33, #37 );
#6 = CONTEXT_DEPENDENT_SHAPE_REPRESENTATION( #38, #39 );
#7 = SHAPE_DEFINITION_REPRESENTATION( #40, #41 );
#8 = SHAPE_REPRESENTATION_RELATIONSHIP( 'NONE', 'NONE', #41, #42 );
#9 = CONTEXT_DEPENDENT_SHAPE_REPRESENTATION( #43, #44 );
#10 = CONTEXT_DEPENDENT_SHAPE_REPRESENTATION( #45, #46 );
#11 = PRODUCT_CATEGORY_RELATIONSHIP( 'NONE', 'NONE', #33, #47 );
#12 = CONTEXT_DEPENDENT_SHAPE_REPRESENTATION( #48, #49 );
#13 = SHAPE_DEFINITION_REPRESENTATION( #50, #51 );
#14 = SHAPE_REPRESENTATION_RELATIONSHIP( 'NONE', 'NONE', #51, #52 );
#15 = CONTEXT_DEPENDENT_SHAPE_REPRESENTATION( #53, #54 );
#16 = CONTEXT_DEPENDENT_SHAPE_REPRESENTATION( #55, #56 );
#17 = PRODUCT_CATEGORY_RELATIONSHIP( 'NONE', 'NONE', #33, #57 );
#18 = CONTEXT_DEPENDENT_SHAPE_REPRESENTATION( #58, #59 );
#19 = SHAPE_DEFINITION_REPRESENTATION( #60, #61 );
#20 = SHAPE_REPRESENTATION_RELATIONSHIP( 'NONE', 'NONE', #61, #62 );
#21 = CONTEXT_DEPENDENT_SHAPE_REPRESENTATION( #63, #64 );
#22 = CONTEXT_DEPENDENT_SHAPE_REPRESENTATION( #65, #66 );
#23 = PRODUCT_CATEGORY_RELATIONSHIP( 'NONE', 'NONE', #33, #67 );
#24 = CONTEXT_DEPENDENT_SHAPE_REPRESENTATION( #68, #69 );
#25 = SHAPE_DEFINITION_REPRESENTATION( #70, #71 );
#26 = SHAPE_REPRESENTATION_RELATIONSHIP( 'NONE', 'NONE', #71, #72 );
#27 = MECHANICAL_DESIGN_GEOMETRIC_PRESENTATION_REPRESENTATION( ' ', ( #73, #74, #75, #76, #77, #78, #79, #80, #81, #82, #83, #84, #85, #86, #87, #88, #89, #90, #91, #92, #93, #94, #95, #96, #97, #98, #99, #100, #101, #102, #103, #104, #105, #106, #107, #108, #109, #110, #111, #112, #113, #114, #115, #116, #117, #118, #119, #120, #121, #122, #123, #124, #125, #126, #127, #128, #129, #130, #131, #132, #133, #134, #135, #136, #137, #138, #139, #140, #141, #142, #143, #144, #145, #146, #147, #148, #149, #150, #151, #152, #153, #154, #155, #156, #157, #158, #159, #160, #161, #162, #163, #164, #165, #166, #167, #168, #169, #170, #171, #172, #173, #174, #175, #176, #177, #178, #179, #180, #181, #182, #183, #184, #185, #186, #187, #188, #189, #190, #191, #192, #193, #194, #195, #196, #197, #198, #199, #200, #201, #202, #203, #204, #205, #206, #207, #208, #209, #210, #211, #212, #213, #214, #215, #216, #217, #218, #219, #220, #221, #222, #223, #224, #225, #226, #227, #228, #229, #230, #231, #232, #233, #234, #235, #236, #237, #238, #239, #240, #241, #242, #243, #244, #245, #246, #247, #248, #249, #250, #251, #252, #253, #254, #255, #256 ), #28 );
#28 =  ( GEOMETRIC_REPRESENTATION_CONTEXT( 3 )GLOBAL_UNCERTAINTY_ASSIGNED_CONTEXT( ( #259 ) )GLOBAL_UNIT_ASSIGNED_CONTEXT( ( #261, #262, #263 ) )REPRESENTATION_CONTEXT( 'NONE', 'WORKSPACE' ) );
#32 = APPLICATION_CONTEXT( 'core data for automotive mechanical design processes' );
#33 = PRODUCT_CATEGORY( 'part', 'NONE' );
#34 = PRODUCT_RELATED_PRODUCT_CATEGORY( 'detail', ' ', ( #265 ) );
#35 = PRODUCT_DEFINITION_SHAPE( 'NONE', 'NONE', #266 );
#36 = SHAPE_REPRESENTATION( 'Assem1', ( #267, #268, #269, #270, #271, #272, #273, #274, #275, #276, #277 ), #278 );
#37 = PRODUCT_RELATED_PRODUCT_CATEGORY( 'detail', ' ', ( #279 ) );
#38 = ( REPRESENTATION_RELATIONSHIP( '', '', #41, #36 )REPRESENTATION_RELATIONSHIP_WITH_TRANSFORMATION( #282 )SHAPE_REPRESENTATION_RELATIONSHIP(  ) );
#39 = PRODUCT_DEFINITION_SHAPE( 'NAUO-PROD-DEF', 'NAUO-PROD-DEF', #284 );
#40 = PRODUCT_DEFINITION_SHAPE( 'NONE', 'NONE', #285 );
#41 = SHAPE_REPRESENTATION( '6912109100xx_CAGE', ( #267 ), #278 );
#42 = ADVANCED_BREP_SHAPE_REPRESENTATION( '6912109100xx_CAGE', ( #286 ), #28 );
#43 = ( REPRESENTATION_RELATIONSHIP( '', '', #41, #36 )REPRESENTATION_RELATIONSHIP_WITH_TRANSFORMATION( #289 )SHAPE_REPRESENTATION_RELATIONSHIP(  ) );
#44 = PRODUCT_DEFINITION_SHAPE( 'NAUO-PROD-DEF', 'NAUO-PROD-DEF', #291 );
#45 = ( REPRESENTATION_RELATIONSHIP( '', '', #41, #36 )REPRESENTATION_RELATIONSHIP_WITH_TRANSFORMATION( #294 )SHAPE_REPRESENTATION_RELATIONSHIP(  ) );
#46 = PRODUCT_DEFINITION_SHAPE( 'NAUO-PROD-DEF', 'NAUO-PROD-DEF', #296 );
#47 = PRODUCT_RELATED_PRODUCT_CATEGORY( 'detail', ' ', ( #297 ) );
#48 = ( REPRESENTATION_RELATIONSHIP( '', '', #51, #36 )REPRESENTATION_RELATIONSHIP_WITH_TRANSFORMATION( #300 )SHAPE_REPRESENTATION_RELATIONSHIP(  ) );
#49 = PRODUCT_DEFINITION_SHAPE( 'NAUO-PROD-DEF', 'NAUO-PROD-DEF', #302 );
#50 = PRODUCT_DEFINITION_SHAPE( 'NONE', 'NONE', #303 );
#51 = SHAPE_REPRESENTATION( '6912109100xx_PIN', ( #267 ), #278 );
#52 = ADVANCED_BREP_SHAPE_REPRESENTATION( '6912109100xx_PIN', ( #304 ), #28 );
#53 = ( REPRESENTATION_RELATIONSHIP( '', '', #51, #36 )REPRESENTATION_RELATIONSHIP_WITH_TRANSFORMATION( #307 )SHAPE_REPRESENTATION_RELATIONSHIP(  ) );
#54 = PRODUCT_DEFINITION_SHAPE( 'NAUO-PROD-DEF', 'NAUO-PROD-DEF', #309 );
#55 = ( REPRESENTATION_RELATIONSHIP( '', '', #51, #36 )REPRESENTATION_RELATIONSHIP_WITH_TRANSFORMATION( #312 )SHAPE_REPRESENTATION_RELATIONSHIP(  ) );
#56 = PRODUCT_DEFINITION_SHAPE( 'NAUO-PROD-DEF', 'NAUO-PROD-DEF', #314 );
#57 = PRODUCT_RELATED_PRODUCT_CATEGORY( 'detail', ' ', ( #315 ) );
#58 = ( REPRESENTATION_RELATIONSHIP( '', '', #61, #36 )REPRESENTATION_RELATIONSHIP_WITH_TRANSFORMATION( #318 )SHAPE_REPRESENTATION_RELATIONSHIP(  ) );
#59 = PRODUCT_DEFINITION_SHAPE( 'NAUO-PROD-DEF', 'NAUO-PROD-DEF', #320 );
#60 = PRODUCT_DEFINITION_SHAPE( 'NONE', 'NONE', #321 );
#61 = SHAPE_REPRESENTATION( '6912109100xx_VIS', ( #267 ), #278 );
#62 = ADVANCED_BREP_SHAPE_REPRESENTATION( '6912109100xx_VIS', ( #322 ), #28 );
#63 = ( REPRESENTATION_RELATIONSHIP( '', '', #61, #36 )REPRESENTATION_RELATIONSHIP_WITH_TRANSFORMATION( #325 )SHAPE_REPRESENTATION_RELATIONSHIP(  ) );
#64 = PRODUCT_DEFINITION_SHAPE( 'NAUO-PROD-DEF', 'NAUO-PROD-DEF', #327 );
#65 = ( REPRESENTATION_RELATIONSHIP( '', '', #61, #36 )REPRESENTATION_RELATIONSHIP_WITH_TRANSFORMATION( #330 )SHAPE_REPRESENTATION_RELATIONSHIP(  ) );
#66 = PRODUCT_DEFINITION_SHAPE( 'NAUO-PROD-DEF', 'NAUO-PROD-DEF', #332 );
#67 = PRODUCT_RELATED_PRODUCT_CATEGORY( 'detail', ' ', ( #333 ) );
#68 = ( REPRESENTATION_RELATIONSHIP( '', '', #71, #36 )REPRESENTATION_RELATIONSHIP_WITH_TRANSFORMATION( #336 )SHAPE_REPRESENTATION_RELATIONSHIP(  ) );
#69 = PRODUCT_DEFINITION_SHAPE( 'NAUO-PROD-DEF', 'NAUO-PROD-DEF', #338 );
#70 = PRODUCT_DEFINITION_SHAPE( 'NONE', 'NONE', #339 );
#71 = SHAPE_REPRESENTATION( '691210910003', ( #267 ), #278 );
#72 = ADVANCED_BREP_SHAPE_REPRESENTATION( '691210910003', ( #340 ), #28 );
#73 = STYLED_ITEM( '', ( #341 ), #342 );
#74 = STYLED_ITEM( '', ( #343 ), #344 );
#75 = STYLED_ITEM( '', ( #345 ), #346 );
#76 = STYLED_ITEM( '', ( #347 ), #348 );
#77 = STYLED_ITEM( '', ( #349 ), #350 );
#78 = STYLED_ITEM( '', ( #351 ), #352 );
#79 = STYLED_ITEM( '', ( #353 ), #354 );
#80 = STYLED_ITEM( '', ( #355 ), #356 );
#81 = STYLED_ITEM( '', ( #357 ), #358 );
#82 = STYLED_ITEM( '', ( #359 ), #360 );
#83 = STYLED_ITEM( '', ( #361 ), #362 );
#84 = STYLED_ITEM( '', ( #363 ), #364 );
#85 = STYLED_ITEM( '', ( #365 ), #366 );
#86 = STYLED_ITEM( '', ( #367 ), #368 );
#87 = STYLED_ITEM( '', ( #369 ), #370 );
#88 = STYLED_ITEM( '', ( #371 ), #372 );
#89 = STYLED_ITEM( '', ( #373 ), #374 );
#90 = STYLED_ITEM( '', ( #375 ), #376 );
#91 = STYLED_ITEM( '', ( #377 ), #378 );
#92 = STYLED_ITEM( '', ( #379 ), #380 );
#93 = STYLED_ITEM( '', ( #381 ), #382 );
#94 = STYLED_ITEM( '', ( #383 ), #384 );
#95 = STYLED_ITEM( '', ( #385 ), #386 );
#96 = STYLED_ITEM( '', ( #387 ), #388 );
#97 = STYLED_ITEM( '', ( #389 ), #390 );
#98 = STYLED_ITEM( '', ( #391 ), #392 );
#99 = STYLED_ITEM( '', ( #393 ), #394 );
#100 = STYLED_ITEM( '', ( #395 ), #396 );
#101 = STYLED_ITEM( '', ( #397 ), #398 );
#102 = STYLED_ITEM( '', ( #399 ), #400 );
#103 = STYLED_ITEM( '', ( #401 ), #402 );
#104 = STYLED_ITEM( '', ( #403 ), #404 );
#105 = STYLED_ITEM( '', ( #405 ), #406 );
#106 = STYLED_ITEM( '', ( #407 ), #408 );
#107 = STYLED_ITEM( '', ( #409 ), #410 );
#108 = STYLED_ITEM( '', ( #411 ), #412 );
#109 = STYLED_ITEM( '', ( #413 ), #414 );
#110 = STYLED_ITEM( '', ( #415 ), #416 );
#111 = STYLED_ITEM( '', ( #417 ), #418 );
#112 = STYLED_ITEM( '', ( #419 ), #420 );
#113 = STYLED_ITEM( '', ( #421 ), #422 );
#114 = STYLED_ITEM( '', ( #423 ), #424 );
#115 = STYLED_ITEM( '', ( #425 ), #426 );
#116 = STYLED_ITEM( '', ( #427 ), #428 );
#117 = STYLED_ITEM( '', ( #429 ), #430 );
#118 = STYLED_ITEM( '', ( #431 ), #432 );
#119 = STYLED_ITEM( '', ( #433 ), #434 );
#120 = STYLED_ITEM( '', ( #435 ), #436 );
#121 = STYLED_ITEM( '', ( #437 ), #438 );
#122 = STYLED_ITEM( '', ( #439 ), #440 );
#123 = STYLED_ITEM( '', ( #441 ), #442 );
#124 = STYLED_ITEM( '', ( #443 ), #444 );
#125 = STYLED_ITEM( '', ( #445 ), #446 );
#126 = STYLED_ITEM( '', ( #447 ), #448 );
#127 = STYLED_ITEM( '', ( #449 ), #450 );
#128 = STYLED_ITEM( '', ( #451 ), #452 );
#129 = STYLED_ITEM( '', ( #453 ), #454 );
#130 = STYLED_ITEM( '', ( #455 ), #456 );
#131 = STYLED_ITEM( '', ( #457 ), #458 );
#132 = STYLED_ITEM( '', ( #459 ), #460 );
#133 = STYLED_ITEM( '', ( #461 ), #462 );
#134 = STYLED_ITEM( '', ( #463 ), #464 );
#135 = STYLED_ITEM( '', ( #465 ), #466 );
#136 = STYLED_ITEM( '', ( #467 ), #468 );
#137 = STYLED_ITEM( '', ( #469 ), #470 );
#138 = STYLED_ITEM( '', ( #471 ), #472 );
#139 = STYLED_ITEM( '', ( #473 ), #474 );
#140 = STYLED_ITEM( '', ( #475 ), #476 );
#141 = STYLED_ITEM( '', ( #477 ), #478 );
#142 = STYLED_ITEM( '', ( #479 ), #480 );
#143 = STYLED_ITEM( '', ( #481 ), #482 );
#144 = STYLED_ITEM( '', ( #483 ), #484 );
#145 = STYLED_ITEM( '', ( #485 ), #486 );
#146 = STYLED_ITEM( '', ( #487 ), #488 );
#147 = STYLED_ITEM( '', ( #489 ), #490 );
#148 = STYLED_ITEM( '', ( #491 ), #492 );
#149 = STYLED_ITEM( '', ( #493 ), #494 );
#150 = STYLED_ITEM( '', ( #495 ), #496 );
#151 = STYLED_ITEM( '', ( #497 ), #498 );
#152 = STYLED_ITEM( '', ( #499 ), #500 );
#153 = STYLED_ITEM( '', ( #501 ), #502 );
#154 = STYLED_ITEM( '', ( #503 ), #504 );
#155 = STYLED_ITEM( '', ( #505 ), #506 );
#156 = STYLED_ITEM( '', ( #507 ), #508 );
#157 = STYLED_ITEM( '', ( #509 ), #510 );
#158 = STYLED_ITEM( '', ( #511 ), #512 );
#159 = STYLED_ITEM( '', ( #513 ), #514 );
#160 = STYLED_ITEM( '', ( #515 ), #516 );
#161 = STYLED_ITEM( '', ( #517 ), #518 );
#162 = STYLED_ITEM( '', ( #519 ), #520 );
#163 = STYLED_ITEM( '', ( #521 ), #522 );
#164 = STYLED_ITEM( '', ( #523 ), #524 );
#165 = STYLED_ITEM( '', ( #525 ), #526 );
#166 = STYLED_ITEM( '', ( #527 ), #528 );
#167 = STYLED_ITEM( '', ( #529 ), #530 );
#168 = STYLED_ITEM( '', ( #531 ), #532 );
#169 = STYLED_ITEM( '', ( #533 ), #534 );
#170 = STYLED_ITEM( '', ( #535 ), #536 );
#171 = STYLED_ITEM( '', ( #537 ), #538 );
#172 = STYLED_ITEM( '', ( #539 ), #540 );
#173 = STYLED_ITEM( '', ( #541 ), #542 );
#174 = STYLED_ITEM( '', ( #543 ), #544 );
#175 = STYLED_ITEM( '', ( #545 ), #546 );
#176 = STYLED_ITEM( '', ( #547 ), #548 );
#177 = STYLED_ITEM( '', ( #549 ), #550 );
#178 = STYLED_ITEM( '', ( #551 ), #552 );
#179 = STYLED_ITEM( '', ( #553 ), #554 );
#180 = STYLED_ITEM( '', ( #555 ), #556 );
#181 = STYLED_ITEM( '', ( #557 ), #558 );
#182 = STYLED_ITEM( '', ( #559 ), #560 );
#183 = STYLED_ITEM( '', ( #561 ), #562 );
#184 = STYLED_ITEM( '', ( #563 ), #564 );
#185 = STYLED_ITEM( '', ( #565 ), #566 );
#186 = STYLED_ITEM( '', ( #567 ), #568 );
#187 = STYLED_ITEM( '', ( #569 ), #570 );
#188 = STYLED_ITEM( '', ( #571 ), #572 );
#189 = STYLED_ITEM( '', ( #573 ), #574 );
#190 = STYLED_ITEM( '', ( #575 ), #576 );
#191 = STYLED_ITEM( '', ( #577 ), #578 );
#192 = STYLED_ITEM( '', ( #579 ), #580 );
#193 = STYLED_ITEM( '', ( #581 ), #582 );
#194 = STYLED_ITEM( '', ( #583 ), #584 );
#195 = STYLED_ITEM( '', ( #585 ), #586 );
#196 = STYLED_ITEM( '', ( #587 ), #588 );
#197 = STYLED_ITEM( '', ( #589 ), #590 );
#198 = STYLED_ITEM( '', ( #591 ), #592 );
#199 = STYLED_ITEM( '', ( #593 ), #594 );
#200 = STYLED_ITEM( '', ( #595 ), #596 );
#201 = STYLED_ITEM( '', ( #597 ), #598 );
#202 = STYLED_ITEM( '', ( #599 ), #600 );
#203 = STYLED_ITEM( '', ( #601 ), #602 );
#204 = STYLED_ITEM( '', ( #603 ), #604 );
#205 = STYLED_ITEM( '', ( #605 ), #606 );
#206 = STYLED_ITEM( '', ( #607 ), #608 );
#207 = STYLED_ITEM( '', ( #609 ), #610 );
#208 = STYLED_ITEM( '', ( #611 ), #612 );
#209 = STYLED_ITEM( '', ( #613 ), #614 );
#210 = STYLED_ITEM( '', ( #615 ), #616 );
#211 = STYLED_ITEM( '', ( #617 ), #618 );
#212 = STYLED_ITEM( '', ( #619 ), #620 );
#213 = STYLED_ITEM( '', ( #621 ), #622 );
#214 = STYLED_ITEM( '', ( #623 ), #624 );
#215 = STYLED_ITEM( '', ( #625 ), #626 );
#216 = STYLED_ITEM( '', ( #627 ), #628 );
#217 = STYLED_ITEM( '', ( #629 ), #630 );
#218 = STYLED_ITEM( '', ( #631 ), #632 );
#219 = STYLED_ITEM( '', ( #633 ), #634 );
#220 = STYLED_ITEM( '', ( #635 ), #636 );
#221 = STYLED_ITEM( '', ( #637 ), #638 );
#222 = STYLED_ITEM( '', ( #639 ), #640 );
#223 = STYLED_ITEM( '', ( #641 ), #642 );
#224 = STYLED_ITEM( '', ( #643 ), #644 );
#225 = STYLED_ITEM( '', ( #645 ), #646 );
#226 = STYLED_ITEM( '', ( #647 ), #648 );
#227 = STYLED_ITEM( '', ( #649 ), #650 );
#228 = STYLED_ITEM( '', ( #651 ), #652 );
#229 = STYLED_ITEM( '', ( #653 ), #654 );
#230 = STYLED_ITEM( '', ( #655 ), #656 );
#231 = STYLED_ITEM( '', ( #657 ), #658 );
#232 = STYLED_ITEM( '', ( #659 ), #660 );
#233 = STYLED_ITEM( '', ( #661 ), #662 );
#234 = STYLED_ITEM( '', ( #663 ), #664 );
#235 = STYLED_ITEM( '', ( #665 ), #666 );
#236 = STYLED_ITEM( '', ( #667 ), #668 );
#237 = STYLED_ITEM( '', ( #669 ), #670 );
#238 = STYLED_ITEM( '', ( #671 ), #672 );
#239 = STYLED_ITEM( '', ( #673 ), #674 );
#240 = STYLED_ITEM( '', ( #675 ), #676 );
#241 = STYLED_ITEM( '', ( #677 ), #678 );
#242 = STYLED_ITEM( '', ( #679 ), #680 );
#243 = STYLED_ITEM( '', ( #681 ), #682 );
#244 = STYLED_ITEM( '', ( #683 ), #684 );
#245 = STYLED_ITEM( '', ( #685 ), #686 );
#246 = STYLED_ITEM( '', ( #687 ), #688 );
#247 = STYLED_ITEM( '', ( #689 ), #690 );
#248 = STYLED_ITEM( '', ( #691 ), #692 );
#249 = STYLED_ITEM( '', ( #693 ), #694 );
#250 = STYLED_ITEM( '', ( #695 ), #696 );
#251 = STYLED_ITEM( '', ( #697 ), #698 );
#252 = STYLED_ITEM( '', ( #699 ), #700 );
#253 = STYLED_ITEM( '', ( #701 ), #702 );
#254 = STYLED_ITEM( '', ( #703 ), #704 );
#255 = STYLED_ITEM( '', ( #705 ), #706 );
#256 = STYLED_ITEM( '', ( #707 ), #708 );
#259 = UNCERTAINTY_MEASURE_WITH_UNIT( LENGTH_MEASURE( 0.00100000000000000 ), #261, '', '' );
#261 =  ( CONVERSION_BASED_UNIT( 'MILLIMETRE', #711 )LENGTH_UNIT(  )NAMED_UNIT( #714 ) );
#262 =  ( NAMED_UNIT( #716 )PLANE_ANGLE_UNIT(  )SI_UNIT( $, .RADIAN. ) );
#263 =  ( NAMED_UNIT( #716 )SI_UNIT( $, .STERADIAN. )SOLID_ANGLE_UNIT(  ) );
#265 = PRODUCT( 'Assem1', 'Assem1', 'PART-Assem1-DESC', ( #722 ) );
#266 = PRODUCT_DEFINITION( 'NONE', 'NONE', #723, #1 );
#267 = AXIS2_PLACEMENT_3D( '', #724, #725, #726 );
#268 = AXIS2_PLACEMENT_3D( '', #727, #728, #729 );
#269 = AXIS2_PLACEMENT_3D( '', #730, #731, #732 );
#270 = AXIS2_PLACEMENT_3D( '', #733, #734, #735 );
#271 = AXIS2_PLACEMENT_3D( '', #736, #737, #738 );
#272 = AXIS2_PLACEMENT_3D( '', #739, #740, #741 );
#273 = AXIS2_PLACEMENT_3D( '', #742, #743, #744 );
#274 = AXIS2_PLACEMENT_3D( '', #745, #746, #747 );
#275 = AXIS2_PLACEMENT_3D( '', #748, #749, #750 );
#276 = AXIS2_PLACEMENT_3D( '', #751, #752, #753 );
#277 = AXIS2_PLACEMENT_3D( '', #754, #755, #756 );
#278 =  ( GEOMETRIC_REPRESENTATION_CONTEXT( 3 )GLOBAL_UNCERTAINTY_ASSIGNED_CONTEXT( ( #759 ) )GLOBAL_UNIT_ASSIGNED_CONTEXT( ( #761, #762, #763 ) )REPRESENTATION_CONTEXT( 'NONE', 'WORKSPACE' ) );
#279 = PRODUCT( '6912109100xx_CAGE', '6912109100xx_CAGE', 'PART-6912109100xx_CAGE-DESC', ( #722 ) );
#282 = ITEM_DEFINED_TRANSFORMATION( '', '', #267, #268 );
#284 = NEXT_ASSEMBLY_USAGE_OCCURRENCE( 'NAUO1', '6912109100xx_CAGE', '6912109100xx_CAGE', #266, #285, $ );
#285 = PRODUCT_DEFINITION( '6912109100xx_CAGE', '6912109100xx_CAGE', #765, #1 );
#286 = MANIFOLD_SOLID_BREP( '6912109100xx_CAGE', #766 );
#289 = ITEM_DEFINED_TRANSFORMATION( '', '', #267, #269 );
#291 = NEXT_ASSEMBLY_USAGE_OCCURRENCE( 'NAUO2', '6912109100xx_CAGE', '6912109100xx_CAGE', #266, #285, $ );
#294 = ITEM_DEFINED_TRANSFORMATION( '', '', #267, #270 );
#296 = NEXT_ASSEMBLY_USAGE_OCCURRENCE( 'NAUO3', '6912109100xx_CAGE', '6912109100xx_CAGE', #266, #285, $ );
#297 = PRODUCT( '6912109100xx_PIN', '6912109100xx_PIN', 'PART-6912109100xx_PIN-DESC', ( #722 ) );
#300 = ITEM_DEFINED_TRANSFORMATION( '', '', #267, #271 );
#302 = NEXT_ASSEMBLY_USAGE_OCCURRENCE( 'NAUO4', '6912109100xx_PIN', '6912109100xx_PIN', #266, #303, $ );
#303 = PRODUCT_DEFINITION( '6912109100xx_PIN', '6912109100xx_PIN', #767, #1 );
#304 = MANIFOLD_SOLID_BREP( '6912109100xx_PIN', #768 );
#307 = ITEM_DEFINED_TRANSFORMATION( '', '', #267, #272 );
#309 = NEXT_ASSEMBLY_USAGE_OCCURRENCE( 'NAUO5', '6912109100xx_PIN', '6912109100xx_PIN', #266, #303, $ );
#312 = ITEM_DEFINED_TRANSFORMATION( '', '', #267, #273 );
#314 = NEXT_ASSEMBLY_USAGE_OCCURRENCE( 'NAUO6', '6912109100xx_PIN', '6912109100xx_PIN', #266, #303, $ );
#315 = PRODUCT( '6912109100xx_VIS', '6912109100xx_VIS', 'PART-6912109100xx_VIS-DESC', ( #722 ) );
#318 = ITEM_DEFINED_TRANSFORMATION( '', '', #267, #274 );
#320 = NEXT_ASSEMBLY_USAGE_OCCURRENCE( 'NAUO7', '6912109100xx_VIS', '6912109100xx_VIS', #266, #321, $ );
#321 = PRODUCT_DEFINITION( '6912109100xx_VIS', '6912109100xx_VIS', #769, #1 );
#322 = MANIFOLD_SOLID_BREP( '6912109100xx_VIS', #770 );
#325 = ITEM_DEFINED_TRANSFORMATION( '', '', #267, #275 );
#327 = NEXT_ASSEMBLY_USAGE_OCCURRENCE( 'NAUO8', '6912109100xx_VIS', '6912109100xx_VIS', #266, #321, $ );
#330 = ITEM_DEFINED_TRANSFORMATION( '', '', #267, #276 );
#332 = NEXT_ASSEMBLY_USAGE_OCCURRENCE( 'NAUO9', '6912109100xx_VIS', '6912109100xx_VIS', #266, #321, $ );
#333 = PRODUCT( '691210910003', '691210910003', 'PART-691210910003-DESC', ( #722 ) );
#336 = ITEM_DEFINED_TRANSFORMATION( '', '', #267, #277 );
#338 = NEXT_ASSEMBLY_USAGE_OCCURRENCE( 'NAUO10', '691210910003', '691210910003', #266, #339, $ );
#339 = PRODUCT_DEFINITION( '691210910003', '691210910003', #771, #1 );
#340 = MANIFOLD_SOLID_BREP( '691210910003', #772 );
#341 = PRESENTATION_STYLE_ASSIGNMENT( ( #773 ) );
#342 = ADVANCED_FACE( '', ( #774, #775 ), #776, .F. );
#343 = PRESENTATION_STYLE_ASSIGNMENT( ( #777 ) );
#344 = ADVANCED_FACE( '', ( #778 ), #779, .T. );
#345 = PRESENTATION_STYLE_ASSIGNMENT( ( #780 ) );
#346 = ADVANCED_FACE( '', ( #781 ), #782, .T. );
#347 = PRESENTATION_STYLE_ASSIGNMENT( ( #783 ) );
#348 = ADVANCED_FACE( '', ( #784 ), #785, .F. );
#349 = PRESENTATION_STYLE_ASSIGNMENT( ( #786 ) );
#350 = ADVANCED_FACE( '', ( #787 ), #788, .F. );
#351 = PRESENTATION_STYLE_ASSIGNMENT( ( #789 ) );
#352 = ADVANCED_FACE( '', ( #790 ), #791, .T. );
#353 = PRESENTATION_STYLE_ASSIGNMENT( ( #792 ) );
#354 = ADVANCED_FACE( '', ( #793 ), #794, .T. );
#355 = PRESENTATION_STYLE_ASSIGNMENT( ( #795 ) );
#356 = ADVANCED_FACE( '', ( #796, #797 ), #798, .F. );
#357 = PRESENTATION_STYLE_ASSIGNMENT( ( #799 ) );
#358 = ADVANCED_FACE( '', ( #800 ), #801, .T. );
#359 = PRESENTATION_STYLE_ASSIGNMENT( ( #802 ) );
#360 = ADVANCED_FACE( '', ( #803 ), #804, .F. );
#361 = PRESENTATION_STYLE_ASSIGNMENT( ( #805 ) );
#362 = ADVANCED_FACE( '', ( #806, #807 ), #808, .F. );
#363 = PRESENTATION_STYLE_ASSIGNMENT( ( #809 ) );
#364 = ADVANCED_FACE( '', ( #810 ), #811, .F. );
#365 = PRESENTATION_STYLE_ASSIGNMENT( ( #812 ) );
#366 = ADVANCED_FACE( '', ( #813 ), #814, .F. );
#367 = PRESENTATION_STYLE_ASSIGNMENT( ( #815 ) );
#368 = ADVANCED_FACE( '', ( #816 ), #817, .F. );
#369 = PRESENTATION_STYLE_ASSIGNMENT( ( #818 ) );
#370 = ADVANCED_FACE( '', ( #819 ), #820, .T. );
#371 = PRESENTATION_STYLE_ASSIGNMENT( ( #821 ) );
#372 = ADVANCED_FACE( '', ( #822 ), #823, .F. );
#373 = PRESENTATION_STYLE_ASSIGNMENT( ( #824 ) );
#374 = ADVANCED_FACE( '', ( #825 ), #826, .T. );
#375 = PRESENTATION_STYLE_ASSIGNMENT( ( #827 ) );
#376 = ADVANCED_FACE( '', ( #828 ), #829, .T. );
#377 = PRESENTATION_STYLE_ASSIGNMENT( ( #830 ) );
#378 = ADVANCED_FACE( '', ( #831 ), #832, .T. );
#379 = PRESENTATION_STYLE_ASSIGNMENT( ( #833 ) );
#380 = ADVANCED_FACE( '', ( #834 ), #835, .F. );
#381 = PRESENTATION_STYLE_ASSIGNMENT( ( #836 ) );
#382 = ADVANCED_FACE( '', ( #837 ), #838, .F. );
#383 = PRESENTATION_STYLE_ASSIGNMENT( ( #839 ) );
#384 = ADVANCED_FACE( '', ( #840 ), #841, .F. );
#385 = PRESENTATION_STYLE_ASSIGNMENT( ( #842 ) );
#386 = ADVANCED_FACE( '', ( #843 ), #844, .T. );
#387 = PRESENTATION_STYLE_ASSIGNMENT( ( #845 ) );
#388 = ADVANCED_FACE( '', ( #846 ), #847, .T. );
#389 = PRESENTATION_STYLE_ASSIGNMENT( ( #848 ) );
#390 = ADVANCED_FACE( '', ( #849 ), #850, .F. );
#391 = PRESENTATION_STYLE_ASSIGNMENT( ( #851 ) );
#392 = ADVANCED_FACE( '', ( #852 ), #853, .T. );
#393 = PRESENTATION_STYLE_ASSIGNMENT( ( #854 ) );
#394 = ADVANCED_FACE( '', ( #855 ), #856, .F. );
#395 = PRESENTATION_STYLE_ASSIGNMENT( ( #857 ) );
#396 = ADVANCED_FACE( '', ( #858 ), #859, .T. );
#397 = PRESENTATION_STYLE_ASSIGNMENT( ( #860 ) );
#398 = ADVANCED_FACE( '', ( #861 ), #862, .T. );
#399 = PRESENTATION_STYLE_ASSIGNMENT( ( #863 ) );
#400 = ADVANCED_FACE( '', ( #864 ), #865, .F. );
#401 = PRESENTATION_STYLE_ASSIGNMENT( ( #866 ) );
#402 = ADVANCED_FACE( '', ( #867 ), #868, .F. );
#403 = PRESENTATION_STYLE_ASSIGNMENT( ( #869 ) );
#404 = ADVANCED_FACE( '', ( #870 ), #871, .T. );
#405 = PRESENTATION_STYLE_ASSIGNMENT( ( #872 ) );
#406 = ADVANCED_FACE( '', ( #873 ), #874, .T. );
#407 = PRESENTATION_STYLE_ASSIGNMENT( ( #875 ) );
#408 = ADVANCED_FACE( '', ( #876 ), #877, .T. );
#409 = PRESENTATION_STYLE_ASSIGNMENT( ( #878 ) );
#410 = ADVANCED_FACE( '', ( #879 ), #880, .T. );
#411 = PRESENTATION_STYLE_ASSIGNMENT( ( #881 ) );
#412 = ADVANCED_FACE( '', ( #882 ), #883, .F. );
#413 = PRESENTATION_STYLE_ASSIGNMENT( ( #884 ) );
#414 = ADVANCED_FACE( '', ( #885 ), #886, .T. );
#415 = PRESENTATION_STYLE_ASSIGNMENT( ( #887 ) );
#416 = ADVANCED_FACE( '', ( #888 ), #889, .F. );
#417 = PRESENTATION_STYLE_ASSIGNMENT( ( #890 ) );
#418 = ADVANCED_FACE( '', ( #891 ), #892, .F. );
#419 = PRESENTATION_STYLE_ASSIGNMENT( ( #893 ) );
#420 = ADVANCED_FACE( '', ( #894, #895 ), #896, .F. );
#421 = PRESENTATION_STYLE_ASSIGNMENT( ( #897 ) );
#422 = ADVANCED_FACE( '', ( #898, #899 ), #900, .F. );
#423 = PRESENTATION_STYLE_ASSIGNMENT( ( #901 ) );
#424 = ADVANCED_FACE( '', ( #902 ), #903, .F. );
#425 = PRESENTATION_STYLE_ASSIGNMENT( ( #904 ) );
#426 = ADVANCED_FACE( '', ( #905 ), #906, .T. );
#427 = PRESENTATION_STYLE_ASSIGNMENT( ( #907 ) );
#428 = ADVANCED_FACE( '', ( #908 ), #909, .T. );
#429 = PRESENTATION_STYLE_ASSIGNMENT( ( #910 ) );
#430 = ADVANCED_FACE( '', ( #911 ), #912, .T. );
#431 = PRESENTATION_STYLE_ASSIGNMENT( ( #913 ) );
#432 = ADVANCED_FACE( '', ( #914 ), #915, .T. );
#433 = PRESENTATION_STYLE_ASSIGNMENT( ( #916 ) );
#434 = ADVANCED_FACE( '', ( #917 ), #918, .T. );
#435 = PRESENTATION_STYLE_ASSIGNMENT( ( #919 ) );
#436 = ADVANCED_FACE( '', ( #920 ), #921, .T. );
#437 = PRESENTATION_STYLE_ASSIGNMENT( ( #922 ) );
#438 = ADVANCED_FACE( '', ( #923 ), #924, .F. );
#439 = PRESENTATION_STYLE_ASSIGNMENT( ( #925 ) );
#440 = ADVANCED_FACE( '', ( #926, #927 ), #928, .F. );
#441 = PRESENTATION_STYLE_ASSIGNMENT( ( #929 ) );
#442 = ADVANCED_FACE( '', ( #930 ), #931, .F. );
#443 = PRESENTATION_STYLE_ASSIGNMENT( ( #932 ) );
#444 = ADVANCED_FACE( '', ( #933 ), #934, .T. );
#445 = PRESENTATION_STYLE_ASSIGNMENT( ( #935 ) );
#446 = ADVANCED_FACE( '', ( #936 ), #937, .F. );
#447 = PRESENTATION_STYLE_ASSIGNMENT( ( #938 ) );
#448 = ADVANCED_FACE( '', ( #939, #940 ), #941, .F. );
#449 = PRESENTATION_STYLE_ASSIGNMENT( ( #942 ) );
#450 = ADVANCED_FACE( '', ( #943 ), #944, .T. );
#451 = PRESENTATION_STYLE_ASSIGNMENT( ( #945 ) );
#452 = ADVANCED_FACE( '', ( #946 ), #947, .F. );
#453 = PRESENTATION_STYLE_ASSIGNMENT( ( #948 ) );
#454 = ADVANCED_FACE( '', ( #949 ), #950, .T. );
#455 = PRESENTATION_STYLE_ASSIGNMENT( ( #951 ) );
#456 = ADVANCED_FACE( '', ( #952 ), #953, .T. );
#457 = PRESENTATION_STYLE_ASSIGNMENT( ( #954 ) );
#458 = ADVANCED_FACE( '', ( #955 ), #956, .T. );
#459 = PRESENTATION_STYLE_ASSIGNMENT( ( #957 ) );
#460 = ADVANCED_FACE( '', ( #958 ), #959, .F. );
#461 = PRESENTATION_STYLE_ASSIGNMENT( ( #960 ) );
#462 = ADVANCED_FACE( '', ( #961 ), #962, .T. );
#463 = PRESENTATION_STYLE_ASSIGNMENT( ( #963 ) );
#464 = ADVANCED_FACE( '', ( #964 ), #965, .F. );
#465 = PRESENTATION_STYLE_ASSIGNMENT( ( #966 ) );
#466 = ADVANCED_FACE( '', ( #967 ), #968, .T. );
#467 = PRESENTATION_STYLE_ASSIGNMENT( ( #969 ) );
#468 = ADVANCED_FACE( '', ( #970 ), #971, .F. );
#469 = PRESENTATION_STYLE_ASSIGNMENT( ( #972 ) );
#470 = ADVANCED_FACE( '', ( #973 ), #974, .T. );
#471 = PRESENTATION_STYLE_ASSIGNMENT( ( #975 ) );
#472 = ADVANCED_FACE( '', ( #976 ), #977, .F. );
#473 = PRESENTATION_STYLE_ASSIGNMENT( ( #978 ) );
#474 = ADVANCED_FACE( '', ( #979, #980 ), #981, .T. );
#475 = PRESENTATION_STYLE_ASSIGNMENT( ( #982 ) );
#476 = ADVANCED_FACE( '', ( #983 ), #984, .T. );
#477 = PRESENTATION_STYLE_ASSIGNMENT( ( #985 ) );
#478 = ADVANCED_FACE( '', ( #986 ), #987, .T. );
#479 = PRESENTATION_STYLE_ASSIGNMENT( ( #988 ) );
#480 = ADVANCED_FACE( '', ( #989 ), #990, .T. );
#481 = PRESENTATION_STYLE_ASSIGNMENT( ( #991 ) );
#482 = ADVANCED_FACE( '', ( #992 ), #993, .F. );
#483 = PRESENTATION_STYLE_ASSIGNMENT( ( #994 ) );
#484 = ADVANCED_FACE( '', ( #995 ), #996, .F. );
#485 = PRESENTATION_STYLE_ASSIGNMENT( ( #997 ) );
#486 = ADVANCED_FACE( '', ( #998 ), #999, .T. );
#487 = PRESENTATION_STYLE_ASSIGNMENT( ( #1000 ) );
#488 = ADVANCED_FACE( '', ( #1001 ), #1002, .F. );
#489 = PRESENTATION_STYLE_ASSIGNMENT( ( #1003 ) );
#490 = ADVANCED_FACE( '', ( #1004, #1005, #1006, #1007 ), #1008, .T. );
#491 = PRESENTATION_STYLE_ASSIGNMENT( ( #1009 ) );
#492 = ADVANCED_FACE( '', ( #1010 ), #1011, .F. );
#493 = PRESENTATION_STYLE_ASSIGNMENT( ( #1012 ) );
#494 = ADVANCED_FACE( '', ( #1013 ), #1014, .F. );
#495 = PRESENTATION_STYLE_ASSIGNMENT( ( #1015 ) );
#496 = ADVANCED_FACE( '', ( #1016 ), #1017, .F. );
#497 = PRESENTATION_STYLE_ASSIGNMENT( ( #1018 ) );
#498 = ADVANCED_FACE( '', ( #1019 ), #1020, .F. );
#499 = PRESENTATION_STYLE_ASSIGNMENT( ( #1021 ) );
#500 = ADVANCED_FACE( '', ( #1022, #1023 ), #1024, .F. );
#501 = PRESENTATION_STYLE_ASSIGNMENT( ( #1025 ) );
#502 = ADVANCED_FACE( '', ( #1026 ), #1027, .T. );
#503 = PRESENTATION_STYLE_ASSIGNMENT( ( #1028 ) );
#504 = ADVANCED_FACE( '', ( #1029, #1030 ), #1031, .T. );
#505 = PRESENTATION_STYLE_ASSIGNMENT( ( #1032 ) );
#506 = ADVANCED_FACE( '', ( #1033, #1034 ), #1035, .F. );
#507 = PRESENTATION_STYLE_ASSIGNMENT( ( #1036 ) );
#508 = ADVANCED_FACE( '', ( #1037 ), #1038, .T. );
#509 = PRESENTATION_STYLE_ASSIGNMENT( ( #1039 ) );
#510 = ADVANCED_FACE( '', ( #1040, #1041 ), #1042, .F. );
#511 = PRESENTATION_STYLE_ASSIGNMENT( ( #1043 ) );
#512 = ADVANCED_FACE( '', ( #1044 ), #1045, .T. );
#513 = PRESENTATION_STYLE_ASSIGNMENT( ( #1046 ) );
#514 = ADVANCED_FACE( '', ( #1047 ), #1048, .T. );
#515 = PRESENTATION_STYLE_ASSIGNMENT( ( #1049 ) );
#516 = ADVANCED_FACE( '', ( #1050 ), #1051, .F. );
#517 = PRESENTATION_STYLE_ASSIGNMENT( ( #1052 ) );
#518 = ADVANCED_FACE( '', ( #1053 ), #1054, .T. );
#519 = PRESENTATION_STYLE_ASSIGNMENT( ( #1055 ) );
#520 = ADVANCED_FACE( '', ( #1056 ), #1057, .F. );
#521 = PRESENTATION_STYLE_ASSIGNMENT( ( #1058 ) );
#522 = ADVANCED_FACE( '', ( #1059 ), #1060, .T. );
#523 = PRESENTATION_STYLE_ASSIGNMENT( ( #1061 ) );
#524 = ADVANCED_FACE( '', ( #1062 ), #1063, .F. );
#525 = PRESENTATION_STYLE_ASSIGNMENT( ( #1064 ) );
#526 = ADVANCED_FACE( '', ( #1065 ), #1066, .T. );
#527 = PRESENTATION_STYLE_ASSIGNMENT( ( #1067 ) );
#528 = ADVANCED_FACE( '', ( #1068 ), #1069, .F. );
#529 = PRESENTATION_STYLE_ASSIGNMENT( ( #1070 ) );
#530 = ADVANCED_FACE( '', ( #1071, #1072 ), #1073, .F. );
#531 = PRESENTATION_STYLE_ASSIGNMENT( ( #1074 ) );
#532 = ADVANCED_FACE( '', ( #1075 ), #1076, .T. );
#533 = PRESENTATION_STYLE_ASSIGNMENT( ( #1077 ) );
#534 = ADVANCED_FACE( '', ( #1078 ), #1079, .F. );
#535 = PRESENTATION_STYLE_ASSIGNMENT( ( #1080 ) );
#536 = ADVANCED_FACE( '', ( #1081 ), #1082, .T. );
#537 = PRESENTATION_STYLE_ASSIGNMENT( ( #1083 ) );
#538 = ADVANCED_FACE( '', ( #1084, #1085 ), #1086, .F. );
#539 = PRESENTATION_STYLE_ASSIGNMENT( ( #1087 ) );
#540 = ADVANCED_FACE( '', ( #1088 ), #1089, .T. );
#541 = PRESENTATION_STYLE_ASSIGNMENT( ( #1090 ) );
#542 = ADVANCED_FACE( '', ( #1091 ), #1092, .T. );
#543 = PRESENTATION_STYLE_ASSIGNMENT( ( #1093 ) );
#544 = ADVANCED_FACE( '', ( #1094 ), #1095, .F. );
#545 = PRESENTATION_STYLE_ASSIGNMENT( ( #1096 ) );
#546 = ADVANCED_FACE( '', ( #1097 ), #1098, .T. );
#547 = PRESENTATION_STYLE_ASSIGNMENT( ( #1099 ) );
#548 = ADVANCED_FACE( '', ( #1100 ), #1101, .T. );
#549 = PRESENTATION_STYLE_ASSIGNMENT( ( #1102 ) );
#550 = ADVANCED_FACE( '', ( #1103, #1104 ), #1105, .T. );
#551 = PRESENTATION_STYLE_ASSIGNMENT( ( #1106 ) );
#552 = ADVANCED_FACE( '', ( #1107 ), #1108, .T. );
#553 = PRESENTATION_STYLE_ASSIGNMENT( ( #1109 ) );
#554 = ADVANCED_FACE( '', ( #1110 ), #1111, .T. );
#555 = PRESENTATION_STYLE_ASSIGNMENT( ( #1112 ) );
#556 = ADVANCED_FACE( '', ( #1113 ), #1114, .T. );
#557 = PRESENTATION_STYLE_ASSIGNMENT( ( #1115 ) );
#558 = ADVANCED_FACE( '', ( #1116 ), #1117, .T. );
#559 = PRESENTATION_STYLE_ASSIGNMENT( ( #1118 ) );
#560 = ADVANCED_FACE( '', ( #1119 ), #1120, .F. );
#561 = PRESENTATION_STYLE_ASSIGNMENT( ( #1121 ) );
#562 = ADVANCED_FACE( '', ( #1122 ), #1123, .F. );
#563 = PRESENTATION_STYLE_ASSIGNMENT( ( #1124 ) );
#564 = ADVANCED_FACE( '', ( #1125 ), #1126, .T. );
#565 = PRESENTATION_STYLE_ASSIGNMENT( ( #1127 ) );
#566 = ADVANCED_FACE( '', ( #1128 ), #1129, .F. );
#567 = PRESENTATION_STYLE_ASSIGNMENT( ( #1130 ) );
#568 = ADVANCED_FACE( '', ( #1131 ), #1132, .T. );
#569 = PRESENTATION_STYLE_ASSIGNMENT( ( #1133 ) );
#570 = ADVANCED_FACE( '', ( #1134 ), #1135, .F. );
#571 = PRESENTATION_STYLE_ASSIGNMENT( ( #1136 ) );
#572 = ADVANCED_FACE( '', ( #1137 ), #1138, .F. );
#573 = PRESENTATION_STYLE_ASSIGNMENT( ( #1139 ) );
#574 = ADVANCED_FACE( '', ( #1140, #1141, #1142, #1143 ), #1144, .T. );
#575 = PRESENTATION_STYLE_ASSIGNMENT( ( #1145 ) );
#576 = ADVANCED_FACE( '', ( #1146 ), #1147, .T. );
#577 = PRESENTATION_STYLE_ASSIGNMENT( ( #1148 ) );
#578 = ADVANCED_FACE( '', ( #1149 ), #1150, .F. );
#579 = PRESENTATION_STYLE_ASSIGNMENT( ( #1151 ) );
#580 = ADVANCED_FACE( '', ( #1152 ), #1153, .T. );
#581 = PRESENTATION_STYLE_ASSIGNMENT( ( #1154 ) );
#582 = ADVANCED_FACE( '', ( #1155 ), #1156, .F. );
#583 = PRESENTATION_STYLE_ASSIGNMENT( ( #1157 ) );
#584 = ADVANCED_FACE( '', ( #1158 ), #1159, .F. );
#585 = PRESENTATION_STYLE_ASSIGNMENT( ( #1160 ) );
#586 = ADVANCED_FACE( '', ( #1161 ), #1162, .F. );
#587 = PRESENTATION_STYLE_ASSIGNMENT( ( #1163 ) );
#588 = ADVANCED_FACE( '', ( #1164 ), #1165, .F. );
#589 = PRESENTATION_STYLE_ASSIGNMENT( ( #1166 ) );
#590 = ADVANCED_FACE( '', ( #1167, #1168 ), #1169, .F. );
#591 = PRESENTATION_STYLE_ASSIGNMENT( ( #1170 ) );
#592 = ADVANCED_FACE( '', ( #1171 ), #1172, .F. );
#593 = PRESENTATION_STYLE_ASSIGNMENT( ( #1173 ) );
#594 = ADVANCED_FACE( '', ( #1174 ), #1175, .T. );
#595 = PRESENTATION_STYLE_ASSIGNMENT( ( #1176 ) );
#596 = ADVANCED_FACE( '', ( #1177, #1178, #1179, #1180 ), #1181, .T. );
#597 = PRESENTATION_STYLE_ASSIGNMENT( ( #1182 ) );
#598 = ADVANCED_FACE( '', ( #1183 ), #1184, .T. );
#599 = PRESENTATION_STYLE_ASSIGNMENT( ( #1185 ) );
#600 = ADVANCED_FACE( '', ( #1186 ), #1187, .F. );
#601 = PRESENTATION_STYLE_ASSIGNMENT( ( #1188 ) );
#602 = ADVANCED_FACE( '', ( #1189 ), #1190, .F. );
#603 = PRESENTATION_STYLE_ASSIGNMENT( ( #1191 ) );
#604 = ADVANCED_FACE( '', ( #1192 ), #1193, .F. );
#605 = PRESENTATION_STYLE_ASSIGNMENT( ( #1194 ) );
#606 = ADVANCED_FACE( '', ( #1195, #1196 ), #1197, .T. );
#607 = PRESENTATION_STYLE_ASSIGNMENT( ( #1198 ) );
#608 = ADVANCED_FACE( '', ( #1199, #1200 ), #1201, .T. );
#609 = PRESENTATION_STYLE_ASSIGNMENT( ( #1202 ) );
#610 = ADVANCED_FACE( '', ( #1203 ), #1204, .F. );
#611 = PRESENTATION_STYLE_ASSIGNMENT( ( #1205 ) );
#612 = ADVANCED_FACE( '', ( #1206, #1207 ), #1208, .F. );
#613 = PRESENTATION_STYLE_ASSIGNMENT( ( #1209 ) );
#614 = ADVANCED_FACE( '', ( #1210 ), #1211, .F. );
#615 = PRESENTATION_STYLE_ASSIGNMENT( ( #1212 ) );
#616 = ADVANCED_FACE( '', ( #1213, #1214 ), #1215, .T. );
#617 = PRESENTATION_STYLE_ASSIGNMENT( ( #1216 ) );
#618 = ADVANCED_FACE( '', ( #1217 ), #1218, .T. );
#619 = PRESENTATION_STYLE_ASSIGNMENT( ( #1219 ) );
#620 = ADVANCED_FACE( '', ( #1220, #1221 ), #1222, .T. );
#621 = PRESENTATION_STYLE_ASSIGNMENT( ( #1223 ) );
#622 = ADVANCED_FACE( '', ( #1224 ), #1225, .T. );
#623 = PRESENTATION_STYLE_ASSIGNMENT( ( #1226 ) );
#624 = ADVANCED_FACE( '', ( #1227 ), #1228, .T. );
#625 = PRESENTATION_STYLE_ASSIGNMENT( ( #1229 ) );
#626 = ADVANCED_FACE( '', ( #1230 ), #1231, .T. );
#627 = PRESENTATION_STYLE_ASSIGNMENT( ( #1232 ) );
#628 = ADVANCED_FACE( '', ( #1233 ), #1234, .T. );
#629 = PRESENTATION_STYLE_ASSIGNMENT( ( #1235 ) );
#630 = ADVANCED_FACE( '', ( #1236 ), #1237, .F. );
#631 = PRESENTATION_STYLE_ASSIGNMENT( ( #1238 ) );
#632 = ADVANCED_FACE( '', ( #1239, #1240 ), #1241, .T. );
#633 = PRESENTATION_STYLE_ASSIGNMENT( ( #1242 ) );
#634 = ADVANCED_FACE( '', ( #1243 ), #1244, .F. );
#635 = PRESENTATION_STYLE_ASSIGNMENT( ( #1245 ) );
#636 = ADVANCED_FACE( '', ( #1246 ), #1247, .F. );
#637 = PRESENTATION_STYLE_ASSIGNMENT( ( #1248 ) );
#638 = ADVANCED_FACE( '', ( #1249 ), #1250, .T. );
#639 = PRESENTATION_STYLE_ASSIGNMENT( ( #1251 ) );
#640 = ADVANCED_FACE( '', ( #1252 ), #1253, .F. );
#641 = PRESENTATION_STYLE_ASSIGNMENT( ( #1254 ) );
#642 = ADVANCED_FACE( '', ( #1255 ), #1256, .F. );
#643 = PRESENTATION_STYLE_ASSIGNMENT( ( #1257 ) );
#644 = ADVANCED_FACE( '', ( #1258 ), #1259, .T. );
#645 = PRESENTATION_STYLE_ASSIGNMENT( ( #1260 ) );
#646 = ADVANCED_FACE( '', ( #1261 ), #1262, .F. );
#647 = PRESENTATION_STYLE_ASSIGNMENT( ( #1263 ) );
#648 = ADVANCED_FACE( '', ( #1264 ), #1265, .F. );
#649 = PRESENTATION_STYLE_ASSIGNMENT( ( #1266 ) );
#650 = ADVANCED_FACE( '', ( #1267 ), #1268, .F. );
#651 = PRESENTATION_STYLE_ASSIGNMENT( ( #1269 ) );
#652 = ADVANCED_FACE( '', ( #1270 ), #1271, .T. );
#653 = PRESENTATION_STYLE_ASSIGNMENT( ( #1272 ) );
#654 = ADVANCED_FACE( '', ( #1273 ), #1274, .F. );
#655 = PRESENTATION_STYLE_ASSIGNMENT( ( #1275 ) );
#656 = ADVANCED_FACE( '', ( #1276, #1277 ), #1278, .F. );
#657 = PRESENTATION_STYLE_ASSIGNMENT( ( #1279 ) );
#658 = ADVANCED_FACE( '', ( #1280 ), #1281, .T. );
#659 = PRESENTATION_STYLE_ASSIGNMENT( ( #1282 ) );
#660 = ADVANCED_FACE( '', ( #1283 ), #1284, .T. );
#661 = PRESENTATION_STYLE_ASSIGNMENT( ( #1285 ) );
#662 = ADVANCED_FACE( '', ( #1286 ), #1287, .T. );
#663 = PRESENTATION_STYLE_ASSIGNMENT( ( #1288 ) );
#664 = ADVANCED_FACE( '', ( #1289 ), #1290, .F. );
#665 = PRESENTATION_STYLE_ASSIGNMENT( ( #1291 ) );
#666 = ADVANCED_FACE( '', ( #1292 ), #1293, .T. );
#667 = PRESENTATION_STYLE_ASSIGNMENT( ( #1294 ) );
#668 = ADVANCED_FACE( '', ( #1295 ), #1296, .T. );
#669 = PRESENTATION_STYLE_ASSIGNMENT( ( #1297 ) );
#670 = ADVANCED_FACE( '', ( #1298 ), #1299, .T. );
#671 = PRESENTATION_STYLE_ASSIGNMENT( ( #1300 ) );
#672 = ADVANCED_FACE( '', ( #1301 ), #1302, .F. );
#673 = PRESENTATION_STYLE_ASSIGNMENT( ( #1303 ) );
#674 = ADVANCED_FACE( '', ( #1304 ), #1305, .F. );
#675 = PRESENTATION_STYLE_ASSIGNMENT( ( #1306 ) );
#676 = ADVANCED_FACE( '', ( #1307 ), #1308, .F. );
#677 = PRESENTATION_STYLE_ASSIGNMENT( ( #1309 ) );
#678 = ADVANCED_FACE( '', ( #1310 ), #1311, .T. );
#679 = PRESENTATION_STYLE_ASSIGNMENT( ( #1312 ) );
#680 = ADVANCED_FACE( '', ( #1313 ), #1314, .T. );
#681 = PRESENTATION_STYLE_ASSIGNMENT( ( #1315 ) );
#682 = ADVANCED_FACE( '', ( #1316 ), #1317, .F. );
#683 = PRESENTATION_STYLE_ASSIGNMENT( ( #1318 ) );
#684 = ADVANCED_FACE( '', ( #1319 ), #1320, .T. );
#685 = PRESENTATION_STYLE_ASSIGNMENT( ( #1321 ) );
#686 = ADVANCED_FACE( '', ( #1322 ), #1323, .T. );
#687 = PRESENTATION_STYLE_ASSIGNMENT( ( #1324 ) );
#688 = ADVANCED_FACE( '', ( #1325 ), #1326, .T. );
#689 = PRESENTATION_STYLE_ASSIGNMENT( ( #1327 ) );
#690 = ADVANCED_FACE( '', ( #1328 ), #1329, .F. );
#691 = PRESENTATION_STYLE_ASSIGNMENT( ( #1330 ) );
#692 = ADVANCED_FACE( '', ( #1331 ), #1332, .F. );
#693 = PRESENTATION_STYLE_ASSIGNMENT( ( #1333 ) );
#694 = ADVANCED_FACE( '', ( #1334, #1335 ), #1336, .F. );
#695 = PRESENTATION_STYLE_ASSIGNMENT( ( #1337 ) );
#696 = ADVANCED_FACE( '', ( #1338 ), #1339, .F. );
#697 = PRESENTATION_STYLE_ASSIGNMENT( ( #1340 ) );
#698 = ADVANCED_FACE( '', ( #1341 ), #1342, .T. );
#699 = PRESENTATION_STYLE_ASSIGNMENT( ( #1343 ) );
#700 = ADVANCED_FACE( '', ( #1344 ), #1345, .T. );
#701 = PRESENTATION_STYLE_ASSIGNMENT( ( #1346 ) );
#702 = ADVANCED_FACE( '', ( #1347 ), #1348, .F. );
#703 = PRESENTATION_STYLE_ASSIGNMENT( ( #1349 ) );
#704 = ADVANCED_FACE( '', ( #1350 ), #1351, .F. );
#705 = PRESENTATION_STYLE_ASSIGNMENT( ( #1352 ) );
#706 = ADVANCED_FACE( '', ( #1353 ), #1354, .F. );
#707 = PRESENTATION_STYLE_ASSIGNMENT( ( #1355 ) );
#708 = ADVANCED_FACE( '', ( #1356 ), #1357, .F. );
#711 = LENGTH_MEASURE_WITH_UNIT( LENGTH_MEASURE( 1.00000000000000 ), #1358 );
#714 = DIMENSIONAL_EXPONENTS( 1.00000000000000, 0.000000000000000, 0.000000000000000, 0.000000000000000, 0.000000000000000, 0.000000000000000, 0.000000000000000 );
#716 = DIMENSIONAL_EXPONENTS( 0.000000000000000, 0.000000000000000, 0.000000000000000, 0.000000000000000, 0.000000000000000, 0.000000000000000, 0.000000000000000 );
#722 = PRODUCT_CONTEXT( '', #32, 'mechanical' );
#723 = PRODUCT_DEFINITION_FORMATION_WITH_SPECIFIED_SOURCE( ' ', 'NONE', #265, .NOT_KNOWN. );
#724 = CARTESIAN_POINT( '', ( 0.000000000000000, 0.000000000000000, 0.000000000000000 ) );
#725 = DIRECTION( '', ( 0.000000000000000, 0.000000000000000, 1.00000000000000 ) );
#726 = DIRECTION( '', ( 1.00000000000000, 0.000000000000000, 0.000000000000000 ) );
#727 = CARTESIAN_POINT( '', ( 2.54000000000000, -0.174999999999985, 0.200000000000000 ) );
#728 = DIRECTION( '', ( 0.000000000000000, 0.000000000000000, 1.00000000000000 ) );
#729 = DIRECTION( '', ( 1.00000000000000, 0.000000000000000, 0.000000000000000 ) );
#730 = CARTESIAN_POINT( '', ( 0.000000000000000, -0.174999999999985, 0.200000000000000 ) );
#731 = DIRECTION( '', ( 0.000000000000000, 0.000000000000000, 1.00000000000000 ) );
#732 = DIRECTION( '', ( 1.00000000000000, 0.000000000000000, 0.000000000000000 ) );
#733 = CARTESIAN_POINT( '', ( -2.54000000000000, -0.174999999999985, 0.200000000000000 ) );
#734 = DIRECTION( '', ( 0.000000000000000, 0.000000000000000, 1.00000000000000 ) );
#735 = DIRECTION( '', ( 1.00000000000000, 0.000000000000000, 0.000000000000000 ) );
#736 = CARTESIAN_POINT( '', ( 2.54000000000000, 0.195000000000000, -0.650000000000000 ) );
#737 = DIRECTION( '', ( -4.34510530598106E-016, 1.00000000000000, 5.52842379202541E-016 ) );
#738 = DIRECTION( '', ( -1.00000000000000, -4.34510530598106E-016, -5.82867087928207E-016 ) );
#739 = CARTESIAN_POINT( '', ( 3.03576608295941E-015, 0.195000000000000, -0.650000000000000 ) );
#740 = DIRECTION( '', ( -4.34510530598106E-016, 1.00000000000000, 5.52842379202541E-016 ) );
#741 = DIRECTION( '', ( -1.00000000000000, -4.34510530598106E-016, -5.82867087928207E-016 ) );
#742 = CARTESIAN_POINT( '', ( -2.54000000000000, 0.195000000000000, -0.650000000000000 ) );
#743 = DIRECTION( '', ( -4.34510530598106E-016, 1.00000000000000, 5.52842379202541E-016 ) );
#744 = DIRECTION( '', ( -1.00000000000000, -4.34510530598106E-016, -5.82867087928207E-016 ) );
#745 = CARTESIAN_POINT( '', ( 2.54000000000000, -0.250000000000000, 0.850000000000000 ) );
#746 = DIRECTION( '', ( 5.16330395674107E-017, -2.54907977817616E-016, 1.00000000000000 ) );
#747 = DIRECTION( '', ( 2.22044604925031E-016, -1.00000000000000, -2.54907977817616E-016 ) );
#748 = CARTESIAN_POINT( '', ( 4.33680868994202E-016, -0.250000000000000, 0.850000000000000 ) );
#749 = DIRECTION( '', ( 5.16330395674107E-017, -2.54907977817616E-016, 1.00000000000000 ) );
#750 = DIRECTION( '', ( 2.22044604925031E-016, -1.00000000000000, -2.54907977817616E-016 ) );
#751 = CARTESIAN_POINT( '', ( -2.54000000000000, -0.250000000000000, 0.850000000000000 ) );
#752 = DIRECTION( '', ( 5.16330395674107E-017, -2.54907977817616E-016, 1.00000000000000 ) );
#753 = DIRECTION( '', ( 2.22044604925031E-016, -1.00000000000000, -2.54907977817616E-016 ) );
#754 = CARTESIAN_POINT( '', ( 0.000000000000000, 0.000000000000000, 0.000000000000000 ) );
#755 = DIRECTION( '', ( 0.000000000000000, 0.000000000000000, 1.00000000000000 ) );
#756 = DIRECTION( '', ( 1.00000000000000, 0.000000000000000, 0.000000000000000 ) );
#759 = UNCERTAINTY_MEASURE_WITH_UNIT( LENGTH_MEASURE( 0.00100000000000000 ), #761, '', '' );
#761 =  ( CONVERSION_BASED_UNIT( 'MILLIMETRE', #1361 )LENGTH_UNIT(  )NAMED_UNIT( #1364 ) );
#762 =  ( NAMED_UNIT( #1366 )PLANE_ANGLE_UNIT(  )SI_UNIT( $, .RADIAN. ) );
#763 =  ( NAMED_UNIT( #1366 )SI_UNIT( $, .STERADIAN. )SOLID_ANGLE_UNIT(  ) );
#765 = PRODUCT_DEFINITION_FORMATION_WITH_SPECIFIED_SOURCE( ' ', 'NONE', #279, .NOT_KNOWN. );
#766 = CLOSED_SHELL( '', ( #420, #586, #380, #616, #470, #606, #598, #698, #472, #374, #564, #388, #632, #376 ) );
#767 = PRODUCT_DEFINITION_FORMATION_WITH_SPECIFIED_SOURCE( ' ', 'NONE', #297, .NOT_KNOWN. );
#768 = CLOSED_SHELL( '', ( #650, #636, #560, #436, #518, #382, #578, #348, #366, #468, #460, #674, #398, #462, #426, #496, #622, #412, #536, #690, #344, #534, #666, #708, #588, #364, #438, #672, #520, #390 ) );
#769 = PRODUCT_DEFINITION_FORMATION_WITH_SPECIFIED_SOURCE( ' ', 'NONE', #315, .NOT_KNOWN. );
#770 = CLOSED_SHELL( '', ( #522, #474, #700, #662, #516, #620, #504, #552, #608, #550, #610, #554, #604 ) );
#771 = PRODUCT_DEFINITION_FORMATION_WITH_SPECIFIED_SOURCE( ' ', 'NONE', #333, .NOT_KNOWN. );
#772 = CLOSED_SHELL( '', ( #418, #422, #584, #506, #656, #428, #416, #642, #566, #500, #676, #706, #350, #482, #570, #494, #562, #646, #358, #652, #572, #640, #400, #342, #510, #612, #568, #450, #580, #476, #678, #688, #410, #532, #440, #680, #360, #648, #654, #590, #464, #582, #424, #702, #600, #528, #484, #592, #514, #658, #544, #682, #402, #538, #356, #448, #486, #352, #354, #454, #434, #512, #430, #556, #530, #558, #630, #372, #384, #694, #524, #634, #488, #394, #704, #368, #442, #692, #626, #432, #492, #498, #446, #664, #526, #668, #490, #596, #644, #386, #396, #574, #546, #508, #502, #594, #346, #614, #602, #370, #378, #624, #628, #696, #452, #576, #670, #540, #542, #406, #408, #456, #660, #684, #548, #404, #638, #414, #392, #362, #686, #444, #618, #478, #458, #466, #480 ) );
#773 = SURFACE_STYLE_USAGE( .BOTH., #1372 );
#774 = FACE_OUTER_BOUND( '', #1373, .T. );
#775 = FACE_OUTER_BOUND( '', #1374, .T. );
#776 = CYLINDRICAL_SURFACE( '', #1375, 0.850000000000000 );
#777 = SURFACE_STYLE_USAGE( .BOTH., #1376 );
#778 = FACE_OUTER_BOUND( '', #1377, .T. );
#779 = CYLINDRICAL_SURFACE( '', #1378, 0.410000000000000 );
#780 = SURFACE_STYLE_USAGE( .BOTH., #1379 );
#781 = FACE_OUTER_BOUND( '', #1380, .T. );
#782 = PLANE( '', #1381 );
#783 = SURFACE_STYLE_USAGE( .BOTH., #1382 );
#784 = FACE_OUTER_BOUND( '', #1383, .T. );
#785 = PLANE( '', #1384 );
#786 = SURFACE_STYLE_USAGE( .BOTH., #1385 );
#787 = FACE_OUTER_BOUND( '', #1386, .T. );
#788 = PLANE( '', #1387 );
#789 = SURFACE_STYLE_USAGE( .BOTH., #1388 );
#790 = FACE_OUTER_BOUND( '', #1389, .T. );
#791 = PLANE( '', #1390 );
#792 = SURFACE_STYLE_USAGE( .BOTH., #1391 );
#793 = FACE_OUTER_BOUND( '', #1392, .T. );
#794 = PLANE( '', #1393 );
#795 = SURFACE_STYLE_USAGE( .BOTH., #1394 );
#796 = FACE_OUTER_BOUND( '', #1395, .T. );
#797 = FACE_BOUND( '', #1396, .T. );
#798 = PLANE( '', #1397 );
#799 = SURFACE_STYLE_USAGE( .BOTH., #1398 );
#800 = FACE_OUTER_BOUND( '', #1399, .T. );
#801 = PLANE( '', #1400 );
#802 = SURFACE_STYLE_USAGE( .BOTH., #1401 );
#803 = FACE_OUTER_BOUND( '', #1402, .T. );
#804 = PLANE( '', #1403 );
#805 = SURFACE_STYLE_USAGE( .BOTH., #1404 );
#806 = FACE_OUTER_BOUND( '', #1405, .T. );
#807 = FACE_OUTER_BOUND( '', #1406, .T. );
#808 = CYLINDRICAL_SURFACE( '', #1407, 0.850000000000000 );
#809 = SURFACE_STYLE_USAGE( .BOTH., #1408 );
#810 = FACE_OUTER_BOUND( '', #1409, .T. );
#811 = PLANE( '', #1410 );
#812 = SURFACE_STYLE_USAGE( .BOTH., #1411 );
#813 = FACE_OUTER_BOUND( '', #1412, .T. );
#814 = PLANE( '', #1413 );
#815 = SURFACE_STYLE_USAGE( .BOTH., #1414 );
#816 = FACE_OUTER_BOUND( '', #1415, .T. );
#817 = PLANE( '', #1416 );
#818 = SURFACE_STYLE_USAGE( .BOTH., #1417 );
#819 = FACE_OUTER_BOUND( '', #1418, .T. );
#820 = PLANE( '', #1419 );
#821 = SURFACE_STYLE_USAGE( .BOTH., #1420 );
#822 = FACE_OUTER_BOUND( '', #1421, .T. );
#823 = PLANE( '', #1422 );
#824 = SURFACE_STYLE_USAGE( .BOTH., #1423 );
#825 = FACE_OUTER_BOUND( '', #1424, .T. );
#826 = PLANE( '', #1425 );
#827 = SURFACE_STYLE_USAGE( .BOTH., #1426 );
#828 = FACE_OUTER_BOUND( '', #1427, .T. );
#829 = PLANE( '', #1428 );
#830 = SURFACE_STYLE_USAGE( .BOTH., #1429 );
#831 = FACE_OUTER_BOUND( '', #1430, .T. );
#832 = PLANE( '', #1431 );
#833 = SURFACE_STYLE_USAGE( .BOTH., #1432 );
#834 = FACE_OUTER_BOUND( '', #1433, .T. );
#835 = PLANE( '', #1434 );
#836 = SURFACE_STYLE_USAGE( .BOTH., #1435 );
#837 = FACE_OUTER_BOUND( '', #1436, .T. );
#838 = PLANE( '', #1437 );
#839 = SURFACE_STYLE_USAGE( .BOTH., #1438 );
#840 = FACE_OUTER_BOUND( '', #1439, .T. );
#841 = PLANE( '', #1440 );
#842 = SURFACE_STYLE_USAGE( .BOTH., #1441 );
#843 = FACE_OUTER_BOUND( '', #1442, .T. );
#844 = PLANE( '', #1443 );
#845 = SURFACE_STYLE_USAGE( .BOTH., #1444 );
#846 = FACE_OUTER_BOUND( '', #1445, .T. );
#847 = PLANE( '', #1446 );
#848 = SURFACE_STYLE_USAGE( .BOTH., #1447 );
#849 = FACE_OUTER_BOUND( '', #1448, .T. );
#850 = PLANE( '', #1449 );
#851 = SURFACE_STYLE_USAGE( .BOTH., #1450 );
#852 = FACE_OUTER_BOUND( '', #1451, .T. );
#853 = PLANE( '', #1452 );
#854 = SURFACE_STYLE_USAGE( .BOTH., #1453 );
#855 = FACE_OUTER_BOUND( '', #1454, .T. );
#856 = PLANE( '', #1455 );
#857 = SURFACE_STYLE_USAGE( .BOTH., #1456 );
#858 = FACE_OUTER_BOUND( '', #1457, .T. );
#859 = PLANE( '', #1458 );
#860 = SURFACE_STYLE_USAGE( .BOTH., #1459 );
#861 = FACE_OUTER_BOUND( '', #1460, .T. );
#862 = PLANE( '', #1461 );
#863 = SURFACE_STYLE_USAGE( .BOTH., #1462 );
#864 = FACE_OUTER_BOUND( '', #1463, .T. );
#865 = PLANE( '', #1464 );
#866 = SURFACE_STYLE_USAGE( .BOTH., #1465 );
#867 = FACE_OUTER_BOUND( '', #1466, .T. );
#868 = PLANE( '', #1467 );
#869 = SURFACE_STYLE_USAGE( .BOTH., #1468 );
#870 = FACE_OUTER_BOUND( '', #1469, .T. );
#871 = PLANE( '', #1470 );
#872 = SURFACE_STYLE_USAGE( .BOTH., #1471 );
#873 = FACE_OUTER_BOUND( '', #1472, .T. );
#874 = PLANE( '', #1473 );
#875 = SURFACE_STYLE_USAGE( .BOTH., #1474 );
#876 = FACE_OUTER_BOUND( '', #1475, .T. );
#877 = PLANE( '', #1476 );
#878 = SURFACE_STYLE_USAGE( .BOTH., #1477 );
#879 = FACE_OUTER_BOUND( '', #1478, .T. );
#880 = PLANE( '', #1479 );
#881 = SURFACE_STYLE_USAGE( .BOTH., #1480 );
#882 = FACE_OUTER_BOUND( '', #1481, .T. );
#883 = CYLINDRICAL_SURFACE( '', #1482, 0.0100000000000000 );
#884 = SURFACE_STYLE_USAGE( .BOTH., #1483 );
#885 = FACE_OUTER_BOUND( '', #1484, .T. );
#886 = PLANE( '', #1485 );
#887 = SURFACE_STYLE_USAGE( .BOTH., #1486 );
#888 = FACE_OUTER_BOUND( '', #1487, .T. );
#889 = PLANE( '', #1488 );
#890 = SURFACE_STYLE_USAGE( .BOTH., #1489 );
#891 = FACE_OUTER_BOUND( '', #1490, .T. );
#892 = PLANE( '', #1491 );
#893 = SURFACE_STYLE_USAGE( .BOTH., #1492 );
#894 = FACE_OUTER_BOUND( '', #1493, .T. );
#895 = FACE_OUTER_BOUND( '', #1494, .T. );
#896 = CYLINDRICAL_SURFACE( '', #1495, 0.750000000000000 );
#897 = SURFACE_STYLE_USAGE( .BOTH., #1496 );
#898 = FACE_OUTER_BOUND( '', #1497, .T. );
#899 = FACE_OUTER_BOUND( '', #1498, .T. );
#900 = CYLINDRICAL_SURFACE( '', #1499, 1.00000000000000 );
#901 = SURFACE_STYLE_USAGE( .BOTH., #1500 );
#902 = FACE_OUTER_BOUND( '', #1501, .T. );
#903 = PLANE( '', #1502 );
#904 = SURFACE_STYLE_USAGE( .BOTH., #1503 );
#905 = FACE_OUTER_BOUND( '', #1504, .T. );
#906 = PLANE( '', #1505 );
#907 = SURFACE_STYLE_USAGE( .BOTH., #1506 );
#908 = FACE_OUTER_BOUND( '', #1507, .T. );
#909 = PLANE( '', #1508 );
#910 = SURFACE_STYLE_USAGE( .BOTH., #1509 );
#911 = FACE_OUTER_BOUND( '', #1510, .T. );
#912 = PLANE( '', #1511 );
#913 = SURFACE_STYLE_USAGE( .BOTH., #1512 );
#914 = FACE_OUTER_BOUND( '', #1513, .T. );
#915 = PLANE( '', #1514 );
#916 = SURFACE_STYLE_USAGE( .BOTH., #1515 );
#917 = FACE_OUTER_BOUND( '', #1516, .T. );
#918 = PLANE( '', #1517 );
#919 = SURFACE_STYLE_USAGE( .BOTH., #1518 );
#920 = FACE_OUTER_BOUND( '', #1519, .T. );
#921 = PLANE( '', #1520 );
#922 = SURFACE_STYLE_USAGE( .BOTH., #1521 );
#923 = FACE_OUTER_BOUND( '', #1522, .T. );
#924 = PLANE( '', #1523 );
#925 = SURFACE_STYLE_USAGE( .BOTH., #1524 );
#926 = FACE_OUTER_BOUND( '', #1525, .T. );
#927 = FACE_BOUND( '', #1526, .T. );
#928 = PLANE( '', #1527 );
#929 = SURFACE_STYLE_USAGE( .BOTH., #1528 );
#930 = FACE_OUTER_BOUND( '', #1529, .T. );
#931 = PLANE( '', #1530 );
#932 = SURFACE_STYLE_USAGE( .BOTH., #1531 );
#933 = FACE_OUTER_BOUND( '', #1532, .T. );
#934 = PLANE( '', #1533 );
#935 = SURFACE_STYLE_USAGE( .BOTH., #1534 );
#936 = FACE_OUTER_BOUND( '', #1535, .T. );
#937 = PLANE( '', #1536 );
#938 = SURFACE_STYLE_USAGE( .BOTH., #1537 );
#939 = FACE_OUTER_BOUND( '', #1538, .T. );
#940 = FACE_OUTER_BOUND( '', #1539, .T. );
#941 = CYLINDRICAL_SURFACE( '', #1540, 1.00000000000000 );
#942 = SURFACE_STYLE_USAGE( .BOTH., #1541 );
#943 = FACE_OUTER_BOUND( '', #1542, .T. );
#944 = PLANE( '', #1543 );
#945 = SURFACE_STYLE_USAGE( .BOTH., #1544 );
#946 = FACE_OUTER_BOUND( '', #1545, .T. );
#947 = PLANE( '', #1546 );
#948 = SURFACE_STYLE_USAGE( .BOTH., #1547 );
#949 = FACE_OUTER_BOUND( '', #1548, .T. );
#950 = PLANE( '', #1549 );
#951 = SURFACE_STYLE_USAGE( .BOTH., #1550 );
#952 = FACE_OUTER_BOUND( '', #1551, .T. );
#953 = PLANE( '', #1552 );
#954 = SURFACE_STYLE_USAGE( .BOTH., #1553 );
#955 = FACE_OUTER_BOUND( '', #1554, .T. );
#956 = PLANE( '', #1555 );
#957 = SURFACE_STYLE_USAGE( .BOTH., #1556 );
#958 = FACE_OUTER_BOUND( '', #1557, .T. );
#959 = PLANE( '', #1558 );
#960 = SURFACE_STYLE_USAGE( .BOTH., #1559 );
#961 = FACE_OUTER_BOUND( '', #1560, .T. );
#962 = CYLINDRICAL_SURFACE( '', #1561, 0.810000000000000 );
#963 = SURFACE_STYLE_USAGE( .BOTH., #1562 );
#964 = FACE_OUTER_BOUND( '', #1563, .T. );
#965 = PLANE( '', #1564 );
#966 = SURFACE_STYLE_USAGE( .BOTH., #1565 );
#967 = FACE_OUTER_BOUND( '', #1566, .T. );
#968 = PLANE( '', #1567 );
#969 = SURFACE_STYLE_USAGE( .BOTH., #1568 );
#970 = FACE_OUTER_BOUND( '', #1569, .T. );
#971 = PLANE( '', #1570 );
#972 = SURFACE_STYLE_USAGE( .BOTH., #1571 );
#973 = FACE_OUTER_BOUND( '', #1572, .T. );
#974 = PLANE( '', #1573 );
#975 = SURFACE_STYLE_USAGE( .BOTH., #1574 );
#976 = FACE_OUTER_BOUND( '', #1575, .T. );
#977 = PLANE( '', #1576 );
#978 = SURFACE_STYLE_USAGE( .BOTH., #1577 );
#979 = FACE_OUTER_BOUND( '', #1578, .T. );
#980 = FACE_OUTER_BOUND( '', #1579, .T. );
#981 = TOROIDAL_SURFACE( '', #1580, 0.950000000000000, 0.100000000000000 );
#982 = SURFACE_STYLE_USAGE( .BOTH., #1581 );
#983 = FACE_OUTER_BOUND( '', #1582, .T. );
#984 = PLANE( '', #1583 );
#985 = SURFACE_STYLE_USAGE( .BOTH., #1584 );
#986 = FACE_OUTER_BOUND( '', #1585, .T. );
#987 = PLANE( '', #1586 );
#988 = SURFACE_STYLE_USAGE( .BOTH., #1587 );
#989 = FACE_OUTER_BOUND( '', #1588, .T. );
#990 = PLANE( '', #1589 );
#991 = SURFACE_STYLE_USAGE( .BOTH., #1590 );
#992 = FACE_OUTER_BOUND( '', #1591, .T. );
#993 = PLANE( '', #1592 );
#994 = SURFACE_STYLE_USAGE( .BOTH., #1593 );
#995 = FACE_OUTER_BOUND( '', #1594, .T. );
#996 = PLANE( '', #1595 );
#997 = SURFACE_STYLE_USAGE( .BOTH., #1596 );
#998 = FACE_OUTER_BOUND( '', #1597, .T. );
#999 = PLANE( '', #1598 );
#1000 = SURFACE_STYLE_USAGE( .BOTH., #1599 );
#1001 = FACE_OUTER_BOUND( '', #1600, .T. );
#1002 = PLANE( '', #1601 );
#1003 = SURFACE_STYLE_USAGE( .BOTH., #1602 );
#1004 = FACE_BOUND( '', #1603, .T. );
#1005 = FACE_OUTER_BOUND( '', #1604, .T. );
#1006 = FACE_BOUND( '', #1605, .T. );
#1007 = FACE_BOUND( '', #1606, .T. );
#1008 = PLANE( '', #1607 );
#1009 = SURFACE_STYLE_USAGE( .BOTH., #1608 );
#1010 = FACE_OUTER_BOUND( '', #1609, .T. );
#1011 = PLANE( '', #1610 );
#1012 = SURFACE_STYLE_USAGE( .BOTH., #1611 );
#1013 = FACE_OUTER_BOUND( '', #1612, .T. );
#1014 = PLANE( '', #1613 );
#1015 = SURFACE_STYLE_USAGE( .BOTH., #1614 );
#1016 = FACE_OUTER_BOUND( '', #1615, .T. );
#1017 = CYLINDRICAL_SURFACE( '', #1616, 0.0100000000000000 );
#1018 = SURFACE_STYLE_USAGE( .BOTH., #1617 );
#1019 = FACE_OUTER_BOUND( '', #1618, .T. );
#1020 = PLANE( '', #1619 );
#1021 = SURFACE_STYLE_USAGE( .BOTH., #1620 );
#1022 = FACE_BOUND( '', #1621, .T. );
#1023 = FACE_OUTER_BOUND( '', #1622, .T. );
#1024 = PLANE( '', #1623 );
#1025 = SURFACE_STYLE_USAGE( .BOTH., #1624 );
#1026 = FACE_OUTER_BOUND( '', #1625, .T. );
#1027 = PLANE( '', #1626 );
#1028 = SURFACE_STYLE_USAGE( .BOTH., #1627 );
#1029 = FACE_OUTER_BOUND( '', #1628, .T. );
#1030 = FACE_OUTER_BOUND( '', #1629, .T. );
#1031 = CYLINDRICAL_SURFACE( '', #1630, 1.05000000000000 );
#1032 = SURFACE_STYLE_USAGE( .BOTH., #1631 );
#1033 = FACE_OUTER_BOUND( '', #1632, .T. );
#1034 = FACE_BOUND( '', #1633, .T. );
#1035 = PLANE( '', #1634 );
#1036 = SURFACE_STYLE_USAGE( .BOTH., #1635 );
#1037 = FACE_OUTER_BOUND( '', #1636, .T. );
#1038 = PLANE( '', #1637 );
#1039 = SURFACE_STYLE_USAGE( .BOTH., #1638 );
#1040 = FACE_OUTER_BOUND( '', #1639, .T. );
#1041 = FACE_BOUND( '', #1640, .T. );
#1042 = PLANE( '', #1641 );
#1043 = SURFACE_STYLE_USAGE( .BOTH., #1642 );
#1044 = FACE_OUTER_BOUND( '', #1643, .T. );
#1045 = PLANE( '', #1644 );
#1046 = SURFACE_STYLE_USAGE( .BOTH., #1645 );
#1047 = FACE_OUTER_BOUND( '', #1646, .T. );
#1048 = PLANE( '', #1647 );
#1049 = SURFACE_STYLE_USAGE( .BOTH., #1648 );
#1050 = FACE_OUTER_BOUND( '', #1649, .T. );
#1051 = PLANE( '', #1650 );
#1052 = SURFACE_STYLE_USAGE( .BOTH., #1651 );
#1053 = FACE_OUTER_BOUND( '', #1652, .T. );
#1054 = PLANE( '', #1653 );
#1055 = SURFACE_STYLE_USAGE( .BOTH., #1654 );
#1056 = FACE_OUTER_BOUND( '', #1655, .T. );
#1057 = PLANE( '', #1656 );
#1058 = SURFACE_STYLE_USAGE( .BOTH., #1657 );
#1059 = FACE_OUTER_BOUND( '', #1658, .T. );
#1060 = TOROIDAL_SURFACE( '', #1659, 0.950000000000000, 0.100000000000000 );
#1061 = SURFACE_STYLE_USAGE( .BOTH., #1660 );
#1062 = FACE_OUTER_BOUND( '', #1661, .T. );
#1063 = PLANE( '', #1662 );
#1064 = SURFACE_STYLE_USAGE( .BOTH., #1663 );
#1065 = FACE_OUTER_BOUND( '', #1664, .T. );
#1066 = PLANE( '', #1665 );
#1067 = SURFACE_STYLE_USAGE( .BOTH., #1666 );
#1068 = FACE_OUTER_BOUND( '', #1667, .T. );
#1069 = PLANE( '', #1668 );
#1070 = SURFACE_STYLE_USAGE( .BOTH., #1669 );
#1071 = FACE_OUTER_BOUND( '', #1670, .T. );
#1072 = FACE_BOUND( '', #1671, .T. );
#1073 = PLANE( '', #1672 );
#1074 = SURFACE_STYLE_USAGE( .BOTH., #1673 );
#1075 = FACE_OUTER_BOUND( '', #1674, .T. );
#1076 = PLANE( '', #1675 );
#1077 = SURFACE_STYLE_USAGE( .BOTH., #1676 );
#1078 = FACE_OUTER_BOUND( '', #1677, .T. );
#1079 = PLANE( '', #1678 );
#1080 = SURFACE_STYLE_USAGE( .BOTH., #1679 );
#1081 = FACE_OUTER_BOUND( '', #1680, .T. );
#1082 = PLANE( '', #1681 );
#1083 = SURFACE_STYLE_USAGE( .BOTH., #1682 );
#1084 = FACE_OUTER_BOUND( '', #1683, .T. );
#1085 = FACE_OUTER_BOUND( '', #1684, .T. );
#1086 = CYLINDRICAL_SURFACE( '', #1685, 0.850000000000000 );
#1087 = SURFACE_STYLE_USAGE( .BOTH., #1686 );
#1088 = FACE_OUTER_BOUND( '', #1687, .T. );
#1089 = PLANE( '', #1688 );
#1090 = SURFACE_STYLE_USAGE( .BOTH., #1689 );
#1091 = FACE_OUTER_BOUND( '', #1690, .T. );
#1092 = PLANE( '', #1691 );
#1093 = SURFACE_STYLE_USAGE( .BOTH., #1692 );
#1094 = FACE_OUTER_BOUND( '', #1693, .T. );
#1095 = PLANE( '', #1694 );
#1096 = SURFACE_STYLE_USAGE( .BOTH., #1695 );
#1097 = FACE_OUTER_BOUND( '', #1696, .T. );
#1098 = PLANE( '', #1697 );
#1099 = SURFACE_STYLE_USAGE( .BOTH., #1698 );
#1100 = FACE_OUTER_BOUND( '', #1699, .T. );
#1101 = PLANE( '', #1700 );
#1102 = SURFACE_STYLE_USAGE( .BOTH., #1701 );
#1103 = FACE_OUTER_BOUND( '', #1702, .T. );
#1104 = FACE_BOUND( '', #1703, .T. );
#1105 = CONICAL_SURFACE( '', #1704, 0.670000000000000, 0.113792007100000 );
#1106 = SURFACE_STYLE_USAGE( .BOTH., #1705 );
#1107 = FACE_OUTER_BOUND( '', #1706, .T. );
#1108 = PLANE( '', #1707 );
#1109 = SURFACE_STYLE_USAGE( .BOTH., #1708 );
#1110 = FACE_OUTER_BOUND( '', #1709, .T. );
#1111 = PLANE( '', #1710 );
#1112 = SURFACE_STYLE_USAGE( .BOTH., #1711 );
#1113 = FACE_OUTER_BOUND( '', #1712, .T. );
#1114 = PLANE( '', #1713 );
#1115 = SURFACE_STYLE_USAGE( .BOTH., #1714 );
#1116 = FACE_OUTER_BOUND( '', #1715, .T. );
#1117 = PLANE( '', #1716 );
#1118 = SURFACE_STYLE_USAGE( .BOTH., #1717 );
#1119 = FACE_OUTER_BOUND( '', #1718, .T. );
#1120 = PLANE( '', #1719 );
#1121 = SURFACE_STYLE_USAGE( .BOTH., #1720 );
#1122 = FACE_OUTER_BOUND( '', #1721, .T. );
#1123 = PLANE( '', #1722 );
#1124 = SURFACE_STYLE_USAGE( .BOTH., #1723 );
#1125 = FACE_OUTER_BOUND( '', #1724, .T. );
#1126 = PLANE( '', #1725 );
#1127 = SURFACE_STYLE_USAGE( .BOTH., #1726 );
#1128 = FACE_OUTER_BOUND( '', #1727, .T. );
#1129 = PLANE( '', #1728 );
#1130 = SURFACE_STYLE_USAGE( .BOTH., #1729 );
#1131 = FACE_OUTER_BOUND( '', #1730, .T. );
#1132 = PLANE( '', #1731 );
#1133 = SURFACE_STYLE_USAGE( .BOTH., #1732 );
#1134 = FACE_OUTER_BOUND( '', #1733, .T. );
#1135 = PLANE( '', #1734 );
#1136 = SURFACE_STYLE_USAGE( .BOTH., #1735 );
#1137 = FACE_OUTER_BOUND( '', #1736, .T. );
#1138 = PLANE( '', #1737 );
#1139 = SURFACE_STYLE_USAGE( .BOTH., #1738 );
#1140 = FACE_BOUND( '', #1739, .T. );
#1141 = FACE_OUTER_BOUND( '', #1740, .T. );
#1142 = FACE_BOUND( '', #1741, .T. );
#1143 = FACE_BOUND( '', #1742, .T. );
#1144 = PLANE( '', #1743 );
#1145 = SURFACE_STYLE_USAGE( .BOTH., #1744 );
#1146 = FACE_OUTER_BOUND( '', #1745, .T. );
#1147 = PLANE( '', #1746 );
#1148 = SURFACE_STYLE_USAGE( .BOTH., #1747 );
#1149 = FACE_OUTER_BOUND( '', #1748, .T. );
#1150 = PLANE( '', #1749 );
#1151 = SURFACE_STYLE_USAGE( .BOTH., #1750 );
#1152 = FACE_OUTER_BOUND( '', #1751, .T. );
#1153 = PLANE( '', #1752 );
#1154 = SURFACE_STYLE_USAGE( .BOTH., #1753 );
#1155 = FACE_OUTER_BOUND( '', #1754, .T. );
#1156 = PLANE( '', #1755 );
#1157 = SURFACE_STYLE_USAGE( .BOTH., #1756 );
#1158 = FACE_OUTER_BOUND( '', #1757, .T. );
#1159 = PLANE( '', #1758 );
#1160 = SURFACE_STYLE_USAGE( .BOTH., #1759 );
#1161 = FACE_OUTER_BOUND( '', #1760, .T. );
#1162 = PLANE( '', #1761 );
#1163 = SURFACE_STYLE_USAGE( .BOTH., #1762 );
#1164 = FACE_OUTER_BOUND( '', #1763, .T. );
#1165 = CYLINDRICAL_SURFACE( '', #1764, 0.410000000000000 );
#1166 = SURFACE_STYLE_USAGE( .BOTH., #1765 );
#1167 = FACE_BOUND( '', #1766, .T. );
#1168 = FACE_OUTER_BOUND( '', #1767, .T. );
#1169 = PLANE( '', #1768 );
#1170 = SURFACE_STYLE_USAGE( .BOTH., #1769 );
#1171 = FACE_OUTER_BOUND( '', #1770, .T. );
#1172 = PLANE( '', #1771 );
#1173 = SURFACE_STYLE_USAGE( .BOTH., #1772 );
#1174 = FACE_OUTER_BOUND( '', #1773, .T. );
#1175 = PLANE( '', #1774 );
#1176 = SURFACE_STYLE_USAGE( .BOTH., #1775 );
#1177 = FACE_OUTER_BOUND( '', #1776, .T. );
#1178 = FACE_BOUND( '', #1777, .T. );
#1179 = FACE_BOUND( '', #1778, .T. );
#1180 = FACE_BOUND( '', #1779, .T. );
#1181 = PLANE( '', #1780 );
#1182 = SURFACE_STYLE_USAGE( .BOTH., #1781 );
#1183 = FACE_OUTER_BOUND( '', #1782, .T. );
#1184 = PLANE( '', #1783 );
#1185 = SURFACE_STYLE_USAGE( .BOTH., #1784 );
#1186 = FACE_OUTER_BOUND( '', #1785, .T. );
#1187 = PLANE( '', #1786 );
#1188 = SURFACE_STYLE_USAGE( .BOTH., #1787 );
#1189 = FACE_OUTER_BOUND( '', #1788, .T. );
#1190 = PLANE( '', #1789 );
#1191 = SURFACE_STYLE_USAGE( .BOTH., #1790 );
#1192 = FACE_OUTER_BOUND( '', #1791, .T. );
#1193 = PLANE( '', #1792 );
#1194 = SURFACE_STYLE_USAGE( .BOTH., #1793 );
#1195 = FACE_OUTER_BOUND( '', #1794, .T. );
#1196 = FACE_BOUND( '', #1795, .T. );
#1197 = PLANE( '', #1796 );
#1198 = SURFACE_STYLE_USAGE( .BOTH., #1797 );
#1199 = FACE_OUTER_BOUND( '', #1798, .T. );
#1200 = FACE_OUTER_BOUND( '', #1799, .T. );
#1201 = CYLINDRICAL_SURFACE( '', #1800, 0.750000000000000 );
#1202 = SURFACE_STYLE_USAGE( .BOTH., #1801 );
#1203 = FACE_OUTER_BOUND( '', #1802, .T. );
#1204 = PLANE( '', #1803 );
#1205 = SURFACE_STYLE_USAGE( .BOTH., #1804 );
#1206 = FACE_OUTER_BOUND( '', #1805, .T. );
#1207 = FACE_OUTER_BOUND( '', #1806, .T. );
#1208 = CYLINDRICAL_SURFACE( '', #1807, 1.00000000000000 );
#1209 = SURFACE_STYLE_USAGE( .BOTH., #1808 );
#1210 = FACE_OUTER_BOUND( '', #1809, .T. );
#1211 = PLANE( '', #1810 );
#1212 = SURFACE_STYLE_USAGE( .BOTH., #1811 );
#1213 = FACE_OUTER_BOUND( '', #1812, .T. );
#1214 = FACE_BOUND( '', #1813, .T. );
#1215 = PLANE( '', #1814 );
#1216 = SURFACE_STYLE_USAGE( .BOTH., #1815 );
#1217 = FACE_OUTER_BOUND( '', #1816, .T. );
#1218 = PLANE( '', #1817 );
#1219 = SURFACE_STYLE_USAGE( .BOTH., #1818 );
#1220 = FACE_OUTER_BOUND( '', #1819, .T. );
#1221 = FACE_BOUND( '', #1820, .T. );
#1222 = PLANE( '', #1821 );
#1223 = SURFACE_STYLE_USAGE( .BOTH., #1822 );
#1224 = FACE_OUTER_BOUND( '', #1823, .T. );
#1225 = PLANE( '', #1824 );
#1226 = SURFACE_STYLE_USAGE( .BOTH., #1825 );
#1227 = FACE_OUTER_BOUND( '', #1826, .T. );
#1228 = PLANE( '', #1827 );
#1229 = SURFACE_STYLE_USAGE( .BOTH., #1828 );
#1230 = FACE_OUTER_BOUND( '', #1829, .T. );
#1231 = PLANE( '', #1830 );
#1232 = SURFACE_STYLE_USAGE( .BOTH., #1831 );
#1233 = FACE_OUTER_BOUND( '', #1832, .T. );
#1234 = PLANE( '', #1833 );
#1235 = SURFACE_STYLE_USAGE( .BOTH., #1834 );
#1236 = FACE_OUTER_BOUND( '', #1835, .T. );
#1237 = PLANE( '', #1836 );
#1238 = SURFACE_STYLE_USAGE( .BOTH., #1837 );
#1239 = FACE_OUTER_BOUND( '', #1838, .T. );
#1240 = FACE_BOUND( '', #1839, .T. );
#1241 = PLANE( '', #1840 );
#1242 = SURFACE_STYLE_USAGE( .BOTH., #1841 );
#1243 = FACE_OUTER_BOUND( '', #1842, .T. );
#1244 = PLANE( '', #1843 );
#1245 = SURFACE_STYLE_USAGE( .BOTH., #1844 );
#1246 = FACE_OUTER_BOUND( '', #1845, .T. );
#1247 = PLANE( '', #1846 );
#1248 = SURFACE_STYLE_USAGE( .BOTH., #1847 );
#1249 = FACE_OUTER_BOUND( '', #1848, .T. );
#1250 = PLANE( '', #1849 );
#1251 = SURFACE_STYLE_USAGE( .BOTH., #1850 );
#1252 = FACE_OUTER_BOUND( '', #1851, .T. );
#1253 = PLANE( '', #1852 );
#1254 = SURFACE_STYLE_USAGE( .BOTH., #1853 );
#1255 = FACE_OUTER_BOUND( '', #1854, .T. );
#1256 = PLANE( '', #1855 );
#1257 = SURFACE_STYLE_USAGE( .BOTH., #1856 );
#1258 = FACE_OUTER_BOUND( '', #1857, .T. );
#1259 = PLANE( '', #1858 );
#1260 = SURFACE_STYLE_USAGE( .BOTH., #1859 );
#1261 = FACE_OUTER_BOUND( '', #1860, .T. );
#1262 = PLANE( '', #1861 );
#1263 = SURFACE_STYLE_USAGE( .BOTH., #1862 );
#1264 = FACE_OUTER_BOUND( '', #1863, .T. );
#1265 = PLANE( '', #1864 );
#1266 = SURFACE_STYLE_USAGE( .BOTH., #1865 );
#1267 = FACE_OUTER_BOUND( '', #1866, .T. );
#1268 = PLANE( '', #1867 );
#1269 = SURFACE_STYLE_USAGE( .BOTH., #1868 );
#1270 = FACE_OUTER_BOUND( '', #1869, .T. );
#1271 = PLANE( '', #1870 );
#1272 = SURFACE_STYLE_USAGE( .BOTH., #1871 );
#1273 = FACE_OUTER_BOUND( '', #1872, .T. );
#1274 = PLANE( '', #1873 );
#1275 = SURFACE_STYLE_USAGE( .BOTH., #1874 );
#1276 = FACE_OUTER_BOUND( '', #1875, .T. );
#1277 = FACE_BOUND( '', #1876, .T. );
#1278 = PLANE( '', #1877 );
#1279 = SURFACE_STYLE_USAGE( .BOTH., #1878 );
#1280 = FACE_OUTER_BOUND( '', #1879, .T. );
#1281 = PLANE( '', #1880 );
#1282 = SURFACE_STYLE_USAGE( .BOTH., #1881 );
#1283 = FACE_OUTER_BOUND( '', #1882, .T. );
#1284 = PLANE( '', #1883 );
#1285 = SURFACE_STYLE_USAGE( .BOTH., #1884 );
#1286 = FACE_OUTER_BOUND( '', #1885, .T. );
#1287 = PLANE( '', #1886 );
#1288 = SURFACE_STYLE_USAGE( .BOTH., #1887 );
#1289 = FACE_OUTER_BOUND( '', #1888, .T. );
#1290 = PLANE( '', #1889 );
#1291 = SURFACE_STYLE_USAGE( .BOTH., #1890 );
#1292 = FACE_OUTER_BOUND( '', #1891, .T. );
#1293 = CYLINDRICAL_SURFACE( '', #1892, 0.410000000000000 );
#1294 = SURFACE_STYLE_USAGE( .BOTH., #1893 );
#1295 = FACE_OUTER_BOUND( '', #1894, .T. );
#1296 = PLANE( '', #1895 );
#1297 = SURFACE_STYLE_USAGE( .BOTH., #1896 );
#1298 = FACE_OUTER_BOUND( '', #1897, .T. );
#1299 = PLANE( '', #1898 );
#1300 = SURFACE_STYLE_USAGE( .BOTH., #1899 );
#1301 = FACE_OUTER_BOUND( '', #1900, .T. );
#1302 = PLANE( '', #1901 );
#1303 = SURFACE_STYLE_USAGE( .BOTH., #1902 );
#1304 = FACE_OUTER_BOUND( '', #1903, .T. );
#1305 = PLANE( '', #1904 );
#1306 = SURFACE_STYLE_USAGE( .BOTH., #1905 );
#1307 = FACE_OUTER_BOUND( '', #1906, .T. );
#1308 = PLANE( '', #1907 );
#1309 = SURFACE_STYLE_USAGE( .BOTH., #1908 );
#1310 = FACE_OUTER_BOUND( '', #1909, .T. );
#1311 = PLANE( '', #1910 );
#1312 = SURFACE_STYLE_USAGE( .BOTH., #1911 );
#1313 = FACE_OUTER_BOUND( '', #1912, .T. );
#1314 = PLANE( '', #1913 );
#1315 = SURFACE_STYLE_USAGE( .BOTH., #1914 );
#1316 = FACE_OUTER_BOUND( '', #1915, .T. );
#1317 = PLANE( '', #1916 );
#1318 = SURFACE_STYLE_USAGE( .BOTH., #1917 );
#1319 = FACE_OUTER_BOUND( '', #1918, .T. );
#1320 = PLANE( '', #1919 );
#1321 = SURFACE_STYLE_USAGE( .BOTH., #1920 );
#1322 = FACE_OUTER_BOUND( '', #1921, .T. );
#1323 = PLANE( '', #1922 );
#1324 = SURFACE_STYLE_USAGE( .BOTH., #1923 );
#1325 = FACE_OUTER_BOUND( '', #1924, .T. );
#1326 = PLANE( '', #1925 );
#1327 = SURFACE_STYLE_USAGE( .BOTH., #1926 );
#1328 = FACE_OUTER_BOUND( '', #1927, .T. );
#1329 = PLANE( '', #1928 );
#1330 = SURFACE_STYLE_USAGE( .BOTH., #1929 );
#1331 = FACE_OUTER_BOUND( '', #1930, .T. );
#1332 = PLANE( '', #1931 );
#1333 = SURFACE_STYLE_USAGE( .BOTH., #1932 );
#1334 = FACE_BOUND( '', #1933, .T. );
#1335 = FACE_OUTER_BOUND( '', #1934, .T. );
#1336 = PLANE( '', #1935 );
#1337 = SURFACE_STYLE_USAGE( .BOTH., #1936 );
#1338 = FACE_OUTER_BOUND( '', #1937, .T. );
#1339 = PLANE( '', #1938 );
#1340 = SURFACE_STYLE_USAGE( .BOTH., #1939 );
#1341 = FACE_OUTER_BOUND( '', #1940, .T. );
#1342 = PLANE( '', #1941 );
#1343 = SURFACE_STYLE_USAGE( .BOTH., #1942 );
#1344 = FACE_OUTER_BOUND( '', #1943, .T. );
#1345 = TOROIDAL_SURFACE( '', #1944, 0.950000000000000, 0.100000000000000 );
#1346 = SURFACE_STYLE_USAGE( .BOTH., #1945 );
#1347 = FACE_OUTER_BOUND( '', #1946, .T. );
#1348 = PLANE( '', #1947 );
#1349 = SURFACE_STYLE_USAGE( .BOTH., #1948 );
#1350 = FACE_OUTER_BOUND( '', #1949, .T. );
#1351 = PLANE( '', #1950 );
#1352 = SURFACE_STYLE_USAGE( .BOTH., #1951 );
#1353 = FACE_OUTER_BOUND( '', #1952, .T. );
#1354 = PLANE( '', #1953 );
#1355 = SURFACE_STYLE_USAGE( .BOTH., #1954 );
#1356 = FACE_OUTER_BOUND( '', #1955, .T. );
#1357 = PLANE( '', #1956 );
#1358 =  ( LENGTH_UNIT(  )NAMED_UNIT( #714 )SI_UNIT( .MILLI., .METRE. ) );
#1361 = LENGTH_MEASURE_WITH_UNIT( LENGTH_MEASURE( 1.00000000000000 ), #1958 );
#1364 = DIMENSIONAL_EXPONENTS( 1.00000000000000, 0.000000000000000, 0.000000000000000, 0.000000000000000, 0.000000000000000, 0.000000000000000, 0.000000000000000 );
#1366 = DIMENSIONAL_EXPONENTS( 0.000000000000000, 0.000000000000000, 0.000000000000000, 0.000000000000000, 0.000000000000000, 0.000000000000000, 0.000000000000000 );
#1372 = SURFACE_SIDE_STYLE( '', ( #1959 ) );
#1373 = EDGE_LOOP( '', ( #1960 ) );
#1374 = EDGE_LOOP( '', ( #1961 ) );
#1375 = AXIS2_PLACEMENT_3D( '', #1962, #1963, #1964 );
#1376 = SURFACE_SIDE_STYLE( '', ( #1965 ) );
#1377 = EDGE_LOOP( '', ( #1966, #1967, #1968, #1969 ) );
#1378 = AXIS2_PLACEMENT_3D( '', #1970, #1971, #1972 );
#1379 = SURFACE_SIDE_STYLE( '', ( #1973 ) );
#1380 = EDGE_LOOP( '', ( #1974, #1975, #1976, #1977 ) );
#1381 = AXIS2_PLACEMENT_3D( '', #1978, #1979, #1980 );
#1382 = SURFACE_SIDE_STYLE( '', ( #1981 ) );
#1383 = EDGE_LOOP( '', ( #1982, #1983, #1984, #1985 ) );
#1384 = AXIS2_PLACEMENT_3D( '', #1986, #1987, #1988 );
#1385 = SURFACE_SIDE_STYLE( '', ( #1989 ) );
#1386 = EDGE_LOOP( '', ( #1990, #1991, #1992, #1993 ) );
#1387 = AXIS2_PLACEMENT_3D( '', #1994, #1995, #1996 );
#1388 = SURFACE_SIDE_STYLE( '', ( #1997 ) );
#1389 = EDGE_LOOP( '', ( #1998, #1999, #2000, #2001 ) );
#1390 = AXIS2_PLACEMENT_3D( '', #2002, #2003, #2004 );
#1391 = SURFACE_SIDE_STYLE( '', ( #2005 ) );
#1392 = EDGE_LOOP( '', ( #2006, #2007, #2008, #2009 ) );
#1393 = AXIS2_PLACEMENT_3D( '', #2010, #2011, #2012 );
#1394 = SURFACE_SIDE_STYLE( '', ( #2013 ) );
#1395 = EDGE_LOOP( '', ( #2014 ) );
#1396 = EDGE_LOOP( '', ( #2015 ) );
#1397 = AXIS2_PLACEMENT_3D( '', #2016, #2017, #2018 );
#1398 = SURFACE_SIDE_STYLE( '', ( #2019 ) );
#1399 = EDGE_LOOP( '', ( #2020, #2021, #2022, #2023 ) );
#1400 = AXIS2_PLACEMENT_3D( '', #2024, #2025, #2026 );
#1401 = SURFACE_SIDE_STYLE( '', ( #2027 ) );
#1402 = EDGE_LOOP( '', ( #2028, #2029, #2030, #2031 ) );
#1403 = AXIS2_PLACEMENT_3D( '', #2032, #2033, #2034 );
#1404 = SURFACE_SIDE_STYLE( '', ( #2035 ) );
#1405 = EDGE_LOOP( '', ( #2036 ) );
#1406 = EDGE_LOOP( '', ( #2037 ) );
#1407 = AXIS2_PLACEMENT_3D( '', #2038, #2039, #2040 );
#1408 = SURFACE_SIDE_STYLE( '', ( #2041 ) );
#1409 = EDGE_LOOP( '', ( #2042, #2043, #2044, #2045, #2046, #2047 ) );
#1410 = AXIS2_PLACEMENT_3D( '', #2048, #2049, #2050 );
#1411 = SURFACE_SIDE_STYLE( '', ( #2051 ) );
#1412 = EDGE_LOOP( '', ( #2052, #2053, #2054, #2055, #2056, #2057, #2058, #2059 ) );
#1413 = AXIS2_PLACEMENT_3D( '', #2060, #2061, #2062 );
#1414 = SURFACE_SIDE_STYLE( '', ( #2063 ) );
#1415 = EDGE_LOOP( '', ( #2064, #2065, #2066, #2067, #2068, #2069, #2070, #2071, #2072, #2073, #2074, #2075 ) );
#1416 = AXIS2_PLACEMENT_3D( '', #2076, #2077, #2078 );
#1417 = SURFACE_SIDE_STYLE( '', ( #2079 ) );
#1418 = EDGE_LOOP( '', ( #2080, #2081, #2082, #2083, #2084 ) );
#1419 = AXIS2_PLACEMENT_3D( '', #2085, #2086, #2087 );
#1420 = SURFACE_SIDE_STYLE( '', ( #2088 ) );
#1421 = EDGE_LOOP( '', ( #2089, #2090, #2091, #2092 ) );
#1422 = AXIS2_PLACEMENT_3D( '', #2093, #2094, #2095 );
#1423 = SURFACE_SIDE_STYLE( '', ( #2096 ) );
#1424 = EDGE_LOOP( '', ( #2097, #2098, #2099, #2100 ) );
#1425 = AXIS2_PLACEMENT_3D( '', #2101, #2102, #2103 );
#1426 = SURFACE_SIDE_STYLE( '', ( #2104 ) );
#1427 = EDGE_LOOP( '', ( #2105, #2106, #2107, #2108 ) );
#1428 = AXIS2_PLACEMENT_3D( '', #2109, #2110, #2111 );
#1429 = SURFACE_SIDE_STYLE( '', ( #2112 ) );
#1430 = EDGE_LOOP( '', ( #2113, #2114, #2115, #2116, #2117, #2118, #2119, #2120, #2121 ) );
#1431 = AXIS2_PLACEMENT_3D( '', #2122, #2123, #2124 );
#1432 = SURFACE_SIDE_STYLE( '', ( #2125 ) );
#1433 = EDGE_LOOP( '', ( #2126, #2127 ) );
#1434 = AXIS2_PLACEMENT_3D( '', #2128, #2129, #2130 );
#1435 = SURFACE_SIDE_STYLE( '', ( #2131 ) );
#1436 = EDGE_LOOP( '', ( #2132, #2133, #2134, #2135 ) );
#1437 = AXIS2_PLACEMENT_3D( '', #2136, #2137, #2138 );
#1438 = SURFACE_SIDE_STYLE( '', ( #2139 ) );
#1439 = EDGE_LOOP( '', ( #2140, #2141, #2142, #2143 ) );
#1440 = AXIS2_PLACEMENT_3D( '', #2144, #2145, #2146 );
#1441 = SURFACE_SIDE_STYLE( '', ( #2147 ) );
#1442 = EDGE_LOOP( '', ( #2148, #2149, #2150, #2151 ) );
#1443 = AXIS2_PLACEMENT_3D( '', #2152, #2153, #2154 );
#1444 = SURFACE_SIDE_STYLE( '', ( #2155 ) );
#1445 = EDGE_LOOP( '', ( #2156, #2157, #2158, #2159 ) );
#1446 = AXIS2_PLACEMENT_3D( '', #2160, #2161, #2162 );
#1447 = SURFACE_SIDE_STYLE( '', ( #2163 ) );
#1448 = EDGE_LOOP( '', ( #2164, #2165, #2166, #2167, #2168, #2169 ) );
#1449 = AXIS2_PLACEMENT_3D( '', #2170, #2171, #2172 );
#1450 = SURFACE_SIDE_STYLE( '', ( #2173 ) );
#1451 = EDGE_LOOP( '', ( #2174, #2175, #2176, #2177 ) );
#1452 = AXIS2_PLACEMENT_3D( '', #2178, #2179, #2180 );
#1453 = SURFACE_SIDE_STYLE( '', ( #2181 ) );
#1454 = EDGE_LOOP( '', ( #2182, #2183, #2184, #2185 ) );
#1455 = AXIS2_PLACEMENT_3D( '', #2186, #2187, #2188 );
#1456 = SURFACE_SIDE_STYLE( '', ( #2189 ) );
#1457 = EDGE_LOOP( '', ( #2190, #2191, #2192, #2193, #2194, #2195, #2196, #2197, #2198, #2199 ) );
#1458 = AXIS2_PLACEMENT_3D( '', #2200, #2201, #2202 );
#1459 = SURFACE_SIDE_STYLE( '', ( #2203 ) );
#1460 = EDGE_LOOP( '', ( #2204, #2205, #2206, #2207, #2208, #2209 ) );
#1461 = AXIS2_PLACEMENT_3D( '', #2210, #2211, #2212 );
#1462 = SURFACE_SIDE_STYLE( '', ( #2213 ) );
#1463 = EDGE_LOOP( '', ( #2214, #2215, #2216, #2217 ) );
#1464 = AXIS2_PLACEMENT_3D( '', #2218, #2219, #2220 );
#1465 = SURFACE_SIDE_STYLE( '', ( #2221 ) );
#1466 = EDGE_LOOP( '', ( #2222, #2223, #2224, #2225 ) );
#1467 = AXIS2_PLACEMENT_3D( '', #2226, #2227, #2228 );
#1468 = SURFACE_SIDE_STYLE( '', ( #2229 ) );
#1469 = EDGE_LOOP( '', ( #2230, #2231, #2232, #2233 ) );
#1470 = AXIS2_PLACEMENT_3D( '', #2234, #2235, #2236 );
#1471 = SURFACE_SIDE_STYLE( '', ( #2237 ) );
#1472 = EDGE_LOOP( '', ( #2238, #2239, #2240, #2241 ) );
#1473 = AXIS2_PLACEMENT_3D( '', #2242, #2243, #2244 );
#1474 = SURFACE_SIDE_STYLE( '', ( #2245 ) );
#1475 = EDGE_LOOP( '', ( #2246, #2247, #2248, #2249 ) );
#1476 = AXIS2_PLACEMENT_3D( '', #2250, #2251, #2252 );
#1477 = SURFACE_SIDE_STYLE( '', ( #2253 ) );
#1478 = EDGE_LOOP( '', ( #2254, #2255, #2256, #2257, #2258 ) );
#1479 = AXIS2_PLACEMENT_3D( '', #2259, #2260, #2261 );
#1480 = SURFACE_SIDE_STYLE( '', ( #2262 ) );
#1481 = EDGE_LOOP( '', ( #2263, #2264, #2265, #2266 ) );
#1482 = AXIS2_PLACEMENT_3D( '', #2267, #2268, #2269 );
#1483 = SURFACE_SIDE_STYLE( '', ( #2270 ) );
#1484 = EDGE_LOOP( '', ( #2271, #2272, #2273, #2274 ) );
#1485 = AXIS2_PLACEMENT_3D( '', #2275, #2276, #2277 );
#1486 = SURFACE_SIDE_STYLE( '', ( #2278 ) );
#1487 = EDGE_LOOP( '', ( #2279, #2280, #2281, #2282 ) );
#1488 = AXIS2_PLACEMENT_3D( '', #2283, #2284, #2285 );
#1489 = SURFACE_SIDE_STYLE( '', ( #2286 ) );
#1490 = EDGE_LOOP( '', ( #2287, #2288, #2289, #2290 ) );
#1491 = AXIS2_PLACEMENT_3D( '', #2291, #2292, #2293 );
#1492 = SURFACE_SIDE_STYLE( '', ( #2294 ) );
#1493 = EDGE_LOOP( '', ( #2295, #2296, #2297, #2298, #2299, #2300, #2301, #2302 ) );
#1494 = EDGE_LOOP( '', ( #2303 ) );
#1495 = AXIS2_PLACEMENT_3D( '', #2304, #2305, #2306 );
#1496 = SURFACE_SIDE_STYLE( '', ( #2307 ) );
#1497 = EDGE_LOOP( '', ( #2308 ) );
#1498 = EDGE_LOOP( '', ( #2309 ) );
#1499 = AXIS2_PLACEMENT_3D( '', #2310, #2311, #2312 );
#1500 = SURFACE_SIDE_STYLE( '', ( #2313 ) );
#1501 = EDGE_LOOP( '', ( #2314, #2315, #2316, #2317 ) );
#1502 = AXIS2_PLACEMENT_3D( '', #2318, #2319, #2320 );
#1503 = SURFACE_SIDE_STYLE( '', ( #2321 ) );
#1504 = EDGE_LOOP( '', ( #2322, #2323, #2324, #2325 ) );
#1505 = AXIS2_PLACEMENT_3D( '', #2326, #2327, #2328 );
#1506 = SURFACE_SIDE_STYLE( '', ( #2329 ) );
#1507 = EDGE_LOOP( '', ( #2330, #2331, #2332, #2333, #2334, #2335, #2336, #2337, #2338, #2339 ) );
#1508 = AXIS2_PLACEMENT_3D( '', #2340, #2341, #2342 );
#1509 = SURFACE_SIDE_STYLE( '', ( #2343 ) );
#1510 = EDGE_LOOP( '', ( #2344, #2345, #2346, #2347, #2348 ) );
#1511 = AXIS2_PLACEMENT_3D( '', #2349, #2350, #2351 );
#1512 = SURFACE_SIDE_STYLE( '', ( #2352 ) );
#1513 = EDGE_LOOP( '', ( #2353, #2354, #2355, #2356 ) );
#1514 = AXIS2_PLACEMENT_3D( '', #2357, #2358, #2359 );
#1515 = SURFACE_SIDE_STYLE( '', ( #2360 ) );
#1516 = EDGE_LOOP( '', ( #2361, #2362, #2363, #2364, #2365 ) );
#1517 = AXIS2_PLACEMENT_3D( '', #2366, #2367, #2368 );
#1518 = SURFACE_SIDE_STYLE( '', ( #2369 ) );
#1519 = EDGE_LOOP( '', ( #2370, #2371, #2372, #2373 ) );
#1520 = AXIS2_PLACEMENT_3D( '', #2374, #2375, #2376 );
#1521 = SURFACE_SIDE_STYLE( '', ( #2377 ) );
#1522 = EDGE_LOOP( '', ( #2378, #2379, #2380, #2381 ) );
#1523 = AXIS2_PLACEMENT_3D( '', #2382, #2383, #2384 );
#1524 = SURFACE_SIDE_STYLE( '', ( #2385 ) );
#1525 = EDGE_LOOP( '', ( #2386, #2387, #2388, #2389 ) );
#1526 = EDGE_LOOP( '', ( #2390 ) );
#1527 = AXIS2_PLACEMENT_3D( '', #2391, #2392, #2393 );
#1528 = SURFACE_SIDE_STYLE( '', ( #2394 ) );
#1529 = EDGE_LOOP( '', ( #2395, #2396, #2397, #2398 ) );
#1530 = AXIS2_PLACEMENT_3D( '', #2399, #2400, #2401 );
#1531 = SURFACE_SIDE_STYLE( '', ( #2402 ) );
#1532 = EDGE_LOOP( '', ( #2403, #2404, #2405, #2406 ) );
#1533 = AXIS2_PLACEMENT_3D( '', #2407, #2408, #2409 );
#1534 = SURFACE_SIDE_STYLE( '', ( #2410 ) );
#1535 = EDGE_LOOP( '', ( #2411, #2412, #2413, #2414 ) );
#1536 = AXIS2_PLACEMENT_3D( '', #2415, #2416, #2417 );
#1537 = SURFACE_SIDE_STYLE( '', ( #2418 ) );
#1538 = EDGE_LOOP( '', ( #2419 ) );
#1539 = EDGE_LOOP( '', ( #2420 ) );
#1540 = AXIS2_PLACEMENT_3D( '', #2421, #2422, #2423 );
#1541 = SURFACE_SIDE_STYLE( '', ( #2424 ) );
#1542 = EDGE_LOOP( '', ( #2425, #2426, #2427, #2428 ) );
#1543 = AXIS2_PLACEMENT_3D( '', #2429, #2430, #2431 );
#1544 = SURFACE_SIDE_STYLE( '', ( #2432 ) );
#1545 = EDGE_LOOP( '', ( #2433, #2434, #2435, #2436 ) );
#1546 = AXIS2_PLACEMENT_3D( '', #2437, #2438, #2439 );
#1547 = SURFACE_SIDE_STYLE( '', ( #2440 ) );
#1548 = EDGE_LOOP( '', ( #2441, #2442, #2443, #2444 ) );
#1549 = AXIS2_PLACEMENT_3D( '', #2445, #2446, #2447 );
#1550 = SURFACE_SIDE_STYLE( '', ( #2448 ) );
#1551 = EDGE_LOOP( '', ( #2449, #2450, #2451, #2452 ) );
#1552 = AXIS2_PLACEMENT_3D( '', #2453, #2454, #2455 );
#1553 = SURFACE_SIDE_STYLE( '', ( #2456 ) );
#1554 = EDGE_LOOP( '', ( #2457, #2458, #2459, #2460 ) );
#1555 = AXIS2_PLACEMENT_3D( '', #2461, #2462, #2463 );
#1556 = SURFACE_SIDE_STYLE( '', ( #2464 ) );
#1557 = EDGE_LOOP( '', ( #2465, #2466, #2467, #2468 ) );
#1558 = AXIS2_PLACEMENT_3D( '', #2469, #2470, #2471 );
#1559 = SURFACE_SIDE_STYLE( '', ( #2472 ) );
#1560 = EDGE_LOOP( '', ( #2473, #2474, #2475, #2476, #2477, #2478, #2479, #2480 ) );
#1561 = AXIS2_PLACEMENT_3D( '', #2481, #2482, #2483 );
#1562 = SURFACE_SIDE_STYLE( '', ( #2484 ) );
#1563 = EDGE_LOOP( '', ( #2485, #2486, #2487, #2488 ) );
#1564 = AXIS2_PLACEMENT_3D( '', #2489, #2490, #2491 );
#1565 = SURFACE_SIDE_STYLE( '', ( #2492 ) );
#1566 = EDGE_LOOP( '', ( #2493, #2494, #2495, #2496 ) );
#1567 = AXIS2_PLACEMENT_3D( '', #2497, #2498, #2499 );
#1568 = SURFACE_SIDE_STYLE( '', ( #2500 ) );
#1569 = EDGE_LOOP( '', ( #2501, #2502, #2503, #2504 ) );
#1570 = AXIS2_PLACEMENT_3D( '', #2505, #2506, #2507 );
#1571 = SURFACE_SIDE_STYLE( '', ( #2508 ) );
#1572 = EDGE_LOOP( '', ( #2509, #2510, #2511, #2512, #2513, #2514, #2515, #2516 ) );
#1573 = AXIS2_PLACEMENT_3D( '', #2517, #2518, #2519 );
#1574 = SURFACE_SIDE_STYLE( '', ( #2520 ) );
#1575 = EDGE_LOOP( '', ( #2521, #2522, #2523, #2524 ) );
#1576 = AXIS2_PLACEMENT_3D( '', #2525, #2526, #2527 );
#1577 = SURFACE_SIDE_STYLE( '', ( #2528 ) );
#1578 = EDGE_LOOP( '', ( #2529 ) );
#1579 = EDGE_LOOP( '', ( #2530 ) );
#1580 = AXIS2_PLACEMENT_3D( '', #2531, #2532, #2533 );
#1581 = SURFACE_SIDE_STYLE( '', ( #2534 ) );
#1582 = EDGE_LOOP( '', ( #2535, #2536, #2537, #2538 ) );
#1583 = AXIS2_PLACEMENT_3D( '', #2539, #2540, #2541 );
#1584 = SURFACE_SIDE_STYLE( '', ( #2542 ) );
#1585 = EDGE_LOOP( '', ( #2543, #2544, #2545, #2546 ) );
#1586 = AXIS2_PLACEMENT_3D( '', #2547, #2548, #2549 );
#1587 = SURFACE_SIDE_STYLE( '', ( #2550 ) );
#1588 = EDGE_LOOP( '', ( #2551, #2552, #2553, #2554 ) );
#1589 = AXIS2_PLACEMENT_3D( '', #2555, #2556, #2557 );
#1590 = SURFACE_SIDE_STYLE( '', ( #2558 ) );
#1591 = EDGE_LOOP( '', ( #2559, #2560, #2561, #2562 ) );
#1592 = AXIS2_PLACEMENT_3D( '', #2563, #2564, #2565 );
#1593 = SURFACE_SIDE_STYLE( '', ( #2566 ) );
#1594 = EDGE_LOOP( '', ( #2567, #2568, #2569, #2570 ) );
#1595 = AXIS2_PLACEMENT_3D( '', #2571, #2572, #2573 );
#1596 = SURFACE_SIDE_STYLE( '', ( #2574 ) );
#1597 = EDGE_LOOP( '', ( #2575, #2576, #2577, #2578 ) );
#1598 = AXIS2_PLACEMENT_3D( '', #2579, #2580, #2581 );
#1599 = SURFACE_SIDE_STYLE( '', ( #2582 ) );
#1600 = EDGE_LOOP( '', ( #2583, #2584, #2585, #2586 ) );
#1601 = AXIS2_PLACEMENT_3D( '', #2587, #2588, #2589 );
#1602 = SURFACE_SIDE_STYLE( '', ( #2590 ) );
#1603 = EDGE_LOOP( '', ( #2591, #2592, #2593, #2594 ) );
#1604 = EDGE_LOOP( '', ( #2595, #2596, #2597, #2598 ) );
#1605 = EDGE_LOOP( '', ( #2599, #2600, #2601, #2602 ) );
#1606 = EDGE_LOOP( '', ( #2603, #2604, #2605, #2606 ) );
#1607 = AXIS2_PLACEMENT_3D( '', #2607, #2608, #2609 );
#1608 = SURFACE_SIDE_STYLE( '', ( #2610 ) );
#1609 = EDGE_LOOP( '', ( #2611, #2612, #2613, #2614, #2615 ) );
#1610 = AXIS2_PLACEMENT_3D( '', #2616, #2617, #2618 );
#1611 = SURFACE_SIDE_STYLE( '', ( #2619 ) );
#1612 = EDGE_LOOP( '', ( #2620, #2621, #2622, #2623, #2624, #2625, #2626, #2627, #2628, #2629, #2630, #2631 ) );
#1613 = AXIS2_PLACEMENT_3D( '', #2632, #2633, #2634 );
#1614 = SURFACE_SIDE_STYLE( '', ( #2635 ) );
#1615 = EDGE_LOOP( '', ( #2636, #2637, #2638, #2639 ) );
#1616 = AXIS2_PLACEMENT_3D( '', #2640, #2641, #2642 );
#1617 = SURFACE_SIDE_STYLE( '', ( #2643 ) );
#1618 = EDGE_LOOP( '', ( #2644, #2645, #2646, #2647, #2648 ) );
#1619 = AXIS2_PLACEMENT_3D( '', #2649, #2650, #2651 );
#1620 = SURFACE_SIDE_STYLE( '', ( #2652 ) );
#1621 = EDGE_LOOP( '', ( #2653, #2654, #2655, #2656 ) );
#1622 = EDGE_LOOP( '', ( #2657, #2658, #2659, #2660, #2661, #2662, #2663, #2664 ) );
#1623 = AXIS2_PLACEMENT_3D( '', #2665, #2666, #2667 );
#1624 = SURFACE_SIDE_STYLE( '', ( #2668 ) );
#1625 = EDGE_LOOP( '', ( #2669, #2670, #2671, #2672, #2673, #2674, #2675, #2676, #2677 ) );
#1626 = AXIS2_PLACEMENT_3D( '', #2678, #2679, #2680 );
#1627 = SURFACE_SIDE_STYLE( '', ( #2681 ) );
#1628 = EDGE_LOOP( '', ( #2682 ) );
#1629 = EDGE_LOOP( '', ( #2683, #2684, #2685, #2686, #2687, #2688, #2689, #2690 ) );
#1630 = AXIS2_PLACEMENT_3D( '', #2691, #2692, #2693 );
#1631 = SURFACE_SIDE_STYLE( '', ( #2694 ) );
#1632 = EDGE_LOOP( '', ( #2695, #2696, #2697, #2698 ) );
#1633 = EDGE_LOOP( '', ( #2699 ) );
#1634 = AXIS2_PLACEMENT_3D( '', #2700, #2701, #2702 );
#1635 = SURFACE_SIDE_STYLE( '', ( #2703 ) );
#1636 = EDGE_LOOP( '', ( #2704, #2705, #2706, #2707, #2708 ) );
#1637 = AXIS2_PLACEMENT_3D( '', #2709, #2710, #2711 );
#1638 = SURFACE_SIDE_STYLE( '', ( #2712 ) );
#1639 = EDGE_LOOP( '', ( #2713 ) );
#1640 = EDGE_LOOP( '', ( #2714 ) );
#1641 = AXIS2_PLACEMENT_3D( '', #2715, #2716, #2717 );
#1642 = SURFACE_SIDE_STYLE( '', ( #2718 ) );
#1643 = EDGE_LOOP( '', ( #2719, #2720, #2721, #2722 ) );
#1644 = AXIS2_PLACEMENT_3D( '', #2723, #2724, #2725 );
#1645 = SURFACE_SIDE_STYLE( '', ( #2726 ) );
#1646 = EDGE_LOOP( '', ( #2727, #2728, #2729, #2730 ) );
#1647 = AXIS2_PLACEMENT_3D( '', #2731, #2732, #2733 );
#1648 = SURFACE_SIDE_STYLE( '', ( #2734 ) );
#1649 = EDGE_LOOP( '', ( #2735, #2736 ) );
#1650 = AXIS2_PLACEMENT_3D( '', #2737, #2738, #2739 );
#1651 = SURFACE_SIDE_STYLE( '', ( #2740 ) );
#1652 = EDGE_LOOP( '', ( #2741, #2742, #2743, #2744 ) );
#1653 = AXIS2_PLACEMENT_3D( '', #2745, #2746, #2747 );
#1654 = SURFACE_SIDE_STYLE( '', ( #2748 ) );
#1655 = EDGE_LOOP( '', ( #2749, #2750, #2751, #2752 ) );
#1656 = AXIS2_PLACEMENT_3D( '', #2753, #2754, #2755 );
#1657 = SURFACE_SIDE_STYLE( '', ( #2756 ) );
#1658 = EDGE_LOOP( '', ( #2757, #2758, #2759, #2760 ) );
#1659 = AXIS2_PLACEMENT_3D( '', #2761, #2762, #2763 );
#1660 = SURFACE_SIDE_STYLE( '', ( #2764 ) );
#1661 = EDGE_LOOP( '', ( #2765, #2766, #2767, #2768 ) );
#1662 = AXIS2_PLACEMENT_3D( '', #2769, #2770, #2771 );
#1663 = SURFACE_SIDE_STYLE( '', ( #2772 ) );
#1664 = EDGE_LOOP( '', ( #2773, #2774, #2775, #2776, #2777, #2778, #2779, #2780 ) );
#1665 = AXIS2_PLACEMENT_3D( '', #2781, #2782, #2783 );
#1666 = SURFACE_SIDE_STYLE( '', ( #2784 ) );
#1667 = EDGE_LOOP( '', ( #2785, #2786, #2787, #2788, #2789, #2790, #2791, #2792, #2793, #2794, #2795, #2796 ) );
#1668 = AXIS2_PLACEMENT_3D( '', #2797, #2798, #2799 );
#1669 = SURFACE_SIDE_STYLE( '', ( #2800 ) );
#1670 = EDGE_LOOP( '', ( #2801, #2802, #2803, #2804 ) );
#1671 = EDGE_LOOP( '', ( #2805 ) );
#1672 = AXIS2_PLACEMENT_3D( '', #2806, #2807, #2808 );
#1673 = SURFACE_SIDE_STYLE( '', ( #2809 ) );
#1674 = EDGE_LOOP( '', ( #2810, #2811, #2812, #2813 ) );
#1675 = AXIS2_PLACEMENT_3D( '', #2814, #2815, #2816 );
#1676 = SURFACE_SIDE_STYLE( '', ( #2817 ) );
#1677 = EDGE_LOOP( '', ( #2818, #2819, #2820, #2821, #2822, #2823, #2824, #2825, #2826, #2827 ) );
#1678 = AXIS2_PLACEMENT_3D( '', #2828, #2829, #2830 );
#1679 = SURFACE_SIDE_STYLE( '', ( #2831 ) );
#1680 = EDGE_LOOP( '', ( #2832, #2833, #2834, #2835 ) );
#1681 = AXIS2_PLACEMENT_3D( '', #2836, #2837, #2838 );
#1682 = SURFACE_SIDE_STYLE( '', ( #2839 ) );
#1683 = EDGE_LOOP( '', ( #2840 ) );
#1684 = EDGE_LOOP( '', ( #2841 ) );
#1685 = AXIS2_PLACEMENT_3D( '', #2842, #2843, #2844 );
#1686 = SURFACE_SIDE_STYLE( '', ( #2845 ) );
#1687 = EDGE_LOOP( '', ( #2846, #2847, #2848, #2849 ) );
#1688 = AXIS2_PLACEMENT_3D( '', #2850, #2851, #2852 );
#1689 = SURFACE_SIDE_STYLE( '', ( #2853 ) );
#1690 = EDGE_LOOP( '', ( #2854, #2855, #2856, #2857 ) );
#1691 = AXIS2_PLACEMENT_3D( '', #2858, #2859, #2860 );
#1692 = SURFACE_SIDE_STYLE( '', ( #2861 ) );
#1693 = EDGE_LOOP( '', ( #2862, #2863, #2864, #2865, #2866 ) );
#1694 = AXIS2_PLACEMENT_3D( '', #2867, #2868, #2869 );
#1695 = SURFACE_SIDE_STYLE( '', ( #2870 ) );
#1696 = EDGE_LOOP( '', ( #2871, #2872, #2873, #2874 ) );
#1697 = AXIS2_PLACEMENT_3D( '', #2875, #2876, #2877 );
#1698 = SURFACE_SIDE_STYLE( '', ( #2878 ) );
#1699 = EDGE_LOOP( '', ( #2879, #2880, #2881, #2882 ) );
#1700 = AXIS2_PLACEMENT_3D( '', #2883, #2884, #2885 );
#1701 = SURFACE_SIDE_STYLE( '', ( #2886 ) );
#1702 = EDGE_LOOP( '', ( #2887 ) );
#1703 = EDGE_LOOP( '', ( #2888 ) );
#1704 = AXIS2_PLACEMENT_3D( '', #2889, #2890, #2891 );
#1705 = SURFACE_SIDE_STYLE( '', ( #2892 ) );
#1706 = EDGE_LOOP( '', ( #2893 ) );
#1707 = AXIS2_PLACEMENT_3D( '', #2894, #2895, #2896 );
#1708 = SURFACE_SIDE_STYLE( '', ( #2897 ) );
#1709 = EDGE_LOOP( '', ( #2898, #2899, #2900, #2901, #2902, #2903 ) );
#1710 = AXIS2_PLACEMENT_3D( '', #2904, #2905, #2906 );
#1711 = SURFACE_SIDE_STYLE( '', ( #2907 ) );
#1712 = EDGE_LOOP( '', ( #2908, #2909, #2910, #2911 ) );
#1713 = AXIS2_PLACEMENT_3D( '', #2912, #2913, #2914 );
#1714 = SURFACE_SIDE_STYLE( '', ( #2915 ) );
#1715 = EDGE_LOOP( '', ( #2916, #2917, #2918, #2919, #2920, #2921, #2922, #2923, #2924, #2925 ) );
#1716 = AXIS2_PLACEMENT_3D( '', #2926, #2927, #2928 );
#1717 = SURFACE_SIDE_STYLE( '', ( #2929 ) );
#1718 = EDGE_LOOP( '', ( #2930, #2931, #2932, #2933, #2934, #2935, #2936, #2937 ) );
#1719 = AXIS2_PLACEMENT_3D( '', #2938, #2939, #2940 );
#1720 = SURFACE_SIDE_STYLE( '', ( #2941 ) );
#1721 = EDGE_LOOP( '', ( #2942, #2943, #2944, #2945 ) );
#1722 = AXIS2_PLACEMENT_3D( '', #2946, #2947, #2948 );
#1723 = SURFACE_SIDE_STYLE( '', ( #2949 ) );
#1724 = EDGE_LOOP( '', ( #2950, #2951, #2952, #2953, #2954, #2955, #2956, #2957 ) );
#1725 = AXIS2_PLACEMENT_3D( '', #2958, #2959, #2960 );
#1726 = SURFACE_SIDE_STYLE( '', ( #2961 ) );
#1727 = EDGE_LOOP( '', ( #2962, #2963, #2964, #2965 ) );
#1728 = AXIS2_PLACEMENT_3D( '', #2966, #2967, #2968 );
#1729 = SURFACE_SIDE_STYLE( '', ( #2969 ) );
#1730 = EDGE_LOOP( '', ( #2970, #2971, #2972, #2973 ) );
#1731 = AXIS2_PLACEMENT_3D( '', #2974, #2975, #2976 );
#1732 = SURFACE_SIDE_STYLE( '', ( #2977 ) );
#1733 = EDGE_LOOP( '', ( #2978, #2979, #2980, #2981 ) );
#1734 = AXIS2_PLACEMENT_3D( '', #2982, #2983, #2984 );
#1735 = SURFACE_SIDE_STYLE( '', ( #2985 ) );
#1736 = EDGE_LOOP( '', ( #2986, #2987, #2988, #2989, #2990 ) );
#1737 = AXIS2_PLACEMENT_3D( '', #2991, #2992, #2993 );
#1738 = SURFACE_SIDE_STYLE( '', ( #2994 ) );
#1739 = EDGE_LOOP( '', ( #2995 ) );
#1740 = EDGE_LOOP( '', ( #2996, #2997, #2998, #2999 ) );
#1741 = EDGE_LOOP( '', ( #3000 ) );
#1742 = EDGE_LOOP( '', ( #3001 ) );
#1743 = AXIS2_PLACEMENT_3D( '', #3002, #3003, #3004 );
#1744 = SURFACE_SIDE_STYLE( '', ( #3005 ) );
#1745 = EDGE_LOOP( '', ( #3006, #3007, #3008, #3009, #3010 ) );
#1746 = AXIS2_PLACEMENT_3D( '', #3011, #3012, #3013 );
#1747 = SURFACE_SIDE_STYLE( '', ( #3014 ) );
#1748 = EDGE_LOOP( '', ( #3015, #3016, #3017, #3018 ) );
#1749 = AXIS2_PLACEMENT_3D( '', #3019, #3020, #3021 );
#1750 = SURFACE_SIDE_STYLE( '', ( #3022 ) );
#1751 = EDGE_LOOP( '', ( #3023, #3024, #3025, #3026 ) );
#1752 = AXIS2_PLACEMENT_3D( '', #3027, #3028, #3029 );
#1753 = SURFACE_SIDE_STYLE( '', ( #3030 ) );
#1754 = EDGE_LOOP( '', ( #3031, #3032, #3033, #3034, #3035, #3036, #3037, #3038 ) );
#1755 = AXIS2_PLACEMENT_3D( '', #3039, #3040, #3041 );
#1756 = SURFACE_SIDE_STYLE( '', ( #3042 ) );
#1757 = EDGE_LOOP( '', ( #3043, #3044, #3045, #3046 ) );
#1758 = AXIS2_PLACEMENT_3D( '', #3047, #3048, #3049 );
#1759 = SURFACE_SIDE_STYLE( '', ( #3050 ) );
#1760 = EDGE_LOOP( '', ( #3051, #3052 ) );
#1761 = AXIS2_PLACEMENT_3D( '', #3053, #3054, #3055 );
#1762 = SURFACE_SIDE_STYLE( '', ( #3056 ) );
#1763 = EDGE_LOOP( '', ( #3057, #3058, #3059, #3060 ) );
#1764 = AXIS2_PLACEMENT_3D( '', #3061, #3062, #3063 );
#1765 = SURFACE_SIDE_STYLE( '', ( #3064 ) );
#1766 = EDGE_LOOP( '', ( #3065, #3066, #3067, #3068 ) );
#1767 = EDGE_LOOP( '', ( #3069, #3070, #3071, #3072, #3073, #3074, #3075, #3076 ) );
#1768 = AXIS2_PLACEMENT_3D( '', #3077, #3078, #3079 );
#1769 = SURFACE_SIDE_STYLE( '', ( #3080 ) );
#1770 = EDGE_LOOP( '', ( #3081, #3082, #3083, #3084, #3085, #3086, #3087, #3088 ) );
#1771 = AXIS2_PLACEMENT_3D( '', #3089, #3090, #3091 );
#1772 = SURFACE_SIDE_STYLE( '', ( #3092 ) );
#1773 = EDGE_LOOP( '', ( #3093, #3094, #3095, #3096 ) );
#1774 = AXIS2_PLACEMENT_3D( '', #3097, #3098, #3099 );
#1775 = SURFACE_SIDE_STYLE( '', ( #3100 ) );
#1776 = EDGE_LOOP( '', ( #3101, #3102, #3103, #3104 ) );
#1777 = EDGE_LOOP( '', ( #3105, #3106, #3107, #3108, #3109, #3110, #3111, #3112, #3113, #3114, #3115, #3116, #3117, #3118, #3119, #3120, #3121, #3122, #3123, #3124 ) );
#1778 = EDGE_LOOP( '', ( #3125, #3126, #3127, #3128, #3129, #3130, #3131, #3132, #3133, #3134, #3135, #3136, #3137, #3138, #3139, #3140, #3141, #3142, #3143, #3144 ) );
#1779 = EDGE_LOOP( '', ( #3145, #3146, #3147, #3148, #3149, #3150, #3151, #3152, #3153, #3154, #3155, #3156, #3157, #3158, #3159, #3160, #3161, #3162, #3163, #3164 ) );
#1780 = AXIS2_PLACEMENT_3D( '', #3165, #3166, #3167 );
#1781 = SURFACE_SIDE_STYLE( '', ( #3168 ) );
#1782 = EDGE_LOOP( '', ( #3169, #3170, #3171, #3172 ) );
#1783 = AXIS2_PLACEMENT_3D( '', #3173, #3174, #3175 );
#1784 = SURFACE_SIDE_STYLE( '', ( #3176 ) );
#1785 = EDGE_LOOP( '', ( #3177, #3178, #3179, #3180 ) );
#1786 = AXIS2_PLACEMENT_3D( '', #3181, #3182, #3183 );
#1787 = SURFACE_SIDE_STYLE( '', ( #3184 ) );
#1788 = EDGE_LOOP( '', ( #3185, #3186, #3187, #3188 ) );
#1789 = AXIS2_PLACEMENT_3D( '', #3189, #3190, #3191 );
#1790 = SURFACE_SIDE_STYLE( '', ( #3192 ) );
#1791 = EDGE_LOOP( '', ( #3193, #3194, #3195, #3196 ) );
#1792 = AXIS2_PLACEMENT_3D( '', #3197, #3198, #3199 );
#1793 = SURFACE_SIDE_STYLE( '', ( #3200 ) );
#1794 = EDGE_LOOP( '', ( #3201, #3202, #3203, #3204 ) );
#1795 = EDGE_LOOP( '', ( #3205, #3206, #3207, #3208 ) );
#1796 = AXIS2_PLACEMENT_3D( '', #3209, #3210, #3211 );
#1797 = SURFACE_SIDE_STYLE( '', ( #3212 ) );
#1798 = EDGE_LOOP( '', ( #3213 ) );
#1799 = EDGE_LOOP( '', ( #3214 ) );
#1800 = AXIS2_PLACEMENT_3D( '', #3215, #3216, #3217 );
#1801 = SURFACE_SIDE_STYLE( '', ( #3218 ) );
#1802 = EDGE_LOOP( '', ( #3219, #3220 ) );
#1803 = AXIS2_PLACEMENT_3D( '', #3221, #3222, #3223 );
#1804 = SURFACE_SIDE_STYLE( '', ( #3224 ) );
#1805 = EDGE_LOOP( '', ( #3225 ) );
#1806 = EDGE_LOOP( '', ( #3226 ) );
#1807 = AXIS2_PLACEMENT_3D( '', #3227, #3228, #3229 );
#1808 = SURFACE_SIDE_STYLE( '', ( #3230 ) );
#1809 = EDGE_LOOP( '', ( #3231, #3232, #3233, #3234 ) );
#1810 = AXIS2_PLACEMENT_3D( '', #3235, #3236, #3237 );
#1811 = SURFACE_SIDE_STYLE( '', ( #3238 ) );
#1812 = EDGE_LOOP( '', ( #3239, #3240, #3241, #3242 ) );
#1813 = EDGE_LOOP( '', ( #3243 ) );
#1814 = AXIS2_PLACEMENT_3D( '', #3244, #3245, #3246 );
#1815 = SURFACE_SIDE_STYLE( '', ( #3247 ) );
#1816 = EDGE_LOOP( '', ( #3248, #3249, #3250, #3251 ) );
#1817 = AXIS2_PLACEMENT_3D( '', #3252, #3253, #3254 );
#1818 = SURFACE_SIDE_STYLE( '', ( #3255 ) );
#1819 = EDGE_LOOP( '', ( #3256 ) );
#1820 = EDGE_LOOP( '', ( #3257 ) );
#1821 = AXIS2_PLACEMENT_3D( '', #3258, #3259, #3260 );
#1822 = SURFACE_SIDE_STYLE( '', ( #3261 ) );
#1823 = EDGE_LOOP( '', ( #3262, #3263, #3264, #3265, #3266, #3267, #3268, #3269, #3270, #3271 ) );
#1824 = AXIS2_PLACEMENT_3D( '', #3272, #3273, #3274 );
#1825 = SURFACE_SIDE_STYLE( '', ( #3275 ) );
#1826 = EDGE_LOOP( '', ( #3276, #3277, #3278, #3279 ) );
#1827 = AXIS2_PLACEMENT_3D( '', #3280, #3281, #3282 );
#1828 = SURFACE_SIDE_STYLE( '', ( #3283 ) );
#1829 = EDGE_LOOP( '', ( #3284, #3285, #3286, #3287 ) );
#1830 = AXIS2_PLACEMENT_3D( '', #3288, #3289, #3290 );
#1831 = SURFACE_SIDE_STYLE( '', ( #3291 ) );
#1832 = EDGE_LOOP( '', ( #3292, #3293, #3294, #3295 ) );
#1833 = AXIS2_PLACEMENT_3D( '', #3296, #3297, #3298 );
#1834 = SURFACE_SIDE_STYLE( '', ( #3299 ) );
#1835 = EDGE_LOOP( '', ( #3300, #3301, #3302, #3303 ) );
#1836 = AXIS2_PLACEMENT_3D( '', #3304, #3305, #3306 );
#1837 = SURFACE_SIDE_STYLE( '', ( #3307 ) );
#1838 = EDGE_LOOP( '', ( #3308, #3309, #3310, #3311 ) );
#1839 = EDGE_LOOP( '', ( #3312, #3313, #3314, #3315 ) );
#1840 = AXIS2_PLACEMENT_3D( '', #3316, #3317, #3318 );
#1841 = SURFACE_SIDE_STYLE( '', ( #3319 ) );
#1842 = EDGE_LOOP( '', ( #3320, #3321, #3322, #3323, #3324, #3325, #3326, #3327 ) );
#1843 = AXIS2_PLACEMENT_3D( '', #3328, #3329, #3330 );
#1844 = SURFACE_SIDE_STYLE( '', ( #3331 ) );
#1845 = EDGE_LOOP( '', ( #3332, #3333, #3334, #3335, #3336, #3337 ) );
#1846 = AXIS2_PLACEMENT_3D( '', #3338, #3339, #3340 );
#1847 = SURFACE_SIDE_STYLE( '', ( #3341 ) );
#1848 = EDGE_LOOP( '', ( #3342, #3343, #3344, #3345 ) );
#1849 = AXIS2_PLACEMENT_3D( '', #3346, #3347, #3348 );
#1850 = SURFACE_SIDE_STYLE( '', ( #3349 ) );
#1851 = EDGE_LOOP( '', ( #3350, #3351, #3352, #3353, #3354 ) );
#1852 = AXIS2_PLACEMENT_3D( '', #3355, #3356, #3357 );
#1853 = SURFACE_SIDE_STYLE( '', ( #3358 ) );
#1854 = EDGE_LOOP( '', ( #3359, #3360, #3361, #3362 ) );
#1855 = AXIS2_PLACEMENT_3D( '', #3363, #3364, #3365 );
#1856 = SURFACE_SIDE_STYLE( '', ( #3366 ) );
#1857 = EDGE_LOOP( '', ( #3367, #3368, #3369, #3370, #3371, #3372, #3373, #3374, #3375, #3376, #3377, #3378, #3379, #3380, #3381, #3382 ) );
#1858 = AXIS2_PLACEMENT_3D( '', #3383, #3384, #3385 );
#1859 = SURFACE_SIDE_STYLE( '', ( #3386 ) );
#1860 = EDGE_LOOP( '', ( #3387, #3388, #3389, #3390, #3391, #3392, #3393, #3394 ) );
#1861 = AXIS2_PLACEMENT_3D( '', #3395, #3396, #3397 );
#1862 = SURFACE_SIDE_STYLE( '', ( #3398 ) );
#1863 = EDGE_LOOP( '', ( #3399, #3400, #3401, #3402 ) );
#1864 = AXIS2_PLACEMENT_3D( '', #3403, #3404, #3405 );
#1865 = SURFACE_SIDE_STYLE( '', ( #3406 ) );
#1866 = EDGE_LOOP( '', ( #3407, #3408, #3409, #3410 ) );
#1867 = AXIS2_PLACEMENT_3D( '', #3411, #3412, #3413 );
#1868 = SURFACE_SIDE_STYLE( '', ( #3414 ) );
#1869 = EDGE_LOOP( '', ( #3415, #3416, #3417, #3418 ) );
#1870 = AXIS2_PLACEMENT_3D( '', #3419, #3420, #3421 );
#1871 = SURFACE_SIDE_STYLE( '', ( #3422 ) );
#1872 = EDGE_LOOP( '', ( #3423, #3424, #3425, #3426 ) );
#1873 = AXIS2_PLACEMENT_3D( '', #3427, #3428, #3429 );
#1874 = SURFACE_SIDE_STYLE( '', ( #3430 ) );
#1875 = EDGE_LOOP( '', ( #3431 ) );
#1876 = EDGE_LOOP( '', ( #3432 ) );
#1877 = AXIS2_PLACEMENT_3D( '', #3433, #3434, #3435 );
#1878 = SURFACE_SIDE_STYLE( '', ( #3436 ) );
#1879 = EDGE_LOOP( '', ( #3437, #3438, #3439, #3440 ) );
#1880 = AXIS2_PLACEMENT_3D( '', #3441, #3442, #3443 );
#1881 = SURFACE_SIDE_STYLE( '', ( #3444 ) );
#1882 = EDGE_LOOP( '', ( #3445, #3446, #3447, #3448, #3449 ) );
#1883 = AXIS2_PLACEMENT_3D( '', #3450, #3451, #3452 );
#1884 = SURFACE_SIDE_STYLE( '', ( #3453 ) );
#1885 = EDGE_LOOP( '', ( #3454, #3455, #3456, #3457, #3458, #3459 ) );
#1886 = AXIS2_PLACEMENT_3D( '', #3460, #3461, #3462 );
#1887 = SURFACE_SIDE_STYLE( '', ( #3463 ) );
#1888 = EDGE_LOOP( '', ( #3464, #3465, #3466, #3467, #3468, #3469, #3470, #3471 ) );
#1889 = AXIS2_PLACEMENT_3D( '', #3472, #3473, #3474 );
#1890 = SURFACE_SIDE_STYLE( '', ( #3475 ) );
#1891 = EDGE_LOOP( '', ( #3476, #3477, #3478, #3479 ) );
#1892 = AXIS2_PLACEMENT_3D( '', #3480, #3481, #3482 );
#1893 = SURFACE_SIDE_STYLE( '', ( #3483 ) );
#1894 = EDGE_LOOP( '', ( #3484, #3485, #3486, #3487 ) );
#1895 = AXIS2_PLACEMENT_3D( '', #3488, #3489, #3490 );
#1896 = SURFACE_SIDE_STYLE( '', ( #3491 ) );
#1897 = EDGE_LOOP( '', ( #3492, #3493, #3494, #3495, #3496, #3497, #3498, #3499, #3500 ) );
#1898 = AXIS2_PLACEMENT_3D( '', #3501, #3502, #3503 );
#1899 = SURFACE_SIDE_STYLE( '', ( #3504 ) );
#1900 = EDGE_LOOP( '', ( #3505, #3506, #3507, #3508, #3509, #3510 ) );
#1901 = AXIS2_PLACEMENT_3D( '', #3511, #3512, #3513 );
#1902 = SURFACE_SIDE_STYLE( '', ( #3514 ) );
#1903 = EDGE_LOOP( '', ( #3515, #3516, #3517, #3518, #3519, #3520 ) );
#1904 = AXIS2_PLACEMENT_3D( '', #3521, #3522, #3523 );
#1905 = SURFACE_SIDE_STYLE( '', ( #3524 ) );
#1906 = EDGE_LOOP( '', ( #3525, #3526, #3527, #3528 ) );
#1907 = AXIS2_PLACEMENT_3D( '', #3529, #3530, #3531 );
#1908 = SURFACE_SIDE_STYLE( '', ( #3532 ) );
#1909 = EDGE_LOOP( '', ( #3533, #3534, #3535, #3536, #3537 ) );
#1910 = AXIS2_PLACEMENT_3D( '', #3538, #3539, #3540 );
#1911 = SURFACE_SIDE_STYLE( '', ( #3541 ) );
#1912 = EDGE_LOOP( '', ( #3542, #3543, #3544, #3545, #3546, #3547, #3548, #3549, #3550, #3551 ) );
#1913 = AXIS2_PLACEMENT_3D( '', #3552, #3553, #3554 );
#1914 = SURFACE_SIDE_STYLE( '', ( #3555 ) );
#1915 = EDGE_LOOP( '', ( #3556, #3557, #3558, #3559, #3560 ) );
#1916 = AXIS2_PLACEMENT_3D( '', #3561, #3562, #3563 );
#1917 = SURFACE_SIDE_STYLE( '', ( #3564 ) );
#1918 = EDGE_LOOP( '', ( #3565, #3566, #3567, #3568, #3569 ) );
#1919 = AXIS2_PLACEMENT_3D( '', #3570, #3571, #3572 );
#1920 = SURFACE_SIDE_STYLE( '', ( #3573 ) );
#1921 = EDGE_LOOP( '', ( #3574, #3575, #3576, #3577 ) );
#1922 = AXIS2_PLACEMENT_3D( '', #3578, #3579, #3580 );
#1923 = SURFACE_SIDE_STYLE( '', ( #3581 ) );
#1924 = EDGE_LOOP( '', ( #3582, #3583, #3584, #3585 ) );
#1925 = AXIS2_PLACEMENT_3D( '', #3586, #3587, #3588 );
#1926 = SURFACE_SIDE_STYLE( '', ( #3589 ) );
#1927 = EDGE_LOOP( '', ( #3590, #3591, #3592, #3593 ) );
#1928 = AXIS2_PLACEMENT_3D( '', #3594, #3595, #3596 );
#1929 = SURFACE_SIDE_STYLE( '', ( #3597 ) );
#1930 = EDGE_LOOP( '', ( #3598, #3599, #3600, #3601, #3602, #3603, #3604, #3605 ) );
#1931 = AXIS2_PLACEMENT_3D( '', #3606, #3607, #3608 );
#1932 = SURFACE_SIDE_STYLE( '', ( #3609 ) );
#1933 = EDGE_LOOP( '', ( #3610, #3611, #3612, #3613 ) );
#1934 = EDGE_LOOP( '', ( #3614, #3615, #3616, #3617, #3618, #3619, #3620, #3621 ) );
#1935 = AXIS2_PLACEMENT_3D( '', #3622, #3623, #3624 );
#1936 = SURFACE_SIDE_STYLE( '', ( #3625 ) );
#1937 = EDGE_LOOP( '', ( #3626, #3627, #3628, #3629 ) );
#1938 = AXIS2_PLACEMENT_3D( '', #3630, #3631, #3632 );
#1939 = SURFACE_SIDE_STYLE( '', ( #3633 ) );
#1940 = EDGE_LOOP( '', ( #3634, #3635, #3636, #3637 ) );
#1941 = AXIS2_PLACEMENT_3D( '', #3638, #3639, #3640 );
#1942 = SURFACE_SIDE_STYLE( '', ( #3641 ) );
#1943 = EDGE_LOOP( '', ( #3642, #3643, #3644, #3645 ) );
#1944 = AXIS2_PLACEMENT_3D( '', #3646, #3647, #3648 );
#1945 = SURFACE_SIDE_STYLE( '', ( #3649 ) );
#1946 = EDGE_LOOP( '', ( #3650, #3651, #3652, #3653 ) );
#1947 = AXIS2_PLACEMENT_3D( '', #3654, #3655, #3656 );
#1948 = SURFACE_SIDE_STYLE( '', ( #3657 ) );
#1949 = EDGE_LOOP( '', ( #3658, #3659, #3660, #3661 ) );
#1950 = AXIS2_PLACEMENT_3D( '', #3662, #3663, #3664 );
#1951 = SURFACE_SIDE_STYLE( '', ( #3665 ) );
#1952 = EDGE_LOOP( '', ( #3666, #3667, #3668, #3669, #3670, #3671, #3672, #3673 ) );
#1953 = AXIS2_PLACEMENT_3D( '', #3674, #3675, #3676 );
#1954 = SURFACE_SIDE_STYLE( '', ( #3677 ) );
#1955 = EDGE_LOOP( '', ( #3678, #3679, #3680, #3681, #3682, #3683, #3684, #3685 ) );
#1956 = AXIS2_PLACEMENT_3D( '', #3686, #3687, #3688 );
#1958 =  ( LENGTH_UNIT(  )NAMED_UNIT( #1364 )SI_UNIT( .MILLI., .METRE. ) );
#1959 = SURFACE_STYLE_FILL_AREA( #3690 );
#1960 = ORIENTED_EDGE( '', *, *, #3691, .T. );
#1961 = ORIENTED_EDGE( '', *, *, #3692, .F. );
#1962 = CARTESIAN_POINT( '', ( 0.000000000000000, -0.250000000000000, -9.42237450866524 ) );
#1963 = DIRECTION( '', ( -0.000000000000000, 2.55106393526001E-016, -1.00000000000000 ) );
#1964 = DIRECTION( '', ( 0.000000000000000, -1.00000000000000, -2.55106393526001E-016 ) );
#1965 = SURFACE_STYLE_FILL_AREA( #3693 );
#1966 = ORIENTED_EDGE( '', *, *, #3694, .T. );
#1967 = ORIENTED_EDGE( '', *, *, #3695, .T. );
#1968 = ORIENTED_EDGE( '', *, *, #3696, .F. );
#1969 = ORIENTED_EDGE( '', *, *, #3697, .T. );
#1970 = CARTESIAN_POINT( '', ( -1.07500000000000, 1.19000000000000, 1.74500000000000 ) );
#1971 = DIRECTION( '', ( -1.00000000000000, -0.000000000000000, -0.000000000000000 ) );
#1972 = DIRECTION( '', ( 0.000000000000000, 0.000000000000000, -1.00000000000000 ) );
#1973 = SURFACE_STYLE_FILL_AREA( #3698 );
#1974 = ORIENTED_EDGE( '', *, *, #3699, .F. );
#1975 = ORIENTED_EDGE( '', *, *, #3700, .F. );
#1976 = ORIENTED_EDGE( '', *, *, #3701, .T. );
#1977 = ORIENTED_EDGE( '', *, *, #3702, .T. );
#1978 = CARTESIAN_POINT( '', ( 0.000000000000000, -2.75000000000000, 1.55000000000000 ) );
#1979 = DIRECTION( '', ( 0.000000000000000, -0.819152044288992, -0.573576436351046 ) );
#1980 = DIRECTION( '', ( 0.000000000000000, 0.573576436351046, -0.819152044288992 ) );
#1981 = SURFACE_STYLE_FILL_AREA( #3703 );
#1982 = ORIENTED_EDGE( '', *, *, #3704, .F. );
#1983 = ORIENTED_EDGE( '', *, *, #3705, .F. );
#1984 = ORIENTED_EDGE( '', *, *, #3706, .F. );
#1985 = ORIENTED_EDGE( '', *, *, #3707, .F. );
#1986 = CARTESIAN_POINT( '', ( 0.250000000000000, -5.30000000000000, 0.00499999999999888 ) );
#1987 = DIRECTION( '', ( -0.961523947640823, 0.274721127897378, -5.30466215735429E-018 ) );
#1988 = DIRECTION( '', ( -7.40731105202754E-034, 1.93092617155235E-017, 1.00000000000000 ) );
#1989 = SURFACE_STYLE_FILL_AREA( #3708 );
#1990 = ORIENTED_EDGE( '', *, *, #3709, .T. );
#1991 = ORIENTED_EDGE( '', *, *, #3710, .T. );
#1992 = ORIENTED_EDGE( '', *, *, #3711, .F. );
#1993 = ORIENTED_EDGE( '', *, *, #3712, .F. );
#1994 = CARTESIAN_POINT( '', ( -1.89000000000000, 1.85000000000000, 1.05000000000000 ) );
#1995 = DIRECTION( '', ( 1.00000000000000, 0.000000000000000, 0.000000000000000 ) );
#1996 = DIRECTION( '', ( 0.000000000000000, 0.000000000000000, -1.00000000000000 ) );
#1997 = SURFACE_STYLE_FILL_AREA( #3713 );
#1998 = ORIENTED_EDGE( '', *, *, #3714, .F. );
#1999 = ORIENTED_EDGE( '', *, *, #3715, .T. );
#2000 = ORIENTED_EDGE( '', *, *, #3716, .T. );
#2001 = ORIENTED_EDGE( '', *, *, #3717, .F. );
#2002 = CARTESIAN_POINT( '', ( 3.19000000000000, -2.25000000000000, -1.25000000000000 ) );
#2003 = DIRECTION( '', ( -1.00000000000000, 1.78837471750186E-016, 0.000000000000000 ) );
#2004 = DIRECTION( '', ( -1.78837471750186E-016, -1.00000000000000, 0.000000000000000 ) );
#2005 = SURFACE_STYLE_FILL_AREA( #3718 );
#2006 = ORIENTED_EDGE( '', *, *, #3719, .F. );
#2007 = ORIENTED_EDGE( '', *, *, #3720, .T. );
#2008 = ORIENTED_EDGE( '', *, *, #3714, .T. );
#2009 = ORIENTED_EDGE( '', *, *, #3721, .F. );
#2010 = CARTESIAN_POINT( '', ( 1.89000000000000, -2.25000000000000, -1.25000000000000 ) );
#2011 = DIRECTION( '', ( 3.33600668457079E-016, 1.00000000000000, 0.000000000000000 ) );
#2012 = DIRECTION( '', ( -1.00000000000000, 3.33600668457079E-016, 0.000000000000000 ) );
#2013 = SURFACE_STYLE_FILL_AREA( #3722 );
#2014 = ORIENTED_EDGE( '', *, *, #3723, .F. );
#2015 = ORIENTED_EDGE( '', *, *, #3724, .T. );
#2016 = CARTESIAN_POINT( '', ( 2.54000000000000, -0.250000000000000, 3.95000000000000 ) );
#2017 = DIRECTION( '', ( 0.000000000000000, 2.55106393526001E-016, -1.00000000000000 ) );
#2018 = DIRECTION( '', ( 0.000000000000000, 1.00000000000000, 2.55106393526001E-016 ) );
#2019 = SURFACE_STYLE_FILL_AREA( #3725 );
#2020 = ORIENTED_EDGE( '', *, *, #3726, .F. );
#2021 = ORIENTED_EDGE( '', *, *, #3727, .T. );
#2022 = ORIENTED_EDGE( '', *, *, #3728, .T. );
#2023 = ORIENTED_EDGE( '', *, *, #3729, .F. );
#2024 = CARTESIAN_POINT( '', ( -3.72000000000000, -2.05000000000000, 1.55000000000000 ) );
#2025 = DIRECTION( '', ( 0.000000000000000, 0.000000000000000, -1.00000000000000 ) );
#2026 = DIRECTION( '', ( -1.00000000000000, 0.000000000000000, 0.000000000000000 ) );
#2027 = SURFACE_STYLE_FILL_AREA( #3730 );
#2028 = ORIENTED_EDGE( '', *, *, #3731, .T. );
#2029 = ORIENTED_EDGE( '', *, *, #3732, .T. );
#2030 = ORIENTED_EDGE( '', *, *, #3733, .F. );
#2031 = ORIENTED_EDGE( '', *, *, #3734, .F. );
#2032 = CARTESIAN_POINT( '', ( -0.650000000000000, 1.85000000000000, 1.05000000000000 ) );
#2033 = DIRECTION( '', ( 0.000000000000000, -1.00000000000000, 0.000000000000000 ) );
#2034 = DIRECTION( '', ( 0.000000000000000, 0.000000000000000, -1.00000000000000 ) );
#2035 = SURFACE_STYLE_FILL_AREA( #3735 );
#2036 = ORIENTED_EDGE( '', *, *, #3736, .T. );
#2037 = ORIENTED_EDGE( '', *, *, #3737, .F. );
#2038 = CARTESIAN_POINT( '', ( -2.54000000000000, -0.250000000000000, -9.42237450866524 ) );
#2039 = DIRECTION( '', ( -0.000000000000000, 2.55106393526001E-016, -1.00000000000000 ) );
#2040 = DIRECTION( '', ( 0.000000000000000, -1.00000000000000, -2.55106393526001E-016 ) );
#2041 = SURFACE_STYLE_FILL_AREA( #3738 );
#2042 = ORIENTED_EDGE( '', *, *, #3739, .T. );
#2043 = ORIENTED_EDGE( '', *, *, #3740, .T. );
#2044 = ORIENTED_EDGE( '', *, *, #3741, .T. );
#2045 = ORIENTED_EDGE( '', *, *, #3706, .T. );
#2046 = ORIENTED_EDGE( '', *, *, #3742, .T. );
#2047 = ORIENTED_EDGE( '', *, *, #3743, .F. );
#2048 = CARTESIAN_POINT( '', ( -1.07500000000000, -5.30000000000000, 0.00499999999999888 ) );
#2049 = DIRECTION( '', ( 0.000000000000000, -1.93092617155236E-017, -1.00000000000000 ) );
#2050 = DIRECTION( '', ( 0.000000000000000, 1.00000000000000, -1.93092617155235E-017 ) );
#2051 = SURFACE_STYLE_FILL_AREA( #3744 );
#2052 = ORIENTED_EDGE( '', *, *, #3745, .T. );
#2053 = ORIENTED_EDGE( '', *, *, #3746, .T. );
#2054 = ORIENTED_EDGE( '', *, *, #3747, .T. );
#2055 = ORIENTED_EDGE( '', *, *, #3748, .T. );
#2056 = ORIENTED_EDGE( '', *, *, #3749, .T. );
#2057 = ORIENTED_EDGE( '', *, *, #3750, .T. );
#2058 = ORIENTED_EDGE( '', *, *, #3751, .F. );
#2059 = ORIENTED_EDGE( '', *, *, #3752, .F. );
#2060 = CARTESIAN_POINT( '', ( 0.650000000000000, -1.60000000000000, -6.05733827846856 ) );
#2061 = DIRECTION( '', ( -1.00000000000000, 0.000000000000000, 0.000000000000000 ) );
#2062 = DIRECTION( '', ( 0.000000000000000, 0.000000000000000, 1.00000000000000 ) );
#2063 = SURFACE_STYLE_FILL_AREA( #3753 );
#2064 = ORIENTED_EDGE( '', *, *, #3754, .F. );
#2065 = ORIENTED_EDGE( '', *, *, #3755, .T. );
#2066 = ORIENTED_EDGE( '', *, *, #3756, .F. );
#2067 = ORIENTED_EDGE( '', *, *, #3757, .T. );
#2068 = ORIENTED_EDGE( '', *, *, #3758, .F. );
#2069 = ORIENTED_EDGE( '', *, *, #3759, .F. );
#2070 = ORIENTED_EDGE( '', *, *, #3760, .F. );
#2071 = ORIENTED_EDGE( '', *, *, #3761, .F. );
#2072 = ORIENTED_EDGE( '', *, *, #3762, .T. );
#2073 = ORIENTED_EDGE( '', *, *, #3763, .F. );
#2074 = ORIENTED_EDGE( '', *, *, #3764, .T. );
#2075 = ORIENTED_EDGE( '', *, *, #3765, .T. );
#2076 = CARTESIAN_POINT( '', ( 1.49000000000000, 2.35000000000000, 1.05000000000000 ) );
#2077 = DIRECTION( '', ( 0.000000000000000, 1.00000000000000, 0.000000000000000 ) );
#2078 = DIRECTION( '', ( 0.000000000000000, 0.000000000000000, 1.00000000000000 ) );
#2079 = SURFACE_STYLE_FILL_AREA( #3766 );
#2080 = ORIENTED_EDGE( '', *, *, #3767, .F. );
#2081 = ORIENTED_EDGE( '', *, *, #3768, .F. );
#2082 = ORIENTED_EDGE( '', *, *, #3769, .T. );
#2083 = ORIENTED_EDGE( '', *, *, #3770, .T. );
#2084 = ORIENTED_EDGE( '', *, *, #3771, .T. );
#2085 = CARTESIAN_POINT( '', ( -1.18000000000000, -3.25000000000000, -0.200000000000000 ) );
#2086 = DIRECTION( '', ( 0.979045472484584, -0.203641751140177, 0.000000000000000 ) );
#2087 = DIRECTION( '', ( 0.203641751140177, 0.979045472484584, 0.000000000000000 ) );
#2088 = SURFACE_STYLE_FILL_AREA( #3772 );
#2089 = ORIENTED_EDGE( '', *, *, #3773, .T. );
#2090 = ORIENTED_EDGE( '', *, *, #3774, .T. );
#2091 = ORIENTED_EDGE( '', *, *, #3775, .F. );
#2092 = ORIENTED_EDGE( '', *, *, #3776, .F. );
#2093 = CARTESIAN_POINT( '', ( 1.89000000000000, 1.45000000000000, 1.05000000000000 ) );
#2094 = DIRECTION( '', ( -1.00000000000000, 0.000000000000000, 0.000000000000000 ) );
#2095 = DIRECTION( '', ( 0.000000000000000, 0.000000000000000, 1.00000000000000 ) );
#2096 = SURFACE_STYLE_FILL_AREA( #3777 );
#2097 = ORIENTED_EDGE( '', *, *, #3778, .F. );
#2098 = ORIENTED_EDGE( '', *, *, #3779, .T. );
#2099 = ORIENTED_EDGE( '', *, *, #3780, .T. );
#2100 = ORIENTED_EDGE( '', *, *, #3781, .F. );
#2101 = CARTESIAN_POINT( '', ( -0.650000000000000, 3.81130868995580, 0.750000000000000 ) );
#2102 = DIRECTION( '', ( 0.000000000000000, 1.11200222819026E-016, -1.00000000000000 ) );
#2103 = DIRECTION( '', ( 0.000000000000000, 1.00000000000000, 1.11200222819026E-016 ) );
#2104 = SURFACE_STYLE_FILL_AREA( #3782 );
#2105 = ORIENTED_EDGE( '', *, *, #3783, .T. );
#2106 = ORIENTED_EDGE( '', *, *, #3784, .T. );
#2107 = ORIENTED_EDGE( '', *, *, #3785, .F. );
#2108 = ORIENTED_EDGE( '', *, *, #3786, .F. );
#2109 = CARTESIAN_POINT( '', ( -0.650000000000000, 3.81130868995580, 0.750000000000000 ) );
#2110 = DIRECTION( '', ( 0.000000000000000, 1.11200222819026E-016, -1.00000000000000 ) );
#2111 = DIRECTION( '', ( 0.000000000000000, 1.00000000000000, 1.11200222819026E-016 ) );
#2112 = SURFACE_STYLE_FILL_AREA( #3787 );
#2113 = ORIENTED_EDGE( '', *, *, #3788, .F. );
#2114 = ORIENTED_EDGE( '', *, *, #3789, .F. );
#2115 = ORIENTED_EDGE( '', *, *, #3790, .F. );
#2116 = ORIENTED_EDGE( '', *, *, #3791, .T. );
#2117 = ORIENTED_EDGE( '', *, *, #3792, .T. );
#2118 = ORIENTED_EDGE( '', *, *, #3793, .T. );
#2119 = ORIENTED_EDGE( '', *, *, #3794, .F. );
#2120 = ORIENTED_EDGE( '', *, *, #3795, .T. );
#2121 = ORIENTED_EDGE( '', *, *, #3796, .T. );
#2122 = CARTESIAN_POINT( '', ( 1.12000000000000, -3.25000000000000, -0.200000000000000 ) );
#2123 = DIRECTION( '', ( -0.979045472484584, -0.203641751140177, 0.000000000000000 ) );
#2124 = DIRECTION( '', ( 0.203641751140177, -0.979045472484584, 0.000000000000000 ) );
#2125 = SURFACE_STYLE_FILL_AREA( #3797 );
#2126 = ORIENTED_EDGE( '', *, *, #3798, .T. );
#2127 = ORIENTED_EDGE( '', *, *, #3799, .F. );
#2128 = CARTESIAN_POINT( '', ( 0.000000000000000, 0.000000000000000, 0.450000000000000 ) );
#2129 = DIRECTION( '', ( 0.000000000000000, 0.000000000000000, -1.00000000000000 ) );
#2130 = DIRECTION( '', ( -1.00000000000000, 0.000000000000000, 0.000000000000000 ) );
#2131 = SURFACE_STYLE_FILL_AREA( #3800 );
#2132 = ORIENTED_EDGE( '', *, *, #3741, .F. );
#2133 = ORIENTED_EDGE( '', *, *, #3801, .T. );
#2134 = ORIENTED_EDGE( '', *, *, #3802, .T. );
#2135 = ORIENTED_EDGE( '', *, *, #3707, .T. );
#2136 = CARTESIAN_POINT( '', ( -1.07500000000000, -5.30000000000000, 0.00499999999999888 ) );
#2137 = DIRECTION( '', ( 0.000000000000000, 1.00000000000000, -1.93092617155236E-017 ) );
#2138 = DIRECTION( '', ( 1.00000000000000, 0.000000000000000, 0.000000000000000 ) );
#2139 = SURFACE_STYLE_FILL_AREA( #3803 );
#2140 = ORIENTED_EDGE( '', *, *, #3804, .T. );
#2141 = ORIENTED_EDGE( '', *, *, #3805, .F. );
#2142 = ORIENTED_EDGE( '', *, *, #3806, .T. );
#2143 = ORIENTED_EDGE( '', *, *, #3807, .T. );
#2144 = CARTESIAN_POINT( '', ( 1.49000000000000, -1.85000000000000, 1.05000000000000 ) );
#2145 = DIRECTION( '', ( -1.00000000000000, 0.000000000000000, 0.000000000000000 ) );
#2146 = DIRECTION( '', ( 0.000000000000000, 0.000000000000000, 1.00000000000000 ) );
#2147 = SURFACE_STYLE_FILL_AREA( #3808 );
#2148 = ORIENTED_EDGE( '', *, *, #3809, .F. );
#2149 = ORIENTED_EDGE( '', *, *, #3810, .T. );
#2150 = ORIENTED_EDGE( '', *, *, #3811, .F. );
#2151 = ORIENTED_EDGE( '', *, *, #3812, .F. );
#2152 = CARTESIAN_POINT( '', ( 4.01000000000000, 2.35000000000000, 2.45000000000000 ) );
#2153 = DIRECTION( '', ( 0.000000000000000, 4.81867632215780E-016, 1.00000000000000 ) );
#2154 = DIRECTION( '', ( 0.000000000000000, -1.00000000000000, 4.81867632215780E-016 ) );
#2155 = SURFACE_STYLE_FILL_AREA( #3813 );
#2156 = ORIENTED_EDGE( '', *, *, #3814, .T. );
#2157 = ORIENTED_EDGE( '', *, *, #3815, .F. );
#2158 = ORIENTED_EDGE( '', *, *, #3816, .F. );
#2159 = ORIENTED_EDGE( '', *, *, #3817, .F. );
#2160 = CARTESIAN_POINT( '', ( 0.650000000000000, 3.81130868995580, -1.05000000000000 ) );
#2161 = DIRECTION( '', ( -1.66800334228539E-016, -1.11200222819026E-016, 1.00000000000000 ) );
#2162 = DIRECTION( '', ( 1.00000000000000, 0.000000000000000, 1.66800334228539E-016 ) );
#2163 = SURFACE_STYLE_FILL_AREA( #3818 );
#2164 = ORIENTED_EDGE( '', *, *, #3742, .F. );
#2165 = ORIENTED_EDGE( '', *, *, #3705, .T. );
#2166 = ORIENTED_EDGE( '', *, *, #3819, .T. );
#2167 = ORIENTED_EDGE( '', *, *, #3820, .T. );
#2168 = ORIENTED_EDGE( '', *, *, #3821, .T. );
#2169 = ORIENTED_EDGE( '', *, *, #3822, .F. );
#2170 = CARTESIAN_POINT( '', ( 0.450000000000000, -1.60000000000000, -6.05733827846856 ) );
#2171 = DIRECTION( '', ( -1.00000000000000, 0.000000000000000, 0.000000000000000 ) );
#2172 = DIRECTION( '', ( 0.000000000000000, 0.000000000000000, 1.00000000000000 ) );
#2173 = SURFACE_STYLE_FILL_AREA( #3823 );
#2174 = ORIENTED_EDGE( '', *, *, #3824, .F. );
#2175 = ORIENTED_EDGE( '', *, *, #3825, .T. );
#2176 = ORIENTED_EDGE( '', *, *, #3826, .T. );
#2177 = ORIENTED_EDGE( '', *, *, #3827, .F. );
#2178 = CARTESIAN_POINT( '', ( -3.19000000000000, -2.25000000000000, -1.25000000000000 ) );
#2179 = DIRECTION( '', ( 3.33600668457079E-016, 1.00000000000000, 0.000000000000000 ) );
#2180 = DIRECTION( '', ( -1.00000000000000, 3.33600668457079E-016, 0.000000000000000 ) );
#2181 = SURFACE_STYLE_FILL_AREA( #3828 );
#2182 = ORIENTED_EDGE( '', *, *, #3829, .T. );
#2183 = ORIENTED_EDGE( '', *, *, #3830, .F. );
#2184 = ORIENTED_EDGE( '', *, *, #3831, .F. );
#2185 = ORIENTED_EDGE( '', *, *, #3832, .T. );
#2186 = CARTESIAN_POINT( '', ( 3.59000000000000, 1.85000000000000, 1.05000000000000 ) );
#2187 = DIRECTION( '', ( 0.000000000000000, -1.00000000000000, 0.000000000000000 ) );
#2188 = DIRECTION( '', ( 0.000000000000000, 0.000000000000000, -1.00000000000000 ) );
#2189 = SURFACE_STYLE_FILL_AREA( #3833 );
#2190 = ORIENTED_EDGE( '', *, *, #3834, .F. );
#2191 = ORIENTED_EDGE( '', *, *, #3835, .F. );
#2192 = ORIENTED_EDGE( '', *, *, #3836, .T. );
#2193 = ORIENTED_EDGE( '', *, *, #3837, .T. );
#2194 = ORIENTED_EDGE( '', *, *, #3838, .F. );
#2195 = ORIENTED_EDGE( '', *, *, #3839, .T. );
#2196 = ORIENTED_EDGE( '', *, *, #3840, .F. );
#2197 = ORIENTED_EDGE( '', *, *, #3841, .T. );
#2198 = ORIENTED_EDGE( '', *, *, #3842, .F. );
#2199 = ORIENTED_EDGE( '', *, *, #3812, .T. );
#2200 = CARTESIAN_POINT( '', ( 4.01000000000000, 1.45000000000000, 6.05000000000000 ) );
#2201 = DIRECTION( '', ( 0.000000000000000, 0.970142500145332, 0.242535625036333 ) );
#2202 = DIRECTION( '', ( 0.000000000000000, -0.242535625036333, 0.970142500145332 ) );
#2203 = SURFACE_STYLE_FILL_AREA( #3843 );
#2204 = ORIENTED_EDGE( '', *, *, #3802, .F. );
#2205 = ORIENTED_EDGE( '', *, *, #3844, .T. );
#2206 = ORIENTED_EDGE( '', *, *, #3845, .F. );
#2207 = ORIENTED_EDGE( '', *, *, #3846, .T. );
#2208 = ORIENTED_EDGE( '', *, *, #3819, .F. );
#2209 = ORIENTED_EDGE( '', *, *, #3704, .T. );
#2210 = CARTESIAN_POINT( '', ( -1.07500000000000, -5.30000000000000, -0.395000000000000 ) );
#2211 = DIRECTION( '', ( 0.000000000000000, -1.93092617155236E-017, -1.00000000000000 ) );
#2212 = DIRECTION( '', ( 0.000000000000000, 1.00000000000000, -1.93092617155235E-017 ) );
#2213 = SURFACE_STYLE_FILL_AREA( #3847 );
#2214 = ORIENTED_EDGE( '', *, *, #3848, .F. );
#2215 = ORIENTED_EDGE( '', *, *, #3849, .T. );
#2216 = ORIENTED_EDGE( '', *, *, #3842, .T. );
#2217 = ORIENTED_EDGE( '', *, *, #3850, .F. );
#2218 = CARTESIAN_POINT( '', ( -3.24000000000000, 2.35000000000000, -0.750000000000000 ) );
#2219 = DIRECTION( '', ( 0.000000000000000, -1.00000000000000, 4.81867632215780E-016 ) );
#2220 = DIRECTION( '', ( 0.000000000000000, -4.81867632215780E-016, -1.00000000000000 ) );
#2221 = SURFACE_STYLE_FILL_AREA( #3851 );
#2222 = ORIENTED_EDGE( '', *, *, #3852, .F. );
#2223 = ORIENTED_EDGE( '', *, *, #3853, .T. );
#2224 = ORIENTED_EDGE( '', *, *, #3840, .T. );
#2225 = ORIENTED_EDGE( '', *, *, #3854, .F. );
#2226 = CARTESIAN_POINT( '', ( -0.700000000000000, 2.35000000000000, -0.750000000000000 ) );
#2227 = DIRECTION( '', ( 0.000000000000000, -1.00000000000000, 4.81867632215780E-016 ) );
#2228 = DIRECTION( '', ( 0.000000000000000, -4.81867632215780E-016, -1.00000000000000 ) );
#2229 = SURFACE_STYLE_FILL_AREA( #3855 );
#2230 = ORIENTED_EDGE( '', *, *, #3856, .F. );
#2231 = ORIENTED_EDGE( '', *, *, #3857, .T. );
#2232 = ORIENTED_EDGE( '', *, *, #3858, .T. );
#2233 = ORIENTED_EDGE( '', *, *, #3859, .F. );
#2234 = CARTESIAN_POINT( '', ( -1.89000000000000, 2.60000000000000, -1.25000000000000 ) );
#2235 = DIRECTION( '', ( 0.000000000000000, -1.00000000000000, 0.000000000000000 ) );
#2236 = DIRECTION( '', ( 0.000000000000000, 0.000000000000000, -1.00000000000000 ) );
#2237 = SURFACE_STYLE_FILL_AREA( #3860 );
#2238 = ORIENTED_EDGE( '', *, *, #3861, .T. );
#2239 = ORIENTED_EDGE( '', *, *, #3862, .T. );
#2240 = ORIENTED_EDGE( '', *, *, #3863, .F. );
#2241 = ORIENTED_EDGE( '', *, *, #3864, .F. );
#2242 = CARTESIAN_POINT( '', ( -1.64000000000000, 11.3223745086652, 0.550000000000000 ) );
#2243 = DIRECTION( '', ( -1.00000000000000, 0.000000000000000, 0.000000000000000 ) );
#2244 = DIRECTION( '', ( 0.000000000000000, 0.000000000000000, 1.00000000000000 ) );
#2245 = SURFACE_STYLE_FILL_AREA( #3865 );
#2246 = ORIENTED_EDGE( '', *, *, #3866, .T. );
#2247 = ORIENTED_EDGE( '', *, *, #3867, .T. );
#2248 = ORIENTED_EDGE( '', *, *, #3856, .T. );
#2249 = ORIENTED_EDGE( '', *, *, #3868, .F. );
#2250 = CARTESIAN_POINT( '', ( -1.89000000000000, -2.25000000000000, -1.25000000000000 ) );
#2251 = DIRECTION( '', ( -1.00000000000000, 1.78837471750186E-016, 0.000000000000000 ) );
#2252 = DIRECTION( '', ( -1.78837471750186E-016, -1.00000000000000, 0.000000000000000 ) );
#2253 = SURFACE_STYLE_FILL_AREA( #3869 );
#2254 = ORIENTED_EDGE( '', *, *, #3870, .T. );
#2255 = ORIENTED_EDGE( '', *, *, #3871, .T. );
#2256 = ORIENTED_EDGE( '', *, *, #3792, .F. );
#2257 = ORIENTED_EDGE( '', *, *, #3872, .F. );
#2258 = ORIENTED_EDGE( '', *, *, #3873, .F. );
#2259 = CARTESIAN_POINT( '', ( -0.900000000000000, 11.3223745086652, 0.550000000000000 ) );
#2260 = DIRECTION( '', ( 0.000000000000000, 0.000000000000000, -1.00000000000000 ) );
#2261 = DIRECTION( '', ( -1.00000000000000, 0.000000000000000, 0.000000000000000 ) );
#2262 = SURFACE_STYLE_FILL_AREA( #3874 );
#2263 = ORIENTED_EDGE( '', *, *, #3875, .F. );
#2264 = ORIENTED_EDGE( '', *, *, #3876, .F. );
#2265 = ORIENTED_EDGE( '', *, *, #3877, .F. );
#2266 = ORIENTED_EDGE( '', *, *, #3878, .T. );
#2267 = CARTESIAN_POINT( '', ( -1.07500000000000, 1.19000000000000, 1.74500000000000 ) );
#2268 = DIRECTION( '', ( -1.00000000000000, -0.000000000000000, -0.000000000000000 ) );
#2269 = DIRECTION( '', ( 0.000000000000000, 0.000000000000000, -1.00000000000000 ) );
#2270 = SURFACE_STYLE_FILL_AREA( #3879 );
#2271 = ORIENTED_EDGE( '', *, *, #3880, .T. );
#2272 = ORIENTED_EDGE( '', *, *, #3881, .T. );
#2273 = ORIENTED_EDGE( '', *, *, #3824, .T. );
#2274 = ORIENTED_EDGE( '', *, *, #3882, .F. );
#2275 = CARTESIAN_POINT( '', ( -3.19000000000000, 2.60000000000000, -1.25000000000000 ) );
#2276 = DIRECTION( '', ( 1.00000000000000, 0.000000000000000, 0.000000000000000 ) );
#2277 = DIRECTION( '', ( 0.000000000000000, 0.000000000000000, -1.00000000000000 ) );
#2278 = SURFACE_STYLE_FILL_AREA( #3883 );
#2279 = ORIENTED_EDGE( '', *, *, #3884, .T. );
#2280 = ORIENTED_EDGE( '', *, *, #3885, .T. );
#2281 = ORIENTED_EDGE( '', *, *, #3886, .F. );
#2282 = ORIENTED_EDGE( '', *, *, #3887, .F. );
#2283 = CARTESIAN_POINT( '', ( -3.19000000000000, 1.85000000000000, 1.05000000000000 ) );
#2284 = DIRECTION( '', ( 0.000000000000000, -1.00000000000000, 0.000000000000000 ) );
#2285 = DIRECTION( '', ( 0.000000000000000, 0.000000000000000, -1.00000000000000 ) );
#2286 = SURFACE_STYLE_FILL_AREA( #3888 );
#2287 = ORIENTED_EDGE( '', *, *, #3881, .F. );
#2288 = ORIENTED_EDGE( '', *, *, #3889, .F. );
#2289 = ORIENTED_EDGE( '', *, *, #3890, .F. );
#2290 = ORIENTED_EDGE( '', *, *, #3825, .F. );
#2291 = CARTESIAN_POINT( '', ( -3.19000000000000, -2.25000000000000, -1.85000000000000 ) );
#2292 = DIRECTION( '', ( -2.77038617403802E-016, -0.830449826989619, 0.557093425605536 ) );
#2293 = DIRECTION( '', ( 1.00000000000000, -3.33600668457078E-016, -2.74668265009911E-032 ) );
#2294 = SURFACE_STYLE_FILL_AREA( #3891 );
#2295 = ORIENTED_EDGE( '', *, *, #3799, .T. );
#2296 = ORIENTED_EDGE( '', *, *, #3892, .F. );
#2297 = ORIENTED_EDGE( '', *, *, #3784, .F. );
#2298 = ORIENTED_EDGE( '', *, *, #3893, .F. );
#2299 = ORIENTED_EDGE( '', *, *, #3894, .T. );
#2300 = ORIENTED_EDGE( '', *, *, #3895, .F. );
#2301 = ORIENTED_EDGE( '', *, *, #3779, .F. );
#2302 = ORIENTED_EDGE( '', *, *, #3896, .F. );
#2303 = ORIENTED_EDGE( '', *, *, #3897, .F. );
#2304 = CARTESIAN_POINT( '', ( 0.000000000000000, 0.000000000000000, 0.450000000000000 ) );
#2305 = DIRECTION( '', ( -0.000000000000000, -0.000000000000000, -1.00000000000000 ) );
#2306 = DIRECTION( '', ( 1.00000000000000, 0.000000000000000, 0.000000000000000 ) );
#2307 = SURFACE_STYLE_FILL_AREA( #3898 );
#2308 = ORIENTED_EDGE( '', *, *, #3899, .T. );
#2309 = ORIENTED_EDGE( '', *, *, #3900, .F. );
#2310 = CARTESIAN_POINT( '', ( -2.54000000000000, -0.250000000000000, 3.95000000000000 ) );
#2311 = DIRECTION( '', ( -0.000000000000000, 2.55106393526001E-016, -1.00000000000000 ) );
#2312 = DIRECTION( '', ( 0.000000000000000, -1.00000000000000, -2.55106393526001E-016 ) );
#2313 = SURFACE_STYLE_FILL_AREA( #3901 );
#2314 = ORIENTED_EDGE( '', *, *, #3902, .T. );
#2315 = ORIENTED_EDGE( '', *, *, #3903, .T. );
#2316 = ORIENTED_EDGE( '', *, *, #3904, .F. );
#2317 = ORIENTED_EDGE( '', *, *, #3905, .F. );
#2318 = CARTESIAN_POINT( '', ( 0.650000000000000, 1.85000000000000, 1.05000000000000 ) );
#2319 = DIRECTION( '', ( 1.00000000000000, 0.000000000000000, 0.000000000000000 ) );
#2320 = DIRECTION( '', ( 0.000000000000000, 0.000000000000000, -1.00000000000000 ) );
#2321 = SURFACE_STYLE_FILL_AREA( #3906 );
#2322 = ORIENTED_EDGE( '', *, *, #3746, .F. );
#2323 = ORIENTED_EDGE( '', *, *, #3907, .F. );
#2324 = ORIENTED_EDGE( '', *, *, #3908, .F. );
#2325 = ORIENTED_EDGE( '', *, *, #3909, .T. );
#2326 = CARTESIAN_POINT( '', ( -1.07500000000000, -1.20000000000000, 0.415000000000000 ) );
#2327 = DIRECTION( '', ( 0.000000000000000, 1.00000000000000, -4.89113762023536E-016 ) );
#2328 = DIRECTION( '', ( 0.000000000000000, 4.89113762023536E-016, 1.00000000000000 ) );
#2329 = SURFACE_STYLE_FILL_AREA( #3910 );
#2330 = ORIENTED_EDGE( '', *, *, #3712, .T. );
#2331 = ORIENTED_EDGE( '', *, *, #3911, .T. );
#2332 = ORIENTED_EDGE( '', *, *, #3912, .T. );
#2333 = ORIENTED_EDGE( '', *, *, #3887, .T. );
#2334 = ORIENTED_EDGE( '', *, *, #3913, .T. );
#2335 = ORIENTED_EDGE( '', *, *, #3914, .T. );
#2336 = ORIENTED_EDGE( '', *, *, #3848, .T. );
#2337 = ORIENTED_EDGE( '', *, *, #3915, .T. );
#2338 = ORIENTED_EDGE( '', *, *, #3916, .T. );
#2339 = ORIENTED_EDGE( '', *, *, #3917, .T. );
#2340 = CARTESIAN_POINT( '', ( 0.000000000000000, 0.000000000000000, 1.05000000000000 ) );
#2341 = DIRECTION( '', ( 0.000000000000000, 0.000000000000000, -1.00000000000000 ) );
#2342 = DIRECTION( '', ( -1.00000000000000, 0.000000000000000, 0.000000000000000 ) );
#2343 = SURFACE_STYLE_FILL_AREA( #3918 );
#2344 = ORIENTED_EDGE( '', *, *, #3919, .T. );
#2345 = ORIENTED_EDGE( '', *, *, #3920, .T. );
#2346 = ORIENTED_EDGE( '', *, *, #3921, .F. );
#2347 = ORIENTED_EDGE( '', *, *, #3922, .F. );
#2348 = ORIENTED_EDGE( '', *, *, #3923, .F. );
#2349 = CARTESIAN_POINT( '', ( 1.64000000000000, 11.3223745086652, 0.550000000000000 ) );
#2350 = DIRECTION( '', ( 0.000000000000000, 0.000000000000000, -1.00000000000000 ) );
#2351 = DIRECTION( '', ( -1.00000000000000, 0.000000000000000, 0.000000000000000 ) );
#2352 = SURFACE_STYLE_FILL_AREA( #3924 );
#2353 = ORIENTED_EDGE( '', *, *, #3761, .T. );
#2354 = ORIENTED_EDGE( '', *, *, #3925, .T. );
#2355 = ORIENTED_EDGE( '', *, *, #3926, .T. );
#2356 = ORIENTED_EDGE( '', *, *, #3927, .T. );
#2357 = CARTESIAN_POINT( '', ( 0.000000000000000, -3.61400724161834E-016, -0.750000000000000 ) );
#2358 = DIRECTION( '', ( 0.000000000000000, 4.81867632215780E-016, 1.00000000000000 ) );
#2359 = DIRECTION( '', ( 0.000000000000000, -1.00000000000000, 4.81867632215780E-016 ) );
#2360 = SURFACE_STYLE_FILL_AREA( #3928 );
#2361 = ORIENTED_EDGE( '', *, *, #3929, .T. );
#2362 = ORIENTED_EDGE( '', *, *, #3930, .T. );
#2363 = ORIENTED_EDGE( '', *, *, #3931, .F. );
#2364 = ORIENTED_EDGE( '', *, *, #3932, .T. );
#2365 = ORIENTED_EDGE( '', *, *, #3933, .F. );
#2366 = CARTESIAN_POINT( '', ( 3.44000000000000, 11.3223745086652, -0.850000000000000 ) );
#2367 = DIRECTION( '', ( -1.20466908053945E-016, 0.000000000000000, 1.00000000000000 ) );
#2368 = DIRECTION( '', ( 1.00000000000000, 0.000000000000000, 1.20466908053945E-016 ) );
#2369 = SURFACE_STYLE_FILL_AREA( #3934 );
#2370 = ORIENTED_EDGE( '', *, *, #3935, .T. );
#2371 = ORIENTED_EDGE( '', *, *, #3936, .T. );
#2372 = ORIENTED_EDGE( '', *, *, #3937, .F. );
#2373 = ORIENTED_EDGE( '', *, *, #3938, .F. );
#2374 = CARTESIAN_POINT( '', ( -1.07500000000000, 1.60000000000000, 1.74500000000000 ) );
#2375 = DIRECTION( '', ( -1.00000000000000, 0.000000000000000, 0.000000000000000 ) );
#2376 = DIRECTION( '', ( 0.000000000000000, 1.86395788965989E-016, -1.00000000000000 ) );
#2377 = SURFACE_STYLE_FILL_AREA( #3939 );
#2378 = ORIENTED_EDGE( '', *, *, #3940, .T. );
#2379 = ORIENTED_EDGE( '', *, *, #3941, .F. );
#2380 = ORIENTED_EDGE( '', *, *, #3942, .F. );
#2381 = ORIENTED_EDGE( '', *, *, #3943, .T. );
#2382 = CARTESIAN_POINT( '', ( 1.07500000000000, -5.30000000000000, 0.00499999999999888 ) );
#2383 = DIRECTION( '', ( -1.00000000000000, 0.000000000000000, 0.000000000000000 ) );
#2384 = DIRECTION( '', ( 0.000000000000000, 1.00000000000000, -1.93092617155235E-017 ) );
#2385 = SURFACE_STYLE_FILL_AREA( #3944 );
#2386 = ORIENTED_EDGE( '', *, *, #3945, .F. );
#2387 = ORIENTED_EDGE( '', *, *, #3946, .F. );
#2388 = ORIENTED_EDGE( '', *, *, #3947, .F. );
#2389 = ORIENTED_EDGE( '', *, *, #3948, .F. );
#2390 = ORIENTED_EDGE( '', *, *, #3691, .F. );
#2391 = CARTESIAN_POINT( '', ( 0.000000000000000, 0.000000000000000, 3.65000000000000 ) );
#2392 = DIRECTION( '', ( 0.000000000000000, 0.000000000000000, 1.00000000000000 ) );
#2393 = DIRECTION( '', ( 1.00000000000000, 0.000000000000000, 0.000000000000000 ) );
#2394 = SURFACE_STYLE_FILL_AREA( #3949 );
#2395 = ORIENTED_EDGE( '', *, *, #3950, .T. );
#2396 = ORIENTED_EDGE( '', *, *, #3764, .F. );
#2397 = ORIENTED_EDGE( '', *, *, #3951, .F. );
#2398 = ORIENTED_EDGE( '', *, *, #3952, .T. );
#2399 = CARTESIAN_POINT( '', ( 1.49000000000000, 1.85000000000000, 1.05000000000000 ) );
#2400 = DIRECTION( '', ( -1.00000000000000, 0.000000000000000, 0.000000000000000 ) );
#2401 = DIRECTION( '', ( 0.000000000000000, 0.000000000000000, 1.00000000000000 ) );
#2402 = SURFACE_STYLE_FILL_AREA( #3953 );
#2403 = ORIENTED_EDGE( '', *, *, #3954, .T. );
#2404 = ORIENTED_EDGE( '', *, *, #3955, .T. );
#2405 = ORIENTED_EDGE( '', *, *, #3956, .T. );
#2406 = ORIENTED_EDGE( '', *, *, #3957, .F. );
#2407 = CARTESIAN_POINT( '', ( 0.650000000000000, -2.25000000000000, -1.25000000000000 ) );
#2408 = DIRECTION( '', ( -1.00000000000000, 1.78837471750186E-016, 0.000000000000000 ) );
#2409 = DIRECTION( '', ( -1.78837471750186E-016, -1.00000000000000, 0.000000000000000 ) );
#2410 = SURFACE_STYLE_FILL_AREA( #3958 );
#2411 = ORIENTED_EDGE( '', *, *, #3959, .F. );
#2412 = ORIENTED_EDGE( '', *, *, #3960, .T. );
#2413 = ORIENTED_EDGE( '', *, *, #3838, .T. );
#2414 = ORIENTED_EDGE( '', *, *, #3961, .F. );
#2415 = CARTESIAN_POINT( '', ( 1.84000000000000, 2.35000000000000, -0.750000000000000 ) );
#2416 = DIRECTION( '', ( 0.000000000000000, -1.00000000000000, 4.81867632215780E-016 ) );
#2417 = DIRECTION( '', ( 0.000000000000000, -4.81867632215780E-016, -1.00000000000000 ) );
#2418 = SURFACE_STYLE_FILL_AREA( #3962 );
#2419 = ORIENTED_EDGE( '', *, *, #3723, .T. );
#2420 = ORIENTED_EDGE( '', *, *, #3963, .F. );
#2421 = CARTESIAN_POINT( '', ( 2.54000000000000, -0.250000000000000, 3.95000000000000 ) );
#2422 = DIRECTION( '', ( -0.000000000000000, 2.55106393526001E-016, -1.00000000000000 ) );
#2423 = DIRECTION( '', ( 0.000000000000000, -1.00000000000000, -2.55106393526001E-016 ) );
#2424 = SURFACE_STYLE_FILL_AREA( #3964 );
#2425 = ORIENTED_EDGE( '', *, *, #3965, .F. );
#2426 = ORIENTED_EDGE( '', *, *, #3966, .T. );
#2427 = ORIENTED_EDGE( '', *, *, #3967, .T. );
#2428 = ORIENTED_EDGE( '', *, *, #3968, .F. );
#2429 = CARTESIAN_POINT( '', ( 0.650000000000000, -2.25000000000000, -1.25000000000000 ) );
#2430 = DIRECTION( '', ( -1.00000000000000, 1.78837471750186E-016, 0.000000000000000 ) );
#2431 = DIRECTION( '', ( -1.78837471750186E-016, -1.00000000000000, 0.000000000000000 ) );
#2432 = SURFACE_STYLE_FILL_AREA( #3969 );
#2433 = ORIENTED_EDGE( '', *, *, #3970, .F. );
#2434 = ORIENTED_EDGE( '', *, *, #3971, .F. );
#2435 = ORIENTED_EDGE( '', *, *, #3966, .F. );
#2436 = ORIENTED_EDGE( '', *, *, #3972, .F. );
#2437 = CARTESIAN_POINT( '', ( -0.650000000000000, -2.25000000000000, -1.85000000000000 ) );
#2438 = DIRECTION( '', ( -2.77038617403802E-016, -0.830449826989619, 0.557093425605536 ) );
#2439 = DIRECTION( '', ( 1.00000000000000, -3.33600668457078E-016, -2.74668265009911E-032 ) );
#2440 = SURFACE_STYLE_FILL_AREA( #3973 );
#2441 = ORIENTED_EDGE( '', *, *, #3974, .T. );
#2442 = ORIENTED_EDGE( '', *, *, #3975, .T. );
#2443 = ORIENTED_EDGE( '', *, *, #3719, .T. );
#2444 = ORIENTED_EDGE( '', *, *, #3976, .F. );
#2445 = CARTESIAN_POINT( '', ( 1.89000000000000, 2.60000000000000, -1.25000000000000 ) );
#2446 = DIRECTION( '', ( 1.00000000000000, 0.000000000000000, 0.000000000000000 ) );
#2447 = DIRECTION( '', ( 0.000000000000000, 0.000000000000000, -1.00000000000000 ) );
#2448 = SURFACE_STYLE_FILL_AREA( #3977 );
#2449 = ORIENTED_EDGE( '', *, *, #3978, .T. );
#2450 = ORIENTED_EDGE( '', *, *, #3979, .T. );
#2451 = ORIENTED_EDGE( '', *, *, #3980, .F. );
#2452 = ORIENTED_EDGE( '', *, *, #3981, .F. );
#2453 = CARTESIAN_POINT( '', ( -3.44000000000000, 11.3223745086652, -0.850000000000000 ) );
#2454 = DIRECTION( '', ( 1.00000000000000, 0.000000000000000, 0.000000000000000 ) );
#2455 = DIRECTION( '', ( 0.000000000000000, 0.000000000000000, -1.00000000000000 ) );
#2456 = SURFACE_STYLE_FILL_AREA( #3982 );
#2457 = ORIENTED_EDGE( '', *, *, #3983, .F. );
#2458 = ORIENTED_EDGE( '', *, *, #3837, .F. );
#2459 = ORIENTED_EDGE( '', *, *, #3984, .T. );
#2460 = ORIENTED_EDGE( '', *, *, #3985, .T. );
#2461 = CARTESIAN_POINT( '', ( 4.01000000000000, 2.35000000000000, 2.45000000000000 ) );
#2462 = DIRECTION( '', ( 0.000000000000000, 4.81867632215780E-016, 1.00000000000000 ) );
#2463 = DIRECTION( '', ( 0.000000000000000, -1.00000000000000, 4.81867632215780E-016 ) );
#2464 = SURFACE_STYLE_FILL_AREA( #3986 );
#2465 = ORIENTED_EDGE( '', *, *, #3987, .T. );
#2466 = ORIENTED_EDGE( '', *, *, #3988, .T. );
#2467 = ORIENTED_EDGE( '', *, *, #3989, .T. );
#2468 = ORIENTED_EDGE( '', *, *, #3940, .F. );
#2469 = CARTESIAN_POINT( '', ( 0.650000000000000, 1.19000000000000, -6.05733827846856 ) );
#2470 = DIRECTION( '', ( -0.507020126563394, -0.861934215157770, -1.57060663632545E-016 ) );
#2471 = DIRECTION( '', ( 0.861934215157770, -0.507020126563394, 0.000000000000000 ) );
#2472 = SURFACE_STYLE_FILL_AREA( #3990 );
#2473 = ORIENTED_EDGE( '', *, *, #3745, .F. );
#2474 = ORIENTED_EDGE( '', *, *, #3991, .F. );
#2475 = ORIENTED_EDGE( '', *, *, #3820, .F. );
#2476 = ORIENTED_EDGE( '', *, *, #3846, .F. );
#2477 = ORIENTED_EDGE( '', *, *, #3992, .F. );
#2478 = ORIENTED_EDGE( '', *, *, #3993, .F. );
#2479 = ORIENTED_EDGE( '', *, *, #3994, .F. );
#2480 = ORIENTED_EDGE( '', *, *, #3907, .T. );
#2481 = CARTESIAN_POINT( '', ( -1.07500000000000, -2.01000000000000, 0.415000000000000 ) );
#2482 = DIRECTION( '', ( -1.00000000000000, -0.000000000000000, -0.000000000000000 ) );
#2483 = DIRECTION( '', ( 0.000000000000000, 0.000000000000000, -1.00000000000000 ) );
#2484 = SURFACE_STYLE_FILL_AREA( #3995 );
#2485 = ORIENTED_EDGE( '', *, *, #3996, .T. );
#2486 = ORIENTED_EDGE( '', *, *, #3997, .F. );
#2487 = ORIENTED_EDGE( '', *, *, #3947, .T. );
#2488 = ORIENTED_EDGE( '', *, *, #3998, .T. );
#2489 = CARTESIAN_POINT( '', ( 1.05000000000000, 1.45000000000000, 1.05000000000000 ) );
#2490 = DIRECTION( '', ( 1.00000000000000, 0.000000000000000, 0.000000000000000 ) );
#2491 = DIRECTION( '', ( 0.000000000000000, 0.000000000000000, -1.00000000000000 ) );
#2492 = SURFACE_STYLE_FILL_AREA( #3999 );
#2493 = ORIENTED_EDGE( '', *, *, #4000, .F. );
#2494 = ORIENTED_EDGE( '', *, *, #3839, .F. );
#2495 = ORIENTED_EDGE( '', *, *, #4001, .F. );
#2496 = ORIENTED_EDGE( '', *, *, #4002, .T. );
#2497 = CARTESIAN_POINT( '', ( 4.01000000000000, 2.35000000000000, 2.45000000000000 ) );
#2498 = DIRECTION( '', ( 0.000000000000000, 4.81867632215780E-016, 1.00000000000000 ) );
#2499 = DIRECTION( '', ( 0.000000000000000, -1.00000000000000, 4.81867632215780E-016 ) );
#2500 = SURFACE_STYLE_FILL_AREA( #4003 );
#2501 = ORIENTED_EDGE( '', *, *, #4004, .T. );
#2502 = ORIENTED_EDGE( '', *, *, #3942, .T. );
#2503 = ORIENTED_EDGE( '', *, *, #4005, .T. );
#2504 = ORIENTED_EDGE( '', *, *, #3749, .F. );
#2505 = CARTESIAN_POINT( '', ( 1.07500000000000, -0.260000000000000, -6.05733827846856 ) );
#2506 = DIRECTION( '', ( -0.507020126563394, 0.861934215157770, 1.57060663632545E-016 ) );
#2507 = DIRECTION( '', ( -0.861934215157770, -0.507020126563394, 0.000000000000000 ) );
#2508 = SURFACE_STYLE_FILL_AREA( #4006 );
#2509 = ORIENTED_EDGE( '', *, *, #3785, .T. );
#2510 = ORIENTED_EDGE( '', *, *, #3892, .T. );
#2511 = ORIENTED_EDGE( '', *, *, #3798, .F. );
#2512 = ORIENTED_EDGE( '', *, *, #3896, .T. );
#2513 = ORIENTED_EDGE( '', *, *, #3778, .T. );
#2514 = ORIENTED_EDGE( '', *, *, #4007, .F. );
#2515 = ORIENTED_EDGE( '', *, *, #3814, .F. );
#2516 = ORIENTED_EDGE( '', *, *, #4008, .F. );
#2517 = CARTESIAN_POINT( '', ( -0.650000000000000, 3.81130868995580, -1.05000000000000 ) );
#2518 = DIRECTION( '', ( 1.00000000000000, -1.33959470179178E-032, 1.20466908053945E-016 ) );
#2519 = DIRECTION( '', ( 1.20466908053945E-016, 2.64188472271184E-063, -1.00000000000000 ) );
#2520 = SURFACE_STYLE_FILL_AREA( #4009 );
#2521 = ORIENTED_EDGE( '', *, *, #4010, .F. );
#2522 = ORIENTED_EDGE( '', *, *, #4011, .F. );
#2523 = ORIENTED_EDGE( '', *, *, #4012, .F. );
#2524 = ORIENTED_EDGE( '', *, *, #4013, .F. );
#2525 = CARTESIAN_POINT( '', ( 1.00000000000000, 0.000000000000000, 0.000000000000000 ) );
#2526 = DIRECTION( '', ( -1.00000000000000, 0.000000000000000, 0.000000000000000 ) );
#2527 = DIRECTION( '', ( 0.000000000000000, 0.000000000000000, 1.00000000000000 ) );
#2528 = SURFACE_STYLE_FILL_AREA( #4014 );
#2529 = ORIENTED_EDGE( '', *, *, #4015, .F. );
#2530 = ORIENTED_EDGE( '', *, *, #4016, .F. );
#2531 = CARTESIAN_POINT( '', ( 0.000000000000000, 0.000000000000000, 3.60000000000000 ) );
#2532 = DIRECTION( '', ( 0.000000000000000, 0.000000000000000, -1.00000000000000 ) );
#2533 = DIRECTION( '', ( -1.00000000000000, 0.000000000000000, 0.000000000000000 ) );
#2534 = SURFACE_STYLE_FILL_AREA( #4017 );
#2535 = ORIENTED_EDGE( '', *, *, #4018, .T. );
#2536 = ORIENTED_EDGE( '', *, *, #3970, .T. );
#2537 = ORIENTED_EDGE( '', *, *, #4019, .T. );
#2538 = ORIENTED_EDGE( '', *, *, #4020, .F. );
#2539 = CARTESIAN_POINT( '', ( -0.650000000000000, 2.60000000000000, -1.25000000000000 ) );
#2540 = DIRECTION( '', ( 1.00000000000000, 0.000000000000000, 0.000000000000000 ) );
#2541 = DIRECTION( '', ( 0.000000000000000, 0.000000000000000, -1.00000000000000 ) );
#2542 = SURFACE_STYLE_FILL_AREA( #4021 );
#2543 = ORIENTED_EDGE( '', *, *, #3756, .T. );
#2544 = ORIENTED_EDGE( '', *, *, #4022, .T. );
#2545 = ORIENTED_EDGE( '', *, *, #4023, .T. );
#2546 = ORIENTED_EDGE( '', *, *, #4024, .F. );
#2547 = CARTESIAN_POINT( '', ( 3.19000000000000, -2.25000000000000, -1.25000000000000 ) );
#2548 = DIRECTION( '', ( -1.00000000000000, 1.78837471750186E-016, 0.000000000000000 ) );
#2549 = DIRECTION( '', ( -1.78837471750186E-016, -1.00000000000000, 0.000000000000000 ) );
#2550 = SURFACE_STYLE_FILL_AREA( #4025 );
#2551 = ORIENTED_EDGE( '', *, *, #4026, .F. );
#2552 = ORIENTED_EDGE( '', *, *, #3841, .F. );
#2553 = ORIENTED_EDGE( '', *, *, #4027, .F. );
#2554 = ORIENTED_EDGE( '', *, *, #4028, .T. );
#2555 = CARTESIAN_POINT( '', ( 4.01000000000000, 2.35000000000000, 2.45000000000000 ) );
#2556 = DIRECTION( '', ( 0.000000000000000, 4.81867632215780E-016, 1.00000000000000 ) );
#2557 = DIRECTION( '', ( 0.000000000000000, -1.00000000000000, 4.81867632215780E-016 ) );
#2558 = SURFACE_STYLE_FILL_AREA( #4029 );
#2559 = ORIENTED_EDGE( '', *, *, #4030, .T. );
#2560 = ORIENTED_EDGE( '', *, *, #3709, .F. );
#2561 = ORIENTED_EDGE( '', *, *, #3917, .F. );
#2562 = ORIENTED_EDGE( '', *, *, #4031, .T. );
#2563 = CARTESIAN_POINT( '', ( -1.49000000000000, 1.85000000000000, 1.05000000000000 ) );
#2564 = DIRECTION( '', ( 0.000000000000000, -1.00000000000000, 0.000000000000000 ) );
#2565 = DIRECTION( '', ( 0.000000000000000, 0.000000000000000, -1.00000000000000 ) );
#2566 = SURFACE_STYLE_FILL_AREA( #4032 );
#2567 = ORIENTED_EDGE( '', *, *, #4033, .T. );
#2568 = ORIENTED_EDGE( '', *, *, #4034, .F. );
#2569 = ORIENTED_EDGE( '', *, *, #4035, .F. );
#2570 = ORIENTED_EDGE( '', *, *, #3733, .T. );
#2571 = CARTESIAN_POINT( '', ( -1.05000000000000, 1.85000000000000, 1.05000000000000 ) );
#2572 = DIRECTION( '', ( -1.00000000000000, 0.000000000000000, 0.000000000000000 ) );
#2573 = DIRECTION( '', ( 0.000000000000000, 0.000000000000000, 1.00000000000000 ) );
#2574 = SURFACE_STYLE_FILL_AREA( #4036 );
#2575 = ORIENTED_EDGE( '', *, *, #4023, .F. );
#2576 = ORIENTED_EDGE( '', *, *, #4037, .T. );
#2577 = ORIENTED_EDGE( '', *, *, #4038, .T. );
#2578 = ORIENTED_EDGE( '', *, *, #4039, .F. );
#2579 = CARTESIAN_POINT( '', ( 3.19000000000000, 2.60000000000000, -1.25000000000000 ) );
#2580 = DIRECTION( '', ( 0.000000000000000, -1.00000000000000, 0.000000000000000 ) );
#2581 = DIRECTION( '', ( 0.000000000000000, 0.000000000000000, -1.00000000000000 ) );
#2582 = SURFACE_STYLE_FILL_AREA( #4040 );
#2583 = ORIENTED_EDGE( '', *, *, #3830, .T. );
#2584 = ORIENTED_EDGE( '', *, *, #4041, .T. );
#2585 = ORIENTED_EDGE( '', *, *, #4042, .F. );
#2586 = ORIENTED_EDGE( '', *, *, #4043, .F. );
#2587 = CARTESIAN_POINT( '', ( 3.19000000000000, 1.85000000000000, 1.05000000000000 ) );
#2588 = DIRECTION( '', ( 1.00000000000000, 0.000000000000000, 0.000000000000000 ) );
#2589 = DIRECTION( '', ( 0.000000000000000, 0.000000000000000, -1.00000000000000 ) );
#2590 = SURFACE_STYLE_FILL_AREA( #4044 );
#2591 = ORIENTED_EDGE( '', *, *, #4045, .T. );
#2592 = ORIENTED_EDGE( '', *, *, #3767, .T. );
#2593 = ORIENTED_EDGE( '', *, *, #4046, .T. );
#2594 = ORIENTED_EDGE( '', *, *, #3788, .T. );
#2595 = ORIENTED_EDGE( '', *, *, #4047, .F. );
#2596 = ORIENTED_EDGE( '', *, *, #4048, .F. );
#2597 = ORIENTED_EDGE( '', *, *, #4049, .T. );
#2598 = ORIENTED_EDGE( '', *, *, #4050, .T. );
#2599 = ORIENTED_EDGE( '', *, *, #4051, .T. );
#2600 = ORIENTED_EDGE( '', *, *, #4052, .T. );
#2601 = ORIENTED_EDGE( '', *, *, #4053, .T. );
#2602 = ORIENTED_EDGE( '', *, *, #4054, .T. );
#2603 = ORIENTED_EDGE( '', *, *, #4055, .T. );
#2604 = ORIENTED_EDGE( '', *, *, #4056, .T. );
#2605 = ORIENTED_EDGE( '', *, *, #3729, .T. );
#2606 = ORIENTED_EDGE( '', *, *, #4057, .T. );
#2607 = CARTESIAN_POINT( '', ( 4.01000000000000, -3.25000000000000, -2.45000000000000 ) );
#2608 = DIRECTION( '', ( 0.000000000000000, -1.00000000000000, 0.000000000000000 ) );
#2609 = DIRECTION( '', ( 0.000000000000000, 0.000000000000000, -1.00000000000000 ) );
#2610 = SURFACE_STYLE_FILL_AREA( #4058 );
#2611 = ORIENTED_EDGE( '', *, *, #4059, .T. );
#2612 = ORIENTED_EDGE( '', *, *, #4001, .T. );
#2613 = ORIENTED_EDGE( '', *, *, #3960, .F. );
#2614 = ORIENTED_EDGE( '', *, *, #3762, .F. );
#2615 = ORIENTED_EDGE( '', *, *, #3927, .F. );
#2616 = CARTESIAN_POINT( '', ( 1.84000000000000, 3.25000000000000, -0.750000000000000 ) );
#2617 = DIRECTION( '', ( -1.00000000000000, 0.000000000000000, 0.000000000000000 ) );
#2618 = DIRECTION( '', ( 0.000000000000000, 0.000000000000000, 1.00000000000000 ) );
#2619 = SURFACE_STYLE_FILL_AREA( #4060 );
#2620 = ORIENTED_EDGE( '', *, *, #4061, .F. );
#2621 = ORIENTED_EDGE( '', *, *, #4062, .T. );
#2622 = ORIENTED_EDGE( '', *, *, #3866, .F. );
#2623 = ORIENTED_EDGE( '', *, *, #4063, .T. );
#2624 = ORIENTED_EDGE( '', *, *, #4064, .F. );
#2625 = ORIENTED_EDGE( '', *, *, #3915, .F. );
#2626 = ORIENTED_EDGE( '', *, *, #4065, .F. );
#2627 = ORIENTED_EDGE( '', *, *, #4066, .F. );
#2628 = ORIENTED_EDGE( '', *, *, #4067, .T. );
#2629 = ORIENTED_EDGE( '', *, *, #3914, .F. );
#2630 = ORIENTED_EDGE( '', *, *, #4068, .T. );
#2631 = ORIENTED_EDGE( '', *, *, #4069, .T. );
#2632 = CARTESIAN_POINT( '', ( -3.59000000000000, 2.35000000000000, 1.05000000000000 ) );
#2633 = DIRECTION( '', ( 0.000000000000000, 1.00000000000000, 0.000000000000000 ) );
#2634 = DIRECTION( '', ( 0.000000000000000, 0.000000000000000, 1.00000000000000 ) );
#2635 = SURFACE_STYLE_FILL_AREA( #4070 );
#2636 = ORIENTED_EDGE( '', *, *, #3747, .F. );
#2637 = ORIENTED_EDGE( '', *, *, #3909, .F. );
#2638 = ORIENTED_EDGE( '', *, *, #4071, .F. );
#2639 = ORIENTED_EDGE( '', *, *, #4072, .T. );
#2640 = CARTESIAN_POINT( '', ( -1.07500000000000, -1.19000000000000, 1.74500000000000 ) );
#2641 = DIRECTION( '', ( -1.00000000000000, -0.000000000000000, -0.000000000000000 ) );
#2642 = DIRECTION( '', ( 0.000000000000000, 0.000000000000000, -1.00000000000000 ) );
#2643 = SURFACE_STYLE_FILL_AREA( #4073 );
#2644 = ORIENTED_EDGE( '', *, *, #3760, .T. );
#2645 = ORIENTED_EDGE( '', *, *, #3961, .T. );
#2646 = ORIENTED_EDGE( '', *, *, #3983, .T. );
#2647 = ORIENTED_EDGE( '', *, *, #4074, .F. );
#2648 = ORIENTED_EDGE( '', *, *, #3925, .F. );
#2649 = CARTESIAN_POINT( '', ( 3.24000000000000, 2.35000000000000, -0.750000000000000 ) );
#2650 = DIRECTION( '', ( 1.00000000000000, 0.000000000000000, 0.000000000000000 ) );
#2651 = DIRECTION( '', ( 0.000000000000000, 0.000000000000000, -1.00000000000000 ) );
#2652 = SURFACE_STYLE_FILL_AREA( #4075 );
#2653 = ORIENTED_EDGE( '', *, *, #3978, .F. );
#2654 = ORIENTED_EDGE( '', *, *, #4076, .F. );
#2655 = ORIENTED_EDGE( '', *, *, #3861, .F. );
#2656 = ORIENTED_EDGE( '', *, *, #4077, .F. );
#2657 = ORIENTED_EDGE( '', *, *, #3880, .F. );
#2658 = ORIENTED_EDGE( '', *, *, #4078, .T. );
#2659 = ORIENTED_EDGE( '', *, *, #4079, .F. );
#2660 = ORIENTED_EDGE( '', *, *, #4080, .T. );
#2661 = ORIENTED_EDGE( '', *, *, #4081, .T. );
#2662 = ORIENTED_EDGE( '', *, *, #4082, .T. );
#2663 = ORIENTED_EDGE( '', *, *, #4083, .F. );
#2664 = ORIENTED_EDGE( '', *, *, #3889, .T. );
#2665 = CARTESIAN_POINT( '', ( -1.49000000000000, -1.85000000000000, 1.05000000000000 ) );
#2666 = DIRECTION( '', ( 0.000000000000000, -1.00000000000000, 0.000000000000000 ) );
#2667 = DIRECTION( '', ( 0.000000000000000, 0.000000000000000, -1.00000000000000 ) );
#2668 = SURFACE_STYLE_FILL_AREA( #4084 );
#2669 = ORIENTED_EDGE( '', *, *, #4054, .F. );
#2670 = ORIENTED_EDGE( '', *, *, #4085, .F. );
#2671 = ORIENTED_EDGE( '', *, *, #3702, .F. );
#2672 = ORIENTED_EDGE( '', *, *, #4086, .T. );
#2673 = ORIENTED_EDGE( '', *, *, #3921, .T. );
#2674 = ORIENTED_EDGE( '', *, *, #4087, .T. );
#2675 = ORIENTED_EDGE( '', *, *, #3932, .F. );
#2676 = ORIENTED_EDGE( '', *, *, #4088, .T. );
#2677 = ORIENTED_EDGE( '', *, *, #4089, .T. );
#2678 = CARTESIAN_POINT( '', ( 3.66000000000000, -3.25000000000000, -0.200000000000000 ) );
#2679 = DIRECTION( '', ( -0.979045472484584, -0.203641751140177, 0.000000000000000 ) );
#2680 = DIRECTION( '', ( 0.203641751140177, -0.979045472484584, 0.000000000000000 ) );
#2681 = SURFACE_STYLE_FILL_AREA( #4090 );
#2682 = ORIENTED_EDGE( '', *, *, #4015, .T. );
#2683 = ORIENTED_EDGE( '', *, *, #4091, .T. );
#2684 = ORIENTED_EDGE( '', *, *, #4092, .T. );
#2685 = ORIENTED_EDGE( '', *, *, #4093, .T. );
#2686 = ORIENTED_EDGE( '', *, *, #4094, .F. );
#2687 = ORIENTED_EDGE( '', *, *, #4095, .T. );
#2688 = ORIENTED_EDGE( '', *, *, #4096, .T. );
#2689 = ORIENTED_EDGE( '', *, *, #4097, .T. );
#2690 = ORIENTED_EDGE( '', *, *, #4098, .F. );
#2691 = CARTESIAN_POINT( '', ( 0.000000000000000, 0.000000000000000, 4.45000000000000 ) );
#2692 = DIRECTION( '', ( -0.000000000000000, -0.000000000000000, 1.00000000000000 ) );
#2693 = DIRECTION( '', ( -1.00000000000000, 0.000000000000000, 0.000000000000000 ) );
#2694 = SURFACE_STYLE_FILL_AREA( #4099 );
#2695 = ORIENTED_EDGE( '', *, *, #4100, .F. );
#2696 = ORIENTED_EDGE( '', *, *, #4101, .F. );
#2697 = ORIENTED_EDGE( '', *, *, #4102, .F. );
#2698 = ORIENTED_EDGE( '', *, *, #4080, .F. );
#2699 = ORIENTED_EDGE( '', *, *, #3736, .F. );
#2700 = CARTESIAN_POINT( '', ( 0.000000000000000, 0.000000000000000, 3.65000000000000 ) );
#2701 = DIRECTION( '', ( 0.000000000000000, 0.000000000000000, 1.00000000000000 ) );
#2702 = DIRECTION( '', ( 1.00000000000000, 0.000000000000000, 0.000000000000000 ) );
#2703 = SURFACE_STYLE_FILL_AREA( #4103 );
#2704 = ORIENTED_EDGE( '', *, *, #4052, .F. );
#2705 = ORIENTED_EDGE( '', *, *, #4104, .F. );
#2706 = ORIENTED_EDGE( '', *, *, #4105, .T. );
#2707 = ORIENTED_EDGE( '', *, *, #3700, .T. );
#2708 = ORIENTED_EDGE( '', *, *, #4106, .T. );
#2709 = CARTESIAN_POINT( '', ( 1.36000000000000, -3.25000000000000, -0.200000000000000 ) );
#2710 = DIRECTION( '', ( 0.979045472484584, -0.203641751140177, 0.000000000000000 ) );
#2711 = DIRECTION( '', ( 0.203641751140177, 0.979045472484584, 0.000000000000000 ) );
#2712 = SURFACE_STYLE_FILL_AREA( #4107 );
#2713 = ORIENTED_EDGE( '', *, *, #4108, .F. );
#2714 = ORIENTED_EDGE( '', *, *, #3692, .T. );
#2715 = CARTESIAN_POINT( '', ( 0.000000000000000, -0.250000000000000, 3.95000000000000 ) );
#2716 = DIRECTION( '', ( 0.000000000000000, 2.55106393526001E-016, -1.00000000000000 ) );
#2717 = DIRECTION( '', ( 0.000000000000000, 1.00000000000000, 2.55106393526001E-016 ) );
#2718 = SURFACE_STYLE_FILL_AREA( #4109 );
#2719 = ORIENTED_EDGE( '', *, *, #4110, .T. );
#2720 = ORIENTED_EDGE( '', *, *, #3933, .T. );
#2721 = ORIENTED_EDGE( '', *, *, #4087, .F. );
#2722 = ORIENTED_EDGE( '', *, *, #3920, .F. );
#2723 = CARTESIAN_POINT( '', ( 3.44000000000000, 11.3223745086652, 0.550000000000000 ) );
#2724 = DIRECTION( '', ( -1.00000000000000, 0.000000000000000, 0.000000000000000 ) );
#2725 = DIRECTION( '', ( 0.000000000000000, 0.000000000000000, 1.00000000000000 ) );
#2726 = SURFACE_STYLE_FILL_AREA( #4111 );
#2727 = ORIENTED_EDGE( '', *, *, #3771, .F. );
#2728 = ORIENTED_EDGE( '', *, *, #4112, .T. );
#2729 = ORIENTED_EDGE( '', *, *, #3789, .T. );
#2730 = ORIENTED_EDGE( '', *, *, #4046, .F. );
#2731 = CARTESIAN_POINT( '', ( -1.18000000000000, -2.05000000000000, 1.55000000000000 ) );
#2732 = DIRECTION( '', ( 0.000000000000000, 0.000000000000000, -1.00000000000000 ) );
#2733 = DIRECTION( '', ( -1.00000000000000, 0.000000000000000, 0.000000000000000 ) );
#2734 = SURFACE_STYLE_FILL_AREA( #4113 );
#2735 = ORIENTED_EDGE( '', *, *, #4114, .T. );
#2736 = ORIENTED_EDGE( '', *, *, #4115, .T. );
#2737 = CARTESIAN_POINT( '', ( 0.000000000000000, 0.000000000000000, 4.45000000000000 ) );
#2738 = DIRECTION( '', ( 0.000000000000000, 0.000000000000000, -1.00000000000000 ) );
#2739 = DIRECTION( '', ( -1.00000000000000, 0.000000000000000, 0.000000000000000 ) );
#2740 = SURFACE_STYLE_FILL_AREA( #4116 );
#2741 = ORIENTED_EDGE( '', *, *, #4117, .F. );
#2742 = ORIENTED_EDGE( '', *, *, #4118, .F. );
#2743 = ORIENTED_EDGE( '', *, *, #4119, .F. );
#2744 = ORIENTED_EDGE( '', *, *, #4120, .T. );
#2745 = CARTESIAN_POINT( '', ( -1.07500000000000, 1.60000000000000, -1.74500000000000 ) );
#2746 = DIRECTION( '', ( 0.000000000000000, 1.86395788965989E-016, -1.00000000000000 ) );
#2747 = DIRECTION( '', ( 1.00000000000000, 0.000000000000000, 0.000000000000000 ) );
#2748 = SURFACE_STYLE_FILL_AREA( #4121 );
#2749 = ORIENTED_EDGE( '', *, *, #4122, .T. );
#2750 = ORIENTED_EDGE( '', *, *, #4123, .T. );
#2751 = ORIENTED_EDGE( '', *, *, #4124, .T. );
#2752 = ORIENTED_EDGE( '', *, *, #3935, .F. );
#2753 = CARTESIAN_POINT( '', ( -0.650000000000000, -0.510000000000000, -6.05733827846856 ) );
#2754 = DIRECTION( '', ( 0.507020126563394, 0.861934215157769, 1.57060663632545E-016 ) );
#2755 = DIRECTION( '', ( -0.861934215157769, 0.507020126563394, 7.84675642624912E-032 ) );
#2756 = SURFACE_STYLE_FILL_AREA( #4125 );
#2757 = ORIENTED_EDGE( '', *, *, #4126, .F. );
#2758 = ORIENTED_EDGE( '', *, *, #4127, .F. );
#2759 = ORIENTED_EDGE( '', *, *, #4128, .F. );
#2760 = ORIENTED_EDGE( '', *, *, #4096, .F. );
#2761 = CARTESIAN_POINT( '', ( 0.000000000000000, 0.000000000000000, 4.35000000000000 ) );
#2762 = DIRECTION( '', ( 0.000000000000000, 0.000000000000000, -1.00000000000000 ) );
#2763 = DIRECTION( '', ( -1.00000000000000, 0.000000000000000, 0.000000000000000 ) );
#2764 = SURFACE_STYLE_FILL_AREA( #4129 );
#2765 = ORIENTED_EDGE( '', *, *, #4130, .T. );
#2766 = ORIENTED_EDGE( '', *, *, #4131, .F. );
#2767 = ORIENTED_EDGE( '', *, *, #4132, .T. );
#2768 = ORIENTED_EDGE( '', *, *, #4133, .T. );
#2769 = CARTESIAN_POINT( '', ( 3.59000000000000, 1.45000000000000, 1.05000000000000 ) );
#2770 = DIRECTION( '', ( 1.00000000000000, 0.000000000000000, 0.000000000000000 ) );
#2771 = DIRECTION( '', ( 0.000000000000000, 0.000000000000000, -1.00000000000000 ) );
#2772 = SURFACE_STYLE_FILL_AREA( #4134 );
#2773 = ORIENTED_EDGE( '', *, *, #4135, .T. );
#2774 = ORIENTED_EDGE( '', *, *, #4136, .T. );
#2775 = ORIENTED_EDGE( '', *, *, #3834, .T. );
#2776 = ORIENTED_EDGE( '', *, *, #3811, .T. );
#2777 = ORIENTED_EDGE( '', *, *, #4137, .T. );
#2778 = ORIENTED_EDGE( '', *, *, #4138, .T. );
#2779 = ORIENTED_EDGE( '', *, *, #4047, .T. );
#2780 = ORIENTED_EDGE( '', *, *, #4139, .T. );
#2781 = CARTESIAN_POINT( '', ( -4.01000000000000, 0.000000000000000, 0.000000000000000 ) );
#2782 = DIRECTION( '', ( -1.00000000000000, 0.000000000000000, 0.000000000000000 ) );
#2783 = DIRECTION( '', ( 0.000000000000000, 0.000000000000000, 1.00000000000000 ) );
#2784 = SURFACE_STYLE_FILL_AREA( #4140 );
#2785 = ORIENTED_EDGE( '', *, *, #4141, .F. );
#2786 = ORIENTED_EDGE( '', *, *, #4142, .T. );
#2787 = ORIENTED_EDGE( '', *, *, #3954, .F. );
#2788 = ORIENTED_EDGE( '', *, *, #4143, .T. );
#2789 = ORIENTED_EDGE( '', *, *, #4144, .F. );
#2790 = ORIENTED_EDGE( '', *, *, #4145, .F. );
#2791 = ORIENTED_EDGE( '', *, *, #4146, .F. );
#2792 = ORIENTED_EDGE( '', *, *, #4147, .F. );
#2793 = ORIENTED_EDGE( '', *, *, #4148, .T. );
#2794 = ORIENTED_EDGE( '', *, *, #4149, .F. );
#2795 = ORIENTED_EDGE( '', *, *, #4034, .T. );
#2796 = ORIENTED_EDGE( '', *, *, #4150, .T. );
#2797 = CARTESIAN_POINT( '', ( -1.05000000000000, 2.35000000000000, 1.05000000000000 ) );
#2798 = DIRECTION( '', ( 0.000000000000000, 1.00000000000000, 0.000000000000000 ) );
#2799 = DIRECTION( '', ( 0.000000000000000, 0.000000000000000, 1.00000000000000 ) );
#2800 = SURFACE_STYLE_FILL_AREA( #4151 );
#2801 = ORIENTED_EDGE( '', *, *, #3806, .F. );
#2802 = ORIENTED_EDGE( '', *, *, #4152, .F. );
#2803 = ORIENTED_EDGE( '', *, *, #4132, .F. );
#2804 = ORIENTED_EDGE( '', *, *, #4153, .F. );
#2805 = ORIENTED_EDGE( '', *, *, #4154, .F. );
#2806 = CARTESIAN_POINT( '', ( 0.000000000000000, 0.000000000000000, 3.65000000000000 ) );
#2807 = DIRECTION( '', ( 0.000000000000000, 0.000000000000000, 1.00000000000000 ) );
#2808 = DIRECTION( '', ( 1.00000000000000, 0.000000000000000, 0.000000000000000 ) );
#2809 = SURFACE_STYLE_FILL_AREA( #4155 );
#2810 = ORIENTED_EDGE( '', *, *, #4156, .T. );
#2811 = ORIENTED_EDGE( '', *, *, #3873, .T. );
#2812 = ORIENTED_EDGE( '', *, *, #4157, .F. );
#2813 = ORIENTED_EDGE( '', *, *, #4158, .F. );
#2814 = CARTESIAN_POINT( '', ( -0.900000000000000, 11.3223745086652, -0.850000000000000 ) );
#2815 = DIRECTION( '', ( 1.00000000000000, 0.000000000000000, 0.000000000000000 ) );
#2816 = DIRECTION( '', ( 0.000000000000000, 0.000000000000000, -1.00000000000000 ) );
#2817 = SURFACE_STYLE_FILL_AREA( #4159 );
#2818 = ORIENTED_EDGE( '', *, *, #3941, .T. );
#2819 = ORIENTED_EDGE( '', *, *, #3989, .F. );
#2820 = ORIENTED_EDGE( '', *, *, #3694, .F. );
#2821 = ORIENTED_EDGE( '', *, *, #4160, .F. );
#2822 = ORIENTED_EDGE( '', *, *, #3936, .F. );
#2823 = ORIENTED_EDGE( '', *, *, #4124, .F. );
#2824 = ORIENTED_EDGE( '', *, *, #4161, .F. );
#2825 = ORIENTED_EDGE( '', *, *, #4162, .T. );
#2826 = ORIENTED_EDGE( '', *, *, #3750, .F. );
#2827 = ORIENTED_EDGE( '', *, *, #4005, .F. );
#2828 = CARTESIAN_POINT( '', ( -1.07500000000000, -1.19000000000000, 2.15500000000000 ) );
#2829 = DIRECTION( '', ( 0.000000000000000, 1.82218852518572E-016, -1.00000000000000 ) );
#2830 = DIRECTION( '', ( 0.000000000000000, 1.00000000000000, 1.82218852518572E-016 ) );
#2831 = SURFACE_STYLE_FILL_AREA( #4163 );
#2832 = ORIENTED_EDGE( '', *, *, #4164, .F. );
#2833 = ORIENTED_EDGE( '', *, *, #3878, .F. );
#2834 = ORIENTED_EDGE( '', *, *, #4165, .F. );
#2835 = ORIENTED_EDGE( '', *, *, #4118, .T. );
#2836 = CARTESIAN_POINT( '', ( -1.07500000000000, 1.20000000000000, 1.74500000000000 ) );
#2837 = DIRECTION( '', ( 0.000000000000000, -1.00000000000000, -1.86395788965989E-016 ) );
#2838 = DIRECTION( '', ( 0.000000000000000, 1.86395788965989E-016, -1.00000000000000 ) );
#2839 = SURFACE_STYLE_FILL_AREA( #4166 );
#2840 = ORIENTED_EDGE( '', *, *, #4154, .T. );
#2841 = ORIENTED_EDGE( '', *, *, #3724, .F. );
#2842 = CARTESIAN_POINT( '', ( 2.54000000000000, -0.250000000000000, -9.42237450866524 ) );
#2843 = DIRECTION( '', ( -0.000000000000000, 2.55106393526001E-016, -1.00000000000000 ) );
#2844 = DIRECTION( '', ( 0.000000000000000, -1.00000000000000, -2.55106393526001E-016 ) );
#2845 = SURFACE_STYLE_FILL_AREA( #4167 );
#2846 = ORIENTED_EDGE( '', *, *, #4055, .F. );
#2847 = ORIENTED_EDGE( '', *, *, #4168, .F. );
#2848 = ORIENTED_EDGE( '', *, *, #4169, .T. );
#2849 = ORIENTED_EDGE( '', *, *, #4170, .T. );
#2850 = CARTESIAN_POINT( '', ( -5.08000000000000, -3.25000000000000, -1.95000000000000 ) );
#2851 = DIRECTION( '', ( 0.000000000000000, -0.675590207615660, 0.737277336810124 ) );
#2852 = DIRECTION( '', ( 0.000000000000000, -0.737277336810124, -0.675590207615660 ) );
#2853 = SURFACE_STYLE_FILL_AREA( #4171 );
#2854 = ORIENTED_EDGE( '', *, *, #3727, .F. );
#2855 = ORIENTED_EDGE( '', *, *, #4172, .F. );
#2856 = ORIENTED_EDGE( '', *, *, #4173, .T. );
#2857 = ORIENTED_EDGE( '', *, *, #4174, .T. );
#2858 = CARTESIAN_POINT( '', ( -5.08000000000000, -2.75000000000000, 1.55000000000000 ) );
#2859 = DIRECTION( '', ( 0.000000000000000, -0.819152044288992, -0.573576436351046 ) );
#2860 = DIRECTION( '', ( 0.000000000000000, 0.573576436351046, -0.819152044288992 ) );
#2861 = SURFACE_STYLE_FILL_AREA( #4175 );
#2862 = ORIENTED_EDGE( '', *, *, #4176, .T. );
#2863 = ORIENTED_EDGE( '', *, *, #4027, .T. );
#2864 = ORIENTED_EDGE( '', *, *, #3853, .F. );
#2865 = ORIENTED_EDGE( '', *, *, #4148, .F. );
#2866 = ORIENTED_EDGE( '', *, *, #4177, .F. );
#2867 = CARTESIAN_POINT( '', ( -0.700000000000000, 3.25000000000000, -0.750000000000000 ) );
#2868 = DIRECTION( '', ( -1.00000000000000, 0.000000000000000, 0.000000000000000 ) );
#2869 = DIRECTION( '', ( 0.000000000000000, 0.000000000000000, 1.00000000000000 ) );
#2870 = SURFACE_STYLE_FILL_AREA( #4178 );
#2871 = ORIENTED_EDGE( '', *, *, #4135, .F. );
#2872 = ORIENTED_EDGE( '', *, *, #4179, .F. );
#2873 = ORIENTED_EDGE( '', *, *, #4180, .T. );
#2874 = ORIENTED_EDGE( '', *, *, #4181, .T. );
#2875 = CARTESIAN_POINT( '', ( 4.01000000000000, -2.90000000000000, 2.05000000000000 ) );
#2876 = DIRECTION( '', ( 0.000000000000000, -0.972936550719561, 0.231072430795895 ) );
#2877 = DIRECTION( '', ( 0.000000000000000, -0.231072430795895, -0.972936550719561 ) );
#2878 = SURFACE_STYLE_FILL_AREA( #4182 );
#2879 = ORIENTED_EDGE( '', *, *, #3858, .F. );
#2880 = ORIENTED_EDGE( '', *, *, #4183, .T. );
#2881 = ORIENTED_EDGE( '', *, *, #4061, .T. );
#2882 = ORIENTED_EDGE( '', *, *, #4184, .F. );
#2883 = CARTESIAN_POINT( '', ( -3.19000000000000, 2.60000000000000, -1.25000000000000 ) );
#2884 = DIRECTION( '', ( 1.00000000000000, 0.000000000000000, 0.000000000000000 ) );
#2885 = DIRECTION( '', ( 0.000000000000000, 0.000000000000000, -1.00000000000000 ) );
#2886 = SURFACE_STYLE_FILL_AREA( #4185 );
#2887 = ORIENTED_EDGE( '', *, *, #4186, .F. );
#2888 = ORIENTED_EDGE( '', *, *, #4187, .F. );
#2889 = CARTESIAN_POINT( '', ( 0.000000000000000, 0.000000000000000, 0.000000000000000 ) );
#2890 = DIRECTION( '', ( -0.000000000000000, -0.000000000000000, 1.00000000000000 ) );
#2891 = DIRECTION( '', ( 1.00000000000000, 0.000000000000000, 0.000000000000000 ) );
#2892 = SURFACE_STYLE_FILL_AREA( #4188 );
#2893 = ORIENTED_EDGE( '', *, *, #4187, .T. );
#2894 = CARTESIAN_POINT( '', ( 0.000000000000000, 0.000000000000000, 0.000000000000000 ) );
#2895 = DIRECTION( '', ( 0.000000000000000, 0.000000000000000, -1.00000000000000 ) );
#2896 = DIRECTION( '', ( -1.00000000000000, 0.000000000000000, 0.000000000000000 ) );
#2897 = SURFACE_STYLE_FILL_AREA( #4189 );
#2898 = ORIENTED_EDGE( '', *, *, #4097, .F. );
#2899 = ORIENTED_EDGE( '', *, *, #4128, .T. );
#2900 = ORIENTED_EDGE( '', *, *, #4190, .F. );
#2901 = ORIENTED_EDGE( '', *, *, #4126, .T. );
#2902 = ORIENTED_EDGE( '', *, *, #4095, .F. );
#2903 = ORIENTED_EDGE( '', *, *, #4191, .T. );
#2904 = CARTESIAN_POINT( '', ( 1.20000000000000, -0.225000000000000, 3.85000000000000 ) );
#2905 = DIRECTION( '', ( 0.000000000000000, 1.00000000000000, 0.000000000000000 ) );
#2906 = DIRECTION( '', ( 0.000000000000000, 0.000000000000000, 1.00000000000000 ) );
#2907 = SURFACE_STYLE_FILL_AREA( #4192 );
#2908 = ORIENTED_EDGE( '', *, *, #4193, .T. );
#2909 = ORIENTED_EDGE( '', *, *, #3923, .T. );
#2910 = ORIENTED_EDGE( '', *, *, #4194, .F. );
#2911 = ORIENTED_EDGE( '', *, *, #3930, .F. );
#2912 = CARTESIAN_POINT( '', ( 1.64000000000000, 11.3223745086652, -0.850000000000000 ) );
#2913 = DIRECTION( '', ( 1.00000000000000, 0.000000000000000, 0.000000000000000 ) );
#2914 = DIRECTION( '', ( 0.000000000000000, 0.000000000000000, -1.00000000000000 ) );
#2915 = SURFACE_STYLE_FILL_AREA( #4195 );
#2916 = ORIENTED_EDGE( '', *, *, #4043, .T. );
#2917 = ORIENTED_EDGE( '', *, *, #4196, .T. );
#2918 = ORIENTED_EDGE( '', *, *, #3776, .T. );
#2919 = ORIENTED_EDGE( '', *, *, #4197, .T. );
#2920 = ORIENTED_EDGE( '', *, *, #3951, .T. );
#2921 = ORIENTED_EDGE( '', *, *, #3763, .T. );
#2922 = ORIENTED_EDGE( '', *, *, #3959, .T. );
#2923 = ORIENTED_EDGE( '', *, *, #3759, .T. );
#2924 = ORIENTED_EDGE( '', *, *, #4198, .T. );
#2925 = ORIENTED_EDGE( '', *, *, #3831, .T. );
#2926 = CARTESIAN_POINT( '', ( 0.000000000000000, 0.000000000000000, 1.05000000000000 ) );
#2927 = DIRECTION( '', ( 0.000000000000000, 0.000000000000000, -1.00000000000000 ) );
#2928 = DIRECTION( '', ( -1.00000000000000, 0.000000000000000, 0.000000000000000 ) );
#2929 = SURFACE_STYLE_FILL_AREA( #4199 );
#2930 = ORIENTED_EDGE( '', *, *, #3994, .T. );
#2931 = ORIENTED_EDGE( '', *, *, #4200, .T. );
#2932 = ORIENTED_EDGE( '', *, *, #4201, .F. );
#2933 = ORIENTED_EDGE( '', *, *, #4161, .T. );
#2934 = ORIENTED_EDGE( '', *, *, #4123, .F. );
#2935 = ORIENTED_EDGE( '', *, *, #4202, .T. );
#2936 = ORIENTED_EDGE( '', *, *, #4071, .T. );
#2937 = ORIENTED_EDGE( '', *, *, #3908, .T. );
#2938 = CARTESIAN_POINT( '', ( -0.650000000000000, -1.60000000000000, -6.05733827846856 ) );
#2939 = DIRECTION( '', ( 1.00000000000000, 0.000000000000000, 0.000000000000000 ) );
#2940 = DIRECTION( '', ( 0.000000000000000, 0.000000000000000, -1.00000000000000 ) );
#2941 = SURFACE_STYLE_FILL_AREA( #4203 );
#2942 = ORIENTED_EDGE( '', *, *, #4204, .T. );
#2943 = ORIENTED_EDGE( '', *, *, #4068, .F. );
#2944 = ORIENTED_EDGE( '', *, *, #3913, .F. );
#2945 = ORIENTED_EDGE( '', *, *, #3886, .T. );
#2946 = CARTESIAN_POINT( '', ( -3.59000000000000, 1.85000000000000, 1.05000000000000 ) );
#2947 = DIRECTION( '', ( -1.00000000000000, 0.000000000000000, 0.000000000000000 ) );
#2948 = DIRECTION( '', ( 0.000000000000000, 0.000000000000000, 1.00000000000000 ) );
#2949 = SURFACE_STYLE_FILL_AREA( #4205 );
#2950 = ORIENTED_EDGE( '', *, *, #3780, .F. );
#2951 = ORIENTED_EDGE( '', *, *, #3895, .T. );
#2952 = ORIENTED_EDGE( '', *, *, #4206, .F. );
#2953 = ORIENTED_EDGE( '', *, *, #3893, .T. );
#2954 = ORIENTED_EDGE( '', *, *, #3783, .F. );
#2955 = ORIENTED_EDGE( '', *, *, #4207, .F. );
#2956 = ORIENTED_EDGE( '', *, *, #3816, .T. );
#2957 = ORIENTED_EDGE( '', *, *, #4208, .F. );
#2958 = CARTESIAN_POINT( '', ( 0.650000000000000, 3.81130868995580, 0.750000000000000 ) );
#2959 = DIRECTION( '', ( -1.00000000000000, 1.33959470179178E-032, -1.20466908053945E-016 ) );
#2960 = DIRECTION( '', ( -1.20466908053945E-016, 0.000000000000000, 1.00000000000000 ) );
#2961 = SURFACE_STYLE_FILL_AREA( #4209 );
#2962 = ORIENTED_EDGE( '', *, *, #4210, .T. );
#2963 = ORIENTED_EDGE( '', *, *, #4211, .F. );
#2964 = ORIENTED_EDGE( '', *, *, #4100, .T. );
#2965 = ORIENTED_EDGE( '', *, *, #4079, .T. );
#2966 = CARTESIAN_POINT( '', ( -3.59000000000000, -1.85000000000000, 1.05000000000000 ) );
#2967 = DIRECTION( '', ( -1.00000000000000, 0.000000000000000, 0.000000000000000 ) );
#2968 = DIRECTION( '', ( 0.000000000000000, 0.000000000000000, 1.00000000000000 ) );
#2969 = SURFACE_STYLE_FILL_AREA( #4212 );
#2970 = ORIENTED_EDGE( '', *, *, #3956, .F. );
#2971 = ORIENTED_EDGE( '', *, *, #4213, .T. );
#2972 = ORIENTED_EDGE( '', *, *, #4214, .T. );
#2973 = ORIENTED_EDGE( '', *, *, #4215, .F. );
#2974 = CARTESIAN_POINT( '', ( 0.650000000000000, 2.60000000000000, -1.25000000000000 ) );
#2975 = DIRECTION( '', ( 0.000000000000000, -1.00000000000000, 0.000000000000000 ) );
#2976 = DIRECTION( '', ( 0.000000000000000, 0.000000000000000, -1.00000000000000 ) );
#2977 = SURFACE_STYLE_FILL_AREA( #4216 );
#2978 = ORIENTED_EDGE( '', *, *, #4217, .T. );
#2979 = ORIENTED_EDGE( '', *, *, #4031, .F. );
#2980 = ORIENTED_EDGE( '', *, *, #3916, .F. );
#2981 = ORIENTED_EDGE( '', *, *, #4064, .T. );
#2982 = CARTESIAN_POINT( '', ( -1.49000000000000, 2.35000000000000, 1.05000000000000 ) );
#2983 = DIRECTION( '', ( 1.00000000000000, 0.000000000000000, 0.000000000000000 ) );
#2984 = DIRECTION( '', ( 0.000000000000000, 0.000000000000000, -1.00000000000000 ) );
#2985 = SURFACE_STYLE_FILL_AREA( #4218 );
#2986 = ORIENTED_EDGE( '', *, *, #4219, .T. );
#2987 = ORIENTED_EDGE( '', *, *, #3809, .T. );
#2988 = ORIENTED_EDGE( '', *, *, #3849, .F. );
#2989 = ORIENTED_EDGE( '', *, *, #4067, .F. );
#2990 = ORIENTED_EDGE( '', *, *, #4220, .F. );
#2991 = CARTESIAN_POINT( '', ( -3.24000000000000, 3.25000000000000, -0.750000000000000 ) );
#2992 = DIRECTION( '', ( -1.00000000000000, 0.000000000000000, 0.000000000000000 ) );
#2993 = DIRECTION( '', ( 0.000000000000000, 0.000000000000000, 1.00000000000000 ) );
#2994 = SURFACE_STYLE_FILL_AREA( #4221 );
#2995 = ORIENTED_EDGE( '', *, *, #4222, .T. );
#2996 = ORIENTED_EDGE( '', *, *, #4136, .F. );
#2997 = ORIENTED_EDGE( '', *, *, #4181, .F. );
#2998 = ORIENTED_EDGE( '', *, *, #4223, .T. );
#2999 = ORIENTED_EDGE( '', *, *, #3835, .T. );
#3000 = ORIENTED_EDGE( '', *, *, #3963, .T. );
#3001 = ORIENTED_EDGE( '', *, *, #3900, .T. );
#3002 = CARTESIAN_POINT( '', ( 4.01000000000000, -1.95000000000000, 6.05000000000000 ) );
#3003 = DIRECTION( '', ( 0.000000000000000, -2.55106393526001E-016, 1.00000000000000 ) );
#3004 = DIRECTION( '', ( 0.000000000000000, -1.00000000000000, -2.55106393526001E-016 ) );
#3005 = SURFACE_STYLE_FILL_AREA( #4224 );
#3006 = ORIENTED_EDGE( '', *, *, #4056, .F. );
#3007 = ORIENTED_EDGE( '', *, *, #4170, .F. );
#3008 = ORIENTED_EDGE( '', *, *, #4225, .T. );
#3009 = ORIENTED_EDGE( '', *, *, #4172, .T. );
#3010 = ORIENTED_EDGE( '', *, *, #3726, .T. );
#3011 = CARTESIAN_POINT( '', ( -3.72000000000000, -3.25000000000000, -0.200000000000000 ) );
#3012 = DIRECTION( '', ( 0.979045472484584, -0.203641751140177, 0.000000000000000 ) );
#3013 = DIRECTION( '', ( 0.203641751140177, 0.979045472484584, 0.000000000000000 ) );
#3014 = SURFACE_STYLE_FILL_AREA( #4226 );
#3015 = ORIENTED_EDGE( '', *, *, #3844, .F. );
#3016 = ORIENTED_EDGE( '', *, *, #3801, .F. );
#3017 = ORIENTED_EDGE( '', *, *, #3740, .F. );
#3018 = ORIENTED_EDGE( '', *, *, #4227, .F. );
#3019 = CARTESIAN_POINT( '', ( -0.450000000000000, -4.60000000000000, -6.05733827846856 ) );
#3020 = DIRECTION( '', ( 0.961523947640823, 0.274721127897378, -5.30466215735429E-018 ) );
#3021 = DIRECTION( '', ( 7.40731105202754E-034, 1.93092617155235E-017, 1.00000000000000 ) );
#3022 = SURFACE_STYLE_FILL_AREA( #4228 );
#3023 = ORIENTED_EDGE( '', *, *, #4019, .F. );
#3024 = ORIENTED_EDGE( '', *, *, #3972, .T. );
#3025 = ORIENTED_EDGE( '', *, *, #3965, .T. );
#3026 = ORIENTED_EDGE( '', *, *, #4229, .F. );
#3027 = CARTESIAN_POINT( '', ( -0.650000000000000, -2.25000000000000, -1.25000000000000 ) );
#3028 = DIRECTION( '', ( 3.33600668457079E-016, 1.00000000000000, 0.000000000000000 ) );
#3029 = DIRECTION( '', ( -1.00000000000000, 3.33600668457079E-016, 0.000000000000000 ) );
#3030 = SURFACE_STYLE_FILL_AREA( #4230 );
#3031 = ORIENTED_EDGE( '', *, *, #4231, .T. );
#3032 = ORIENTED_EDGE( '', *, *, #4232, .F. );
#3033 = ORIENTED_EDGE( '', *, *, #4233, .F. );
#3034 = ORIENTED_EDGE( '', *, *, #3904, .T. );
#3035 = ORIENTED_EDGE( '', *, *, #4234, .T. );
#3036 = ORIENTED_EDGE( '', *, *, #3998, .F. );
#3037 = ORIENTED_EDGE( '', *, *, #3946, .T. );
#3038 = ORIENTED_EDGE( '', *, *, #4235, .T. );
#3039 = CARTESIAN_POINT( '', ( 0.650000000000000, 1.45000000000000, 1.05000000000000 ) );
#3040 = DIRECTION( '', ( 0.000000000000000, 1.00000000000000, 0.000000000000000 ) );
#3041 = DIRECTION( '', ( 0.000000000000000, 0.000000000000000, 1.00000000000000 ) );
#3042 = SURFACE_STYLE_FILL_AREA( #4236 );
#3043 = ORIENTED_EDGE( '', *, *, #3867, .F. );
#3044 = ORIENTED_EDGE( '', *, *, #4062, .F. );
#3045 = ORIENTED_EDGE( '', *, *, #4183, .F. );
#3046 = ORIENTED_EDGE( '', *, *, #3857, .F. );
#3047 = CARTESIAN_POINT( '', ( -1.89000000000000, 2.60000000000000, -1.85000000000000 ) );
#3048 = DIRECTION( '', ( 0.000000000000000, 0.894427190999916, 0.447213595499958 ) );
#3049 = DIRECTION( '', ( -1.00000000000000, 0.000000000000000, 0.000000000000000 ) );
#3050 = SURFACE_STYLE_FILL_AREA( #4237 );
#3051 = ORIENTED_EDGE( '', *, *, #4206, .T. );
#3052 = ORIENTED_EDGE( '', *, *, #3894, .F. );
#3053 = CARTESIAN_POINT( '', ( 0.000000000000000, 0.000000000000000, 0.450000000000000 ) );
#3054 = DIRECTION( '', ( 0.000000000000000, 0.000000000000000, -1.00000000000000 ) );
#3055 = DIRECTION( '', ( -1.00000000000000, 0.000000000000000, 0.000000000000000 ) );
#3056 = SURFACE_STYLE_FILL_AREA( #4238 );
#3057 = ORIENTED_EDGE( '', *, *, #3743, .T. );
#3058 = ORIENTED_EDGE( '', *, *, #3822, .T. );
#3059 = ORIENTED_EDGE( '', *, *, #4239, .F. );
#3060 = ORIENTED_EDGE( '', *, *, #4240, .T. );
#3061 = CARTESIAN_POINT( '', ( -1.07500000000000, -2.01000000000000, 0.415000000000000 ) );
#3062 = DIRECTION( '', ( -1.00000000000000, -0.000000000000000, -0.000000000000000 ) );
#3063 = DIRECTION( '', ( 0.000000000000000, 0.000000000000000, -1.00000000000000 ) );
#3064 = SURFACE_STYLE_FILL_AREA( #4241 );
#3065 = ORIENTED_EDGE( '', *, *, #4156, .F. );
#3066 = ORIENTED_EDGE( '', *, *, #4242, .F. );
#3067 = ORIENTED_EDGE( '', *, *, #4243, .F. );
#3068 = ORIENTED_EDGE( '', *, *, #3870, .F. );
#3069 = ORIENTED_EDGE( '', *, *, #4018, .F. );
#3070 = ORIENTED_EDGE( '', *, *, #4244, .T. );
#3071 = ORIENTED_EDGE( '', *, *, #4245, .F. );
#3072 = ORIENTED_EDGE( '', *, *, #3948, .T. );
#3073 = ORIENTED_EDGE( '', *, *, #3997, .T. );
#3074 = ORIENTED_EDGE( '', *, *, #4246, .T. );
#3075 = ORIENTED_EDGE( '', *, *, #3967, .F. );
#3076 = ORIENTED_EDGE( '', *, *, #3971, .T. );
#3077 = CARTESIAN_POINT( '', ( 1.05000000000000, -1.85000000000000, 1.05000000000000 ) );
#3078 = DIRECTION( '', ( 0.000000000000000, -1.00000000000000, 0.000000000000000 ) );
#3079 = DIRECTION( '', ( 0.000000000000000, 0.000000000000000, -1.00000000000000 ) );
#3080 = SURFACE_STYLE_FILL_AREA( #4247 );
#3081 = ORIENTED_EDGE( '', *, *, #3769, .F. );
#3082 = ORIENTED_EDGE( '', *, *, #4248, .F. );
#3083 = ORIENTED_EDGE( '', *, *, #3795, .F. );
#3084 = ORIENTED_EDGE( '', *, *, #4249, .T. );
#3085 = ORIENTED_EDGE( '', *, *, #4157, .T. );
#3086 = ORIENTED_EDGE( '', *, *, #3872, .T. );
#3087 = ORIENTED_EDGE( '', *, *, #3791, .F. );
#3088 = ORIENTED_EDGE( '', *, *, #4250, .F. );
#3089 = CARTESIAN_POINT( '', ( 0.000000000000000, -2.05000000000000, 0.000000000000000 ) );
#3090 = DIRECTION( '', ( 0.000000000000000, 1.00000000000000, 0.000000000000000 ) );
#3091 = DIRECTION( '', ( 0.000000000000000, 0.000000000000000, 1.00000000000000 ) );
#3092 = SURFACE_STYLE_FILL_AREA( #4251 );
#3093 = ORIENTED_EDGE( '', *, *, #4051, .F. );
#3094 = ORIENTED_EDGE( '', *, *, #4089, .F. );
#3095 = ORIENTED_EDGE( '', *, *, #4252, .T. );
#3096 = ORIENTED_EDGE( '', *, *, #4104, .T. );
#3097 = CARTESIAN_POINT( '', ( 0.000000000000000, -3.25000000000000, -1.95000000000000 ) );
#3098 = DIRECTION( '', ( 0.000000000000000, -0.675590207615660, 0.737277336810124 ) );
#3099 = DIRECTION( '', ( 0.000000000000000, -0.737277336810124, -0.675590207615660 ) );
#3100 = SURFACE_STYLE_FILL_AREA( #4253 );
#3101 = ORIENTED_EDGE( '', *, *, #4138, .F. );
#3102 = ORIENTED_EDGE( '', *, *, #4254, .F. );
#3103 = ORIENTED_EDGE( '', *, *, #4255, .T. );
#3104 = ORIENTED_EDGE( '', *, *, #4048, .T. );
#3105 = ORIENTED_EDGE( '', *, *, #4256, .F. );
#3106 = ORIENTED_EDGE( '', *, *, #3976, .T. );
#3107 = ORIENTED_EDGE( '', *, *, #3721, .T. );
#3108 = ORIENTED_EDGE( '', *, *, #3717, .T. );
#3109 = ORIENTED_EDGE( '', *, *, #4257, .F. );
#3110 = ORIENTED_EDGE( '', *, *, #4130, .F. );
#3111 = ORIENTED_EDGE( '', *, *, #4258, .F. );
#3112 = ORIENTED_EDGE( '', *, *, #4041, .F. );
#3113 = ORIENTED_EDGE( '', *, *, #3829, .F. );
#3114 = ORIENTED_EDGE( '', *, *, #4259, .F. );
#3115 = ORIENTED_EDGE( '', *, *, #3757, .F. );
#3116 = ORIENTED_EDGE( '', *, *, #4024, .T. );
#3117 = ORIENTED_EDGE( '', *, *, #4039, .T. );
#3118 = ORIENTED_EDGE( '', *, *, #4260, .T. );
#3119 = ORIENTED_EDGE( '', *, *, #3765, .F. );
#3120 = ORIENTED_EDGE( '', *, *, #3950, .F. );
#3121 = ORIENTED_EDGE( '', *, *, #4261, .F. );
#3122 = ORIENTED_EDGE( '', *, *, #3774, .F. );
#3123 = ORIENTED_EDGE( '', *, *, #4262, .F. );
#3124 = ORIENTED_EDGE( '', *, *, #3804, .F. );
#3125 = ORIENTED_EDGE( '', *, *, #4244, .F. );
#3126 = ORIENTED_EDGE( '', *, *, #4020, .T. );
#3127 = ORIENTED_EDGE( '', *, *, #4229, .T. );
#3128 = ORIENTED_EDGE( '', *, *, #3968, .T. );
#3129 = ORIENTED_EDGE( '', *, *, #4246, .F. );
#3130 = ORIENTED_EDGE( '', *, *, #3996, .F. );
#3131 = ORIENTED_EDGE( '', *, *, #4234, .F. );
#3132 = ORIENTED_EDGE( '', *, *, #3903, .F. );
#3133 = ORIENTED_EDGE( '', *, *, #4263, .F. );
#3134 = ORIENTED_EDGE( '', *, *, #4264, .F. );
#3135 = ORIENTED_EDGE( '', *, *, #4143, .F. );
#3136 = ORIENTED_EDGE( '', *, *, #3957, .T. );
#3137 = ORIENTED_EDGE( '', *, *, #4215, .T. );
#3138 = ORIENTED_EDGE( '', *, *, #4265, .T. );
#3139 = ORIENTED_EDGE( '', *, *, #4150, .F. );
#3140 = ORIENTED_EDGE( '', *, *, #4033, .F. );
#3141 = ORIENTED_EDGE( '', *, *, #3732, .F. );
#3142 = ORIENTED_EDGE( '', *, *, #4266, .F. );
#3143 = ORIENTED_EDGE( '', *, *, #4231, .F. );
#3144 = ORIENTED_EDGE( '', *, *, #4267, .F. );
#3145 = ORIENTED_EDGE( '', *, *, #4078, .F. );
#3146 = ORIENTED_EDGE( '', *, *, #3882, .T. );
#3147 = ORIENTED_EDGE( '', *, *, #3827, .T. );
#3148 = ORIENTED_EDGE( '', *, *, #4268, .T. );
#3149 = ORIENTED_EDGE( '', *, *, #4082, .F. );
#3150 = ORIENTED_EDGE( '', *, *, #4269, .F. );
#3151 = ORIENTED_EDGE( '', *, *, #4270, .F. );
#3152 = ORIENTED_EDGE( '', *, *, #3710, .F. );
#3153 = ORIENTED_EDGE( '', *, *, #4030, .F. );
#3154 = ORIENTED_EDGE( '', *, *, #4217, .F. );
#3155 = ORIENTED_EDGE( '', *, *, #4063, .F. );
#3156 = ORIENTED_EDGE( '', *, *, #3868, .T. );
#3157 = ORIENTED_EDGE( '', *, *, #3859, .T. );
#3158 = ORIENTED_EDGE( '', *, *, #4184, .T. );
#3159 = ORIENTED_EDGE( '', *, *, #4069, .F. );
#3160 = ORIENTED_EDGE( '', *, *, #4204, .F. );
#3161 = ORIENTED_EDGE( '', *, *, #3885, .F. );
#3162 = ORIENTED_EDGE( '', *, *, #4271, .F. );
#3163 = ORIENTED_EDGE( '', *, *, #4272, .F. );
#3164 = ORIENTED_EDGE( '', *, *, #4210, .F. );
#3165 = CARTESIAN_POINT( '', ( 4.01000000000000, 3.25000000000000, -2.45000000000000 ) );
#3166 = DIRECTION( '', ( 0.000000000000000, 0.000000000000000, -1.00000000000000 ) );
#3167 = DIRECTION( '', ( -1.00000000000000, 0.000000000000000, 0.000000000000000 ) );
#3168 = SURFACE_STYLE_FILL_AREA( #4273 );
#3169 = ORIENTED_EDGE( '', *, *, #4274, .F. );
#3170 = ORIENTED_EDGE( '', *, *, #4275, .F. );
#3171 = ORIENTED_EDGE( '', *, *, #4011, .T. );
#3172 = ORIENTED_EDGE( '', *, *, #4276, .T. );
#3173 = CARTESIAN_POINT( '', ( 1.00000000000000, 1.49999999999999, -1.95000000000000 ) );
#3174 = DIRECTION( '', ( 0.000000000000000, 0.000000000000000, -1.00000000000000 ) );
#3175 = DIRECTION( '', ( -1.00000000000000, 0.000000000000000, 0.000000000000000 ) );
#3176 = SURFACE_STYLE_FILL_AREA( #4277 );
#3177 = ORIENTED_EDGE( '', *, *, #4264, .T. );
#3178 = ORIENTED_EDGE( '', *, *, #4278, .F. );
#3179 = ORIENTED_EDGE( '', *, *, #4279, .F. );
#3180 = ORIENTED_EDGE( '', *, *, #4144, .T. );
#3181 = CARTESIAN_POINT( '', ( 1.05000000000000, 2.35000000000000, 1.05000000000000 ) );
#3182 = DIRECTION( '', ( 1.00000000000000, 0.000000000000000, 0.000000000000000 ) );
#3183 = DIRECTION( '', ( 0.000000000000000, 0.000000000000000, -1.00000000000000 ) );
#3184 = SURFACE_STYLE_FILL_AREA( #4280 );
#3185 = ORIENTED_EDGE( '', *, *, #3975, .F. );
#3186 = ORIENTED_EDGE( '', *, *, #4281, .F. );
#3187 = ORIENTED_EDGE( '', *, *, #3715, .F. );
#3188 = ORIENTED_EDGE( '', *, *, #3720, .F. );
#3189 = CARTESIAN_POINT( '', ( 1.89000000000000, -2.25000000000000, -1.85000000000000 ) );
#3190 = DIRECTION( '', ( -2.77038617403802E-016, -0.830449826989619, 0.557093425605536 ) );
#3191 = DIRECTION( '', ( 1.00000000000000, -3.33600668457078E-016, -2.74668265009911E-032 ) );
#3192 = SURFACE_STYLE_FILL_AREA( #4282 );
#3193 = ORIENTED_EDGE( '', *, *, #4094, .T. );
#3194 = ORIENTED_EDGE( '', *, *, #4283, .F. );
#3195 = ORIENTED_EDGE( '', *, *, #4098, .T. );
#3196 = ORIENTED_EDGE( '', *, *, #4191, .F. );
#3197 = CARTESIAN_POINT( '', ( 0.000000000000000, 0.000000000000000, 3.85000000000000 ) );
#3198 = DIRECTION( '', ( 0.000000000000000, 0.000000000000000, -1.00000000000000 ) );
#3199 = DIRECTION( '', ( -1.00000000000000, 0.000000000000000, 0.000000000000000 ) );
#3200 = SURFACE_STYLE_FILL_AREA( #4284 );
#3201 = ORIENTED_EDGE( '', *, *, #4285, .F. );
#3202 = ORIENTED_EDGE( '', *, *, #4286, .F. );
#3203 = ORIENTED_EDGE( '', *, *, #4012, .T. );
#3204 = ORIENTED_EDGE( '', *, *, #4275, .T. );
#3205 = ORIENTED_EDGE( '', *, *, #3786, .T. );
#3206 = ORIENTED_EDGE( '', *, *, #4008, .T. );
#3207 = ORIENTED_EDGE( '', *, *, #3817, .T. );
#3208 = ORIENTED_EDGE( '', *, *, #4207, .T. );
#3209 = CARTESIAN_POINT( '', ( 1.00000000000000, 1.49999999999999, 1.95000000000000 ) );
#3210 = DIRECTION( '', ( 0.000000000000000, 1.00000000000000, 1.11200222819026E-016 ) );
#3211 = DIRECTION( '', ( 0.000000000000000, -1.11200222819026E-016, 1.00000000000000 ) );
#3212 = SURFACE_STYLE_FILL_AREA( #4287 );
#3213 = ORIENTED_EDGE( '', *, *, #4186, .T. );
#3214 = ORIENTED_EDGE( '', *, *, #4288, .F. );
#3215 = CARTESIAN_POINT( '', ( 0.000000000000000, 0.000000000000000, 3.50000000000000 ) );
#3216 = DIRECTION( '', ( -0.000000000000000, -0.000000000000000, 1.00000000000000 ) );
#3217 = DIRECTION( '', ( -1.00000000000000, 0.000000000000000, 0.000000000000000 ) );
#3218 = SURFACE_STYLE_FILL_AREA( #4289 );
#3219 = ORIENTED_EDGE( '', *, *, #4190, .T. );
#3220 = ORIENTED_EDGE( '', *, *, #4127, .T. );
#3221 = CARTESIAN_POINT( '', ( 0.000000000000000, 0.000000000000000, 4.45000000000000 ) );
#3222 = DIRECTION( '', ( 0.000000000000000, 0.000000000000000, -1.00000000000000 ) );
#3223 = DIRECTION( '', ( -1.00000000000000, 0.000000000000000, 0.000000000000000 ) );
#3224 = SURFACE_STYLE_FILL_AREA( #4290 );
#3225 = ORIENTED_EDGE( '', *, *, #4108, .T. );
#3226 = ORIENTED_EDGE( '', *, *, #4222, .F. );
#3227 = CARTESIAN_POINT( '', ( 0.000000000000000, -0.250000000000000, 3.95000000000000 ) );
#3228 = DIRECTION( '', ( -0.000000000000000, 2.55106393526001E-016, -1.00000000000000 ) );
#3229 = DIRECTION( '', ( 0.000000000000000, -1.00000000000000, -2.55106393526001E-016 ) );
#3230 = SURFACE_STYLE_FILL_AREA( #4291 );
#3231 = ORIENTED_EDGE( '', *, *, #4022, .F. );
#3232 = ORIENTED_EDGE( '', *, *, #3755, .F. );
#3233 = ORIENTED_EDGE( '', *, *, #4292, .F. );
#3234 = ORIENTED_EDGE( '', *, *, #4037, .F. );
#3235 = CARTESIAN_POINT( '', ( 3.19000000000000, 2.60000000000000, -1.85000000000000 ) );
#3236 = DIRECTION( '', ( 0.000000000000000, 0.894427190999916, 0.447213595499958 ) );
#3237 = DIRECTION( '', ( -1.00000000000000, 0.000000000000000, 0.000000000000000 ) );
#3238 = SURFACE_STYLE_FILL_AREA( #4293 );
#3239 = ORIENTED_EDGE( '', *, *, #4294, .F. );
#3240 = ORIENTED_EDGE( '', *, *, #4295, .F. );
#3241 = ORIENTED_EDGE( '', *, *, #4013, .T. );
#3242 = ORIENTED_EDGE( '', *, *, #4286, .T. );
#3243 = ORIENTED_EDGE( '', *, *, #3897, .T. );
#3244 = CARTESIAN_POINT( '', ( 1.00000000000000, -1.49999999999999, 1.95000000000000 ) );
#3245 = DIRECTION( '', ( 0.000000000000000, 0.000000000000000, 1.00000000000000 ) );
#3246 = DIRECTION( '', ( 1.00000000000000, 0.000000000000000, 0.000000000000000 ) );
#3247 = SURFACE_STYLE_FILL_AREA( #4296 );
#3248 = ORIENTED_EDGE( '', *, *, #4038, .F. );
#3249 = ORIENTED_EDGE( '', *, *, #4292, .T. );
#3250 = ORIENTED_EDGE( '', *, *, #3754, .T. );
#3251 = ORIENTED_EDGE( '', *, *, #4260, .F. );
#3252 = CARTESIAN_POINT( '', ( 1.89000000000000, 2.60000000000000, -1.25000000000000 ) );
#3253 = DIRECTION( '', ( 1.00000000000000, 0.000000000000000, 0.000000000000000 ) );
#3254 = DIRECTION( '', ( 0.000000000000000, 0.000000000000000, -1.00000000000000 ) );
#3255 = SURFACE_STYLE_FILL_AREA( #4297 );
#3256 = ORIENTED_EDGE( '', *, *, #4016, .T. );
#3257 = ORIENTED_EDGE( '', *, *, #4288, .T. );
#3258 = CARTESIAN_POINT( '', ( 0.000000000000000, 0.000000000000000, 3.50000000000000 ) );
#3259 = DIRECTION( '', ( 0.000000000000000, 0.000000000000000, -1.00000000000000 ) );
#3260 = DIRECTION( '', ( -1.00000000000000, 0.000000000000000, 0.000000000000000 ) );
#3261 = SURFACE_STYLE_FILL_AREA( #4298 );
#3262 = ORIENTED_EDGE( '', *, *, #3987, .F. );
#3263 = ORIENTED_EDGE( '', *, *, #3943, .F. );
#3264 = ORIENTED_EDGE( '', *, *, #4004, .F. );
#3265 = ORIENTED_EDGE( '', *, *, #3748, .F. );
#3266 = ORIENTED_EDGE( '', *, *, #4072, .F. );
#3267 = ORIENTED_EDGE( '', *, *, #4202, .F. );
#3268 = ORIENTED_EDGE( '', *, *, #4122, .F. );
#3269 = ORIENTED_EDGE( '', *, *, #3938, .T. );
#3270 = ORIENTED_EDGE( '', *, *, #4299, .F. );
#3271 = ORIENTED_EDGE( '', *, *, #3876, .T. );
#3272 = CARTESIAN_POINT( '', ( -1.07500000000000, -1.19000000000000, 1.75500000000000 ) );
#3273 = DIRECTION( '', ( 0.000000000000000, 1.82218852518572E-016, -1.00000000000000 ) );
#3274 = DIRECTION( '', ( 0.000000000000000, 1.00000000000000, 1.82218852518572E-016 ) );
#3275 = SURFACE_STYLE_FILL_AREA( #4300 );
#3276 = ORIENTED_EDGE( '', *, *, #4045, .F. );
#3277 = ORIENTED_EDGE( '', *, *, #3796, .F. );
#3278 = ORIENTED_EDGE( '', *, *, #4248, .T. );
#3279 = ORIENTED_EDGE( '', *, *, #3768, .T. );
#3280 = CARTESIAN_POINT( '', ( -2.54000000000000, -3.25000000000000, -1.95000000000000 ) );
#3281 = DIRECTION( '', ( 0.000000000000000, -0.675590207615660, 0.737277336810124 ) );
#3282 = DIRECTION( '', ( 0.000000000000000, -0.737277336810124, -0.675590207615660 ) );
#3283 = SURFACE_STYLE_FILL_AREA( #4301 );
#3284 = ORIENTED_EDGE( '', *, *, #4106, .F. );
#3285 = ORIENTED_EDGE( '', *, *, #3699, .T. );
#3286 = ORIENTED_EDGE( '', *, *, #4085, .T. );
#3287 = ORIENTED_EDGE( '', *, *, #4053, .F. );
#3288 = CARTESIAN_POINT( '', ( 1.36000000000000, -2.05000000000000, 1.55000000000000 ) );
#3289 = DIRECTION( '', ( 0.000000000000000, 0.000000000000000, -1.00000000000000 ) );
#3290 = DIRECTION( '', ( -1.00000000000000, 0.000000000000000, 0.000000000000000 ) );
#3291 = SURFACE_STYLE_FILL_AREA( #4302 );
#3292 = ORIENTED_EDGE( '', *, *, #4112, .F. );
#3293 = ORIENTED_EDGE( '', *, *, #3770, .F. );
#3294 = ORIENTED_EDGE( '', *, *, #4250, .T. );
#3295 = ORIENTED_EDGE( '', *, *, #3790, .T. );
#3296 = CARTESIAN_POINT( '', ( -2.54000000000000, -2.75000000000000, 1.55000000000000 ) );
#3297 = DIRECTION( '', ( 0.000000000000000, -0.819152044288992, -0.573576436351046 ) );
#3298 = DIRECTION( '', ( 0.000000000000000, 0.573576436351046, -0.819152044288992 ) );
#3299 = SURFACE_STYLE_FILL_AREA( #4303 );
#3300 = ORIENTED_EDGE( '', *, *, #3775, .T. );
#3301 = ORIENTED_EDGE( '', *, *, #4261, .T. );
#3302 = ORIENTED_EDGE( '', *, *, #3952, .F. );
#3303 = ORIENTED_EDGE( '', *, *, #4197, .F. );
#3304 = CARTESIAN_POINT( '', ( 1.89000000000000, 1.85000000000000, 1.05000000000000 ) );
#3305 = DIRECTION( '', ( 0.000000000000000, -1.00000000000000, 0.000000000000000 ) );
#3306 = DIRECTION( '', ( 0.000000000000000, 0.000000000000000, -1.00000000000000 ) );
#3307 = SURFACE_STYLE_FILL_AREA( #4304 );
#3308 = ORIENTED_EDGE( '', *, *, #4305, .F. );
#3309 = ORIENTED_EDGE( '', *, *, #4276, .F. );
#3310 = ORIENTED_EDGE( '', *, *, #4010, .T. );
#3311 = ORIENTED_EDGE( '', *, *, #4295, .T. );
#3312 = ORIENTED_EDGE( '', *, *, #3815, .T. );
#3313 = ORIENTED_EDGE( '', *, *, #4007, .T. );
#3314 = ORIENTED_EDGE( '', *, *, #3781, .T. );
#3315 = ORIENTED_EDGE( '', *, *, #4208, .T. );
#3316 = CARTESIAN_POINT( '', ( 1.00000000000000, -1.49999999999999, -1.95000000000000 ) );
#3317 = DIRECTION( '', ( 0.000000000000000, -1.00000000000000, -1.11200222819026E-016 ) );
#3318 = DIRECTION( '', ( 0.000000000000000, 1.11200222819026E-016, -1.00000000000000 ) );
#3319 = SURFACE_STYLE_FILL_AREA( #4306 );
#3320 = ORIENTED_EDGE( '', *, *, #4262, .T. );
#3321 = ORIENTED_EDGE( '', *, *, #3773, .F. );
#3322 = ORIENTED_EDGE( '', *, *, #4196, .F. );
#3323 = ORIENTED_EDGE( '', *, *, #4042, .T. );
#3324 = ORIENTED_EDGE( '', *, *, #4258, .T. );
#3325 = ORIENTED_EDGE( '', *, *, #4133, .F. );
#3326 = ORIENTED_EDGE( '', *, *, #4152, .T. );
#3327 = ORIENTED_EDGE( '', *, *, #3805, .T. );
#3328 = CARTESIAN_POINT( '', ( 3.19000000000000, 1.45000000000000, 1.05000000000000 ) );
#3329 = DIRECTION( '', ( 0.000000000000000, 1.00000000000000, 0.000000000000000 ) );
#3330 = DIRECTION( '', ( 0.000000000000000, 0.000000000000000, 1.00000000000000 ) );
#3331 = SURFACE_STYLE_FILL_AREA( #4307 );
#3332 = ORIENTED_EDGE( '', *, *, #4119, .T. );
#3333 = ORIENTED_EDGE( '', *, *, #4165, .T. );
#3334 = ORIENTED_EDGE( '', *, *, #3877, .T. );
#3335 = ORIENTED_EDGE( '', *, *, #4308, .T. );
#3336 = ORIENTED_EDGE( '', *, *, #3697, .F. );
#3337 = ORIENTED_EDGE( '', *, *, #4309, .F. );
#3338 = CARTESIAN_POINT( '', ( -0.650000000000000, 1.19000000000000, -6.05733827846856 ) );
#3339 = DIRECTION( '', ( 1.00000000000000, -2.64439554264757E-016, -4.81858721386468E-032 ) );
#3340 = DIRECTION( '', ( 2.64439554264757E-016, 1.00000000000000, 0.000000000000000 ) );
#3341 = SURFACE_STYLE_FILL_AREA( #4310 );
#3342 = ORIENTED_EDGE( '', *, *, #3826, .F. );
#3343 = ORIENTED_EDGE( '', *, *, #3890, .T. );
#3344 = ORIENTED_EDGE( '', *, *, #4083, .T. );
#3345 = ORIENTED_EDGE( '', *, *, #4268, .F. );
#3346 = CARTESIAN_POINT( '', ( -1.89000000000000, -2.25000000000000, -1.25000000000000 ) );
#3347 = DIRECTION( '', ( -1.00000000000000, 1.78837471750186E-016, 0.000000000000000 ) );
#3348 = DIRECTION( '', ( -1.78837471750186E-016, -1.00000000000000, 0.000000000000000 ) );
#3349 = SURFACE_STYLE_FILL_AREA( #4311 );
#3350 = ORIENTED_EDGE( '', *, *, #4065, .T. );
#3351 = ORIENTED_EDGE( '', *, *, #3850, .T. );
#3352 = ORIENTED_EDGE( '', *, *, #4026, .T. );
#3353 = ORIENTED_EDGE( '', *, *, #4312, .F. );
#3354 = ORIENTED_EDGE( '', *, *, #4313, .F. );
#3355 = CARTESIAN_POINT( '', ( -1.84000000000000, 2.35000000000000, -0.750000000000000 ) );
#3356 = DIRECTION( '', ( 1.00000000000000, 0.000000000000000, 0.000000000000000 ) );
#3357 = DIRECTION( '', ( 0.000000000000000, 0.000000000000000, -1.00000000000000 ) );
#3358 = SURFACE_STYLE_FILL_AREA( #4314 );
#3359 = ORIENTED_EDGE( '', *, *, #4315, .T. );
#3360 = ORIENTED_EDGE( '', *, *, #4271, .T. );
#3361 = ORIENTED_EDGE( '', *, *, #3884, .F. );
#3362 = ORIENTED_EDGE( '', *, *, #3912, .F. );
#3363 = CARTESIAN_POINT( '', ( -3.19000000000000, 1.45000000000000, 1.05000000000000 ) );
#3364 = DIRECTION( '', ( -1.00000000000000, 0.000000000000000, 0.000000000000000 ) );
#3365 = DIRECTION( '', ( 0.000000000000000, 0.000000000000000, 1.00000000000000 ) );
#3366 = SURFACE_STYLE_FILL_AREA( #4316 );
#3367 = ORIENTED_EDGE( '', *, *, #4312, .T. );
#3368 = ORIENTED_EDGE( '', *, *, #4028, .F. );
#3369 = ORIENTED_EDGE( '', *, *, #4176, .F. );
#3370 = ORIENTED_EDGE( '', *, *, #4317, .F. );
#3371 = ORIENTED_EDGE( '', *, *, #4318, .T. );
#3372 = ORIENTED_EDGE( '', *, *, #4002, .F. );
#3373 = ORIENTED_EDGE( '', *, *, #4059, .F. );
#3374 = ORIENTED_EDGE( '', *, *, #3926, .F. );
#3375 = ORIENTED_EDGE( '', *, *, #4074, .T. );
#3376 = ORIENTED_EDGE( '', *, *, #3985, .F. );
#3377 = ORIENTED_EDGE( '', *, *, #4319, .T. );
#3378 = ORIENTED_EDGE( '', *, *, #4254, .T. );
#3379 = ORIENTED_EDGE( '', *, *, #4137, .F. );
#3380 = ORIENTED_EDGE( '', *, *, #3810, .F. );
#3381 = ORIENTED_EDGE( '', *, *, #4219, .F. );
#3382 = ORIENTED_EDGE( '', *, *, #4320, .F. );
#3383 = CARTESIAN_POINT( '', ( 4.01000000000000, 3.25000000000000, 2.45000000000000 ) );
#3384 = DIRECTION( '', ( 0.000000000000000, 1.00000000000000, 8.85062997947351E-017 ) );
#3385 = DIRECTION( '', ( 0.000000000000000, -8.85062997947351E-017, 1.00000000000000 ) );
#3386 = SURFACE_STYLE_FILL_AREA( #4321 );
#3387 = ORIENTED_EDGE( '', *, *, #4225, .F. );
#3388 = ORIENTED_EDGE( '', *, *, #4169, .F. );
#3389 = ORIENTED_EDGE( '', *, *, #4322, .F. );
#3390 = ORIENTED_EDGE( '', *, *, #4323, .T. );
#3391 = ORIENTED_EDGE( '', *, *, #3980, .T. );
#3392 = ORIENTED_EDGE( '', *, *, #4324, .T. );
#3393 = ORIENTED_EDGE( '', *, *, #4325, .F. );
#3394 = ORIENTED_EDGE( '', *, *, #4173, .F. );
#3395 = CARTESIAN_POINT( '', ( 0.000000000000000, -2.05000000000000, 0.000000000000000 ) );
#3396 = DIRECTION( '', ( 0.000000000000000, 1.00000000000000, 0.000000000000000 ) );
#3397 = DIRECTION( '', ( 0.000000000000000, 0.000000000000000, 1.00000000000000 ) );
#3398 = SURFACE_STYLE_FILL_AREA( #4326 );
#3399 = ORIENTED_EDGE( '', *, *, #4232, .T. );
#3400 = ORIENTED_EDGE( '', *, *, #4266, .T. );
#3401 = ORIENTED_EDGE( '', *, *, #3731, .F. );
#3402 = ORIENTED_EDGE( '', *, *, #4327, .F. );
#3403 = CARTESIAN_POINT( '', ( -0.650000000000000, 1.45000000000000, 1.05000000000000 ) );
#3404 = DIRECTION( '', ( -1.00000000000000, 0.000000000000000, 0.000000000000000 ) );
#3405 = DIRECTION( '', ( 0.000000000000000, 0.000000000000000, 1.00000000000000 ) );
#3406 = SURFACE_STYLE_FILL_AREA( #4328 );
#3407 = ORIENTED_EDGE( '', *, *, #4299, .T. );
#3408 = ORIENTED_EDGE( '', *, *, #3937, .T. );
#3409 = ORIENTED_EDGE( '', *, *, #4160, .T. );
#3410 = ORIENTED_EDGE( '', *, *, #4308, .F. );
#3411 = CARTESIAN_POINT( '', ( -1.07500000000000, 0.940000000000000, -6.05733827846856 ) );
#3412 = DIRECTION( '', ( 0.507020126563394, -0.861934215157770, -1.57060663632545E-016 ) );
#3413 = DIRECTION( '', ( 0.861934215157770, 0.507020126563394, 0.000000000000000 ) );
#3414 = SURFACE_STYLE_FILL_AREA( #4329 );
#3415 = ORIENTED_EDGE( '', *, *, #4066, .T. );
#3416 = ORIENTED_EDGE( '', *, *, #4313, .T. );
#3417 = ORIENTED_EDGE( '', *, *, #4320, .T. );
#3418 = ORIENTED_EDGE( '', *, *, #4220, .T. );
#3419 = CARTESIAN_POINT( '', ( 0.000000000000000, -3.61400724161834E-016, -0.750000000000000 ) );
#3420 = DIRECTION( '', ( 0.000000000000000, 4.81867632215780E-016, 1.00000000000000 ) );
#3421 = DIRECTION( '', ( 0.000000000000000, -1.00000000000000, 4.81867632215780E-016 ) );
#3422 = SURFACE_STYLE_FILL_AREA( #4330 );
#3423 = ORIENTED_EDGE( '', *, *, #4267, .T. );
#3424 = ORIENTED_EDGE( '', *, *, #4235, .F. );
#3425 = ORIENTED_EDGE( '', *, *, #3945, .T. );
#3426 = ORIENTED_EDGE( '', *, *, #4245, .T. );
#3427 = CARTESIAN_POINT( '', ( -1.05000000000000, -1.85000000000000, 1.05000000000000 ) );
#3428 = DIRECTION( '', ( -1.00000000000000, 0.000000000000000, 0.000000000000000 ) );
#3429 = DIRECTION( '', ( 0.000000000000000, 0.000000000000000, 1.00000000000000 ) );
#3430 = SURFACE_STYLE_FILL_AREA( #4331 );
#3431 = ORIENTED_EDGE( '', *, *, #3899, .F. );
#3432 = ORIENTED_EDGE( '', *, *, #3737, .T. );
#3433 = CARTESIAN_POINT( '', ( -2.54000000000000, -0.250000000000000, 3.95000000000000 ) );
#3434 = DIRECTION( '', ( 0.000000000000000, 2.55106393526001E-016, -1.00000000000000 ) );
#3435 = DIRECTION( '', ( 0.000000000000000, 1.00000000000000, 2.55106393526001E-016 ) );
#3436 = SURFACE_STYLE_FILL_AREA( #4332 );
#3437 = ORIENTED_EDGE( '', *, *, #4147, .T. );
#3438 = ORIENTED_EDGE( '', *, *, #4333, .T. );
#3439 = ORIENTED_EDGE( '', *, *, #4317, .T. );
#3440 = ORIENTED_EDGE( '', *, *, #4177, .T. );
#3441 = CARTESIAN_POINT( '', ( 0.000000000000000, -3.61400724161834E-016, -0.750000000000000 ) );
#3442 = DIRECTION( '', ( 0.000000000000000, 4.81867632215780E-016, 1.00000000000000 ) );
#3443 = DIRECTION( '', ( 0.000000000000000, -1.00000000000000, 4.81867632215780E-016 ) );
#3444 = SURFACE_STYLE_FILL_AREA( #4334 );
#3445 = ORIENTED_EDGE( '', *, *, #4077, .T. );
#3446 = ORIENTED_EDGE( '', *, *, #3864, .T. );
#3447 = ORIENTED_EDGE( '', *, *, #4335, .F. );
#3448 = ORIENTED_EDGE( '', *, *, #4324, .F. );
#3449 = ORIENTED_EDGE( '', *, *, #3979, .F. );
#3450 = CARTESIAN_POINT( '', ( -3.44000000000000, 11.3223745086652, 0.550000000000000 ) );
#3451 = DIRECTION( '', ( 0.000000000000000, 0.000000000000000, -1.00000000000000 ) );
#3452 = DIRECTION( '', ( -1.00000000000000, 0.000000000000000, 0.000000000000000 ) );
#3453 = SURFACE_STYLE_FILL_AREA( #4336 );
#3454 = ORIENTED_EDGE( '', *, *, #4093, .F. );
#3455 = ORIENTED_EDGE( '', *, *, #4337, .T. );
#3456 = ORIENTED_EDGE( '', *, *, #4114, .F. );
#3457 = ORIENTED_EDGE( '', *, *, #4338, .T. );
#3458 = ORIENTED_EDGE( '', *, *, #4091, .F. );
#3459 = ORIENTED_EDGE( '', *, *, #4283, .T. );
#3460 = CARTESIAN_POINT( '', ( -1.20000000000000, 0.225000000000000, 3.85000000000000 ) );
#3461 = DIRECTION( '', ( 0.000000000000000, -1.00000000000000, 0.000000000000000 ) );
#3462 = DIRECTION( '', ( 0.000000000000000, 0.000000000000000, -1.00000000000000 ) );
#3463 = SURFACE_STYLE_FILL_AREA( #4339 );
#3464 = ORIENTED_EDGE( '', *, *, #4180, .F. );
#3465 = ORIENTED_EDGE( '', *, *, #4340, .F. );
#3466 = ORIENTED_EDGE( '', *, *, #4049, .F. );
#3467 = ORIENTED_EDGE( '', *, *, #4255, .F. );
#3468 = ORIENTED_EDGE( '', *, *, #4319, .F. );
#3469 = ORIENTED_EDGE( '', *, *, #3984, .F. );
#3470 = ORIENTED_EDGE( '', *, *, #3836, .F. );
#3471 = ORIENTED_EDGE( '', *, *, #4223, .F. );
#3472 = CARTESIAN_POINT( '', ( 4.01000000000000, 0.000000000000000, 0.000000000000000 ) );
#3473 = DIRECTION( '', ( -1.00000000000000, 0.000000000000000, 0.000000000000000 ) );
#3474 = DIRECTION( '', ( 0.000000000000000, 0.000000000000000, 1.00000000000000 ) );
#3475 = SURFACE_STYLE_FILL_AREA( #4341 );
#3476 = ORIENTED_EDGE( '', *, *, #4342, .T. );
#3477 = ORIENTED_EDGE( '', *, *, #3751, .T. );
#3478 = ORIENTED_EDGE( '', *, *, #4162, .F. );
#3479 = ORIENTED_EDGE( '', *, *, #4201, .T. );
#3480 = CARTESIAN_POINT( '', ( -1.07500000000000, -1.19000000000000, 1.74500000000000 ) );
#3481 = DIRECTION( '', ( -1.00000000000000, -0.000000000000000, -0.000000000000000 ) );
#3482 = DIRECTION( '', ( 0.000000000000000, 0.000000000000000, -1.00000000000000 ) );
#3483 = SURFACE_STYLE_FILL_AREA( #4343 );
#3484 = ORIENTED_EDGE( '', *, *, #4139, .F. );
#3485 = ORIENTED_EDGE( '', *, *, #4050, .F. );
#3486 = ORIENTED_EDGE( '', *, *, #4340, .T. );
#3487 = ORIENTED_EDGE( '', *, *, #4179, .T. );
#3488 = CARTESIAN_POINT( '', ( 4.01000000000000, -3.25000000000000, 2.05000000000000 ) );
#3489 = DIRECTION( '', ( 0.000000000000000, 0.000000000000000, 1.00000000000000 ) );
#3490 = DIRECTION( '', ( 1.00000000000000, 0.000000000000000, 0.000000000000000 ) );
#3491 = SURFACE_STYLE_FILL_AREA( #4344 );
#3492 = ORIENTED_EDGE( '', *, *, #4057, .F. );
#3493 = ORIENTED_EDGE( '', *, *, #3728, .F. );
#3494 = ORIENTED_EDGE( '', *, *, #4174, .F. );
#3495 = ORIENTED_EDGE( '', *, *, #4325, .T. );
#3496 = ORIENTED_EDGE( '', *, *, #4335, .T. );
#3497 = ORIENTED_EDGE( '', *, *, #3863, .T. );
#3498 = ORIENTED_EDGE( '', *, *, #4345, .F. );
#3499 = ORIENTED_EDGE( '', *, *, #4322, .T. );
#3500 = ORIENTED_EDGE( '', *, *, #4168, .T. );
#3501 = CARTESIAN_POINT( '', ( -1.42000000000000, -3.25000000000000, -0.200000000000000 ) );
#3502 = DIRECTION( '', ( -0.979045472484584, -0.203641751140177, 0.000000000000000 ) );
#3503 = DIRECTION( '', ( 0.203641751140177, -0.979045472484584, 0.000000000000000 ) );
#3504 = SURFACE_STYLE_FILL_AREA( #4346 );
#3505 = ORIENTED_EDGE( '', *, *, #3845, .T. );
#3506 = ORIENTED_EDGE( '', *, *, #4227, .T. );
#3507 = ORIENTED_EDGE( '', *, *, #3739, .F. );
#3508 = ORIENTED_EDGE( '', *, *, #4240, .F. );
#3509 = ORIENTED_EDGE( '', *, *, #4347, .F. );
#3510 = ORIENTED_EDGE( '', *, *, #3992, .T. );
#3511 = CARTESIAN_POINT( '', ( -0.450000000000000, -5.30000000000000, -6.05733827846856 ) );
#3512 = DIRECTION( '', ( 1.00000000000000, 0.000000000000000, 0.000000000000000 ) );
#3513 = DIRECTION( '', ( 0.000000000000000, 0.000000000000000, -1.00000000000000 ) );
#3514 = SURFACE_STYLE_FILL_AREA( #4348 );
#3515 = ORIENTED_EDGE( '', *, *, #4117, .T. );
#3516 = ORIENTED_EDGE( '', *, *, #4349, .F. );
#3517 = ORIENTED_EDGE( '', *, *, #3695, .F. );
#3518 = ORIENTED_EDGE( '', *, *, #3988, .F. );
#3519 = ORIENTED_EDGE( '', *, *, #3875, .T. );
#3520 = ORIENTED_EDGE( '', *, *, #4164, .T. );
#3521 = CARTESIAN_POINT( '', ( 0.650000000000000, 1.19000000000000, -6.05733827846856 ) );
#3522 = DIRECTION( '', ( -1.00000000000000, -2.64439554264757E-016, -4.81858721386468E-032 ) );
#3523 = DIRECTION( '', ( 2.64439554264757E-016, -1.00000000000000, 0.000000000000000 ) );
#3524 = SURFACE_STYLE_FILL_AREA( #4350 );
#3525 = ORIENTED_EDGE( '', *, *, #4269, .T. );
#3526 = ORIENTED_EDGE( '', *, *, #4081, .F. );
#3527 = ORIENTED_EDGE( '', *, *, #4102, .T. );
#3528 = ORIENTED_EDGE( '', *, *, #4351, .T. );
#3529 = CARTESIAN_POINT( '', ( -1.49000000000000, 1.45000000000000, 1.05000000000000 ) );
#3530 = DIRECTION( '', ( 1.00000000000000, 0.000000000000000, 0.000000000000000 ) );
#3531 = DIRECTION( '', ( 0.000000000000000, 0.000000000000000, -1.00000000000000 ) );
#3532 = SURFACE_STYLE_FILL_AREA( #4352 );
#3533 = ORIENTED_EDGE( '', *, *, #4242, .T. );
#3534 = ORIENTED_EDGE( '', *, *, #4158, .T. );
#3535 = ORIENTED_EDGE( '', *, *, #4249, .F. );
#3536 = ORIENTED_EDGE( '', *, *, #3794, .T. );
#3537 = ORIENTED_EDGE( '', *, *, #4353, .F. );
#3538 = CARTESIAN_POINT( '', ( 0.900000000000000, 11.3223745086652, -0.850000000000000 ) );
#3539 = DIRECTION( '', ( -1.20466908053945E-016, 0.000000000000000, 1.00000000000000 ) );
#3540 = DIRECTION( '', ( 1.00000000000000, 0.000000000000000, 1.20466908053945E-016 ) );
#3541 = SURFACE_STYLE_FILL_AREA( #4354 );
#3542 = ORIENTED_EDGE( '', *, *, #3905, .T. );
#3543 = ORIENTED_EDGE( '', *, *, #4233, .T. );
#3544 = ORIENTED_EDGE( '', *, *, #4327, .T. );
#3545 = ORIENTED_EDGE( '', *, *, #3734, .T. );
#3546 = ORIENTED_EDGE( '', *, *, #4035, .T. );
#3547 = ORIENTED_EDGE( '', *, *, #4149, .T. );
#3548 = ORIENTED_EDGE( '', *, *, #3852, .T. );
#3549 = ORIENTED_EDGE( '', *, *, #4145, .T. );
#3550 = ORIENTED_EDGE( '', *, *, #4279, .T. );
#3551 = ORIENTED_EDGE( '', *, *, #4355, .T. );
#3552 = CARTESIAN_POINT( '', ( 0.000000000000000, 0.000000000000000, 1.05000000000000 ) );
#3553 = DIRECTION( '', ( 0.000000000000000, 0.000000000000000, -1.00000000000000 ) );
#3554 = DIRECTION( '', ( -1.00000000000000, 0.000000000000000, 0.000000000000000 ) );
#3555 = SURFACE_STYLE_FILL_AREA( #4356 );
#3556 = ORIENTED_EDGE( '', *, *, #4146, .T. );
#3557 = ORIENTED_EDGE( '', *, *, #3854, .T. );
#3558 = ORIENTED_EDGE( '', *, *, #4000, .T. );
#3559 = ORIENTED_EDGE( '', *, *, #4318, .F. );
#3560 = ORIENTED_EDGE( '', *, *, #4333, .F. );
#3561 = CARTESIAN_POINT( '', ( 0.700000000000000, 2.35000000000000, -0.750000000000000 ) );
#3562 = DIRECTION( '', ( 1.00000000000000, 0.000000000000000, 0.000000000000000 ) );
#3563 = DIRECTION( '', ( 0.000000000000000, 0.000000000000000, -1.00000000000000 ) );
#3564 = SURFACE_STYLE_FILL_AREA( #4357 );
#3565 = ORIENTED_EDGE( '', *, *, #4076, .T. );
#3566 = ORIENTED_EDGE( '', *, *, #3981, .T. );
#3567 = ORIENTED_EDGE( '', *, *, #4323, .F. );
#3568 = ORIENTED_EDGE( '', *, *, #4345, .T. );
#3569 = ORIENTED_EDGE( '', *, *, #3862, .F. );
#3570 = CARTESIAN_POINT( '', ( -1.64000000000000, 11.3223745086652, -0.850000000000000 ) );
#3571 = DIRECTION( '', ( -1.20466908053945E-016, 0.000000000000000, 1.00000000000000 ) );
#3572 = DIRECTION( '', ( 1.00000000000000, 0.000000000000000, 1.20466908053945E-016 ) );
#3573 = SURFACE_STYLE_FILL_AREA( #4358 );
#3574 = ORIENTED_EDGE( '', *, *, #4214, .F. );
#3575 = ORIENTED_EDGE( '', *, *, #4359, .T. );
#3576 = ORIENTED_EDGE( '', *, *, #4141, .T. );
#3577 = ORIENTED_EDGE( '', *, *, #4265, .F. );
#3578 = CARTESIAN_POINT( '', ( -0.650000000000000, 2.60000000000000, -1.25000000000000 ) );
#3579 = DIRECTION( '', ( 1.00000000000000, 0.000000000000000, 0.000000000000000 ) );
#3580 = DIRECTION( '', ( 0.000000000000000, 0.000000000000000, -1.00000000000000 ) );
#3581 = SURFACE_STYLE_FILL_AREA( #4360 );
#3582 = ORIENTED_EDGE( '', *, *, #4243, .T. );
#3583 = ORIENTED_EDGE( '', *, *, #4353, .T. );
#3584 = ORIENTED_EDGE( '', *, *, #3793, .F. );
#3585 = ORIENTED_EDGE( '', *, *, #3871, .F. );
#3586 = CARTESIAN_POINT( '', ( 0.900000000000000, 11.3223745086652, 0.550000000000000 ) );
#3587 = DIRECTION( '', ( -1.00000000000000, 0.000000000000000, 0.000000000000000 ) );
#3588 = DIRECTION( '', ( 0.000000000000000, 0.000000000000000, 1.00000000000000 ) );
#3589 = SURFACE_STYLE_FILL_AREA( #4361 );
#3590 = ORIENTED_EDGE( '', *, *, #3696, .T. );
#3591 = ORIENTED_EDGE( '', *, *, #4349, .T. );
#3592 = ORIENTED_EDGE( '', *, *, #4120, .F. );
#3593 = ORIENTED_EDGE( '', *, *, #4309, .T. );
#3594 = CARTESIAN_POINT( '', ( -1.07500000000000, 1.60000000000000, 1.74500000000000 ) );
#3595 = DIRECTION( '', ( 0.000000000000000, -1.00000000000000, -1.86395788965989E-016 ) );
#3596 = DIRECTION( '', ( 0.000000000000000, 1.86395788965989E-016, -1.00000000000000 ) );
#3597 = SURFACE_STYLE_FILL_AREA( #4362 );
#3598 = ORIENTED_EDGE( '', *, *, #4105, .F. );
#3599 = ORIENTED_EDGE( '', *, *, #4252, .F. );
#3600 = ORIENTED_EDGE( '', *, *, #4088, .F. );
#3601 = ORIENTED_EDGE( '', *, *, #3931, .T. );
#3602 = ORIENTED_EDGE( '', *, *, #4194, .T. );
#3603 = ORIENTED_EDGE( '', *, *, #3922, .T. );
#3604 = ORIENTED_EDGE( '', *, *, #4086, .F. );
#3605 = ORIENTED_EDGE( '', *, *, #3701, .F. );
#3606 = CARTESIAN_POINT( '', ( 0.000000000000000, -2.05000000000000, 0.000000000000000 ) );
#3607 = DIRECTION( '', ( 0.000000000000000, 1.00000000000000, 0.000000000000000 ) );
#3608 = DIRECTION( '', ( 0.000000000000000, 0.000000000000000, 1.00000000000000 ) );
#3609 = SURFACE_STYLE_FILL_AREA( #4363 );
#3610 = ORIENTED_EDGE( '', *, *, #4193, .F. );
#3611 = ORIENTED_EDGE( '', *, *, #3929, .F. );
#3612 = ORIENTED_EDGE( '', *, *, #4110, .F. );
#3613 = ORIENTED_EDGE( '', *, *, #3919, .F. );
#3614 = ORIENTED_EDGE( '', *, *, #3974, .F. );
#3615 = ORIENTED_EDGE( '', *, *, #4256, .T. );
#3616 = ORIENTED_EDGE( '', *, *, #3807, .F. );
#3617 = ORIENTED_EDGE( '', *, *, #4153, .T. );
#3618 = ORIENTED_EDGE( '', *, *, #4131, .T. );
#3619 = ORIENTED_EDGE( '', *, *, #4257, .T. );
#3620 = ORIENTED_EDGE( '', *, *, #3716, .F. );
#3621 = ORIENTED_EDGE( '', *, *, #4281, .T. );
#3622 = CARTESIAN_POINT( '', ( 3.59000000000000, -1.85000000000000, 1.05000000000000 ) );
#3623 = DIRECTION( '', ( 0.000000000000000, -1.00000000000000, 0.000000000000000 ) );
#3624 = DIRECTION( '', ( 0.000000000000000, 0.000000000000000, -1.00000000000000 ) );
#3625 = SURFACE_STYLE_FILL_AREA( #4364 );
#3626 = ORIENTED_EDGE( '', *, *, #3955, .F. );
#3627 = ORIENTED_EDGE( '', *, *, #4142, .F. );
#3628 = ORIENTED_EDGE( '', *, *, #4359, .F. );
#3629 = ORIENTED_EDGE( '', *, *, #4213, .F. );
#3630 = CARTESIAN_POINT( '', ( 0.650000000000000, 2.60000000000000, -1.85000000000000 ) );
#3631 = DIRECTION( '', ( 0.000000000000000, 0.894427190999916, 0.447213595499958 ) );
#3632 = DIRECTION( '', ( -1.00000000000000, 0.000000000000000, 0.000000000000000 ) );
#3633 = SURFACE_STYLE_FILL_AREA( #4365 );
#3634 = ORIENTED_EDGE( '', *, *, #4305, .T. );
#3635 = ORIENTED_EDGE( '', *, *, #4294, .T. );
#3636 = ORIENTED_EDGE( '', *, *, #4285, .T. );
#3637 = ORIENTED_EDGE( '', *, *, #4274, .T. );
#3638 = CARTESIAN_POINT( '', ( -1.00000000000000, 0.000000000000000, 0.000000000000000 ) );
#3639 = DIRECTION( '', ( -1.00000000000000, 0.000000000000000, 0.000000000000000 ) );
#3640 = DIRECTION( '', ( 0.000000000000000, 0.000000000000000, 1.00000000000000 ) );
#3641 = SURFACE_STYLE_FILL_AREA( #4366 );
#3642 = ORIENTED_EDGE( '', *, *, #4338, .F. );
#3643 = ORIENTED_EDGE( '', *, *, #4115, .F. );
#3644 = ORIENTED_EDGE( '', *, *, #4337, .F. );
#3645 = ORIENTED_EDGE( '', *, *, #4092, .F. );
#3646 = CARTESIAN_POINT( '', ( 0.000000000000000, 0.000000000000000, 4.35000000000000 ) );
#3647 = DIRECTION( '', ( 0.000000000000000, 0.000000000000000, -1.00000000000000 ) );
#3648 = DIRECTION( '', ( -1.00000000000000, 0.000000000000000, 0.000000000000000 ) );
#3649 = SURFACE_STYLE_FILL_AREA( #4367 );
#3650 = ORIENTED_EDGE( '', *, *, #4263, .T. );
#3651 = ORIENTED_EDGE( '', *, *, #3902, .F. );
#3652 = ORIENTED_EDGE( '', *, *, #4355, .F. );
#3653 = ORIENTED_EDGE( '', *, *, #4278, .T. );
#3654 = CARTESIAN_POINT( '', ( 1.05000000000000, 1.85000000000000, 1.05000000000000 ) );
#3655 = DIRECTION( '', ( 0.000000000000000, -1.00000000000000, 0.000000000000000 ) );
#3656 = DIRECTION( '', ( 0.000000000000000, 0.000000000000000, -1.00000000000000 ) );
#3657 = SURFACE_STYLE_FILL_AREA( #4368 );
#3658 = ORIENTED_EDGE( '', *, *, #4259, .T. );
#3659 = ORIENTED_EDGE( '', *, *, #3832, .F. );
#3660 = ORIENTED_EDGE( '', *, *, #4198, .F. );
#3661 = ORIENTED_EDGE( '', *, *, #3758, .T. );
#3662 = CARTESIAN_POINT( '', ( 3.59000000000000, 2.35000000000000, 1.05000000000000 ) );
#3663 = DIRECTION( '', ( 1.00000000000000, 0.000000000000000, 0.000000000000000 ) );
#3664 = DIRECTION( '', ( 0.000000000000000, 0.000000000000000, -1.00000000000000 ) );
#3665 = SURFACE_STYLE_FILL_AREA( #4369 );
#3666 = ORIENTED_EDGE( '', *, *, #4272, .T. );
#3667 = ORIENTED_EDGE( '', *, *, #4315, .F. );
#3668 = ORIENTED_EDGE( '', *, *, #3911, .F. );
#3669 = ORIENTED_EDGE( '', *, *, #3711, .T. );
#3670 = ORIENTED_EDGE( '', *, *, #4270, .T. );
#3671 = ORIENTED_EDGE( '', *, *, #4351, .F. );
#3672 = ORIENTED_EDGE( '', *, *, #4101, .T. );
#3673 = ORIENTED_EDGE( '', *, *, #4211, .T. );
#3674 = CARTESIAN_POINT( '', ( -1.89000000000000, 1.45000000000000, 1.05000000000000 ) );
#3675 = DIRECTION( '', ( 0.000000000000000, 1.00000000000000, 0.000000000000000 ) );
#3676 = DIRECTION( '', ( 0.000000000000000, 0.000000000000000, 1.00000000000000 ) );
#3677 = SURFACE_STYLE_FILL_AREA( #4370 );
#3678 = ORIENTED_EDGE( '', *, *, #4239, .T. );
#3679 = ORIENTED_EDGE( '', *, *, #3821, .F. );
#3680 = ORIENTED_EDGE( '', *, *, #3991, .T. );
#3681 = ORIENTED_EDGE( '', *, *, #3752, .T. );
#3682 = ORIENTED_EDGE( '', *, *, #4342, .F. );
#3683 = ORIENTED_EDGE( '', *, *, #4200, .F. );
#3684 = ORIENTED_EDGE( '', *, *, #3993, .T. );
#3685 = ORIENTED_EDGE( '', *, *, #4347, .T. );
#3686 = CARTESIAN_POINT( '', ( -1.07500000000000, -1.60000000000000, 0.415000000000000 ) );
#3687 = DIRECTION( '', ( 0.000000000000000, 1.00000000000000, -4.89113762023536E-016 ) );
#3688 = DIRECTION( '', ( 0.000000000000000, 4.89113762023536E-016, 1.00000000000000 ) );
#3690 = FILL_AREA_STYLE( '', ( #4371 ) );
#3691 = EDGE_CURVE( '', #4372, #4372, #4373, .F. );
#3692 = EDGE_CURVE( '', #4374, #4374, #4375, .T. );
#3693 = FILL_AREA_STYLE( '', ( #4376 ) );
#3694 = EDGE_CURVE( '', #4377, #4378, #4379, .T. );
#3695 = EDGE_CURVE( '', #4378, #4380, #4381, .T. );
#3696 = EDGE_CURVE( '', #4382, #4380, #4383, .T. );
#3697 = EDGE_CURVE( '', #4382, #4377, #4384, .T. );
#3698 = FILL_AREA_STYLE( '', ( #4385 ) );
#3699 = EDGE_CURVE( '', #4386, #4387, #4388, .T. );
#3700 = EDGE_CURVE( '', #4389, #4386, #4390, .T. );
#3701 = EDGE_CURVE( '', #4389, #4391, #4392, .T. );
#3702 = EDGE_CURVE( '', #4391, #4387, #4393, .T. );
#3703 = FILL_AREA_STYLE( '', ( #4394 ) );
#3704 = EDGE_CURVE( '', #4395, #4396, #4397, .F. );
#3705 = EDGE_CURVE( '', #4398, #4395, #4399, .T. );
#3706 = EDGE_CURVE( '', #4400, #4398, #4401, .F. );
#3707 = EDGE_CURVE( '', #4396, #4400, #4402, .F. );
#3708 = FILL_AREA_STYLE( '', ( #4403 ) );
#3709 = EDGE_CURVE( '', #4404, #4405, #4406, .T. );
#3710 = EDGE_CURVE( '', #4405, #4407, #4408, .T. );
#3711 = EDGE_CURVE( '', #4409, #4407, #4410, .T. );
#3712 = EDGE_CURVE( '', #4404, #4409, #4411, .T. );
#3713 = FILL_AREA_STYLE( '', ( #4412 ) );
#3714 = EDGE_CURVE( '', #4413, #4414, #4415, .T. );
#3715 = EDGE_CURVE( '', #4413, #4416, #4417, .T. );
#3716 = EDGE_CURVE( '', #4416, #4418, #4419, .T. );
#3717 = EDGE_CURVE( '', #4414, #4418, #4420, .T. );
#3718 = FILL_AREA_STYLE( '', ( #4421 ) );
#3719 = EDGE_CURVE( '', #4422, #4423, #4424, .T. );
#3720 = EDGE_CURVE( '', #4422, #4413, #4425, .T. );
#3721 = EDGE_CURVE( '', #4423, #4414, #4426, .T. );
#3722 = FILL_AREA_STYLE( '', ( #4427 ) );
#3723 = EDGE_CURVE( '', #4428, #4428, #4429, .T. );
#3724 = EDGE_CURVE( '', #4430, #4430, #4431, .T. );
#3725 = FILL_AREA_STYLE( '', ( #4432 ) );
#3726 = EDGE_CURVE( '', #4433, #4434, #4435, .T. );
#3727 = EDGE_CURVE( '', #4433, #4436, #4437, .T. );
#3728 = EDGE_CURVE( '', #4436, #4438, #4439, .T. );
#3729 = EDGE_CURVE( '', #4434, #4438, #4440, .T. );
#3730 = FILL_AREA_STYLE( '', ( #4441 ) );
#3731 = EDGE_CURVE( '', #4442, #4443, #4444, .T. );
#3732 = EDGE_CURVE( '', #4443, #4445, #4446, .T. );
#3733 = EDGE_CURVE( '', #4447, #4445, #4448, .T. );
#3734 = EDGE_CURVE( '', #4442, #4447, #4449, .T. );
#3735 = FILL_AREA_STYLE( '', ( #4450 ) );
#3736 = EDGE_CURVE( '', #4451, #4451, #4452, .F. );
#3737 = EDGE_CURVE( '', #4453, #4453, #4454, .T. );
#3738 = FILL_AREA_STYLE( '', ( #4455 ) );
#3739 = EDGE_CURVE( '', #4456, #4457, #4458, .T. );
#3740 = EDGE_CURVE( '', #4457, #4459, #4460, .F. );
#3741 = EDGE_CURVE( '', #4459, #4400, #4461, .T. );
#3742 = EDGE_CURVE( '', #4398, #4462, #4463, .T. );
#3743 = EDGE_CURVE( '', #4456, #4462, #4464, .T. );
#3744 = FILL_AREA_STYLE( '', ( #4465 ) );
#3745 = EDGE_CURVE( '', #4466, #4467, #4468, .F. );
#3746 = EDGE_CURVE( '', #4467, #4469, #4470, .T. );
#3747 = EDGE_CURVE( '', #4469, #4471, #4472, .T. );
#3748 = EDGE_CURVE( '', #4471, #4473, #4474, .T. );
#3749 = EDGE_CURVE( '', #4473, #4475, #4476, .T. );
#3750 = EDGE_CURVE( '', #4475, #4477, #4478, .T. );
#3751 = EDGE_CURVE( '', #4479, #4477, #4480, .T. );
#3752 = EDGE_CURVE( '', #4466, #4479, #4481, .T. );
#3753 = FILL_AREA_STYLE( '', ( #4482 ) );
#3754 = EDGE_CURVE( '', #4483, #4484, #4485, .T. );
#3755 = EDGE_CURVE( '', #4483, #4486, #4487, .T. );
#3756 = EDGE_CURVE( '', #4488, #4486, #4489, .T. );
#3757 = EDGE_CURVE( '', #4488, #4490, #4491, .T. );
#3758 = EDGE_CURVE( '', #4492, #4490, #4493, .T. );
#3759 = EDGE_CURVE( '', #4494, #4492, #4495, .T. );
#3760 = EDGE_CURVE( '', #4496, #4494, #4497, .T. );
#3761 = EDGE_CURVE( '', #4498, #4496, #4499, .T. );
#3762 = EDGE_CURVE( '', #4498, #4500, #4501, .T. );
#3763 = EDGE_CURVE( '', #4502, #4500, #4503, .T. );
#3764 = EDGE_CURVE( '', #4502, #4504, #4505, .T. );
#3765 = EDGE_CURVE( '', #4504, #4484, #4506, .T. );
#3766 = FILL_AREA_STYLE( '', ( #4507 ) );
#3767 = EDGE_CURVE( '', #4508, #4509, #4510, .T. );
#3768 = EDGE_CURVE( '', #4511, #4508, #4512, .T. );
#3769 = EDGE_CURVE( '', #4511, #4513, #4514, .T. );
#3770 = EDGE_CURVE( '', #4513, #4515, #4516, .T. );
#3771 = EDGE_CURVE( '', #4515, #4509, #4517, .T. );
#3772 = FILL_AREA_STYLE( '', ( #4518 ) );
#3773 = EDGE_CURVE( '', #4519, #4520, #4521, .T. );
#3774 = EDGE_CURVE( '', #4520, #4522, #4523, .T. );
#3775 = EDGE_CURVE( '', #4524, #4522, #4525, .T. );
#3776 = EDGE_CURVE( '', #4519, #4524, #4526, .T. );
#3777 = FILL_AREA_STYLE( '', ( #4527 ) );
#3778 = EDGE_CURVE( '', #4528, #4529, #4530, .T. );
#3779 = EDGE_CURVE( '', #4528, #4531, #4532, .F. );
#3780 = EDGE_CURVE( '', #4531, #4533, #4534, .T. );
#3781 = EDGE_CURVE( '', #4529, #4533, #4535, .T. );
#3782 = FILL_AREA_STYLE( '', ( #4536 ) );
#3783 = EDGE_CURVE( '', #4537, #4538, #4539, .T. );
#3784 = EDGE_CURVE( '', #4538, #4540, #4541, .F. );
#3785 = EDGE_CURVE( '', #4542, #4540, #4543, .T. );
#3786 = EDGE_CURVE( '', #4537, #4542, #4544, .T. );
#3787 = FILL_AREA_STYLE( '', ( #4545 ) );
#3788 = EDGE_CURVE( '', #4546, #4547, #4548, .T. );
#3789 = EDGE_CURVE( '', #4549, #4546, #4550, .T. );
#3790 = EDGE_CURVE( '', #4551, #4549, #4552, .T. );
#3791 = EDGE_CURVE( '', #4551, #4553, #4554, .T. );
#3792 = EDGE_CURVE( '', #4553, #4555, #4556, .F. );
#3793 = EDGE_CURVE( '', #4555, #4557, #4558, .F. );
#3794 = EDGE_CURVE( '', #4559, #4557, #4560, .F. );
#3795 = EDGE_CURVE( '', #4559, #4561, #4562, .T. );
#3796 = EDGE_CURVE( '', #4561, #4547, #4563, .T. );
#3797 = FILL_AREA_STYLE( '', ( #4564 ) );
#3798 = EDGE_CURVE( '', #4565, #4566, #4567, .T. );
#3799 = EDGE_CURVE( '', #4565, #4566, #4568, .T. );
#3800 = FILL_AREA_STYLE( '', ( #4569 ) );
#3801 = EDGE_CURVE( '', #4459, #4570, #4571, .F. );
#3802 = EDGE_CURVE( '', #4570, #4396, #4572, .T. );
#3803 = FILL_AREA_STYLE( '', ( #4573 ) );
#3804 = EDGE_CURVE( '', #4574, #4575, #4576, .T. );
#3805 = EDGE_CURVE( '', #4577, #4575, #4578, .T. );
#3806 = EDGE_CURVE( '', #4577, #4579, #4580, .T. );
#3807 = EDGE_CURVE( '', #4579, #4574, #4581, .T. );
#3808 = FILL_AREA_STYLE( '', ( #4582 ) );
#3809 = EDGE_CURVE( '', #4583, #4584, #4585, .T. );
#3810 = EDGE_CURVE( '', #4583, #4586, #4587, .T. );
#3811 = EDGE_CURVE( '', #4588, #4586, #4589, .T. );
#3812 = EDGE_CURVE( '', #4584, #4588, #4590, .T. );
#3813 = FILL_AREA_STYLE( '', ( #4591 ) );
#3814 = EDGE_CURVE( '', #4592, #4593, #4594, .T. );
#3815 = EDGE_CURVE( '', #4595, #4593, #4596, .T. );
#3816 = EDGE_CURVE( '', #4597, #4595, #4598, .T. );
#3817 = EDGE_CURVE( '', #4592, #4597, #4599, .T. );
#3818 = FILL_AREA_STYLE( '', ( #4600 ) );
#3819 = EDGE_CURVE( '', #4395, #4601, #4602, .T. );
#3820 = EDGE_CURVE( '', #4601, #4603, #4604, .F. );
#3821 = EDGE_CURVE( '', #4603, #4605, #4606, .T. );
#3822 = EDGE_CURVE( '', #4462, #4605, #4607, .F. );
#3823 = FILL_AREA_STYLE( '', ( #4608 ) );
#3824 = EDGE_CURVE( '', #4609, #4610, #4611, .T. );
#3825 = EDGE_CURVE( '', #4609, #4612, #4613, .T. );
#3826 = EDGE_CURVE( '', #4612, #4614, #4615, .T. );
#3827 = EDGE_CURVE( '', #4610, #4614, #4616, .T. );
#3828 = FILL_AREA_STYLE( '', ( #4617 ) );
#3829 = EDGE_CURVE( '', #4618, #4619, #4620, .T. );
#3830 = EDGE_CURVE( '', #4621, #4619, #4622, .T. );
#3831 = EDGE_CURVE( '', #4623, #4621, #4624, .T. );
#3832 = EDGE_CURVE( '', #4623, #4618, #4625, .T. );
#3833 = FILL_AREA_STYLE( '', ( #4626 ) );
#3834 = EDGE_CURVE( '', #4627, #4588, #4628, .T. );
#3835 = EDGE_CURVE( '', #4629, #4627, #4630, .T. );
#3836 = EDGE_CURVE( '', #4629, #4631, #4632, .T. );
#3837 = EDGE_CURVE( '', #4631, #4633, #4634, .T. );
#3838 = EDGE_CURVE( '', #4635, #4633, #4636, .T. );
#3839 = EDGE_CURVE( '', #4635, #4637, #4638, .T. );
#3840 = EDGE_CURVE( '', #4639, #4637, #4640, .T. );
#3841 = EDGE_CURVE( '', #4639, #4641, #4642, .T. );
#3842 = EDGE_CURVE( '', #4584, #4641, #4643, .T. );
#3843 = FILL_AREA_STYLE( '', ( #4644 ) );
#3844 = EDGE_CURVE( '', #4570, #4645, #4646, .F. );
#3845 = EDGE_CURVE( '', #4647, #4645, #4648, .T. );
#3846 = EDGE_CURVE( '', #4647, #4601, #4649, .T. );
#3847 = FILL_AREA_STYLE( '', ( #4650 ) );
#3848 = EDGE_CURVE( '', #4651, #4652, #4653, .T. );
#3849 = EDGE_CURVE( '', #4651, #4584, #4654, .T. );
#3850 = EDGE_CURVE( '', #4652, #4641, #4655, .T. );
#3851 = FILL_AREA_STYLE( '', ( #4656 ) );
#3852 = EDGE_CURVE( '', #4657, #4658, #4659, .T. );
#3853 = EDGE_CURVE( '', #4657, #4639, #4660, .T. );
#3854 = EDGE_CURVE( '', #4658, #4637, #4661, .T. );
#3855 = FILL_AREA_STYLE( '', ( #4662 ) );
#3856 = EDGE_CURVE( '', #4663, #4664, #4665, .T. );
#3857 = EDGE_CURVE( '', #4663, #4666, #4667, .T. );
#3858 = EDGE_CURVE( '', #4666, #4668, #4669, .T. );
#3859 = EDGE_CURVE( '', #4664, #4668, #4670, .T. );
#3860 = FILL_AREA_STYLE( '', ( #4671 ) );
#3861 = EDGE_CURVE( '', #4672, #4673, #4674, .T. );
#3862 = EDGE_CURVE( '', #4673, #4675, #4676, .T. );
#3863 = EDGE_CURVE( '', #4677, #4675, #4678, .F. );
#3864 = EDGE_CURVE( '', #4672, #4677, #4679, .T. );
#3865 = FILL_AREA_STYLE( '', ( #4680 ) );
#3866 = EDGE_CURVE( '', #4681, #4682, #4683, .T. );
#3867 = EDGE_CURVE( '', #4682, #4663, #4684, .T. );
#3868 = EDGE_CURVE( '', #4681, #4664, #4685, .T. );
#3869 = FILL_AREA_STYLE( '', ( #4686 ) );
#3870 = EDGE_CURVE( '', #4687, #4688, #4689, .T. );
#3871 = EDGE_CURVE( '', #4688, #4555, #4690, .T. );
#3872 = EDGE_CURVE( '', #4691, #4553, #4692, .T. );
#3873 = EDGE_CURVE( '', #4687, #4691, #4693, .T. );
#3874 = FILL_AREA_STYLE( '', ( #4694 ) );
#3875 = EDGE_CURVE( '', #4695, #4696, #4697, .T. );
#3876 = EDGE_CURVE( '', #4698, #4695, #4699, .T. );
#3877 = EDGE_CURVE( '', #4700, #4698, #4701, .T. );
#3878 = EDGE_CURVE( '', #4700, #4696, #4702, .T. );
#3879 = FILL_AREA_STYLE( '', ( #4703 ) );
#3880 = EDGE_CURVE( '', #4704, #4705, #4706, .T. );
#3881 = EDGE_CURVE( '', #4705, #4609, #4707, .T. );
#3882 = EDGE_CURVE( '', #4704, #4610, #4708, .T. );
#3883 = FILL_AREA_STYLE( '', ( #4709 ) );
#3884 = EDGE_CURVE( '', #4710, #4711, #4712, .T. );
#3885 = EDGE_CURVE( '', #4711, #4713, #4714, .T. );
#3886 = EDGE_CURVE( '', #4715, #4713, #4716, .T. );
#3887 = EDGE_CURVE( '', #4710, #4715, #4717, .T. );
#3888 = FILL_AREA_STYLE( '', ( #4718 ) );
#3889 = EDGE_CURVE( '', #4719, #4705, #4720, .T. );
#3890 = EDGE_CURVE( '', #4612, #4719, #4721, .T. );
#3891 = FILL_AREA_STYLE( '', ( #4722 ) );
#3892 = EDGE_CURVE( '', #4540, #4566, #4723, .F. );
#3893 = EDGE_CURVE( '', #4724, #4538, #4725, .T. );
#3894 = EDGE_CURVE( '', #4724, #4726, #4727, .T. );
#3895 = EDGE_CURVE( '', #4531, #4726, #4728, .F. );
#3896 = EDGE_CURVE( '', #4565, #4528, #4729, .T. );
#3897 = EDGE_CURVE( '', #4730, #4730, #4731, .T. );
#3898 = FILL_AREA_STYLE( '', ( #4732 ) );
#3899 = EDGE_CURVE( '', #4733, #4733, #4734, .T. );
#3900 = EDGE_CURVE( '', #4735, #4735, #4736, .T. );
#3901 = FILL_AREA_STYLE( '', ( #4737 ) );
#3902 = EDGE_CURVE( '', #4738, #4739, #4740, .T. );
#3903 = EDGE_CURVE( '', #4739, #4741, #4742, .T. );
#3904 = EDGE_CURVE( '', #4743, #4741, #4744, .T. );
#3905 = EDGE_CURVE( '', #4738, #4743, #4745, .T. );
#3906 = FILL_AREA_STYLE( '', ( #4746 ) );
#3907 = EDGE_CURVE( '', #4747, #4467, #4748, .T. );
#3908 = EDGE_CURVE( '', #4749, #4747, #4750, .T. );
#3909 = EDGE_CURVE( '', #4749, #4469, #4751, .T. );
#3910 = FILL_AREA_STYLE( '', ( #4752 ) );
#3911 = EDGE_CURVE( '', #4409, #4753, #4754, .T. );
#3912 = EDGE_CURVE( '', #4753, #4710, #4755, .T. );
#3913 = EDGE_CURVE( '', #4715, #4756, #4757, .T. );
#3914 = EDGE_CURVE( '', #4756, #4651, #4758, .T. );
#3915 = EDGE_CURVE( '', #4652, #4759, #4760, .T. );
#3916 = EDGE_CURVE( '', #4759, #4761, #4762, .T. );
#3917 = EDGE_CURVE( '', #4761, #4404, #4763, .T. );
#3918 = FILL_AREA_STYLE( '', ( #4764 ) );
#3919 = EDGE_CURVE( '', #4765, #4766, #4767, .T. );
#3920 = EDGE_CURVE( '', #4766, #4768, #4769, .T. );
#3921 = EDGE_CURVE( '', #4770, #4768, #4771, .F. );
#3922 = EDGE_CURVE( '', #4772, #4770, #4773, .T. );
#3923 = EDGE_CURVE( '', #4765, #4772, #4774, .T. );
#3924 = FILL_AREA_STYLE( '', ( #4775 ) );
#3925 = EDGE_CURVE( '', #4496, #4776, #4777, .T. );
#3926 = EDGE_CURVE( '', #4776, #4778, #4779, .T. );
#3927 = EDGE_CURVE( '', #4778, #4498, #4780, .T. );
#3928 = FILL_AREA_STYLE( '', ( #4781 ) );
#3929 = EDGE_CURVE( '', #4782, #4783, #4784, .T. );
#3930 = EDGE_CURVE( '', #4783, #4785, #4786, .T. );
#3931 = EDGE_CURVE( '', #4787, #4785, #4788, .T. );
#3932 = EDGE_CURVE( '', #4787, #4789, #4790, .F. );
#3933 = EDGE_CURVE( '', #4782, #4789, #4791, .T. );
#3934 = FILL_AREA_STYLE( '', ( #4792 ) );
#3935 = EDGE_CURVE( '', #4793, #4794, #4795, .T. );
#3936 = EDGE_CURVE( '', #4794, #4796, #4797, .T. );
#3937 = EDGE_CURVE( '', #4798, #4796, #4799, .T. );
#3938 = EDGE_CURVE( '', #4793, #4798, #4800, .T. );
#3939 = FILL_AREA_STYLE( '', ( #4801 ) );
#3940 = EDGE_CURVE( '', #4802, #4803, #4804, .T. );
#3941 = EDGE_CURVE( '', #4805, #4803, #4806, .T. );
#3942 = EDGE_CURVE( '', #4807, #4805, #4808, .T. );
#3943 = EDGE_CURVE( '', #4807, #4802, #4809, .T. );
#3944 = FILL_AREA_STYLE( '', ( #4810 ) );
#3945 = EDGE_CURVE( '', #4811, #4812, #4813, .T. );
#3946 = EDGE_CURVE( '', #4814, #4811, #4815, .T. );
#3947 = EDGE_CURVE( '', #4816, #4814, #4817, .T. );
#3948 = EDGE_CURVE( '', #4812, #4816, #4818, .T. );
#3949 = FILL_AREA_STYLE( '', ( #4819 ) );
#3950 = EDGE_CURVE( '', #4820, #4504, #4821, .T. );
#3951 = EDGE_CURVE( '', #4822, #4502, #4823, .T. );
#3952 = EDGE_CURVE( '', #4822, #4820, #4824, .T. );
#3953 = FILL_AREA_STYLE( '', ( #4825 ) );
#3954 = EDGE_CURVE( '', #4826, #4827, #4828, .T. );
#3955 = EDGE_CURVE( '', #4827, #4829, #4830, .T. );
#3956 = EDGE_CURVE( '', #4829, #4831, #4832, .T. );
#3957 = EDGE_CURVE( '', #4826, #4831, #4833, .T. );
#3958 = FILL_AREA_STYLE( '', ( #4834 ) );
#3959 = EDGE_CURVE( '', #4500, #4494, #4835, .T. );
#3960 = EDGE_CURVE( '', #4500, #4635, #4836, .T. );
#3961 = EDGE_CURVE( '', #4494, #4633, #4837, .T. );
#3962 = FILL_AREA_STYLE( '', ( #4838 ) );
#3963 = EDGE_CURVE( '', #4839, #4839, #4840, .T. );
#3964 = FILL_AREA_STYLE( '', ( #4841 ) );
#3965 = EDGE_CURVE( '', #4842, #4843, #4844, .T. );
#3966 = EDGE_CURVE( '', #4842, #4845, #4846, .T. );
#3967 = EDGE_CURVE( '', #4845, #4847, #4848, .T. );
#3968 = EDGE_CURVE( '', #4843, #4847, #4849, .T. );
#3969 = FILL_AREA_STYLE( '', ( #4850 ) );
#3970 = EDGE_CURVE( '', #4851, #4852, #4853, .T. );
#3971 = EDGE_CURVE( '', #4845, #4851, #4854, .T. );
#3972 = EDGE_CURVE( '', #4852, #4842, #4855, .T. );
#3973 = FILL_AREA_STYLE( '', ( #4856 ) );
#3974 = EDGE_CURVE( '', #4857, #4858, #4859, .T. );
#3975 = EDGE_CURVE( '', #4858, #4422, #4860, .T. );
#3976 = EDGE_CURVE( '', #4857, #4423, #4861, .T. );
#3977 = FILL_AREA_STYLE( '', ( #4862 ) );
#3978 = EDGE_CURVE( '', #4863, #4864, #4865, .T. );
#3979 = EDGE_CURVE( '', #4864, #4866, #4867, .T. );
#3980 = EDGE_CURVE( '', #4868, #4866, #4869, .T. );
#3981 = EDGE_CURVE( '', #4863, #4868, #4870, .T. );
#3982 = FILL_AREA_STYLE( '', ( #4871 ) );
#3983 = EDGE_CURVE( '', #4633, #4872, #4873, .T. );
#3984 = EDGE_CURVE( '', #4631, #4874, #4875, .T. );
#3985 = EDGE_CURVE( '', #4874, #4872, #4876, .T. );
#3986 = FILL_AREA_STYLE( '', ( #4877 ) );
#3987 = EDGE_CURVE( '', #4802, #4695, #4878, .T. );
#3988 = EDGE_CURVE( '', #4695, #4378, #4879, .T. );
#3989 = EDGE_CURVE( '', #4378, #4803, #4880, .T. );
#3990 = FILL_AREA_STYLE( '', ( #4881 ) );
#3991 = EDGE_CURVE( '', #4603, #4466, #4882, .T. );
#3992 = EDGE_CURVE( '', #4883, #4647, #4884, .F. );
#3993 = EDGE_CURVE( '', #4885, #4883, #4886, .T. );
#3994 = EDGE_CURVE( '', #4747, #4885, #4887, .F. );
#3995 = FILL_AREA_STYLE( '', ( #4888 ) );
#3996 = EDGE_CURVE( '', #4889, #4890, #4891, .T. );
#3997 = EDGE_CURVE( '', #4816, #4890, #4892, .T. );
#3998 = EDGE_CURVE( '', #4814, #4889, #4893, .T. );
#3999 = FILL_AREA_STYLE( '', ( #4894 ) );
#4000 = EDGE_CURVE( '', #4637, #4895, #4896, .T. );
#4001 = EDGE_CURVE( '', #4897, #4635, #4898, .T. );
#4002 = EDGE_CURVE( '', #4897, #4895, #4899, .T. );
#4003 = FILL_AREA_STYLE( '', ( #4900 ) );
#4004 = EDGE_CURVE( '', #4473, #4807, #4901, .T. );
#4005 = EDGE_CURVE( '', #4805, #4475, #4902, .T. );
#4006 = FILL_AREA_STYLE( '', ( #4903 ) );
#4007 = EDGE_CURVE( '', #4593, #4529, #4904, .T. );
#4008 = EDGE_CURVE( '', #4542, #4592, #4905, .T. );
#4009 = FILL_AREA_STYLE( '', ( #4906 ) );
#4010 = EDGE_CURVE( '', #4907, #4908, #4909, .T. );
#4011 = EDGE_CURVE( '', #4910, #4907, #4911, .T. );
#4012 = EDGE_CURVE( '', #4912, #4910, #4913, .T. );
#4013 = EDGE_CURVE( '', #4908, #4912, #4914, .T. );
#4014 = FILL_AREA_STYLE( '', ( #4915 ) );
#4015 = EDGE_CURVE( '', #4916, #4916, #4917, .F. );
#4016 = EDGE_CURVE( '', #4918, #4918, #4919, .T. );
#4017 = FILL_AREA_STYLE( '', ( #4920 ) );
#4018 = EDGE_CURVE( '', #4921, #4851, #4922, .T. );
#4019 = EDGE_CURVE( '', #4852, #4923, #4924, .T. );
#4020 = EDGE_CURVE( '', #4921, #4923, #4925, .T. );
#4021 = FILL_AREA_STYLE( '', ( #4926 ) );
#4022 = EDGE_CURVE( '', #4486, #4927, #4928, .T. );
#4023 = EDGE_CURVE( '', #4927, #4929, #4930, .T. );
#4024 = EDGE_CURVE( '', #4488, #4929, #4931, .T. );
#4025 = FILL_AREA_STYLE( '', ( #4932 ) );
#4026 = EDGE_CURVE( '', #4641, #4933, #4934, .T. );
#4027 = EDGE_CURVE( '', #4935, #4639, #4936, .T. );
#4028 = EDGE_CURVE( '', #4935, #4933, #4937, .T. );
#4029 = FILL_AREA_STYLE( '', ( #4938 ) );
#4030 = EDGE_CURVE( '', #4939, #4405, #4940, .T. );
#4031 = EDGE_CURVE( '', #4761, #4939, #4941, .T. );
#4032 = FILL_AREA_STYLE( '', ( #4942 ) );
#4033 = EDGE_CURVE( '', #4445, #4943, #4944, .T. );
#4034 = EDGE_CURVE( '', #4945, #4943, #4946, .T. );
#4035 = EDGE_CURVE( '', #4447, #4945, #4947, .T. );
#4036 = FILL_AREA_STYLE( '', ( #4948 ) );
#4037 = EDGE_CURVE( '', #4927, #4949, #4950, .T. );
#4038 = EDGE_CURVE( '', #4949, #4951, #4952, .T. );
#4039 = EDGE_CURVE( '', #4929, #4951, #4953, .T. );
#4040 = FILL_AREA_STYLE( '', ( #4954 ) );
#4041 = EDGE_CURVE( '', #4619, #4955, #4956, .T. );
#4042 = EDGE_CURVE( '', #4957, #4955, #4958, .T. );
#4043 = EDGE_CURVE( '', #4621, #4957, #4959, .T. );
#4044 = FILL_AREA_STYLE( '', ( #4960 ) );
#4045 = EDGE_CURVE( '', #4547, #4508, #4961, .T. );
#4046 = EDGE_CURVE( '', #4509, #4546, #4962, .T. );
#4047 = EDGE_CURVE( '', #4963, #4964, #4965, .T. );
#4048 = EDGE_CURVE( '', #4966, #4963, #4967, .T. );
#4049 = EDGE_CURVE( '', #4966, #4968, #4969, .T. );
#4050 = EDGE_CURVE( '', #4968, #4964, #4970, .T. );
#4051 = EDGE_CURVE( '', #4971, #4972, #4973, .T. );
#4052 = EDGE_CURVE( '', #4972, #4974, #4975, .T. );
#4053 = EDGE_CURVE( '', #4974, #4976, #4977, .T. );
#4054 = EDGE_CURVE( '', #4976, #4971, #4978, .T. );
#4055 = EDGE_CURVE( '', #4979, #4980, #4981, .T. );
#4056 = EDGE_CURVE( '', #4980, #4434, #4982, .T. );
#4057 = EDGE_CURVE( '', #4438, #4979, #4983, .T. );
#4058 = FILL_AREA_STYLE( '', ( #4984 ) );
#4059 = EDGE_CURVE( '', #4778, #4897, #4985, .T. );
#4060 = FILL_AREA_STYLE( '', ( #4986 ) );
#4061 = EDGE_CURVE( '', #4987, #4988, #4989, .T. );
#4062 = EDGE_CURVE( '', #4987, #4682, #4990, .T. );
#4063 = EDGE_CURVE( '', #4681, #4991, #4992, .T. );
#4064 = EDGE_CURVE( '', #4759, #4991, #4993, .T. );
#4065 = EDGE_CURVE( '', #4994, #4652, #4995, .T. );
#4066 = EDGE_CURVE( '', #4996, #4994, #4997, .T. );
#4067 = EDGE_CURVE( '', #4996, #4651, #4998, .T. );
#4068 = EDGE_CURVE( '', #4756, #4999, #5000, .T. );
#4069 = EDGE_CURVE( '', #4999, #4988, #5001, .T. );
#4070 = FILL_AREA_STYLE( '', ( #5002 ) );
#4071 = EDGE_CURVE( '', #5003, #4749, #5004, .T. );
#4072 = EDGE_CURVE( '', #5003, #4471, #5005, .T. );
#4073 = FILL_AREA_STYLE( '', ( #5006 ) );
#4074 = EDGE_CURVE( '', #4776, #4872, #5007, .T. );
#4075 = FILL_AREA_STYLE( '', ( #5008 ) );
#4076 = EDGE_CURVE( '', #4673, #4863, #5009, .T. );
#4077 = EDGE_CURVE( '', #4864, #4672, #5010, .T. );
#4078 = EDGE_CURVE( '', #4704, #5011, #5012, .T. );
#4079 = EDGE_CURVE( '', #5013, #5011, #5014, .T. );
#4080 = EDGE_CURVE( '', #5013, #5015, #5016, .T. );
#4081 = EDGE_CURVE( '', #5015, #5017, #5018, .T. );
#4082 = EDGE_CURVE( '', #5017, #5019, #5020, .T. );
#4083 = EDGE_CURVE( '', #4719, #5019, #5021, .T. );
#4084 = FILL_AREA_STYLE( '', ( #5022 ) );
#4085 = EDGE_CURVE( '', #4387, #4976, #5023, .T. );
#4086 = EDGE_CURVE( '', #4391, #4770, #5024, .T. );
#4087 = EDGE_CURVE( '', #4768, #4789, #5025, .F. );
#4088 = EDGE_CURVE( '', #4787, #5026, #5027, .T. );
#4089 = EDGE_CURVE( '', #5026, #4971, #5028, .T. );
#4090 = FILL_AREA_STYLE( '', ( #5029 ) );
#4091 = EDGE_CURVE( '', #5030, #5031, #5032, .F. );
#4092 = EDGE_CURVE( '', #5031, #5033, #5034, .T. );
#4093 = EDGE_CURVE( '', #5033, #5035, #5036, .T. );
#4094 = EDGE_CURVE( '', #5037, #5035, #5038, .F. );
#4095 = EDGE_CURVE( '', #5037, #5039, #5040, .F. );
#4096 = EDGE_CURVE( '', #5039, #5041, #5042, .T. );
#4097 = EDGE_CURVE( '', #5041, #5043, #5044, .T. );
#4098 = EDGE_CURVE( '', #5030, #5043, #5045, .F. );
#4099 = FILL_AREA_STYLE( '', ( #5046 ) );
#4100 = EDGE_CURVE( '', #5047, #5013, #5048, .T. );
#4101 = EDGE_CURVE( '', #5049, #5047, #5050, .T. );
#4102 = EDGE_CURVE( '', #5015, #5049, #5051, .T. );
#4103 = FILL_AREA_STYLE( '', ( #5052 ) );
#4104 = EDGE_CURVE( '', #5053, #4972, #5054, .T. );
#4105 = EDGE_CURVE( '', #5053, #4389, #5055, .T. );
#4106 = EDGE_CURVE( '', #4386, #4974, #5056, .T. );
#4107 = FILL_AREA_STYLE( '', ( #5057 ) );
#4108 = EDGE_CURVE( '', #5058, #5058, #5059, .T. );
#4109 = FILL_AREA_STYLE( '', ( #5060 ) );
#4110 = EDGE_CURVE( '', #4766, #4782, #5061, .T. );
#4111 = FILL_AREA_STYLE( '', ( #5062 ) );
#4112 = EDGE_CURVE( '', #4515, #4549, #5063, .T. );
#4113 = FILL_AREA_STYLE( '', ( #5064 ) );
#4114 = EDGE_CURVE( '', #5065, #5066, #5067, .T. );
#4115 = EDGE_CURVE( '', #5066, #5065, #5068, .F. );
#4116 = FILL_AREA_STYLE( '', ( #5069 ) );
#4117 = EDGE_CURVE( '', #5070, #5071, #5072, .T. );
#4118 = EDGE_CURVE( '', #5073, #5070, #5074, .T. );
#4119 = EDGE_CURVE( '', #5075, #5073, #5076, .T. );
#4120 = EDGE_CURVE( '', #5075, #5071, #5077, .T. );
#4121 = FILL_AREA_STYLE( '', ( #5078 ) );
#4122 = EDGE_CURVE( '', #4793, #5079, #5080, .T. );
#4123 = EDGE_CURVE( '', #5079, #5081, #5082, .T. );
#4124 = EDGE_CURVE( '', #5081, #4794, #5083, .T. );
#4125 = FILL_AREA_STYLE( '', ( #5084 ) );
#4126 = EDGE_CURVE( '', #5085, #5039, #5086, .T. );
#4127 = EDGE_CURVE( '', #5087, #5085, #5088, .F. );
#4128 = EDGE_CURVE( '', #5041, #5087, #5089, .T. );
#4129 = FILL_AREA_STYLE( '', ( #5090 ) );
#4130 = EDGE_CURVE( '', #5091, #5092, #5093, .T. );
#4131 = EDGE_CURVE( '', #5094, #5092, #5095, .T. );
#4132 = EDGE_CURVE( '', #5094, #5096, #5097, .T. );
#4133 = EDGE_CURVE( '', #5096, #5091, #5098, .T. );
#4134 = FILL_AREA_STYLE( '', ( #5099 ) );
#4135 = EDGE_CURVE( '', #5100, #5101, #5102, .T. );
#4136 = EDGE_CURVE( '', #5101, #4627, #5103, .T. );
#4137 = EDGE_CURVE( '', #4586, #5104, #5105, .T. );
#4138 = EDGE_CURVE( '', #5104, #4963, #5106, .T. );
#4139 = EDGE_CURVE( '', #4964, #5100, #5107, .T. );
#4140 = FILL_AREA_STYLE( '', ( #5108 ) );
#4141 = EDGE_CURVE( '', #5109, #5110, #5111, .T. );
#4142 = EDGE_CURVE( '', #5109, #4827, #5112, .T. );
#4143 = EDGE_CURVE( '', #4826, #5113, #5114, .T. );
#4144 = EDGE_CURVE( '', #5115, #5113, #5116, .T. );
#4145 = EDGE_CURVE( '', #4658, #5115, #5117, .T. );
#4146 = EDGE_CURVE( '', #5118, #4658, #5119, .T. );
#4147 = EDGE_CURVE( '', #5120, #5118, #5121, .T. );
#4148 = EDGE_CURVE( '', #5120, #4657, #5122, .T. );
#4149 = EDGE_CURVE( '', #4945, #4657, #5123, .T. );
#4150 = EDGE_CURVE( '', #4943, #5110, #5124, .T. );
#4151 = FILL_AREA_STYLE( '', ( #5125 ) );
#4152 = EDGE_CURVE( '', #5096, #4577, #5126, .T. );
#4153 = EDGE_CURVE( '', #4579, #5094, #5127, .T. );
#4154 = EDGE_CURVE( '', #5128, #5128, #5129, .F. );
#4155 = FILL_AREA_STYLE( '', ( #5130 ) );
#4156 = EDGE_CURVE( '', #5131, #4687, #5132, .T. );
#4157 = EDGE_CURVE( '', #5133, #4691, #5134, .T. );
#4158 = EDGE_CURVE( '', #5131, #5133, #5135, .T. );
#4159 = FILL_AREA_STYLE( '', ( #5136 ) );
#4160 = EDGE_CURVE( '', #4796, #4377, #5137, .T. );
#4161 = EDGE_CURVE( '', #5138, #5081, #5139, .T. );
#4162 = EDGE_CURVE( '', #5138, #4477, #5140, .T. );
#4163 = FILL_AREA_STYLE( '', ( #5141 ) );
#4164 = EDGE_CURVE( '', #4696, #5070, #5142, .T. );
#4165 = EDGE_CURVE( '', #5073, #4700, #5143, .T. );
#4166 = FILL_AREA_STYLE( '', ( #5144 ) );
#4167 = FILL_AREA_STYLE( '', ( #5145 ) );
#4168 = EDGE_CURVE( '', #5146, #4979, #5147, .T. );
#4169 = EDGE_CURVE( '', #5146, #5148, #5149, .T. );
#4170 = EDGE_CURVE( '', #5148, #4980, #5150, .T. );
#4171 = FILL_AREA_STYLE( '', ( #5151 ) );
#4172 = EDGE_CURVE( '', #5152, #4433, #5153, .T. );
#4173 = EDGE_CURVE( '', #5152, #5154, #5155, .T. );
#4174 = EDGE_CURVE( '', #5154, #4436, #5156, .T. );
#4175 = FILL_AREA_STYLE( '', ( #5157 ) );
#4176 = EDGE_CURVE( '', #5158, #4935, #5159, .T. );
#4177 = EDGE_CURVE( '', #5158, #5120, #5160, .T. );
#4178 = FILL_AREA_STYLE( '', ( #5161 ) );
#4179 = EDGE_CURVE( '', #5162, #5100, #5163, .T. );
#4180 = EDGE_CURVE( '', #5162, #5164, #5165, .T. );
#4181 = EDGE_CURVE( '', #5164, #5101, #5166, .T. );
#4182 = FILL_AREA_STYLE( '', ( #5167 ) );
#4183 = EDGE_CURVE( '', #4666, #4987, #5168, .T. );
#4184 = EDGE_CURVE( '', #4668, #4988, #5169, .T. );
#4185 = FILL_AREA_STYLE( '', ( #5170 ) );
#4186 = EDGE_CURVE( '', #5171, #5171, #5172, .F. );
#4187 = EDGE_CURVE( '', #5173, #5173, #5174, .T. );
#4188 = FILL_AREA_STYLE( '', ( #5175 ) );
#4189 = FILL_AREA_STYLE( '', ( #5176 ) );
#4190 = EDGE_CURVE( '', #5085, #5087, #5177, .T. );
#4191 = EDGE_CURVE( '', #5037, #5043, #5178, .T. );
#4192 = FILL_AREA_STYLE( '', ( #5179 ) );
#4193 = EDGE_CURVE( '', #4783, #4765, #5180, .T. );
#4194 = EDGE_CURVE( '', #4785, #4772, #5181, .T. );
#4195 = FILL_AREA_STYLE( '', ( #5182 ) );
#4196 = EDGE_CURVE( '', #4957, #4519, #5183, .T. );
#4197 = EDGE_CURVE( '', #4524, #4822, #5184, .T. );
#4198 = EDGE_CURVE( '', #4492, #4623, #5185, .T. );
#4199 = FILL_AREA_STYLE( '', ( #5186 ) );
#4200 = EDGE_CURVE( '', #4885, #5187, #5188, .T. );
#4201 = EDGE_CURVE( '', #5138, #5187, #5189, .T. );
#4202 = EDGE_CURVE( '', #5079, #5003, #5190, .T. );
#4203 = FILL_AREA_STYLE( '', ( #5191 ) );
#4204 = EDGE_CURVE( '', #4713, #4999, #5192, .T. );
#4205 = FILL_AREA_STYLE( '', ( #5193 ) );
#4206 = EDGE_CURVE( '', #4724, #4726, #5194, .T. );
#4207 = EDGE_CURVE( '', #4597, #4537, #5195, .T. );
#4208 = EDGE_CURVE( '', #4533, #4595, #5196, .T. );
#4209 = FILL_AREA_STYLE( '', ( #5197 ) );
#4210 = EDGE_CURVE( '', #5011, #5198, #5199, .T. );
#4211 = EDGE_CURVE( '', #5047, #5198, #5200, .T. );
#4212 = FILL_AREA_STYLE( '', ( #5201 ) );
#4213 = EDGE_CURVE( '', #4829, #5202, #5203, .T. );
#4214 = EDGE_CURVE( '', #5202, #5204, #5205, .T. );
#4215 = EDGE_CURVE( '', #4831, #5204, #5206, .T. );
#4216 = FILL_AREA_STYLE( '', ( #5207 ) );
#4217 = EDGE_CURVE( '', #4991, #4939, #5208, .T. );
#4218 = FILL_AREA_STYLE( '', ( #5209 ) );
#4219 = EDGE_CURVE( '', #5210, #4583, #5211, .T. );
#4220 = EDGE_CURVE( '', #5210, #4996, #5212, .T. );
#4221 = FILL_AREA_STYLE( '', ( #5213 ) );
#4222 = EDGE_CURVE( '', #5214, #5214, #5215, .T. );
#4223 = EDGE_CURVE( '', #5164, #4629, #5216, .T. );
#4224 = FILL_AREA_STYLE( '', ( #5217 ) );
#4225 = EDGE_CURVE( '', #5148, #5152, #5218, .T. );
#4226 = FILL_AREA_STYLE( '', ( #5219 ) );
#4227 = EDGE_CURVE( '', #4645, #4457, #5220, .T. );
#4228 = FILL_AREA_STYLE( '', ( #5221 ) );
#4229 = EDGE_CURVE( '', #4923, #4843, #5222, .T. );
#4230 = FILL_AREA_STYLE( '', ( #5223 ) );
#4231 = EDGE_CURVE( '', #5224, #5225, #5226, .T. );
#4232 = EDGE_CURVE( '', #5227, #5225, #5228, .T. );
#4233 = EDGE_CURVE( '', #4743, #5227, #5229, .T. );
#4234 = EDGE_CURVE( '', #4741, #4889, #5230, .T. );
#4235 = EDGE_CURVE( '', #4811, #5224, #5231, .T. );
#4236 = FILL_AREA_STYLE( '', ( #5232 ) );
#4237 = FILL_AREA_STYLE( '', ( #5233 ) );
#4238 = FILL_AREA_STYLE( '', ( #5234 ) );
#4239 = EDGE_CURVE( '', #5235, #4605, #5236, .T. );
#4240 = EDGE_CURVE( '', #5235, #4456, #5237, .F. );
#4241 = FILL_AREA_STYLE( '', ( #5238 ) );
#4242 = EDGE_CURVE( '', #5239, #5131, #5240, .T. );
#4243 = EDGE_CURVE( '', #4688, #5239, #5241, .T. );
#4244 = EDGE_CURVE( '', #4921, #5242, #5243, .T. );
#4245 = EDGE_CURVE( '', #4812, #5242, #5244, .T. );
#4246 = EDGE_CURVE( '', #4890, #4847, #5245, .T. );
#4247 = FILL_AREA_STYLE( '', ( #5246 ) );
#4248 = EDGE_CURVE( '', #4561, #4511, #5247, .T. );
#4249 = EDGE_CURVE( '', #4559, #5133, #5248, .T. );
#4250 = EDGE_CURVE( '', #4513, #4551, #5249, .T. );
#4251 = FILL_AREA_STYLE( '', ( #5250 ) );
#4252 = EDGE_CURVE( '', #5026, #5053, #5251, .T. );
#4253 = FILL_AREA_STYLE( '', ( #5252 ) );
#4254 = EDGE_CURVE( '', #5253, #5104, #5254, .T. );
#4255 = EDGE_CURVE( '', #5253, #4966, #5255, .T. );
#4256 = EDGE_CURVE( '', #4857, #4574, #5256, .T. );
#4257 = EDGE_CURVE( '', #5092, #4418, #5257, .T. );
#4258 = EDGE_CURVE( '', #4955, #5091, #5258, .T. );
#4259 = EDGE_CURVE( '', #4490, #4618, #5259, .T. );
#4260 = EDGE_CURVE( '', #4951, #4484, #5260, .T. );
#4261 = EDGE_CURVE( '', #4522, #4820, #5261, .T. );
#4262 = EDGE_CURVE( '', #4575, #4520, #5262, .T. );
#4263 = EDGE_CURVE( '', #5263, #4739, #5264, .T. );
#4264 = EDGE_CURVE( '', #5113, #5263, #5265, .T. );
#4265 = EDGE_CURVE( '', #5204, #5110, #5266, .T. );
#4266 = EDGE_CURVE( '', #5225, #4443, #5267, .T. );
#4267 = EDGE_CURVE( '', #5242, #5224, #5268, .T. );
#4268 = EDGE_CURVE( '', #4614, #5019, #5269, .T. );
#4269 = EDGE_CURVE( '', #5270, #5017, #5271, .T. );
#4270 = EDGE_CURVE( '', #4407, #5270, #5272, .T. );
#4271 = EDGE_CURVE( '', #5273, #4711, #5274, .T. );
#4272 = EDGE_CURVE( '', #5198, #5273, #5275, .T. );
#4273 = FILL_AREA_STYLE( '', ( #5276 ) );
#4274 = EDGE_CURVE( '', #5277, #5278, #5279, .T. );
#4275 = EDGE_CURVE( '', #4910, #5277, #5280, .T. );
#4276 = EDGE_CURVE( '', #4907, #5278, #5281, .T. );
#4277 = FILL_AREA_STYLE( '', ( #5282 ) );
#4278 = EDGE_CURVE( '', #5283, #5263, #5284, .T. );
#4279 = EDGE_CURVE( '', #5115, #5283, #5285, .T. );
#4280 = FILL_AREA_STYLE( '', ( #5286 ) );
#4281 = EDGE_CURVE( '', #4416, #4858, #5287, .T. );
#4282 = FILL_AREA_STYLE( '', ( #5288 ) );
#4283 = EDGE_CURVE( '', #5030, #5035, #5289, .T. );
#4284 = FILL_AREA_STYLE( '', ( #5290 ) );
#4285 = EDGE_CURVE( '', #5291, #5277, #5292, .T. );
#4286 = EDGE_CURVE( '', #4912, #5291, #5293, .T. );
#4287 = FILL_AREA_STYLE( '', ( #5294 ) );
#4288 = EDGE_CURVE( '', #5295, #5295, #5296, .F. );
#4289 = FILL_AREA_STYLE( '', ( #5297 ) );
#4290 = FILL_AREA_STYLE( '', ( #5298 ) );
#4291 = FILL_AREA_STYLE( '', ( #5299 ) );
#4292 = EDGE_CURVE( '', #4949, #4483, #5300, .T. );
#4293 = FILL_AREA_STYLE( '', ( #5301 ) );
#4294 = EDGE_CURVE( '', #5302, #5291, #5303, .T. );
#4295 = EDGE_CURVE( '', #4908, #5302, #5304, .T. );
#4296 = FILL_AREA_STYLE( '', ( #5305 ) );
#4297 = FILL_AREA_STYLE( '', ( #5306 ) );
#4298 = FILL_AREA_STYLE( '', ( #5307 ) );
#4299 = EDGE_CURVE( '', #4698, #4798, #5308, .T. );
#4300 = FILL_AREA_STYLE( '', ( #5309 ) );
#4301 = FILL_AREA_STYLE( '', ( #5310 ) );
#4302 = FILL_AREA_STYLE( '', ( #5311 ) );
#4303 = FILL_AREA_STYLE( '', ( #5312 ) );
#4304 = FILL_AREA_STYLE( '', ( #5313 ) );
#4305 = EDGE_CURVE( '', #5278, #5302, #5314, .T. );
#4306 = FILL_AREA_STYLE( '', ( #5315 ) );
#4307 = FILL_AREA_STYLE( '', ( #5316 ) );
#4308 = EDGE_CURVE( '', #4698, #4377, #5317, .T. );
#4309 = EDGE_CURVE( '', #5075, #4382, #5318, .T. );
#4310 = FILL_AREA_STYLE( '', ( #5319 ) );
#4311 = FILL_AREA_STYLE( '', ( #5320 ) );
#4312 = EDGE_CURVE( '', #5321, #4933, #5322, .T. );
#4313 = EDGE_CURVE( '', #4994, #5321, #5323, .T. );
#4314 = FILL_AREA_STYLE( '', ( #5324 ) );
#4315 = EDGE_CURVE( '', #4753, #5273, #5325, .T. );
#4316 = FILL_AREA_STYLE( '', ( #5326 ) );
#4317 = EDGE_CURVE( '', #5327, #5158, #5328, .T. );
#4318 = EDGE_CURVE( '', #5327, #4895, #5329, .T. );
#4319 = EDGE_CURVE( '', #4874, #5253, #5330, .T. );
#4320 = EDGE_CURVE( '', #5321, #5210, #5331, .T. );
#4321 = FILL_AREA_STYLE( '', ( #5332 ) );
#4322 = EDGE_CURVE( '', #5333, #5146, #5334, .T. );
#4323 = EDGE_CURVE( '', #5333, #4868, #5335, .T. );
#4324 = EDGE_CURVE( '', #4866, #5336, #5337, .T. );
#4325 = EDGE_CURVE( '', #5154, #5336, #5338, .T. );
#4326 = FILL_AREA_STYLE( '', ( #5339 ) );
#4327 = EDGE_CURVE( '', #5227, #4442, #5340, .T. );
#4328 = FILL_AREA_STYLE( '', ( #5341 ) );
#4329 = FILL_AREA_STYLE( '', ( #5342 ) );
#4330 = FILL_AREA_STYLE( '', ( #5343 ) );
#4331 = FILL_AREA_STYLE( '', ( #5344 ) );
#4332 = FILL_AREA_STYLE( '', ( #5345 ) );
#4333 = EDGE_CURVE( '', #5118, #5327, #5346, .T. );
#4334 = FILL_AREA_STYLE( '', ( #5347 ) );
#4335 = EDGE_CURVE( '', #5336, #4677, #5348, .F. );
#4336 = FILL_AREA_STYLE( '', ( #5349 ) );
#4337 = EDGE_CURVE( '', #5033, #5066, #5350, .T. );
#4338 = EDGE_CURVE( '', #5065, #5031, #5351, .T. );
#4339 = FILL_AREA_STYLE( '', ( #5352 ) );
#4340 = EDGE_CURVE( '', #4968, #5162, #5353, .T. );
#4341 = FILL_AREA_STYLE( '', ( #5354 ) );
#4342 = EDGE_CURVE( '', #5187, #4479, #5355, .T. );
#4343 = FILL_AREA_STYLE( '', ( #5356 ) );
#4344 = FILL_AREA_STYLE( '', ( #5357 ) );
#4345 = EDGE_CURVE( '', #5333, #4675, #5358, .F. );
#4346 = FILL_AREA_STYLE( '', ( #5359 ) );
#4347 = EDGE_CURVE( '', #4883, #5235, #5360, .T. );
#4348 = FILL_AREA_STYLE( '', ( #5361 ) );
#4349 = EDGE_CURVE( '', #4380, #5071, #5362, .T. );
#4350 = FILL_AREA_STYLE( '', ( #5363 ) );
#4351 = EDGE_CURVE( '', #5049, #5270, #5364, .T. );
#4352 = FILL_AREA_STYLE( '', ( #5365 ) );
#4353 = EDGE_CURVE( '', #5239, #4557, #5366, .T. );
#4354 = FILL_AREA_STYLE( '', ( #5367 ) );
#4355 = EDGE_CURVE( '', #5283, #4738, #5368, .T. );
#4356 = FILL_AREA_STYLE( '', ( #5369 ) );
#4357 = FILL_AREA_STYLE( '', ( #5370 ) );
#4358 = FILL_AREA_STYLE( '', ( #5371 ) );
#4359 = EDGE_CURVE( '', #5202, #5109, #5372, .T. );
#4360 = FILL_AREA_STYLE( '', ( #5373 ) );
#4361 = FILL_AREA_STYLE( '', ( #5374 ) );
#4362 = FILL_AREA_STYLE( '', ( #5375 ) );
#4363 = FILL_AREA_STYLE( '', ( #5376 ) );
#4364 = FILL_AREA_STYLE( '', ( #5377 ) );
#4365 = FILL_AREA_STYLE( '', ( #5378 ) );
#4366 = FILL_AREA_STYLE( '', ( #5379 ) );
#4367 = FILL_AREA_STYLE( '', ( #5380 ) );
#4368 = FILL_AREA_STYLE( '', ( #5381 ) );
#4369 = FILL_AREA_STYLE( '', ( #5382 ) );
#4370 = FILL_AREA_STYLE( '', ( #5383 ) );
#4371 = FILL_AREA_STYLE_COLOUR( '', #5384 );
#4372 = VERTEX_POINT( '', #5385 );
#4373 = CIRCLE( '', #5386, 0.850000000000000 );
#4374 = VERTEX_POINT( '', #5387 );
#4375 = CIRCLE( '', #5388, 0.850000000000000 );
#4376 = FILL_AREA_STYLE_COLOUR( '', #5389 );
#4377 = VERTEX_POINT( '', #5390 );
#4378 = VERTEX_POINT( '', #5391 );
#4379 = LINE( '', #5392, #5393 );
#4380 = VERTEX_POINT( '', #5394 );
#4381 = CIRCLE( '', #5395, 0.410000000000000 );
#4382 = VERTEX_POINT( '', #5396 );
#4383 = LINE( '', #5397, #5398 );
#4384 = CIRCLE( '', #5399, 0.410000000000000 );
#4385 = FILL_AREA_STYLE_COLOUR( '', #5400 );
#4386 = VERTEX_POINT( '', #5401 );
#4387 = VERTEX_POINT( '', #5402 );
#4388 = LINE( '', #5403, #5404 );
#4389 = VERTEX_POINT( '', #5405 );
#4390 = LINE( '', #5406, #5407 );
#4391 = VERTEX_POINT( '', #5408 );
#4392 = LINE( '', #5409, #5410 );
#4393 = LINE( '', #5411, #5412 );
#4394 = FILL_AREA_STYLE_COLOUR( '', #5413 );
#4395 = VERTEX_POINT( '', #5414 );
#4396 = VERTEX_POINT( '', #5415 );
#4397 = LINE( '', #5416, #5417 );
#4398 = VERTEX_POINT( '', #5418 );
#4399 = LINE( '', #5419, #5420 );
#4400 = VERTEX_POINT( '', #5421 );
#4401 = LINE( '', #5422, #5423 );
#4402 = LINE( '', #5424, #5425 );
#4403 = FILL_AREA_STYLE_COLOUR( '', #5426 );
#4404 = VERTEX_POINT( '', #5427 );
#4405 = VERTEX_POINT( '', #5428 );
#4406 = LINE( '', #5429, #5430 );
#4407 = VERTEX_POINT( '', #5431 );
#4408 = LINE( '', #5432, #5433 );
#4409 = VERTEX_POINT( '', #5434 );
#4410 = LINE( '', #5435, #5436 );
#4411 = LINE( '', #5437, #5438 );
#4412 = FILL_AREA_STYLE_COLOUR( '', #5439 );
#4413 = VERTEX_POINT( '', #5440 );
#4414 = VERTEX_POINT( '', #5441 );
#4415 = LINE( '', #5442, #5443 );
#4416 = VERTEX_POINT( '', #5444 );
#4417 = LINE( '', #5445, #5446 );
#4418 = VERTEX_POINT( '', #5447 );
#4419 = LINE( '', #5448, #5449 );
#4420 = LINE( '', #5450, #5451 );
#4421 = FILL_AREA_STYLE_COLOUR( '', #5452 );
#4422 = VERTEX_POINT( '', #5453 );
#4423 = VERTEX_POINT( '', #5454 );
#4424 = LINE( '', #5455, #5456 );
#4425 = LINE( '', #5457, #5458 );
#4426 = LINE( '', #5459, #5460 );
#4427 = FILL_AREA_STYLE_COLOUR( '', #5461 );
#4428 = VERTEX_POINT( '', #5462 );
#4429 = CIRCLE( '', #5463, 1.00000000000000 );
#4430 = VERTEX_POINT( '', #5464 );
#4431 = CIRCLE( '', #5465, 0.850000000000000 );
#4432 = FILL_AREA_STYLE_COLOUR( '', #5466 );
#4433 = VERTEX_POINT( '', #5467 );
#4434 = VERTEX_POINT( '', #5468 );
#4435 = LINE( '', #5469, #5470 );
#4436 = VERTEX_POINT( '', #5471 );
#4437 = LINE( '', #5472, #5473 );
#4438 = VERTEX_POINT( '', #5474 );
#4439 = LINE( '', #5475, #5476 );
#4440 = LINE( '', #5477, #5478 );
#4441 = FILL_AREA_STYLE_COLOUR( '', #5479 );
#4442 = VERTEX_POINT( '', #5480 );
#4443 = VERTEX_POINT( '', #5481 );
#4444 = LINE( '', #5482, #5483 );
#4445 = VERTEX_POINT( '', #5484 );
#4446 = LINE( '', #5485, #5486 );
#4447 = VERTEX_POINT( '', #5487 );
#4448 = LINE( '', #5488, #5489 );
#4449 = LINE( '', #5490, #5491 );
#4450 = FILL_AREA_STYLE_COLOUR( '', #5492 );
#4451 = VERTEX_POINT( '', #5493 );
#4452 = CIRCLE( '', #5494, 0.850000000000000 );
#4453 = VERTEX_POINT( '', #5495 );
#4454 = CIRCLE( '', #5496, 0.850000000000000 );
#4455 = FILL_AREA_STYLE_COLOUR( '', #5497 );
#4456 = VERTEX_POINT( '', #5498 );
#4457 = VERTEX_POINT( '', #5499 );
#4458 = LINE( '', #5500, #5501 );
#4459 = VERTEX_POINT( '', #5502 );
#4460 = LINE( '', #5503, #5504 );
#4461 = LINE( '', #5505, #5506 );
#4462 = VERTEX_POINT( '', #5507 );
#4463 = LINE( '', #5508, #5509 );
#4464 = LINE( '', #5510, #5511 );
#4465 = FILL_AREA_STYLE_COLOUR( '', #5512 );
#4466 = VERTEX_POINT( '', #5513 );
#4467 = VERTEX_POINT( '', #5514 );
#4468 = CIRCLE( '', #5515, 0.810000000000000 );
#4469 = VERTEX_POINT( '', #5516 );
#4470 = LINE( '', #5517, #5518 );
#4471 = VERTEX_POINT( '', #5519 );
#4472 = CIRCLE( '', #5520, 0.0100000000000000 );
#4473 = VERTEX_POINT( '', #5521 );
#4474 = LINE( '', #5522, #5523 );
#4475 = VERTEX_POINT( '', #5524 );
#4476 = LINE( '', #5525, #5526 );
#4477 = VERTEX_POINT( '', #5527 );
#4478 = LINE( '', #5528, #5529 );
#4479 = VERTEX_POINT( '', #5530 );
#4480 = CIRCLE( '', #5531, 0.410000000000000 );
#4481 = LINE( '', #5532, #5533 );
#4482 = FILL_AREA_STYLE_COLOUR( '', #5534 );
#4483 = VERTEX_POINT( '', #5535 );
#4484 = VERTEX_POINT( '', #5536 );
#4485 = LINE( '', #5537, #5538 );
#4486 = VERTEX_POINT( '', #5539 );
#4487 = LINE( '', #5540, #5541 );
#4488 = VERTEX_POINT( '', #5542 );
#4489 = LINE( '', #5543, #5544 );
#4490 = VERTEX_POINT( '', #5545 );
#4491 = LINE( '', #5546, #5547 );
#4492 = VERTEX_POINT( '', #5548 );
#4493 = LINE( '', #5549, #5550 );
#4494 = VERTEX_POINT( '', #5551 );
#4495 = LINE( '', #5552, #5553 );
#4496 = VERTEX_POINT( '', #5554 );
#4497 = LINE( '', #5555, #5556 );
#4498 = VERTEX_POINT( '', #5557 );
#4499 = LINE( '', #5558, #5559 );
#4500 = VERTEX_POINT( '', #5560 );
#4501 = LINE( '', #5561, #5562 );
#4502 = VERTEX_POINT( '', #5563 );
#4503 = LINE( '', #5564, #5565 );
#4504 = VERTEX_POINT( '', #5566 );
#4505 = LINE( '', #5567, #5568 );
#4506 = LINE( '', #5569, #5570 );
#4507 = FILL_AREA_STYLE_COLOUR( '', #5571 );
#4508 = VERTEX_POINT( '', #5572 );
#4509 = VERTEX_POINT( '', #5573 );
#4510 = LINE( '', #5574, #5575 );
#4511 = VERTEX_POINT( '', #5576 );
#4512 = LINE( '', #5577, #5578 );
#4513 = VERTEX_POINT( '', #5579 );
#4514 = LINE( '', #5580, #5581 );
#4515 = VERTEX_POINT( '', #5582 );
#4516 = LINE( '', #5583, #5584 );
#4517 = LINE( '', #5585, #5586 );
#4518 = FILL_AREA_STYLE_COLOUR( '', #5587 );
#4519 = VERTEX_POINT( '', #5588 );
#4520 = VERTEX_POINT( '', #5589 );
#4521 = LINE( '', #5590, #5591 );
#4522 = VERTEX_POINT( '', #5592 );
#4523 = LINE( '', #5593, #5594 );
#4524 = VERTEX_POINT( '', #5595 );
#4525 = LINE( '', #5596, #5597 );
#4526 = LINE( '', #5598, #5599 );
#4527 = FILL_AREA_STYLE_COLOUR( '', #5600 );
#4528 = VERTEX_POINT( '', #5601 );
#4529 = VERTEX_POINT( '', #5602 );
#4530 = LINE( '', #5603, #5604 );
#4531 = VERTEX_POINT( '', #5605 );
#4532 = CIRCLE( '', #5606, 0.750000000000000 );
#4533 = VERTEX_POINT( '', #5607 );
#4534 = LINE( '', #5608, #5609 );
#4535 = LINE( '', #5610, #5611 );
#4536 = FILL_AREA_STYLE_COLOUR( '', #5612 );
#4537 = VERTEX_POINT( '', #5613 );
#4538 = VERTEX_POINT( '', #5614 );
#4539 = LINE( '', #5615, #5616 );
#4540 = VERTEX_POINT( '', #5617 );
#4541 = CIRCLE( '', #5618, 0.750000000000000 );
#4542 = VERTEX_POINT( '', #5619 );
#4543 = LINE( '', #5620, #5621 );
#4544 = LINE( '', #5622, #5623 );
#4545 = FILL_AREA_STYLE_COLOUR( '', #5624 );
#4546 = VERTEX_POINT( '', #5625 );
#4547 = VERTEX_POINT( '', #5626 );
#4548 = LINE( '', #5627, #5628 );
#4549 = VERTEX_POINT( '', #5629 );
#4550 = LINE( '', #5630, #5631 );
#4551 = VERTEX_POINT( '', #5632 );
#4552 = LINE( '', #5633, #5634 );
#4553 = VERTEX_POINT( '', #5635 );
#4554 = LINE( '', #5636, #5637 );
#4555 = VERTEX_POINT( '', #5638 );
#4556 = LINE( '', #5639, #5640 );
#4557 = VERTEX_POINT( '', #5641 );
#4558 = LINE( '', #5642, #5643 );
#4559 = VERTEX_POINT( '', #5644 );
#4560 = LINE( '', #5645, #5646 );
#4561 = VERTEX_POINT( '', #5647 );
#4562 = LINE( '', #5648, #5649 );
#4563 = LINE( '', #5650, #5651 );
#4564 = FILL_AREA_STYLE_COLOUR( '', #5652 );
#4565 = VERTEX_POINT( '', #5653 );
#4566 = VERTEX_POINT( '', #5654 );
#4567 = LINE( '', #5655, #5656 );
#4568 = CIRCLE( '', #5657, 0.750000000000000 );
#4569 = FILL_AREA_STYLE_COLOUR( '', #5658 );
#4570 = VERTEX_POINT( '', #5659 );
#4571 = LINE( '', #5660, #5661 );
#4572 = LINE( '', #5662, #5663 );
#4573 = FILL_AREA_STYLE_COLOUR( '', #5664 );
#4574 = VERTEX_POINT( '', #5665 );
#4575 = VERTEX_POINT( '', #5666 );
#4576 = LINE( '', #5667, #5668 );
#4577 = VERTEX_POINT( '', #5669 );
#4578 = LINE( '', #5670, #5671 );
#4579 = VERTEX_POINT( '', #5672 );
#4580 = LINE( '', #5673, #5674 );
#4581 = LINE( '', #5675, #5676 );
#4582 = FILL_AREA_STYLE_COLOUR( '', #5677 );
#4583 = VERTEX_POINT( '', #5678 );
#4584 = VERTEX_POINT( '', #5679 );
#4585 = LINE( '', #5680, #5681 );
#4586 = VERTEX_POINT( '', #5682 );
#4587 = LINE( '', #5683, #5684 );
#4588 = VERTEX_POINT( '', #5685 );
#4589 = LINE( '', #5686, #5687 );
#4590 = LINE( '', #5688, #5689 );
#4591 = FILL_AREA_STYLE_COLOUR( '', #5690 );
#4592 = VERTEX_POINT( '', #5691 );
#4593 = VERTEX_POINT( '', #5692 );
#4594 = LINE( '', #5693, #5694 );
#4595 = VERTEX_POINT( '', #5695 );
#4596 = LINE( '', #5696, #5697 );
#4597 = VERTEX_POINT( '', #5698 );
#4598 = LINE( '', #5699, #5700 );
#4599 = LINE( '', #5701, #5702 );
#4600 = FILL_AREA_STYLE_COLOUR( '', #5703 );
#4601 = VERTEX_POINT( '', #5704 );
#4602 = LINE( '', #5705, #5706 );
#4603 = VERTEX_POINT( '', #5707 );
#4604 = CIRCLE( '', #5708, 0.810000000000000 );
#4605 = VERTEX_POINT( '', #5709 );
#4606 = LINE( '', #5710, #5711 );
#4607 = CIRCLE( '', #5712, 0.410000000000000 );
#4608 = FILL_AREA_STYLE_COLOUR( '', #5713 );
#4609 = VERTEX_POINT( '', #5714 );
#4610 = VERTEX_POINT( '', #5715 );
#4611 = LINE( '', #5716, #5717 );
#4612 = VERTEX_POINT( '', #5718 );
#4613 = LINE( '', #5719, #5720 );
#4614 = VERTEX_POINT( '', #5721 );
#4615 = LINE( '', #5722, #5723 );
#4616 = LINE( '', #5724, #5725 );
#4617 = FILL_AREA_STYLE_COLOUR( '', #5726 );
#4618 = VERTEX_POINT( '', #5727 );
#4619 = VERTEX_POINT( '', #5728 );
#4620 = LINE( '', #5729, #5730 );
#4621 = VERTEX_POINT( '', #5731 );
#4622 = LINE( '', #5732, #5733 );
#4623 = VERTEX_POINT( '', #5734 );
#4624 = LINE( '', #5735, #5736 );
#4625 = LINE( '', #5737, #5738 );
#4626 = FILL_AREA_STYLE_COLOUR( '', #5739 );
#4627 = VERTEX_POINT( '', #5740 );
#4628 = LINE( '', #5741, #5742 );
#4629 = VERTEX_POINT( '', #5743 );
#4630 = LINE( '', #5744, #5745 );
#4631 = VERTEX_POINT( '', #5746 );
#4632 = LINE( '', #5747, #5748 );
#4633 = VERTEX_POINT( '', #5749 );
#4634 = LINE( '', #5750, #5751 );
#4635 = VERTEX_POINT( '', #5752 );
#4636 = LINE( '', #5753, #5754 );
#4637 = VERTEX_POINT( '', #5755 );
#4638 = LINE( '', #5756, #5757 );
#4639 = VERTEX_POINT( '', #5758 );
#4640 = LINE( '', #5759, #5760 );
#4641 = VERTEX_POINT( '', #5761 );
#4642 = LINE( '', #5762, #5763 );
#4643 = LINE( '', #5764, #5765 );
#4644 = FILL_AREA_STYLE_COLOUR( '', #5766 );
#4645 = VERTEX_POINT( '', #5767 );
#4646 = LINE( '', #5768, #5769 );
#4647 = VERTEX_POINT( '', #5770 );
#4648 = LINE( '', #5771, #5772 );
#4649 = LINE( '', #5773, #5774 );
#4650 = FILL_AREA_STYLE_COLOUR( '', #5775 );
#4651 = VERTEX_POINT( '', #5776 );
#4652 = VERTEX_POINT( '', #5777 );
#4653 = LINE( '', #5778, #5779 );
#4654 = LINE( '', #5780, #5781 );
#4655 = LINE( '', #5782, #5783 );
#4656 = FILL_AREA_STYLE_COLOUR( '', #5784 );
#4657 = VERTEX_POINT( '', #5785 );
#4658 = VERTEX_POINT( '', #5786 );
#4659 = LINE( '', #5787, #5788 );
#4660 = LINE( '', #5789, #5790 );
#4661 = LINE( '', #5791, #5792 );
#4662 = FILL_AREA_STYLE_COLOUR( '', #5793 );
#4663 = VERTEX_POINT( '', #5794 );
#4664 = VERTEX_POINT( '', #5795 );
#4665 = LINE( '', #5796, #5797 );
#4666 = VERTEX_POINT( '', #5798 );
#4667 = LINE( '', #5799, #5800 );
#4668 = VERTEX_POINT( '', #5801 );
#4669 = LINE( '', #5802, #5803 );
#4670 = LINE( '', #5804, #5805 );
#4671 = FILL_AREA_STYLE_COLOUR( '', #5806 );
#4672 = VERTEX_POINT( '', #5807 );
#4673 = VERTEX_POINT( '', #5808 );
#4674 = LINE( '', #5809, #5810 );
#4675 = VERTEX_POINT( '', #5811 );
#4676 = LINE( '', #5812, #5813 );
#4677 = VERTEX_POINT( '', #5814 );
#4678 = LINE( '', #5815, #5816 );
#4679 = LINE( '', #5817, #5818 );
#4680 = FILL_AREA_STYLE_COLOUR( '', #5819 );
#4681 = VERTEX_POINT( '', #5820 );
#4682 = VERTEX_POINT( '', #5821 );
#4683 = LINE( '', #5822, #5823 );
#4684 = LINE( '', #5824, #5825 );
#4685 = LINE( '', #5826, #5827 );
#4686 = FILL_AREA_STYLE_COLOUR( '', #5828 );
#4687 = VERTEX_POINT( '', #5829 );
#4688 = VERTEX_POINT( '', #5830 );
#4689 = LINE( '', #5831, #5832 );
#4690 = LINE( '', #5833, #5834 );
#4691 = VERTEX_POINT( '', #5835 );
#4692 = LINE( '', #5836, #5837 );
#4693 = LINE( '', #5838, #5839 );
#4694 = FILL_AREA_STYLE_COLOUR( '', #5840 );
#4695 = VERTEX_POINT( '', #5841 );
#4696 = VERTEX_POINT( '', #5842 );
#4697 = CIRCLE( '', #5843, 0.0100000000000000 );
#4698 = VERTEX_POINT( '', #5844 );
#4699 = LINE( '', #5845, #5846 );
#4700 = VERTEX_POINT( '', #5847 );
#4701 = CIRCLE( '', #5848, 0.0100000000000000 );
#4702 = LINE( '', #5849, #5850 );
#4703 = FILL_AREA_STYLE_COLOUR( '', #5851 );
#4704 = VERTEX_POINT( '', #5852 );
#4705 = VERTEX_POINT( '', #5853 );
#4706 = LINE( '', #5854, #5855 );
#4707 = LINE( '', #5856, #5857 );
#4708 = LINE( '', #5858, #5859 );
#4709 = FILL_AREA_STYLE_COLOUR( '', #5860 );
#4710 = VERTEX_POINT( '', #5861 );
#4711 = VERTEX_POINT( '', #5862 );
#4712 = LINE( '', #5863, #5864 );
#4713 = VERTEX_POINT( '', #5865 );
#4714 = LINE( '', #5866, #5867 );
#4715 = VERTEX_POINT( '', #5868 );
#4716 = LINE( '', #5869, #5870 );
#4717 = LINE( '', #5871, #5872 );
#4718 = FILL_AREA_STYLE_COLOUR( '', #5873 );
#4719 = VERTEX_POINT( '', #5874 );
#4720 = LINE( '', #5875, #5876 );
#4721 = LINE( '', #5877, #5878 );
#4722 = FILL_AREA_STYLE_COLOUR( '', #5879 );
#4723 = LINE( '', #5880, #5881 );
#4724 = VERTEX_POINT( '', #5882 );
#4725 = LINE( '', #5883, #5884 );
#4726 = VERTEX_POINT( '', #5885 );
#4727 = CIRCLE( '', #5886, 0.750000000000000 );
#4728 = LINE( '', #5887, #5888 );
#4729 = LINE( '', #5889, #5890 );
#4730 = VERTEX_POINT( '', #5891 );
#4731 = CIRCLE( '', #5892, 0.750000000000000 );
#4732 = FILL_AREA_STYLE_COLOUR( '', #5893 );
#4733 = VERTEX_POINT( '', #5894 );
#4734 = CIRCLE( '', #5895, 1.00000000000000 );
#4735 = VERTEX_POINT( '', #5896 );
#4736 = CIRCLE( '', #5897, 1.00000000000000 );
#4737 = FILL_AREA_STYLE_COLOUR( '', #5898 );
#4738 = VERTEX_POINT( '', #5899 );
#4739 = VERTEX_POINT( '', #5900 );
#4740 = LINE( '', #5901, #5902 );
#4741 = VERTEX_POINT( '', #5903 );
#4742 = LINE( '', #5904, #5905 );
#4743 = VERTEX_POINT( '', #5906 );
#4744 = LINE( '', #5907, #5908 );
#4745 = LINE( '', #5909, #5910 );
#4746 = FILL_AREA_STYLE_COLOUR( '', #5911 );
#4747 = VERTEX_POINT( '', #5912 );
#4748 = LINE( '', #5913, #5914 );
#4749 = VERTEX_POINT( '', #5915 );
#4750 = LINE( '', #5916, #5917 );
#4751 = LINE( '', #5918, #5919 );
#4752 = FILL_AREA_STYLE_COLOUR( '', #5920 );
#4753 = VERTEX_POINT( '', #5921 );
#4754 = LINE( '', #5922, #5923 );
#4755 = LINE( '', #5924, #5925 );
#4756 = VERTEX_POINT( '', #5926 );
#4757 = LINE( '', #5927, #5928 );
#4758 = LINE( '', #5929, #5930 );
#4759 = VERTEX_POINT( '', #5931 );
#4760 = LINE( '', #5932, #5933 );
#4761 = VERTEX_POINT( '', #5934 );
#4762 = LINE( '', #5935, #5936 );
#4763 = LINE( '', #5937, #5938 );
#4764 = FILL_AREA_STYLE_COLOUR( '', #5939 );
#4765 = VERTEX_POINT( '', #5940 );
#4766 = VERTEX_POINT( '', #5941 );
#4767 = LINE( '', #5942, #5943 );
#4768 = VERTEX_POINT( '', #5944 );
#4769 = LINE( '', #5945, #5946 );
#4770 = VERTEX_POINT( '', #5947 );
#4771 = LINE( '', #5948, #5949 );
#4772 = VERTEX_POINT( '', #5950 );
#4773 = LINE( '', #5951, #5952 );
#4774 = LINE( '', #5953, #5954 );
#4775 = FILL_AREA_STYLE_COLOUR( '', #5955 );
#4776 = VERTEX_POINT( '', #5956 );
#4777 = LINE( '', #5957, #5958 );
#4778 = VERTEX_POINT( '', #5959 );
#4779 = LINE( '', #5960, #5961 );
#4780 = LINE( '', #5962, #5963 );
#4781 = FILL_AREA_STYLE_COLOUR( '', #5964 );
#4782 = VERTEX_POINT( '', #5965 );
#4783 = VERTEX_POINT( '', #5966 );
#4784 = LINE( '', #5967, #5968 );
#4785 = VERTEX_POINT( '', #5969 );
#4786 = LINE( '', #5970, #5971 );
#4787 = VERTEX_POINT( '', #5972 );
#4788 = LINE( '', #5973, #5974 );
#4789 = VERTEX_POINT( '', #5975 );
#4790 = LINE( '', #5976, #5977 );
#4791 = LINE( '', #5978, #5979 );
#4792 = FILL_AREA_STYLE_COLOUR( '', #5980 );
#4793 = VERTEX_POINT( '', #5981 );
#4794 = VERTEX_POINT( '', #5982 );
#4795 = LINE( '', #5983, #5984 );
#4796 = VERTEX_POINT( '', #5985 );
#4797 = LINE( '', #5986, #5987 );
#4798 = VERTEX_POINT( '', #5988 );
#4799 = LINE( '', #5989, #5990 );
#4800 = LINE( '', #5991, #5992 );
#4801 = FILL_AREA_STYLE_COLOUR( '', #5993 );
#4802 = VERTEX_POINT( '', #5994 );
#4803 = VERTEX_POINT( '', #5995 );
#4804 = LINE( '', #5996, #5997 );
#4805 = VERTEX_POINT( '', #5998 );
#4806 = LINE( '', #5999, #6000 );
#4807 = VERTEX_POINT( '', #6001 );
#4808 = LINE( '', #6002, #6003 );
#4809 = LINE( '', #6004, #6005 );
#4810 = FILL_AREA_STYLE_COLOUR( '', #6006 );
#4811 = VERTEX_POINT( '', #6007 );
#4812 = VERTEX_POINT( '', #6008 );
#4813 = LINE( '', #6009, #6010 );
#4814 = VERTEX_POINT( '', #6011 );
#4815 = LINE( '', #6012, #6013 );
#4816 = VERTEX_POINT( '', #6014 );
#4817 = LINE( '', #6015, #6016 );
#4818 = LINE( '', #6017, #6018 );
#4819 = FILL_AREA_STYLE_COLOUR( '', #6019 );
#4820 = VERTEX_POINT( '', #6020 );
#4821 = LINE( '', #6021, #6022 );
#4822 = VERTEX_POINT( '', #6023 );
#4823 = LINE( '', #6024, #6025 );
#4824 = LINE( '', #6026, #6027 );
#4825 = FILL_AREA_STYLE_COLOUR( '', #6028 );
#4826 = VERTEX_POINT( '', #6029 );
#4827 = VERTEX_POINT( '', #6030 );
#4828 = LINE( '', #6031, #6032 );
#4829 = VERTEX_POINT( '', #6033 );
#4830 = LINE( '', #6034, #6035 );
#4831 = VERTEX_POINT( '', #6036 );
#4832 = LINE( '', #6037, #6038 );
#4833 = LINE( '', #6039, #6040 );
#4834 = FILL_AREA_STYLE_COLOUR( '', #6041 );
#4835 = LINE( '', #6042, #6043 );
#4836 = LINE( '', #6044, #6045 );
#4837 = LINE( '', #6046, #6047 );
#4838 = FILL_AREA_STYLE_COLOUR( '', #6048 );
#4839 = VERTEX_POINT( '', #6049 );
#4840 = CIRCLE( '', #6050, 1.00000000000000 );
#4841 = FILL_AREA_STYLE_COLOUR( '', #6051 );
#4842 = VERTEX_POINT( '', #6052 );
#4843 = VERTEX_POINT( '', #6053 );
#4844 = LINE( '', #6054, #6055 );
#4845 = VERTEX_POINT( '', #6056 );
#4846 = LINE( '', #6057, #6058 );
#4847 = VERTEX_POINT( '', #6059 );
#4848 = LINE( '', #6060, #6061 );
#4849 = LINE( '', #6062, #6063 );
#4850 = FILL_AREA_STYLE_COLOUR( '', #6064 );
#4851 = VERTEX_POINT( '', #6065 );
#4852 = VERTEX_POINT( '', #6066 );
#4853 = LINE( '', #6067, #6068 );
#4854 = LINE( '', #6069, #6070 );
#4855 = LINE( '', #6071, #6072 );
#4856 = FILL_AREA_STYLE_COLOUR( '', #6073 );
#4857 = VERTEX_POINT( '', #6074 );
#4858 = VERTEX_POINT( '', #6075 );
#4859 = LINE( '', #6076, #6077 );
#4860 = LINE( '', #6078, #6079 );
#4861 = LINE( '', #6080, #6081 );
#4862 = FILL_AREA_STYLE_COLOUR( '', #6082 );
#4863 = VERTEX_POINT( '', #6083 );
#4864 = VERTEX_POINT( '', #6084 );
#4865 = LINE( '', #6085, #6086 );
#4866 = VERTEX_POINT( '', #6087 );
#4867 = LINE( '', #6088, #6089 );
#4868 = VERTEX_POINT( '', #6090 );
#4869 = LINE( '', #6091, #6092 );
#4870 = LINE( '', #6093, #6094 );
#4871 = FILL_AREA_STYLE_COLOUR( '', #6095 );
#4872 = VERTEX_POINT( '', #6096 );
#4873 = LINE( '', #6097, #6098 );
#4874 = VERTEX_POINT( '', #6099 );
#4875 = LINE( '', #6100, #6101 );
#4876 = LINE( '', #6102, #6103 );
#4877 = FILL_AREA_STYLE_COLOUR( '', #6104 );
#4878 = LINE( '', #6105, #6106 );
#4879 = LINE( '', #6107, #6108 );
#4880 = LINE( '', #6109, #6110 );
#4881 = FILL_AREA_STYLE_COLOUR( '', #6111 );
#4882 = LINE( '', #6112, #6113 );
#4883 = VERTEX_POINT( '', #6114 );
#4884 = CIRCLE( '', #6115, 0.810000000000000 );
#4885 = VERTEX_POINT( '', #6116 );
#4886 = LINE( '', #6117, #6118 );
#4887 = CIRCLE( '', #6119, 0.810000000000000 );
#4888 = FILL_AREA_STYLE_COLOUR( '', #6120 );
#4889 = VERTEX_POINT( '', #6121 );
#4890 = VERTEX_POINT( '', #6122 );
#4891 = LINE( '', #6123, #6124 );
#4892 = LINE( '', #6125, #6126 );
#4893 = LINE( '', #6127, #6128 );
#4894 = FILL_AREA_STYLE_COLOUR( '', #6129 );
#4895 = VERTEX_POINT( '', #6130 );
#4896 = LINE( '', #6131, #6132 );
#4897 = VERTEX_POINT( '', #6133 );
#4898 = LINE( '', #6134, #6135 );
#4899 = LINE( '', #6136, #6137 );
#4900 = FILL_AREA_STYLE_COLOUR( '', #6138 );
#4901 = LINE( '', #6139, #6140 );
#4902 = LINE( '', #6141, #6142 );
#4903 = FILL_AREA_STYLE_COLOUR( '', #6143 );
#4904 = LINE( '', #6144, #6145 );
#4905 = LINE( '', #6146, #6147 );
#4906 = FILL_AREA_STYLE_COLOUR( '', #6148 );
#4907 = VERTEX_POINT( '', #6149 );
#4908 = VERTEX_POINT( '', #6150 );
#4909 = LINE( '', #6151, #6152 );
#4910 = VERTEX_POINT( '', #6153 );
#4911 = LINE( '', #6154, #6155 );
#4912 = VERTEX_POINT( '', #6156 );
#4913 = LINE( '', #6157, #6158 );
#4914 = LINE( '', #6159, #6160 );
#4915 = FILL_AREA_STYLE_COLOUR( '', #6161 );
#4916 = VERTEX_POINT( '', #6162 );
#4917 = CIRCLE( '', #6163, 1.05000000000000 );
#4918 = VERTEX_POINT( '', #6164 );
#4919 = CIRCLE( '', #6165, 0.950000000000000 );
#4920 = FILL_AREA_STYLE_COLOUR( '', #6166 );
#4921 = VERTEX_POINT( '', #6167 );
#4922 = LINE( '', #6168, #6169 );
#4923 = VERTEX_POINT( '', #6170 );
#4924 = LINE( '', #6171, #6172 );
#4925 = LINE( '', #6173, #6174 );
#4926 = FILL_AREA_STYLE_COLOUR( '', #6175 );
#4927 = VERTEX_POINT( '', #6176 );
#4928 = LINE( '', #6177, #6178 );
#4929 = VERTEX_POINT( '', #6179 );
#4930 = LINE( '', #6180, #6181 );
#4931 = LINE( '', #6182, #6183 );
#4932 = FILL_AREA_STYLE_COLOUR( '', #6184 );
#4933 = VERTEX_POINT( '', #6185 );
#4934 = LINE( '', #6186, #6187 );
#4935 = VERTEX_POINT( '', #6188 );
#4936 = LINE( '', #6189, #6190 );
#4937 = LINE( '', #6191, #6192 );
#4938 = FILL_AREA_STYLE_COLOUR( '', #6193 );
#4939 = VERTEX_POINT( '', #6194 );
#4940 = LINE( '', #6195, #6196 );
#4941 = LINE( '', #6197, #6198 );
#4942 = FILL_AREA_STYLE_COLOUR( '', #6199 );
#4943 = VERTEX_POINT( '', #6200 );
#4944 = LINE( '', #6201, #6202 );
#4945 = VERTEX_POINT( '', #6203 );
#4946 = LINE( '', #6204, #6205 );
#4947 = LINE( '', #6206, #6207 );
#4948 = FILL_AREA_STYLE_COLOUR( '', #6208 );
#4949 = VERTEX_POINT( '', #6209 );
#4950 = LINE( '', #6210, #6211 );
#4951 = VERTEX_POINT( '', #6212 );
#4952 = LINE( '', #6213, #6214 );
#4953 = LINE( '', #6215, #6216 );
#4954 = FILL_AREA_STYLE_COLOUR( '', #6217 );
#4955 = VERTEX_POINT( '', #6218 );
#4956 = LINE( '', #6219, #6220 );
#4957 = VERTEX_POINT( '', #6221 );
#4958 = LINE( '', #6222, #6223 );
#4959 = LINE( '', #6224, #6225 );
#4960 = FILL_AREA_STYLE_COLOUR( '', #6226 );
#4961 = LINE( '', #6227, #6228 );
#4962 = LINE( '', #6229, #6230 );
#4963 = VERTEX_POINT( '', #6231 );
#4964 = VERTEX_POINT( '', #6232 );
#4965 = LINE( '', #6233, #6234 );
#4966 = VERTEX_POINT( '', #6235 );
#4967 = LINE( '', #6236, #6237 );
#4968 = VERTEX_POINT( '', #6238 );
#4969 = LINE( '', #6239, #6240 );
#4970 = LINE( '', #6241, #6242 );
#4971 = VERTEX_POINT( '', #6243 );
#4972 = VERTEX_POINT( '', #6244 );
#4973 = LINE( '', #6245, #6246 );
#4974 = VERTEX_POINT( '', #6247 );
#4975 = LINE( '', #6248, #6249 );
#4976 = VERTEX_POINT( '', #6250 );
#4977 = LINE( '', #6251, #6252 );
#4978 = LINE( '', #6253, #6254 );
#4979 = VERTEX_POINT( '', #6255 );
#4980 = VERTEX_POINT( '', #6256 );
#4981 = LINE( '', #6257, #6258 );
#4982 = LINE( '', #6259, #6260 );
#4983 = LINE( '', #6261, #6262 );
#4984 = FILL_AREA_STYLE_COLOUR( '', #6263 );
#4985 = LINE( '', #6264, #6265 );
#4986 = FILL_AREA_STYLE_COLOUR( '', #6266 );
#4987 = VERTEX_POINT( '', #6267 );
#4988 = VERTEX_POINT( '', #6268 );
#4989 = LINE( '', #6269, #6270 );
#4990 = LINE( '', #6271, #6272 );
#4991 = VERTEX_POINT( '', #6273 );
#4992 = LINE( '', #6274, #6275 );
#4993 = LINE( '', #6276, #6277 );
#4994 = VERTEX_POINT( '', #6278 );
#4995 = LINE( '', #6279, #6280 );
#4996 = VERTEX_POINT( '', #6281 );
#4997 = LINE( '', #6282, #6283 );
#4998 = LINE( '', #6284, #6285 );
#4999 = VERTEX_POINT( '', #6286 );
#5000 = LINE( '', #6287, #6288 );
#5001 = LINE( '', #6289, #6290 );
#5002 = FILL_AREA_STYLE_COLOUR( '', #6291 );
#5003 = VERTEX_POINT( '', #6292 );
#5004 = CIRCLE( '', #6293, 0.0100000000000000 );
#5005 = LINE( '', #6294, #6295 );
#5006 = FILL_AREA_STYLE_COLOUR( '', #6296 );
#5007 = LINE( '', #6297, #6298 );
#5008 = FILL_AREA_STYLE_COLOUR( '', #6299 );
#5009 = LINE( '', #6300, #6301 );
#5010 = LINE( '', #6302, #6303 );
#5011 = VERTEX_POINT( '', #6304 );
#5012 = LINE( '', #6305, #6306 );
#5013 = VERTEX_POINT( '', #6307 );
#5014 = LINE( '', #6308, #6309 );
#5015 = VERTEX_POINT( '', #6310 );
#5016 = LINE( '', #6311, #6312 );
#5017 = VERTEX_POINT( '', #6313 );
#5018 = LINE( '', #6314, #6315 );
#5019 = VERTEX_POINT( '', #6316 );
#5020 = LINE( '', #6317, #6318 );
#5021 = LINE( '', #6319, #6320 );
#5022 = FILL_AREA_STYLE_COLOUR( '', #6321 );
#5023 = LINE( '', #6322, #6323 );
#5024 = LINE( '', #6324, #6325 );
#5025 = LINE( '', #6326, #6327 );
#5026 = VERTEX_POINT( '', #6328 );
#5027 = LINE( '', #6329, #6330 );
#5028 = LINE( '', #6331, #6332 );
#5029 = FILL_AREA_STYLE_COLOUR( '', #6333 );
#5030 = VERTEX_POINT( '', #6334 );
#5031 = VERTEX_POINT( '', #6335 );
#5032 = LINE( '', #6336, #6337 );
#5033 = VERTEX_POINT( '', #6338 );
#5034 = CIRCLE( '', #6339, 1.05000000000000 );
#5035 = VERTEX_POINT( '', #6340 );
#5036 = LINE( '', #6341, #6342 );
#5037 = VERTEX_POINT( '', #6343 );
#5038 = CIRCLE( '', #6344, 1.05000000000000 );
#5039 = VERTEX_POINT( '', #6345 );
#5040 = LINE( '', #6346, #6347 );
#5041 = VERTEX_POINT( '', #6348 );
#5042 = CIRCLE( '', #6349, 1.05000000000000 );
#5043 = VERTEX_POINT( '', #6350 );
#5044 = LINE( '', #6351, #6352 );
#5045 = CIRCLE( '', #6353, 1.05000000000000 );
#5046 = FILL_AREA_STYLE_COLOUR( '', #6354 );
#5047 = VERTEX_POINT( '', #6355 );
#5048 = LINE( '', #6356, #6357 );
#5049 = VERTEX_POINT( '', #6358 );
#5050 = LINE( '', #6359, #6360 );
#5051 = LINE( '', #6361, #6362 );
#5052 = FILL_AREA_STYLE_COLOUR( '', #6363 );
#5053 = VERTEX_POINT( '', #6364 );
#5054 = LINE( '', #6365, #6366 );
#5055 = LINE( '', #6367, #6368 );
#5056 = LINE( '', #6369, #6370 );
#5057 = FILL_AREA_STYLE_COLOUR( '', #6371 );
#5058 = VERTEX_POINT( '', #6372 );
#5059 = CIRCLE( '', #6373, 1.00000000000000 );
#5060 = FILL_AREA_STYLE_COLOUR( '', #6374 );
#5061 = LINE( '', #6375, #6376 );
#5062 = FILL_AREA_STYLE_COLOUR( '', #6377 );
#5063 = LINE( '', #6378, #6379 );
#5064 = FILL_AREA_STYLE_COLOUR( '', #6380 );
#5065 = VERTEX_POINT( '', #6381 );
#5066 = VERTEX_POINT( '', #6382 );
#5067 = LINE( '', #6383, #6384 );
#5068 = CIRCLE( '', #6385, 0.950000000000000 );
#5069 = FILL_AREA_STYLE_COLOUR( '', #6386 );
#5070 = VERTEX_POINT( '', #6387 );
#5071 = VERTEX_POINT( '', #6388 );
#5072 = LINE( '', #6389, #6390 );
#5073 = VERTEX_POINT( '', #6391 );
#5074 = LINE( '', #6392, #6393 );
#5075 = VERTEX_POINT( '', #6394 );
#5076 = LINE( '', #6395, #6396 );
#5077 = LINE( '', #6397, #6398 );
#5078 = FILL_AREA_STYLE_COLOUR( '', #6399 );
#5079 = VERTEX_POINT( '', #6400 );
#5080 = LINE( '', #6401, #6402 );
#5081 = VERTEX_POINT( '', #6403 );
#5082 = LINE( '', #6404, #6405 );
#5083 = LINE( '', #6406, #6407 );
#5084 = FILL_AREA_STYLE_COLOUR( '', #6408 );
#5085 = VERTEX_POINT( '', #6409 );
#5086 = B_SPLINE_CURVE_WITH_KNOTS( '', 3, ( #6410, #6411, #6412, #6413, #6414, #6415, #6416, #6417, #6418, #6419, #6420, #6421, #6422, #6423, #6424, #6425 ), .UNSPECIFIED., .F., .F., ( 4, 3, 3, 3, 3, 4 ), ( 0.000000000000000, 3.52009261419035E-005, 7.04368948123529E-005, 0.000105116541577426, 0.000138909544599553, 0.000158319356276545 ), .UNSPECIFIED. );
#5087 = VERTEX_POINT( '', #6426 );
#5088 = CIRCLE( '', #6427, 0.950000000000000 );
#5089 = B_SPLINE_CURVE_WITH_KNOTS( '', 3, ( #6428, #6429, #6430, #6431, #6432, #6433, #6434, #6435, #6436, #6437, #6438, #6439, #6440, #6441, #6442, #6443 ), .UNSPECIFIED., .F., .F., ( 4, 3, 3, 3, 3, 4 ), ( 0.000000000000000, 3.29828661255444E-005, 6.59458907891043E-005, 9.92215702855510E-005, 0.000133246596968628, 0.000158317098236764 ), .UNSPECIFIED. );
#5090 = FILL_AREA_STYLE_COLOUR( '', #6444 );
#5091 = VERTEX_POINT( '', #6445 );
#5092 = VERTEX_POINT( '', #6446 );
#5093 = LINE( '', #6447, #6448 );
#5094 = VERTEX_POINT( '', #6449 );
#5095 = LINE( '', #6450, #6451 );
#5096 = VERTEX_POINT( '', #6452 );
#5097 = LINE( '', #6453, #6454 );
#5098 = LINE( '', #6455, #6456 );
#5099 = FILL_AREA_STYLE_COLOUR( '', #6457 );
#5100 = VERTEX_POINT( '', #6458 );
#5101 = VERTEX_POINT( '', #6459 );
#5102 = LINE( '', #6460, #6461 );
#5103 = LINE( '', #6462, #6463 );
#5104 = VERTEX_POINT( '', #6464 );
#5105 = LINE( '', #6465, #6466 );
#5106 = LINE( '', #6467, #6468 );
#5107 = LINE( '', #6469, #6470 );
#5108 = FILL_AREA_STYLE_COLOUR( '', #6471 );
#5109 = VERTEX_POINT( '', #6472 );
#5110 = VERTEX_POINT( '', #6473 );
#5111 = LINE( '', #6474, #6475 );
#5112 = LINE( '', #6476, #6477 );
#5113 = VERTEX_POINT( '', #6478 );
#5114 = LINE( '', #6479, #6480 );
#5115 = VERTEX_POINT( '', #6481 );
#5116 = LINE( '', #6482, #6483 );
#5117 = LINE( '', #6484, #6485 );
#5118 = VERTEX_POINT( '', #6486 );
#5119 = LINE( '', #6487, #6488 );
#5120 = VERTEX_POINT( '', #6489 );
#5121 = LINE( '', #6490, #6491 );
#5122 = LINE( '', #6492, #6493 );
#5123 = LINE( '', #6494, #6495 );
#5124 = LINE( '', #6496, #6497 );
#5125 = FILL_AREA_STYLE_COLOUR( '', #6498 );
#5126 = LINE( '', #6499, #6500 );
#5127 = LINE( '', #6501, #6502 );
#5128 = VERTEX_POINT( '', #6503 );
#5129 = CIRCLE( '', #6504, 0.850000000000000 );
#5130 = FILL_AREA_STYLE_COLOUR( '', #6505 );
#5131 = VERTEX_POINT( '', #6506 );
#5132 = LINE( '', #6507, #6508 );
#5133 = VERTEX_POINT( '', #6509 );
#5134 = LINE( '', #6510, #6511 );
#5135 = LINE( '', #6512, #6513 );
#5136 = FILL_AREA_STYLE_COLOUR( '', #6514 );
#5137 = LINE( '', #6515, #6516 );
#5138 = VERTEX_POINT( '', #6517 );
#5139 = LINE( '', #6518, #6519 );
#5140 = LINE( '', #6520, #6521 );
#5141 = FILL_AREA_STYLE_COLOUR( '', #6522 );
#5142 = LINE( '', #6523, #6524 );
#5143 = LINE( '', #6525, #6526 );
#5144 = FILL_AREA_STYLE_COLOUR( '', #6527 );
#5145 = FILL_AREA_STYLE_COLOUR( '', #6528 );
#5146 = VERTEX_POINT( '', #6529 );
#5147 = LINE( '', #6530, #6531 );
#5148 = VERTEX_POINT( '', #6532 );
#5149 = LINE( '', #6533, #6534 );
#5150 = LINE( '', #6535, #6536 );
#5151 = FILL_AREA_STYLE_COLOUR( '', #6537 );
#5152 = VERTEX_POINT( '', #6538 );
#5153 = LINE( '', #6539, #6540 );
#5154 = VERTEX_POINT( '', #6541 );
#5155 = LINE( '', #6542, #6543 );
#5156 = LINE( '', #6544, #6545 );
#5157 = FILL_AREA_STYLE_COLOUR( '', #6546 );
#5158 = VERTEX_POINT( '', #6547 );
#5159 = LINE( '', #6548, #6549 );
#5160 = LINE( '', #6550, #6551 );
#5161 = FILL_AREA_STYLE_COLOUR( '', #6552 );
#5162 = VERTEX_POINT( '', #6553 );
#5163 = LINE( '', #6554, #6555 );
#5164 = VERTEX_POINT( '', #6556 );
#5165 = LINE( '', #6557, #6558 );
#5166 = LINE( '', #6559, #6560 );
#5167 = FILL_AREA_STYLE_COLOUR( '', #6561 );
#5168 = LINE( '', #6562, #6563 );
#5169 = LINE( '', #6564, #6565 );
#5170 = FILL_AREA_STYLE_COLOUR( '', #6566 );
#5171 = VERTEX_POINT( '', #6567 );
#5172 = CIRCLE( '', #6568, 0.750000000000000 );
#5173 = VERTEX_POINT( '', #6569 );
#5174 = CIRCLE( '', #6570, 0.670000000000000 );
#5175 = FILL_AREA_STYLE_COLOUR( '', #6571 );
#5176 = FILL_AREA_STYLE_COLOUR( '', #6572 );
#5177 = LINE( '', #6573, #6574 );
#5178 = LINE( '', #6575, #6576 );
#5179 = FILL_AREA_STYLE_COLOUR( '', #6577 );
#5180 = LINE( '', #6578, #6579 );
#5181 = LINE( '', #6580, #6581 );
#5182 = FILL_AREA_STYLE_COLOUR( '', #6582 );
#5183 = LINE( '', #6583, #6584 );
#5184 = LINE( '', #6585, #6586 );
#5185 = LINE( '', #6587, #6588 );
#5186 = FILL_AREA_STYLE_COLOUR( '', #6589 );
#5187 = VERTEX_POINT( '', #6590 );
#5188 = LINE( '', #6591, #6592 );
#5189 = CIRCLE( '', #6593, 0.410000000000000 );
#5190 = LINE( '', #6594, #6595 );
#5191 = FILL_AREA_STYLE_COLOUR( '', #6596 );
#5192 = LINE( '', #6597, #6598 );
#5193 = FILL_AREA_STYLE_COLOUR( '', #6599 );
#5194 = LINE( '', #6600, #6601 );
#5195 = LINE( '', #6602, #6603 );
#5196 = LINE( '', #6604, #6605 );
#5197 = FILL_AREA_STYLE_COLOUR( '', #6606 );
#5198 = VERTEX_POINT( '', #6607 );
#5199 = LINE( '', #6608, #6609 );
#5200 = LINE( '', #6610, #6611 );
#5201 = FILL_AREA_STYLE_COLOUR( '', #6612 );
#5202 = VERTEX_POINT( '', #6613 );
#5203 = LINE( '', #6614, #6615 );
#5204 = VERTEX_POINT( '', #6616 );
#5205 = LINE( '', #6617, #6618 );
#5206 = LINE( '', #6619, #6620 );
#5207 = FILL_AREA_STYLE_COLOUR( '', #6621 );
#5208 = LINE( '', #6622, #6623 );
#5209 = FILL_AREA_STYLE_COLOUR( '', #6624 );
#5210 = VERTEX_POINT( '', #6625 );
#5211 = LINE( '', #6626, #6627 );
#5212 = LINE( '', #6628, #6629 );
#5213 = FILL_AREA_STYLE_COLOUR( '', #6630 );
#5214 = VERTEX_POINT( '', #6631 );
#5215 = CIRCLE( '', #6632, 1.00000000000000 );
#5216 = LINE( '', #6633, #6634 );
#5217 = FILL_AREA_STYLE_COLOUR( '', #6635 );
#5218 = LINE( '', #6636, #6637 );
#5219 = FILL_AREA_STYLE_COLOUR( '', #6638 );
#5220 = LINE( '', #6639, #6640 );
#5221 = FILL_AREA_STYLE_COLOUR( '', #6641 );
#5222 = LINE( '', #6642, #6643 );
#5223 = FILL_AREA_STYLE_COLOUR( '', #6644 );
#5224 = VERTEX_POINT( '', #6645 );
#5225 = VERTEX_POINT( '', #6646 );
#5226 = LINE( '', #6647, #6648 );
#5227 = VERTEX_POINT( '', #6649 );
#5228 = LINE( '', #6650, #6651 );
#5229 = LINE( '', #6652, #6653 );
#5230 = LINE( '', #6654, #6655 );
#5231 = LINE( '', #6656, #6657 );
#5232 = FILL_AREA_STYLE_COLOUR( '', #6658 );
#5233 = FILL_AREA_STYLE_COLOUR( '', #6659 );
#5234 = FILL_AREA_STYLE_COLOUR( '', #6660 );
#5235 = VERTEX_POINT( '', #6661 );
#5236 = LINE( '', #6662, #6663 );
#5237 = CIRCLE( '', #6664, 0.410000000000000 );
#5238 = FILL_AREA_STYLE_COLOUR( '', #6665 );
#5239 = VERTEX_POINT( '', #6666 );
#5240 = LINE( '', #6667, #6668 );
#5241 = LINE( '', #6669, #6670 );
#5242 = VERTEX_POINT( '', #6671 );
#5243 = LINE( '', #6672, #6673 );
#5244 = LINE( '', #6674, #6675 );
#5245 = LINE( '', #6676, #6677 );
#5246 = FILL_AREA_STYLE_COLOUR( '', #6678 );
#5247 = LINE( '', #6679, #6680 );
#5248 = LINE( '', #6681, #6682 );
#5249 = LINE( '', #6683, #6684 );
#5250 = FILL_AREA_STYLE_COLOUR( '', #6685 );
#5251 = LINE( '', #6686, #6687 );
#5252 = FILL_AREA_STYLE_COLOUR( '', #6688 );
#5253 = VERTEX_POINT( '', #6689 );
#5254 = LINE( '', #6690, #6691 );
#5255 = LINE( '', #6692, #6693 );
#5256 = LINE( '', #6694, #6695 );
#5257 = LINE( '', #6696, #6697 );
#5258 = LINE( '', #6698, #6699 );
#5259 = LINE( '', #6700, #6701 );
#5260 = LINE( '', #6702, #6703 );
#5261 = LINE( '', #6704, #6705 );
#5262 = LINE( '', #6706, #6707 );
#5263 = VERTEX_POINT( '', #6708 );
#5264 = LINE( '', #6709, #6710 );
#5265 = LINE( '', #6711, #6712 );
#5266 = LINE( '', #6713, #6714 );
#5267 = LINE( '', #6715, #6716 );
#5268 = LINE( '', #6717, #6718 );
#5269 = LINE( '', #6719, #6720 );
#5270 = VERTEX_POINT( '', #6721 );
#5271 = LINE( '', #6722, #6723 );
#5272 = LINE( '', #6724, #6725 );
#5273 = VERTEX_POINT( '', #6726 );
#5274 = LINE( '', #6727, #6728 );
#5275 = LINE( '', #6729, #6730 );
#5276 = FILL_AREA_STYLE_COLOUR( '', #6731 );
#5277 = VERTEX_POINT( '', #6732 );
#5278 = VERTEX_POINT( '', #6733 );
#5279 = LINE( '', #6734, #6735 );
#5280 = LINE( '', #6736, #6737 );
#5281 = LINE( '', #6738, #6739 );
#5282 = FILL_AREA_STYLE_COLOUR( '', #6740 );
#5283 = VERTEX_POINT( '', #6741 );
#5284 = LINE( '', #6742, #6743 );
#5285 = LINE( '', #6744, #6745 );
#5286 = FILL_AREA_STYLE_COLOUR( '', #6746 );
#5287 = LINE( '', #6747, #6748 );
#5288 = FILL_AREA_STYLE_COLOUR( '', #6749 );
#5289 = LINE( '', #6750, #6751 );
#5290 = FILL_AREA_STYLE_COLOUR( '', #6752 );
#5291 = VERTEX_POINT( '', #6753 );
#5292 = LINE( '', #6754, #6755 );
#5293 = LINE( '', #6756, #6757 );
#5294 = FILL_AREA_STYLE_COLOUR( '', #6758 );
#5295 = VERTEX_POINT( '', #6759 );
#5296 = CIRCLE( '', #6760, 0.750000000000000 );
#5297 = FILL_AREA_STYLE_COLOUR( '', #6761 );
#5298 = FILL_AREA_STYLE_COLOUR( '', #6762 );
#5299 = FILL_AREA_STYLE_COLOUR( '', #6763 );
#5300 = LINE( '', #6764, #6765 );
#5301 = FILL_AREA_STYLE_COLOUR( '', #6766 );
#5302 = VERTEX_POINT( '', #6767 );
#5303 = LINE( '', #6768, #6769 );
#5304 = LINE( '', #6770, #6771 );
#5305 = FILL_AREA_STYLE_COLOUR( '', #6772 );
#5306 = FILL_AREA_STYLE_COLOUR( '', #6773 );
#5307 = FILL_AREA_STYLE_COLOUR( '', #6774 );
#5308 = LINE( '', #6775, #6776 );
#5309 = FILL_AREA_STYLE_COLOUR( '', #6777 );
#5310 = FILL_AREA_STYLE_COLOUR( '', #6778 );
#5311 = FILL_AREA_STYLE_COLOUR( '', #6779 );
#5312 = FILL_AREA_STYLE_COLOUR( '', #6780 );
#5313 = FILL_AREA_STYLE_COLOUR( '', #6781 );
#5314 = LINE( '', #6782, #6783 );
#5315 = FILL_AREA_STYLE_COLOUR( '', #6784 );
#5316 = FILL_AREA_STYLE_COLOUR( '', #6785 );
#5317 = LINE( '', #6786, #6787 );
#5318 = LINE( '', #6788, #6789 );
#5319 = FILL_AREA_STYLE_COLOUR( '', #6790 );
#5320 = FILL_AREA_STYLE_COLOUR( '', #6791 );
#5321 = VERTEX_POINT( '', #6792 );
#5322 = LINE( '', #6793, #6794 );
#5323 = LINE( '', #6795, #6796 );
#5324 = FILL_AREA_STYLE_COLOUR( '', #6797 );
#5325 = LINE( '', #6798, #6799 );
#5326 = FILL_AREA_STYLE_COLOUR( '', #6800 );
#5327 = VERTEX_POINT( '', #6801 );
#5328 = LINE( '', #6802, #6803 );
#5329 = LINE( '', #6804, #6805 );
#5330 = LINE( '', #6806, #6807 );
#5331 = LINE( '', #6808, #6809 );
#5332 = FILL_AREA_STYLE_COLOUR( '', #6810 );
#5333 = VERTEX_POINT( '', #6811 );
#5334 = LINE( '', #6812, #6813 );
#5335 = LINE( '', #6814, #6815 );
#5336 = VERTEX_POINT( '', #6816 );
#5337 = LINE( '', #6817, #6818 );
#5338 = LINE( '', #6819, #6820 );
#5339 = FILL_AREA_STYLE_COLOUR( '', #6821 );
#5340 = LINE( '', #6822, #6823 );
#5341 = FILL_AREA_STYLE_COLOUR( '', #6824 );
#5342 = FILL_AREA_STYLE_COLOUR( '', #6825 );
#5343 = FILL_AREA_STYLE_COLOUR( '', #6826 );
#5344 = FILL_AREA_STYLE_COLOUR( '', #6827 );
#5345 = FILL_AREA_STYLE_COLOUR( '', #6828 );
#5346 = LINE( '', #6829, #6830 );
#5347 = FILL_AREA_STYLE_COLOUR( '', #6831 );
#5348 = LINE( '', #6832, #6833 );
#5349 = FILL_AREA_STYLE_COLOUR( '', #6834 );
#5350 = B_SPLINE_CURVE_WITH_KNOTS( '', 3, ( #6835, #6836, #6837, #6838, #6839, #6840, #6841, #6842, #6843, #6844, #6845, #6846, #6847, #6848, #6849, #6850 ), .UNSPECIFIED., .F., .F., ( 4, 3, 3, 3, 3, 4 ), ( 0.000000000000000, 3.29828661255444E-005, 6.59458907891043E-005, 9.92215702855510E-005, 0.000133246596968628, 0.000158317098236764 ), .UNSPECIFIED. );
#5351 = B_SPLINE_CURVE_WITH_KNOTS( '', 3, ( #6851, #6852, #6853, #6854, #6855, #6856, #6857, #6858, #6859, #6860, #6861, #6862, #6863, #6864, #6865, #6866 ), .UNSPECIFIED., .F., .F., ( 4, 3, 3, 3, 3, 4 ), ( 0.000000000000000, 3.52009261419035E-005, 7.04368948123529E-005, 0.000105116541577426, 0.000138909544599553, 0.000158319356276545 ), .UNSPECIFIED. );
#5352 = FILL_AREA_STYLE_COLOUR( '', #6867 );
#5353 = LINE( '', #6868, #6869 );
#5354 = FILL_AREA_STYLE_COLOUR( '', #6870 );
#5355 = LINE( '', #6871, #6872 );
#5356 = FILL_AREA_STYLE_COLOUR( '', #6873 );
#5357 = FILL_AREA_STYLE_COLOUR( '', #6874 );
#5358 = LINE( '', #6875, #6876 );
#5359 = FILL_AREA_STYLE_COLOUR( '', #6877 );
#5360 = LINE( '', #6878, #6879 );
#5361 = FILL_AREA_STYLE_COLOUR( '', #6880 );
#5362 = LINE( '', #6881, #6882 );
#5363 = FILL_AREA_STYLE_COLOUR( '', #6883 );
#5364 = LINE( '', #6884, #6885 );
#5365 = FILL_AREA_STYLE_COLOUR( '', #6886 );
#5366 = LINE( '', #6887, #6888 );
#5367 = FILL_AREA_STYLE_COLOUR( '', #6889 );
#5368 = LINE( '', #6890, #6891 );
#5369 = FILL_AREA_STYLE_COLOUR( '', #6892 );
#5370 = FILL_AREA_STYLE_COLOUR( '', #6893 );
#5371 = FILL_AREA_STYLE_COLOUR( '', #6894 );
#5372 = LINE( '', #6895, #6896 );
#5373 = FILL_AREA_STYLE_COLOUR( '', #6897 );
#5374 = FILL_AREA_STYLE_COLOUR( '', #6898 );
#5375 = FILL_AREA_STYLE_COLOUR( '', #6899 );
#5376 = FILL_AREA_STYLE_COLOUR( '', #6900 );
#5377 = FILL_AREA_STYLE_COLOUR( '', #6901 );
#5378 = FILL_AREA_STYLE_COLOUR( '', #6902 );
#5379 = FILL_AREA_STYLE_COLOUR( '', #6903 );
#5380 = FILL_AREA_STYLE_COLOUR( '', #6904 );
#5381 = FILL_AREA_STYLE_COLOUR( '', #6905 );
#5382 = FILL_AREA_STYLE_COLOUR( '', #6906 );
#5383 = FILL_AREA_STYLE_COLOUR( '', #6907 );
#5384 = COLOUR_RGB( '', 0.392156869200000, 0.600000023800000, 0.392156869200000 );
#5385 = CARTESIAN_POINT( '', ( 0.850000000000000, -0.250000000000000, 3.65000000000000 ) );
#5386 = AXIS2_PLACEMENT_3D( '', #6908, #6909, #6910 );
#5387 = CARTESIAN_POINT( '', ( 0.850000000000000, -0.250000000000000, 3.95000000000000 ) );
#5388 = AXIS2_PLACEMENT_3D( '', #6911, #6912, #6913 );
#5389 = COLOUR_RGB( '', 0.740392148500000, 0.778039217000000, 0.800000011900000 );
#5390 = CARTESIAN_POINT( '', ( -0.650000000000000, 1.19000000000000, 2.15500000000000 ) );
#5391 = CARTESIAN_POINT( '', ( 0.650000000000000, 1.19000000000000, 2.15500000000000 ) );
#5392 = CARTESIAN_POINT( '', ( -1.07500000000000, 1.19000000000000, 2.15500000000000 ) );
#5393 = VECTOR( '', #6914, 1000.00000000000 );
#5394 = CARTESIAN_POINT( '', ( 0.650000000000000, 1.60000000000000, 1.74500000000000 ) );
#5395 = AXIS2_PLACEMENT_3D( '', #6915, #6916, #6917 );
#5396 = CARTESIAN_POINT( '', ( -0.650000000000000, 1.60000000000000, 1.74500000000000 ) );
#5397 = CARTESIAN_POINT( '', ( -1.07500000000000, 1.60000000000000, 1.74500000000000 ) );
#5398 = VECTOR( '', #6918, 1000.00000000000 );
#5399 = AXIS2_PLACEMENT_3D( '', #6919, #6920, #6921 );
#5400 = COLOUR_RGB( '', 0.392156869200000, 0.600000023800000, 0.392156869200000 );
#5401 = CARTESIAN_POINT( '', ( 1.46400014956577, -2.75000000000000, 1.55000000000000 ) );
#5402 = CARTESIAN_POINT( '', ( 3.55599985043423, -2.75000000000000, 1.55000000000000 ) );
#5403 = CARTESIAN_POINT( '', ( 1.46400014956577, -2.75000000000000, 1.55000000000000 ) );
#5404 = VECTOR( '', #6922, 1000.00000000000 );
#5405 = CARTESIAN_POINT( '', ( 1.60960035895786, -2.05000000000000, 0.550296395280519 ) );
#5406 = CARTESIAN_POINT( '', ( 1.44345479179469, -2.84877561646239, 1.69106619976549 ) );
#5407 = VECTOR( '', #6923, 1000.00000000000 );
#5408 = CARTESIAN_POINT( '', ( 3.41039964104215, -2.05000000000000, 0.550296395280519 ) );
#5409 = CARTESIAN_POINT( '', ( 0.000000000000000, -2.05000000000000, 0.550296395280519 ) );
#5410 = VECTOR( '', #6924, 1000.00000000000 );
#5411 = CARTESIAN_POINT( '', ( 3.42256999994188, -2.10851125671717, 0.633859129933130 ) );
#5412 = VECTOR( '', #6925, 1000.00000000000 );
#5413 = COLOUR_RGB( '', 0.740392148500000, 0.778039217000000, 0.800000011900000 );
#5414 = CARTESIAN_POINT( '', ( 0.450000000000000, -4.60000000000000, -0.395000000000000 ) );
#5415 = CARTESIAN_POINT( '', ( 0.250000000000000, -5.30000000000000, -0.395000000000000 ) );
#5416 = CARTESIAN_POINT( '', ( 0.150000000000000, -5.65000000000000, -0.395000000000000 ) );
#5417 = VECTOR( '', #6926, 1000.00000000000 );
#5418 = CARTESIAN_POINT( '', ( 0.450000000000000, -4.60000000000000, 0.00499999999999887 ) );
#5419 = CARTESIAN_POINT( '', ( 0.450000000000000, -4.60000000000000, -0.395000000000000 ) );
#5420 = VECTOR( '', #6927, 1000.00000000000 );
#5421 = CARTESIAN_POINT( '', ( 0.250000000000000, -5.30000000000000, 0.00499999999999888 ) );
#5422 = CARTESIAN_POINT( '', ( 0.250000000000000, -5.30000000000000, 0.00499999999999888 ) );
#5423 = VECTOR( '', #6928, 1000.00000000000 );
#5424 = CARTESIAN_POINT( '', ( 0.250000000000000, -5.30000000000000, 0.00499999999999893 ) );
#5425 = VECTOR( '', #6929, 1000.00000000000 );
#5426 = COLOUR_RGB( '', 0.392156869200000, 0.600000023800000, 0.392156869200000 );
#5427 = CARTESIAN_POINT( '', ( -1.89000000000000, 1.85000000000000, 1.05000000000000 ) );
#5428 = CARTESIAN_POINT( '', ( -1.89000000000000, 1.85000000000000, -2.45000000000000 ) );
#5429 = CARTESIAN_POINT( '', ( -1.89000000000000, 1.85000000000000, 1.05000000000000 ) );
#5430 = VECTOR( '', #6930, 1000.00000000000 );
#5431 = CARTESIAN_POINT( '', ( -1.89000000000000, 1.45000000000000, -2.45000000000000 ) );
#5432 = CARTESIAN_POINT( '', ( -1.89000000000000, 1.85000000000000, -2.45000000000000 ) );
#5433 = VECTOR( '', #6931, 1000.00000000000 );
#5434 = CARTESIAN_POINT( '', ( -1.89000000000000, 1.45000000000000, 1.05000000000000 ) );
#5435 = CARTESIAN_POINT( '', ( -1.89000000000000, 1.45000000000000, 1.05000000000000 ) );
#5436 = VECTOR( '', #6932, 1000.00000000000 );
#5437 = CARTESIAN_POINT( '', ( -1.89000000000000, 1.85000000000000, 1.05000000000000 ) );
#5438 = VECTOR( '', #6933, 1000.00000000000 );
#5439 = COLOUR_RGB( '', 0.392156869200000, 0.600000023800000, 0.392156869200000 );
#5440 = CARTESIAN_POINT( '', ( 3.19000000000000, -2.25000000000000, -1.85000000000000 ) );
#5441 = CARTESIAN_POINT( '', ( 3.19000000000000, -2.25000000000000, -2.45000000000000 ) );
#5442 = CARTESIAN_POINT( '', ( 3.19000000000000, -2.25000000000000, -1.25000000000000 ) );
#5443 = VECTOR( '', #6934, 1000.00000000000 );
#5444 = CARTESIAN_POINT( '', ( 3.19000000000000, -1.85000000000000, -1.25372670807453 ) );
#5445 = CARTESIAN_POINT( '', ( 3.19000000000000, -1.97241711665330, -1.43621185091175 ) );
#5446 = VECTOR( '', #6935, 1000.00000000000 );
#5447 = CARTESIAN_POINT( '', ( 3.19000000000000, -1.85000000000000, -2.45000000000000 ) );
#5448 = CARTESIAN_POINT( '', ( 3.19000000000000, -1.85000000000000, 1.05000000000000 ) );
#5449 = VECTOR( '', #6936, 1000.00000000000 );
#5450 = CARTESIAN_POINT( '', ( 3.19000000000000, -2.25000000000000, -2.45000000000000 ) );
#5451 = VECTOR( '', #6937, 1000.00000000000 );
#5452 = COLOUR_RGB( '', 0.392156869200000, 0.600000023800000, 0.392156869200000 );
#5453 = CARTESIAN_POINT( '', ( 1.89000000000000, -2.25000000000000, -1.85000000000000 ) );
#5454 = CARTESIAN_POINT( '', ( 1.89000000000000, -2.25000000000000, -2.45000000000000 ) );
#5455 = CARTESIAN_POINT( '', ( 1.89000000000000, -2.25000000000000, -1.25000000000000 ) );
#5456 = VECTOR( '', #6938, 1000.00000000000 );
#5457 = CARTESIAN_POINT( '', ( 1.89000000000000, -2.25000000000000, -1.85000000000000 ) );
#5458 = VECTOR( '', #6939, 1000.00000000000 );
#5459 = CARTESIAN_POINT( '', ( 1.89000000000000, -2.25000000000000, -2.45000000000000 ) );
#5460 = VECTOR( '', #6940, 1000.00000000000 );
#5461 = COLOUR_RGB( '', 0.392156869200000, 0.600000023800000, 0.392156869200000 );
#5462 = CARTESIAN_POINT( '', ( 3.54000000000000, -0.250000000000000, 3.95000000000000 ) );
#5463 = AXIS2_PLACEMENT_3D( '', #6941, #6942, #6943 );
#5464 = CARTESIAN_POINT( '', ( 3.39000000000000, -0.250000000000000, 3.95000000000000 ) );
#5465 = AXIS2_PLACEMENT_3D( '', #6944, #6945, #6946 );
#5466 = COLOUR_RGB( '', 0.392156869200000, 0.600000023800000, 0.392156869200000 );
#5467 = CARTESIAN_POINT( '', ( -3.61599985043423, -2.75000000000000, 1.55000000000000 ) );
#5468 = CARTESIAN_POINT( '', ( -3.72000000000000, -3.25000000000000, 1.55000000000000 ) );
#5469 = CARTESIAN_POINT( '', ( -3.48075055864485, -2.09976395536892, 1.55000000000000 ) );
#5470 = VECTOR( '', #6947, 1000.00000000000 );
#5471 = CARTESIAN_POINT( '', ( -1.52400014956578, -2.75000000000000, 1.55000000000000 ) );
#5472 = CARTESIAN_POINT( '', ( -3.61599985043423, -2.75000000000000, 1.55000000000000 ) );
#5473 = VECTOR( '', #6948, 1000.00000000000 );
#5474 = CARTESIAN_POINT( '', ( -1.42000000000000, -3.25000000000000, 1.55000000000000 ) );
#5475 = CARTESIAN_POINT( '', ( -1.42000000000000, -3.25000000000000, 1.55000000000000 ) );
#5476 = VECTOR( '', #6949, 1000.00000000000 );
#5477 = CARTESIAN_POINT( '', ( -3.72000000000000, -3.25000000000000, 1.55000000000000 ) );
#5478 = VECTOR( '', #6950, 1000.00000000000 );
#5479 = COLOUR_RGB( '', 0.392156869200000, 0.600000023800000, 0.392156869200000 );
#5480 = CARTESIAN_POINT( '', ( -0.650000000000000, 1.85000000000000, 1.05000000000000 ) );
#5481 = CARTESIAN_POINT( '', ( -0.650000000000000, 1.85000000000000, -2.45000000000000 ) );
#5482 = CARTESIAN_POINT( '', ( -0.650000000000000, 1.85000000000000, 1.05000000000000 ) );
#5483 = VECTOR( '', #6951, 1000.00000000000 );
#5484 = CARTESIAN_POINT( '', ( -1.05000000000000, 1.85000000000000, -2.45000000000000 ) );
#5485 = CARTESIAN_POINT( '', ( -0.650000000000000, 1.85000000000000, -2.45000000000000 ) );
#5486 = VECTOR( '', #6952, 1000.00000000000 );
#5487 = CARTESIAN_POINT( '', ( -1.05000000000000, 1.85000000000000, 1.05000000000000 ) );
#5488 = CARTESIAN_POINT( '', ( -1.05000000000000, 1.85000000000000, 1.05000000000000 ) );
#5489 = VECTOR( '', #6953, 1000.00000000000 );
#5490 = CARTESIAN_POINT( '', ( -0.650000000000000, 1.85000000000000, 1.05000000000000 ) );
#5491 = VECTOR( '', #6954, 1000.00000000000 );
#5492 = COLOUR_RGB( '', 0.392156869200000, 0.600000023800000, 0.392156869200000 );
#5493 = CARTESIAN_POINT( '', ( -1.69000000000000, -0.250000000000000, 3.65000000000000 ) );
#5494 = AXIS2_PLACEMENT_3D( '', #6955, #6956, #6957 );
#5495 = CARTESIAN_POINT( '', ( -1.69000000000000, -0.250000000000000, 3.95000000000000 ) );
#5496 = AXIS2_PLACEMENT_3D( '', #6958, #6959, #6960 );
#5497 = COLOUR_RGB( '', 0.740392148500000, 0.778039217000000, 0.800000011900000 );
#5498 = CARTESIAN_POINT( '', ( -0.450000000000000, -2.01000000000000, 0.00499999999999882 ) );
#5499 = CARTESIAN_POINT( '', ( -0.450000000000000, -4.60000000000000, 0.00499999999999890 ) );
#5500 = CARTESIAN_POINT( '', ( -0.450000000000000, -5.30000000000000, 0.00499999999999888 ) );
#5501 = VECTOR( '', #6961, 1000.00000000000 );
#5502 = CARTESIAN_POINT( '', ( -0.250000000000000, -5.30000000000000, 0.00499999999999888 ) );
#5503 = CARTESIAN_POINT( '', ( -0.450000000000000, -4.60000000000000, 0.00499999999999893 ) );
#5504 = VECTOR( '', #6962, 1000.00000000000 );
#5505 = CARTESIAN_POINT( '', ( -1.07500000000000, -5.30000000000000, 0.00499999999999888 ) );
#5506 = VECTOR( '', #6963, 1000.00000000000 );
#5507 = CARTESIAN_POINT( '', ( 0.450000000000000, -2.01000000000000, 0.00499999999999882 ) );
#5508 = CARTESIAN_POINT( '', ( 0.450000000000000, -5.30000000000000, 0.00499999999999888 ) );
#5509 = VECTOR( '', #6964, 1000.00000000000 );
#5510 = CARTESIAN_POINT( '', ( -1.07500000000000, -2.01000000000000, 0.00499999999999882 ) );
#5511 = VECTOR( '', #6965, 1000.00000000000 );
#5512 = COLOUR_RGB( '', 0.740392148500000, 0.778039217000000, 0.800000011900000 );
#5513 = CARTESIAN_POINT( '', ( 0.650000000000000, -1.60000000000000, -0.283569967862910 ) );
#5514 = CARTESIAN_POINT( '', ( 0.650000000000000, -1.20000000000000, 0.415000000000000 ) );
#5515 = AXIS2_PLACEMENT_3D( '', #6966, #6967, #6968 );
#5516 = CARTESIAN_POINT( '', ( 0.650000000000000, -1.20000000000000, 1.74500000000000 ) );
#5517 = CARTESIAN_POINT( '', ( 0.650000000000000, -1.20000000000000, 0.415000000000000 ) );
#5518 = VECTOR( '', #6969, 1000.00000000000 );
#5519 = CARTESIAN_POINT( '', ( 0.650000000000000, -1.19000000000000, 1.75500000000000 ) );
#5520 = AXIS2_PLACEMENT_3D( '', #6970, #6971, #6972 );
#5521 = CARTESIAN_POINT( '', ( 0.650000000000000, -0.510000000000000, 1.75500000000000 ) );
#5522 = CARTESIAN_POINT( '', ( 0.650000000000000, -1.19000000000000, 1.75500000000000 ) );
#5523 = VECTOR( '', #6973, 1000.00000000000 );
#5524 = CARTESIAN_POINT( '', ( 0.650000000000000, -0.510000000000000, 2.15500000000000 ) );
#5525 = CARTESIAN_POINT( '', ( 0.650000000000000, -0.510000000000000, -6.05733827846856 ) );
#5526 = VECTOR( '', #6974, 1000.00000000000 );
#5527 = CARTESIAN_POINT( '', ( 0.650000000000000, -1.19000000000000, 2.15500000000000 ) );
#5528 = CARTESIAN_POINT( '', ( 0.650000000000000, -1.60000000000000, 2.15500000000000 ) );
#5529 = VECTOR( '', #6975, 1000.00000000000 );
#5530 = CARTESIAN_POINT( '', ( 0.650000000000000, -1.60000000000000, 1.74500000000000 ) );
#5531 = AXIS2_PLACEMENT_3D( '', #6976, #6977, #6978 );
#5532 = CARTESIAN_POINT( '', ( 0.650000000000000, -1.60000000000000, -6.05733827846856 ) );
#5533 = VECTOR( '', #6979, 1000.00000000000 );
#5534 = COLOUR_RGB( '', 0.392156869200000, 0.600000023800000, 0.392156869200000 );
#5535 = CARTESIAN_POINT( '', ( 1.89000000000000, 2.35000000000000, -1.35000000000000 ) );
#5536 = CARTESIAN_POINT( '', ( 1.89000000000000, 2.35000000000000, -2.45000000000000 ) );
#5537 = CARTESIAN_POINT( '', ( 1.89000000000000, 2.35000000000000, 1.05000000000000 ) );
#5538 = VECTOR( '', #6980, 1000.00000000000 );
#5539 = CARTESIAN_POINT( '', ( 3.19000000000000, 2.35000000000000, -1.35000000000000 ) );
#5540 = CARTESIAN_POINT( '', ( 1.49000000000000, 2.35000000000000, -1.35000000000000 ) );
#5541 = VECTOR( '', #6981, 1000.00000000000 );
#5542 = CARTESIAN_POINT( '', ( 3.19000000000000, 2.35000000000000, -2.45000000000000 ) );
#5543 = CARTESIAN_POINT( '', ( 3.19000000000000, 2.35000000000000, 1.05000000000000 ) );
#5544 = VECTOR( '', #6982, 1000.00000000000 );
#5545 = CARTESIAN_POINT( '', ( 3.59000000000000, 2.35000000000000, -2.45000000000000 ) );
#5546 = CARTESIAN_POINT( '', ( 1.49000000000000, 2.35000000000000, -2.45000000000000 ) );
#5547 = VECTOR( '', #6983, 1000.00000000000 );
#5548 = CARTESIAN_POINT( '', ( 3.59000000000000, 2.35000000000000, 1.05000000000000 ) );
#5549 = CARTESIAN_POINT( '', ( 3.59000000000000, 2.35000000000000, 1.05000000000000 ) );
#5550 = VECTOR( '', #6984, 1000.00000000000 );
#5551 = CARTESIAN_POINT( '', ( 3.24000000000000, 2.35000000000000, 1.05000000000000 ) );
#5552 = CARTESIAN_POINT( '', ( 1.49000000000000, 2.35000000000000, 1.05000000000000 ) );
#5553 = VECTOR( '', #6985, 1000.00000000000 );
#5554 = CARTESIAN_POINT( '', ( 3.24000000000000, 2.35000000000000, -0.750000000000000 ) );
#5555 = CARTESIAN_POINT( '', ( 3.24000000000000, 2.35000000000000, -0.750000000000000 ) );
#5556 = VECTOR( '', #6986, 1000.00000000000 );
#5557 = CARTESIAN_POINT( '', ( 1.84000000000000, 2.35000000000000, -0.750000000000000 ) );
#5558 = CARTESIAN_POINT( '', ( 1.84000000000000, 2.35000000000000, -0.750000000000000 ) );
#5559 = VECTOR( '', #6987, 1000.00000000000 );
#5560 = CARTESIAN_POINT( '', ( 1.84000000000000, 2.35000000000000, 1.05000000000000 ) );
#5561 = CARTESIAN_POINT( '', ( 1.84000000000000, 2.35000000000000, -0.750000000000000 ) );
#5562 = VECTOR( '', #6988, 1000.00000000000 );
#5563 = CARTESIAN_POINT( '', ( 1.49000000000000, 2.35000000000000, 1.05000000000000 ) );
#5564 = CARTESIAN_POINT( '', ( 1.49000000000000, 2.35000000000000, 1.05000000000000 ) );
#5565 = VECTOR( '', #6989, 1000.00000000000 );
#5566 = CARTESIAN_POINT( '', ( 1.49000000000000, 2.35000000000000, -2.45000000000000 ) );
#5567 = CARTESIAN_POINT( '', ( 1.49000000000000, 2.35000000000000, 1.05000000000000 ) );
#5568 = VECTOR( '', #6990, 1000.00000000000 );
#5569 = CARTESIAN_POINT( '', ( 1.49000000000000, 2.35000000000000, -2.45000000000000 ) );
#5570 = VECTOR( '', #6991, 1000.00000000000 );
#5571 = COLOUR_RGB( '', 0.392156869200000, 0.600000023800000, 0.392156869200000 );
#5572 = CARTESIAN_POINT( '', ( -1.18000000000000, -3.25000000000000, -1.95000000000000 ) );
#5573 = CARTESIAN_POINT( '', ( -1.18000000000000, -3.25000000000000, 1.55000000000000 ) );
#5574 = CARTESIAN_POINT( '', ( -1.18000000000000, -3.25000000000000, -2.45000000000000 ) );
#5575 = VECTOR( '', #6992, 1000.00000000000 );
#5576 = CARTESIAN_POINT( '', ( -0.930399641042147, -2.05000000000000, -0.850402591179092 ) );
#5577 = CARTESIAN_POINT( '', ( -1.00285822191650, -2.39835806091090, -1.16961394211201 ) );
#5578 = VECTOR( '', #6993, 1000.00000000000 );
#5579 = CARTESIAN_POINT( '', ( -0.930399641042147, -2.05000000000000, 0.550296395280519 ) );
#5580 = CARTESIAN_POINT( '', ( -0.930399641042147, -2.05000000000000, -0.200000000000000 ) );
#5581 = VECTOR( '', #6994, 1000.00000000000 );
#5582 = CARTESIAN_POINT( '', ( -1.07599985043423, -2.75000000000000, 1.55000000000000 ) );
#5583 = CARTESIAN_POINT( '', ( -1.09654520820531, -2.84877561646239, 1.69106619976549 ) );
#5584 = VECTOR( '', #6995, 1000.00000000000 );
#5585 = CARTESIAN_POINT( '', ( -0.940750558644853, -2.09976395536892, 1.55000000000000 ) );
#5586 = VECTOR( '', #6996, 1000.00000000000 );
#5587 = COLOUR_RGB( '', 0.392156869200000, 0.600000023800000, 0.392156869200000 );
#5588 = CARTESIAN_POINT( '', ( 1.89000000000000, 1.45000000000000, 1.05000000000000 ) );
#5589 = CARTESIAN_POINT( '', ( 1.89000000000000, 1.45000000000000, -2.45000000000000 ) );
#5590 = CARTESIAN_POINT( '', ( 1.89000000000000, 1.45000000000000, 1.05000000000000 ) );
#5591 = VECTOR( '', #6997, 1000.00000000000 );
#5592 = CARTESIAN_POINT( '', ( 1.89000000000000, 1.85000000000000, -2.45000000000000 ) );
#5593 = CARTESIAN_POINT( '', ( 1.89000000000000, 1.45000000000000, -2.45000000000000 ) );
#5594 = VECTOR( '', #6998, 1000.00000000000 );
#5595 = CARTESIAN_POINT( '', ( 1.89000000000000, 1.85000000000000, 1.05000000000000 ) );
#5596 = CARTESIAN_POINT( '', ( 1.89000000000000, 1.85000000000000, 1.05000000000000 ) );
#5597 = VECTOR( '', #6999, 1000.00000000000 );
#5598 = CARTESIAN_POINT( '', ( 1.89000000000000, 1.45000000000000, 1.05000000000000 ) );
#5599 = VECTOR( '', #7000, 1000.00000000000 );
#5600 = COLOUR_RGB( '', 0.740392148500000, 0.778039217000000, 0.800000011900000 );
#5601 = CARTESIAN_POINT( '', ( -0.650000000000000, -0.374165738677394, 0.750000000000000 ) );
#5602 = CARTESIAN_POINT( '', ( -0.650000000000000, -1.49999999999999, 0.750000000000000 ) );
#5603 = CARTESIAN_POINT( '', ( -0.650000000000000, 3.81130868995580, 0.750000000000000 ) );
#5604 = VECTOR( '', #7001, 1000.00000000000 );
#5605 = CARTESIAN_POINT( '', ( 0.650000000000000, -0.374165738677395, 0.750000000000000 ) );
#5606 = AXIS2_PLACEMENT_3D( '', #7002, #7003, #7004 );
#5607 = CARTESIAN_POINT( '', ( 0.650000000000000, -1.49999999999999, 0.750000000000000 ) );
#5608 = CARTESIAN_POINT( '', ( 0.650000000000000, 3.81130868995580, 0.750000000000000 ) );
#5609 = VECTOR( '', #7005, 1000.00000000000 );
#5610 = CARTESIAN_POINT( '', ( -0.650000000000000, -1.49999999999999, 0.750000000000000 ) );
#5611 = VECTOR( '', #7006, 1000.00000000000 );
#5612 = COLOUR_RGB( '', 0.740392148500000, 0.778039217000000, 0.800000011900000 );
#5613 = CARTESIAN_POINT( '', ( 0.650000000000000, 1.50000000000000, 0.750000000000000 ) );
#5614 = CARTESIAN_POINT( '', ( 0.650000000000000, 0.374165738677395, 0.750000000000000 ) );
#5615 = CARTESIAN_POINT( '', ( 0.650000000000000, 3.81130868995580, 0.750000000000000 ) );
#5616 = VECTOR( '', #7007, 1000.00000000000 );
#5617 = CARTESIAN_POINT( '', ( -0.650000000000000, 0.374165738677394, 0.750000000000000 ) );
#5618 = AXIS2_PLACEMENT_3D( '', #7008, #7009, #7010 );
#5619 = CARTESIAN_POINT( '', ( -0.650000000000000, 1.49999999999999, 0.750000000000000 ) );
#5620 = CARTESIAN_POINT( '', ( -0.650000000000000, 3.81130868995580, 0.750000000000000 ) );
#5621 = VECTOR( '', #7011, 1000.00000000000 );
#5622 = CARTESIAN_POINT( '', ( 1.00000000000000, 1.49999999999999, 0.750000000000000 ) );
#5623 = VECTOR( '', #7012, 1000.00000000000 );
#5624 = COLOUR_RGB( '', 0.392156869200000, 0.600000023800000, 0.392156869200000 );
#5625 = CARTESIAN_POINT( '', ( 1.12000000000000, -3.25000000000000, 1.55000000000000 ) );
#5626 = CARTESIAN_POINT( '', ( 1.12000000000000, -3.25000000000000, -1.95000000000000 ) );
#5627 = CARTESIAN_POINT( '', ( 1.12000000000000, -3.25000000000000, -2.45000000000000 ) );
#5628 = VECTOR( '', #7013, 1000.00000000000 );
#5629 = CARTESIAN_POINT( '', ( 1.01599985043423, -2.75000000000000, 1.55000000000000 ) );
#5630 = CARTESIAN_POINT( '', ( 1.12000000000000, -3.25000000000000, 1.55000000000000 ) );
#5631 = VECTOR( '', #7014, 1000.00000000000 );
#5632 = CARTESIAN_POINT( '', ( 0.870399641042147, -2.05000000000000, 0.550296395280519 ) );
#5633 = CARTESIAN_POINT( '', ( 0.882569999941882, -2.10851125671717, 0.633859129933130 ) );
#5634 = VECTOR( '', #7015, 1000.00000000000 );
#5635 = CARTESIAN_POINT( '', ( 0.870399641042146, -2.05000000000000, 0.550000000000000 ) );
#5636 = CARTESIAN_POINT( '', ( 0.870399641042147, -2.05000000000000, -0.200000000000000 ) );
#5637 = VECTOR( '', #7016, 1000.00000000000 );
#5638 = CARTESIAN_POINT( '', ( 0.900000000000000, -2.19230921340711, 0.550000000000000 ) );
#5639 = CARTESIAN_POINT( '', ( -1.86912970855115, 11.1207952393893, 0.550000000000000 ) );
#5640 = VECTOR( '', #7017, 1000.00000000000 );
#5641 = CARTESIAN_POINT( '', ( 0.899999999999976, -2.19230921340700, -0.850000000000000 ) );
#5642 = CARTESIAN_POINT( '', ( 0.900000000000000, -2.19230921340711, 0.550000000000000 ) );
#5643 = VECTOR( '', #7018, 1000.00000000000 );
#5644 = CARTESIAN_POINT( '', ( 0.870399641042146, -2.05000000000000, -0.850000000000000 ) );
#5645 = CARTESIAN_POINT( '', ( 1.12000000000000, -3.25000000000000, -0.850000000000000 ) );
#5646 = VECTOR( '', #7019, 1000.00000000000 );
#5647 = CARTESIAN_POINT( '', ( 0.870399641042147, -2.05000000000000, -0.850402591179092 ) );
#5648 = CARTESIAN_POINT( '', ( 0.870399641042147, -2.05000000000000, -0.200000000000000 ) );
#5649 = VECTOR( '', #7020, 1000.00000000000 );
#5650 = CARTESIAN_POINT( '', ( 1.03590396224682, -2.84569270763406, -1.57952062412251 ) );
#5651 = VECTOR( '', #7021, 1000.00000000000 );
#5652 = COLOUR_RGB( '', 0.740392148500000, 0.778039217000000, 0.800000011900000 );
#5653 = CARTESIAN_POINT( '', ( -0.650000000000000, -0.374165738677394, 0.450000000000000 ) );
#5654 = CARTESIAN_POINT( '', ( -0.650000000000000, 0.374165738677394, 0.450000000000000 ) );
#5655 = CARTESIAN_POINT( '', ( -0.650000000000000, 3.81130868995580, 0.450000000000000 ) );
#5656 = VECTOR( '', #7022, 1000.00000000000 );
#5657 = AXIS2_PLACEMENT_3D( '', #7023, #7024, #7025 );
#5658 = COLOUR_RGB( '', 0.740392148500000, 0.778039217000000, 0.800000011900000 );
#5659 = CARTESIAN_POINT( '', ( -0.250000000000000, -5.30000000000000, -0.395000000000000 ) );
#5660 = CARTESIAN_POINT( '', ( -0.250000000000000, -5.30000000000000, -0.395000000000000 ) );
#5661 = VECTOR( '', #7026, 1000.00000000000 );
#5662 = CARTESIAN_POINT( '', ( -1.07500000000000, -5.30000000000000, -0.395000000000000 ) );
#5663 = VECTOR( '', #7027, 1000.00000000000 );
#5664 = COLOUR_RGB( '', 0.392156869200000, 0.600000023800000, 0.392156869200000 );
#5665 = CARTESIAN_POINT( '', ( 1.49000000000000, -1.85000000000000, -2.45000000000000 ) );
#5666 = CARTESIAN_POINT( '', ( 1.49000000000000, 1.45000000000000, -2.45000000000000 ) );
#5667 = CARTESIAN_POINT( '', ( 1.49000000000000, -1.85000000000000, -2.45000000000000 ) );
#5668 = VECTOR( '', #7028, 1000.00000000000 );
#5669 = CARTESIAN_POINT( '', ( 1.49000000000000, 1.45000000000000, 3.65000000000000 ) );
#5670 = CARTESIAN_POINT( '', ( 1.49000000000000, 1.45000000000000, 1.05000000000000 ) );
#5671 = VECTOR( '', #7029, 1000.00000000000 );
#5672 = CARTESIAN_POINT( '', ( 1.49000000000000, -1.85000000000000, 3.65000000000000 ) );
#5673 = CARTESIAN_POINT( '', ( 1.49000000000000, 1.45000000000000, 3.65000000000000 ) );
#5674 = VECTOR( '', #7030, 1000.00000000000 );
#5675 = CARTESIAN_POINT( '', ( 1.49000000000000, -1.85000000000000, 1.05000000000000 ) );
#5676 = VECTOR( '', #7031, 1000.00000000000 );
#5677 = COLOUR_RGB( '', 0.392156869200000, 0.600000023800000, 0.392156869200000 );
#5678 = CARTESIAN_POINT( '', ( -3.24000000000000, 3.25000000000000, 2.45000000000000 ) );
#5679 = CARTESIAN_POINT( '', ( -3.24000000000000, 2.35000000000000, 2.45000000000000 ) );
#5680 = CARTESIAN_POINT( '', ( -3.24000000000000, 3.25000000000000, 2.45000000000000 ) );
#5681 = VECTOR( '', #7032, 1000.00000000000 );
#5682 = CARTESIAN_POINT( '', ( -4.01000000000000, 3.25000000000000, 2.45000000000000 ) );
#5683 = CARTESIAN_POINT( '', ( 4.01000000000000, 3.25000000000000, 2.45000000000000 ) );
#5684 = VECTOR( '', #7033, 1000.00000000000 );
#5685 = CARTESIAN_POINT( '', ( -4.01000000000000, 2.35000000000000, 2.45000000000000 ) );
#5686 = CARTESIAN_POINT( '', ( -4.01000000000000, 2.35000000000000, 2.45000000000000 ) );
#5687 = VECTOR( '', #7034, 1000.00000000000 );
#5688 = CARTESIAN_POINT( '', ( 4.01000000000000, 2.35000000000000, 2.45000000000000 ) );
#5689 = VECTOR( '', #7035, 1000.00000000000 );
#5690 = COLOUR_RGB( '', 0.740392148500000, 0.778039217000000, 0.800000011900000 );
#5691 = CARTESIAN_POINT( '', ( -0.650000000000000, 1.49999999999999, -1.05000000000000 ) );
#5692 = CARTESIAN_POINT( '', ( -0.650000000000000, -1.49999999999999, -1.05000000000000 ) );
#5693 = CARTESIAN_POINT( '', ( -0.650000000000000, 3.81130868995580, -1.05000000000000 ) );
#5694 = VECTOR( '', #7036, 1000.00000000000 );
#5695 = CARTESIAN_POINT( '', ( 0.650000000000000, -1.49999999999999, -1.05000000000000 ) );
#5696 = CARTESIAN_POINT( '', ( 0.650000000000000, -1.49999999999999, -1.05000000000000 ) );
#5697 = VECTOR( '', #7037, 1000.00000000000 );
#5698 = CARTESIAN_POINT( '', ( 0.650000000000000, 1.50000000000000, -1.05000000000000 ) );
#5699 = CARTESIAN_POINT( '', ( 0.650000000000000, 3.81130868995580, -1.05000000000000 ) );
#5700 = VECTOR( '', #7038, 1000.00000000000 );
#5701 = CARTESIAN_POINT( '', ( 1.00000000000000, 1.49999999999999, -1.05000000000000 ) );
#5702 = VECTOR( '', #7039, 1000.00000000000 );
#5703 = COLOUR_RGB( '', 0.740392148500000, 0.778039217000000, 0.800000011900000 );
#5704 = CARTESIAN_POINT( '', ( 0.450000000000000, -2.01000000000000, -0.395000000000000 ) );
#5705 = CARTESIAN_POINT( '', ( 0.450000000000000, -5.30000000000000, -0.395000000000000 ) );
#5706 = VECTOR( '', #7040, 1000.00000000000 );
#5707 = CARTESIAN_POINT( '', ( 0.450000000000000, -1.60000000000000, -0.283569967862919 ) );
#5708 = AXIS2_PLACEMENT_3D( '', #7041, #7042, #7043 );
#5709 = CARTESIAN_POINT( '', ( 0.450000000000000, -1.60000000000000, 0.415000000000000 ) );
#5710 = CARTESIAN_POINT( '', ( 0.450000000000000, -1.60000000000000, -6.05733827846856 ) );
#5711 = VECTOR( '', #7044, 1000.00000000000 );
#5712 = AXIS2_PLACEMENT_3D( '', #7045, #7046, #7047 );
#5713 = COLOUR_RGB( '', 0.392156869200000, 0.600000023800000, 0.392156869200000 );
#5714 = CARTESIAN_POINT( '', ( -3.19000000000000, -2.25000000000000, -1.85000000000000 ) );
#5715 = CARTESIAN_POINT( '', ( -3.19000000000000, -2.25000000000000, -2.45000000000000 ) );
#5716 = CARTESIAN_POINT( '', ( -3.19000000000000, -2.25000000000000, -1.25000000000000 ) );
#5717 = VECTOR( '', #7048, 1000.00000000000 );
#5718 = CARTESIAN_POINT( '', ( -1.89000000000000, -2.25000000000000, -1.85000000000000 ) );
#5719 = CARTESIAN_POINT( '', ( -3.19000000000000, -2.25000000000000, -1.85000000000000 ) );
#5720 = VECTOR( '', #7049, 1000.00000000000 );
#5721 = CARTESIAN_POINT( '', ( -1.89000000000000, -2.25000000000000, -2.45000000000000 ) );
#5722 = CARTESIAN_POINT( '', ( -1.89000000000000, -2.25000000000000, -1.25000000000000 ) );
#5723 = VECTOR( '', #7050, 1000.00000000000 );
#5724 = CARTESIAN_POINT( '', ( -3.19000000000000, -2.25000000000000, -2.45000000000000 ) );
#5725 = VECTOR( '', #7051, 1000.00000000000 );
#5726 = COLOUR_RGB( '', 0.392156869200000, 0.600000023800000, 0.392156869200000 );
#5727 = CARTESIAN_POINT( '', ( 3.59000000000000, 1.85000000000000, -2.45000000000000 ) );
#5728 = CARTESIAN_POINT( '', ( 3.19000000000000, 1.85000000000000, -2.45000000000000 ) );
#5729 = CARTESIAN_POINT( '', ( 3.59000000000000, 1.85000000000000, -2.45000000000000 ) );
#5730 = VECTOR( '', #7052, 1000.00000000000 );
#5731 = CARTESIAN_POINT( '', ( 3.19000000000000, 1.85000000000000, 1.05000000000000 ) );
#5732 = CARTESIAN_POINT( '', ( 3.19000000000000, 1.85000000000000, 1.05000000000000 ) );
#5733 = VECTOR( '', #7053, 1000.00000000000 );
#5734 = CARTESIAN_POINT( '', ( 3.59000000000000, 1.85000000000000, 1.05000000000000 ) );
#5735 = CARTESIAN_POINT( '', ( 3.59000000000000, 1.85000000000000, 1.05000000000000 ) );
#5736 = VECTOR( '', #7054, 1000.00000000000 );
#5737 = CARTESIAN_POINT( '', ( 3.59000000000000, 1.85000000000000, 1.05000000000000 ) );
#5738 = VECTOR( '', #7055, 1000.00000000000 );
#5739 = COLOUR_RGB( '', 0.392156869200000, 0.600000023800000, 0.392156869200000 );
#5740 = CARTESIAN_POINT( '', ( -4.01000000000000, 1.45000000000000, 6.05000000000000 ) );
#5741 = CARTESIAN_POINT( '', ( -4.01000000000000, 1.45000000000000, 6.05000000000000 ) );
#5742 = VECTOR( '', #7056, 1000.00000000000 );
#5743 = CARTESIAN_POINT( '', ( 4.01000000000000, 1.45000000000000, 6.05000000000000 ) );
#5744 = CARTESIAN_POINT( '', ( 4.01000000000000, 1.45000000000000, 6.05000000000000 ) );
#5745 = VECTOR( '', #7057, 1000.00000000000 );
#5746 = CARTESIAN_POINT( '', ( 4.01000000000000, 2.35000000000000, 2.45000000000000 ) );
#5747 = CARTESIAN_POINT( '', ( 4.01000000000000, 1.45000000000000, 6.05000000000000 ) );
#5748 = VECTOR( '', #7058, 1000.00000000000 );
#5749 = CARTESIAN_POINT( '', ( 3.24000000000000, 2.35000000000000, 2.45000000000000 ) );
#5750 = CARTESIAN_POINT( '', ( 4.01000000000000, 2.35000000000000, 2.45000000000000 ) );
#5751 = VECTOR( '', #7059, 1000.00000000000 );
#5752 = CARTESIAN_POINT( '', ( 1.84000000000000, 2.35000000000000, 2.45000000000000 ) );
#5753 = CARTESIAN_POINT( '', ( 1.84000000000000, 2.35000000000000, 2.45000000000000 ) );
#5754 = VECTOR( '', #7060, 1000.00000000000 );
#5755 = CARTESIAN_POINT( '', ( 0.700000000000000, 2.35000000000000, 2.45000000000000 ) );
#5756 = CARTESIAN_POINT( '', ( 4.01000000000000, 2.35000000000000, 2.45000000000000 ) );
#5757 = VECTOR( '', #7061, 1000.00000000000 );
#5758 = CARTESIAN_POINT( '', ( -0.700000000000000, 2.35000000000000, 2.45000000000000 ) );
#5759 = CARTESIAN_POINT( '', ( -0.700000000000000, 2.35000000000000, 2.45000000000000 ) );
#5760 = VECTOR( '', #7062, 1000.00000000000 );
#5761 = CARTESIAN_POINT( '', ( -1.84000000000000, 2.35000000000000, 2.45000000000000 ) );
#5762 = CARTESIAN_POINT( '', ( 4.01000000000000, 2.35000000000000, 2.45000000000000 ) );
#5763 = VECTOR( '', #7063, 1000.00000000000 );
#5764 = CARTESIAN_POINT( '', ( -3.24000000000000, 2.35000000000000, 2.45000000000000 ) );
#5765 = VECTOR( '', #7064, 1000.00000000000 );
#5766 = COLOUR_RGB( '', 0.740392148500000, 0.778039217000000, 0.800000011900000 );
#5767 = CARTESIAN_POINT( '', ( -0.450000000000000, -4.60000000000000, -0.395000000000000 ) );
#5768 = CARTESIAN_POINT( '', ( -0.312264150943396, -5.08207547169811, -0.395000000000000 ) );
#5769 = VECTOR( '', #7065, 1000.00000000000 );
#5770 = CARTESIAN_POINT( '', ( -0.450000000000000, -2.01000000000000, -0.395000000000000 ) );
#5771 = CARTESIAN_POINT( '', ( -0.450000000000000, -5.30000000000000, -0.395000000000000 ) );
#5772 = VECTOR( '', #7066, 1000.00000000000 );
#5773 = CARTESIAN_POINT( '', ( -1.07500000000000, -2.01000000000000, -0.395000000000000 ) );
#5774 = VECTOR( '', #7067, 1000.00000000000 );
#5775 = COLOUR_RGB( '', 0.392156869200000, 0.600000023800000, 0.392156869200000 );
#5776 = CARTESIAN_POINT( '', ( -3.24000000000000, 2.35000000000000, 1.05000000000000 ) );
#5777 = CARTESIAN_POINT( '', ( -1.84000000000000, 2.35000000000000, 1.05000000000000 ) );
#5778 = CARTESIAN_POINT( '', ( -3.59000000000000, 2.35000000000000, 1.05000000000000 ) );
#5779 = VECTOR( '', #7068, 1000.00000000000 );
#5780 = CARTESIAN_POINT( '', ( -3.24000000000000, 2.35000000000000, -0.750000000000000 ) );
#5781 = VECTOR( '', #7069, 1000.00000000000 );
#5782 = CARTESIAN_POINT( '', ( -1.84000000000000, 2.35000000000000, -0.750000000000000 ) );
#5783 = VECTOR( '', #7070, 1000.00000000000 );
#5784 = COLOUR_RGB( '', 0.392156869200000, 0.600000023800000, 0.392156869200000 );
#5785 = CARTESIAN_POINT( '', ( -0.700000000000000, 2.35000000000000, 1.05000000000000 ) );
#5786 = CARTESIAN_POINT( '', ( 0.700000000000000, 2.35000000000000, 1.05000000000000 ) );
#5787 = CARTESIAN_POINT( '', ( -1.05000000000000, 2.35000000000000, 1.05000000000000 ) );
#5788 = VECTOR( '', #7071, 1000.00000000000 );
#5789 = CARTESIAN_POINT( '', ( -0.700000000000000, 2.35000000000000, -0.750000000000000 ) );
#5790 = VECTOR( '', #7072, 1000.00000000000 );
#5791 = CARTESIAN_POINT( '', ( 0.700000000000000, 2.35000000000000, -0.750000000000000 ) );
#5792 = VECTOR( '', #7073, 1000.00000000000 );
#5793 = COLOUR_RGB( '', 0.392156869200000, 0.600000023800000, 0.392156869200000 );
#5794 = CARTESIAN_POINT( '', ( -1.89000000000000, 2.60000000000000, -1.85000000000000 ) );
#5795 = CARTESIAN_POINT( '', ( -1.89000000000000, 2.60000000000000, -2.45000000000000 ) );
#5796 = CARTESIAN_POINT( '', ( -1.89000000000000, 2.60000000000000, -1.25000000000000 ) );
#5797 = VECTOR( '', #7074, 1000.00000000000 );
#5798 = CARTESIAN_POINT( '', ( -3.19000000000000, 2.60000000000000, -1.85000000000000 ) );
#5799 = CARTESIAN_POINT( '', ( -1.89000000000000, 2.60000000000000, -1.85000000000000 ) );
#5800 = VECTOR( '', #7075, 1000.00000000000 );
#5801 = CARTESIAN_POINT( '', ( -3.19000000000000, 2.60000000000000, -2.45000000000000 ) );
#5802 = CARTESIAN_POINT( '', ( -3.19000000000000, 2.60000000000000, -1.25000000000000 ) );
#5803 = VECTOR( '', #7076, 1000.00000000000 );
#5804 = CARTESIAN_POINT( '', ( -1.89000000000000, 2.60000000000000, -2.45000000000000 ) );
#5805 = VECTOR( '', #7077, 1000.00000000000 );
#5806 = COLOUR_RGB( '', 0.392156869200000, 0.600000023800000, 0.392156869200000 );
#5807 = CARTESIAN_POINT( '', ( -1.64000000000000, -1.85000000000000, 0.550000000000000 ) );
#5808 = CARTESIAN_POINT( '', ( -1.64000000000000, -1.85000000000000, -0.850000000000000 ) );
#5809 = CARTESIAN_POINT( '', ( -1.64000000000000, -1.85000000000000, 1.05000000000000 ) );
#5810 = VECTOR( '', #7078, 1000.00000000000 );
#5811 = CARTESIAN_POINT( '', ( -1.64000000000003, -2.19230921340700, -0.850000000000000 ) );
#5812 = CARTESIAN_POINT( '', ( -1.64000000000000, 11.3223745086652, -0.850000000000000 ) );
#5813 = VECTOR( '', #7079, 1000.00000000000 );
#5814 = CARTESIAN_POINT( '', ( -1.64000000000000, -2.19230921340711, 0.550000000000000 ) );
#5815 = CARTESIAN_POINT( '', ( -1.64000000000000, -2.19230921340711, 0.550000000000000 ) );
#5816 = VECTOR( '', #7080, 1000.00000000000 );
#5817 = CARTESIAN_POINT( '', ( -1.64000000000000, 11.3223745086652, 0.550000000000000 ) );
#5818 = VECTOR( '', #7081, 1000.00000000000 );
#5819 = COLOUR_RGB( '', 0.392156869200000, 0.600000023800000, 0.392156869200000 );
#5820 = CARTESIAN_POINT( '', ( -1.89000000000000, 2.35000000000000, -2.45000000000000 ) );
#5821 = CARTESIAN_POINT( '', ( -1.89000000000000, 2.35000000000000, -1.35000000000000 ) );
#5822 = CARTESIAN_POINT( '', ( -1.89000000000000, 2.35000000000000, 1.05000000000000 ) );
#5823 = VECTOR( '', #7082, 1000.00000000000 );
#5824 = CARTESIAN_POINT( '', ( -1.89000000000000, 1.39000000000000, 0.570000000000000 ) );
#5825 = VECTOR( '', #7083, 1000.00000000000 );
#5826 = CARTESIAN_POINT( '', ( -1.89000000000000, -2.25000000000000, -2.45000000000000 ) );
#5827 = VECTOR( '', #7084, 1000.00000000000 );
#5828 = COLOUR_RGB( '', 0.392156869200000, 0.600000023800000, 0.392156869200000 );
#5829 = CARTESIAN_POINT( '', ( -0.900000000000000, -1.85000000000000, 0.550000000000000 ) );
#5830 = CARTESIAN_POINT( '', ( 0.900000000000000, -1.85000000000000, 0.550000000000000 ) );
#5831 = CARTESIAN_POINT( '', ( 1.05000000000000, -1.85000000000000, 0.550000000000000 ) );
#5832 = VECTOR( '', #7085, 1000.00000000000 );
#5833 = CARTESIAN_POINT( '', ( 0.900000000000000, 11.3223745086652, 0.550000000000000 ) );
#5834 = VECTOR( '', #7086, 1000.00000000000 );
#5835 = CARTESIAN_POINT( '', ( -0.900000000000000, -2.05000000000000, 0.550000000000000 ) );
#5836 = CARTESIAN_POINT( '', ( -0.900000000000000, -2.05000000000000, 0.550000000000000 ) );
#5837 = VECTOR( '', #7087, 1000.00000000000 );
#5838 = CARTESIAN_POINT( '', ( -0.900000000000000, 11.3223745086652, 0.550000000000000 ) );
#5839 = VECTOR( '', #7088, 1000.00000000000 );
#5840 = COLOUR_RGB( '', 0.740392148500000, 0.778039217000000, 0.800000011900000 );
#5841 = CARTESIAN_POINT( '', ( 0.650000000000000, 1.19000000000000, 1.75500000000000 ) );
#5842 = CARTESIAN_POINT( '', ( 0.650000000000000, 1.20000000000000, 1.74500000000000 ) );
#5843 = AXIS2_PLACEMENT_3D( '', #7089, #7090, #7091 );
#5844 = CARTESIAN_POINT( '', ( -0.650000000000000, 1.19000000000000, 1.75500000000000 ) );
#5845 = CARTESIAN_POINT( '', ( -1.07500000000000, 1.19000000000000, 1.75500000000000 ) );
#5846 = VECTOR( '', #7092, 1000.00000000000 );
#5847 = CARTESIAN_POINT( '', ( -0.650000000000000, 1.20000000000000, 1.74500000000000 ) );
#5848 = AXIS2_PLACEMENT_3D( '', #7093, #7094, #7095 );
#5849 = CARTESIAN_POINT( '', ( -1.07500000000000, 1.20000000000000, 1.74500000000000 ) );
#5850 = VECTOR( '', #7096, 1000.00000000000 );
#5851 = COLOUR_RGB( '', 0.392156869200000, 0.600000023800000, 0.392156869200000 );
#5852 = CARTESIAN_POINT( '', ( -3.19000000000000, -1.85000000000000, -2.45000000000000 ) );
#5853 = CARTESIAN_POINT( '', ( -3.19000000000000, -1.85000000000000, -1.25372670807454 ) );
#5854 = CARTESIAN_POINT( '', ( -3.19000000000000, -1.85000000000000, 1.05000000000000 ) );
#5855 = VECTOR( '', #7097, 1000.00000000000 );
#5856 = CARTESIAN_POINT( '', ( -3.19000000000000, -0.467204655116676, 0.807583122807437 ) );
#5857 = VECTOR( '', #7098, 1000.00000000000 );
#5858 = CARTESIAN_POINT( '', ( -3.19000000000000, 2.60000000000000, -2.45000000000000 ) );
#5859 = VECTOR( '', #7099, 1000.00000000000 );
#5860 = COLOUR_RGB( '', 0.392156869200000, 0.600000023800000, 0.392156869200000 );
#5861 = CARTESIAN_POINT( '', ( -3.19000000000000, 1.85000000000000, 1.05000000000000 ) );
#5862 = CARTESIAN_POINT( '', ( -3.19000000000000, 1.85000000000000, -2.45000000000000 ) );
#5863 = CARTESIAN_POINT( '', ( -3.19000000000000, 1.85000000000000, 1.05000000000000 ) );
#5864 = VECTOR( '', #7100, 1000.00000000000 );
#5865 = CARTESIAN_POINT( '', ( -3.59000000000000, 1.85000000000000, -2.45000000000000 ) );
#5866 = CARTESIAN_POINT( '', ( -3.19000000000000, 1.85000000000000, -2.45000000000000 ) );
#5867 = VECTOR( '', #7101, 1000.00000000000 );
#5868 = CARTESIAN_POINT( '', ( -3.59000000000000, 1.85000000000000, 1.05000000000000 ) );
#5869 = CARTESIAN_POINT( '', ( -3.59000000000000, 1.85000000000000, 1.05000000000000 ) );
#5870 = VECTOR( '', #7102, 1000.00000000000 );
#5871 = CARTESIAN_POINT( '', ( -3.19000000000000, 1.85000000000000, 1.05000000000000 ) );
#5872 = VECTOR( '', #7103, 1000.00000000000 );
#5873 = COLOUR_RGB( '', 0.392156869200000, 0.600000023800000, 0.392156869200000 );
#5874 = CARTESIAN_POINT( '', ( -1.89000000000000, -1.85000000000000, -1.25372670807453 ) );
#5875 = CARTESIAN_POINT( '', ( -1.49000000000000, -1.85000000000000, -1.25372670807453 ) );
#5876 = VECTOR( '', #7104, 1000.00000000000 );
#5877 = CARTESIAN_POINT( '', ( -1.89000000000000, -1.97241711665330, -1.43621185091175 ) );
#5878 = VECTOR( '', #7105, 1000.00000000000 );
#5879 = COLOUR_RGB( '', 0.639999985700000, 0.670000016700000, 0.689999997600000 );
#5880 = CARTESIAN_POINT( '', ( -0.650000000000000, 0.374165738677395, 0.450000000000000 ) );
#5881 = VECTOR( '', #7106, 1000.00000000000 );
#5882 = CARTESIAN_POINT( '', ( 0.650000000000000, 0.374165738677394, 0.450000000000000 ) );
#5883 = CARTESIAN_POINT( '', ( 0.650000000000000, 0.374165738677395, 0.450000000000000 ) );
#5884 = VECTOR( '', #7107, 1000.00000000000 );
#5885 = CARTESIAN_POINT( '', ( 0.650000000000000, -0.374165738677394, 0.450000000000000 ) );
#5886 = AXIS2_PLACEMENT_3D( '', #7108, #7109, #7110 );
#5887 = CARTESIAN_POINT( '', ( 0.650000000000000, -0.374165738677395, 0.450000000000000 ) );
#5888 = VECTOR( '', #7111, 1000.00000000000 );
#5889 = CARTESIAN_POINT( '', ( -0.650000000000000, -0.374165738677395, 0.450000000000000 ) );
#5890 = VECTOR( '', #7112, 1000.00000000000 );
#5891 = CARTESIAN_POINT( '', ( 0.750000000000000, 0.000000000000000, 1.95000000000000 ) );
#5892 = AXIS2_PLACEMENT_3D( '', #7113, #7114, #7115 );
#5893 = COLOUR_RGB( '', 0.392156869200000, 0.600000023800000, 0.392156869200000 );
#5894 = CARTESIAN_POINT( '', ( -1.54000000000000, -0.250000000000000, 3.95000000000000 ) );
#5895 = AXIS2_PLACEMENT_3D( '', #7116, #7117, #7118 );
#5896 = CARTESIAN_POINT( '', ( -1.54000000000000, -0.250000000000000, 6.05000000000000 ) );
#5897 = AXIS2_PLACEMENT_3D( '', #7119, #7120, #7121 );
#5898 = COLOUR_RGB( '', 0.392156869200000, 0.600000023800000, 0.392156869200000 );
#5899 = CARTESIAN_POINT( '', ( 0.650000000000000, 1.85000000000000, 1.05000000000000 ) );
#5900 = CARTESIAN_POINT( '', ( 0.650000000000000, 1.85000000000000, -2.45000000000000 ) );
#5901 = CARTESIAN_POINT( '', ( 0.650000000000000, 1.85000000000000, 1.05000000000000 ) );
#5902 = VECTOR( '', #7122, 1000.00000000000 );
#5903 = CARTESIAN_POINT( '', ( 0.650000000000000, 1.45000000000000, -2.45000000000000 ) );
#5904 = CARTESIAN_POINT( '', ( 0.650000000000000, 1.85000000000000, -2.45000000000000 ) );
#5905 = VECTOR( '', #7123, 1000.00000000000 );
#5906 = CARTESIAN_POINT( '', ( 0.650000000000000, 1.45000000000000, 1.05000000000000 ) );
#5907 = CARTESIAN_POINT( '', ( 0.650000000000000, 1.45000000000000, 1.05000000000000 ) );
#5908 = VECTOR( '', #7124, 1000.00000000000 );
#5909 = CARTESIAN_POINT( '', ( 0.650000000000000, 1.85000000000000, 1.05000000000000 ) );
#5910 = VECTOR( '', #7125, 1000.00000000000 );
#5911 = COLOUR_RGB( '', 0.740392148500000, 0.778039217000000, 0.800000011900000 );
#5912 = CARTESIAN_POINT( '', ( -0.650000000000000, -1.20000000000000, 0.415000000000000 ) );
#5913 = CARTESIAN_POINT( '', ( -1.07500000000000, -1.20000000000000, 0.415000000000000 ) );
#5914 = VECTOR( '', #7126, 1000.00000000000 );
#5915 = CARTESIAN_POINT( '', ( -0.650000000000000, -1.20000000000000, 1.74500000000000 ) );
#5916 = CARTESIAN_POINT( '', ( -0.650000000000000, -1.20000000000000, 0.415000000000000 ) );
#5917 = VECTOR( '', #7127, 1000.00000000000 );
#5918 = CARTESIAN_POINT( '', ( -1.07500000000000, -1.20000000000000, 1.74500000000000 ) );
#5919 = VECTOR( '', #7128, 1000.00000000000 );
#5920 = COLOUR_RGB( '', 0.392156869200000, 0.600000023800000, 0.392156869200000 );
#5921 = CARTESIAN_POINT( '', ( -3.19000000000000, 1.45000000000000, 1.05000000000000 ) );
#5922 = CARTESIAN_POINT( '', ( 1.49723157152760E-016, 1.45000000000000, 1.05000000000000 ) );
#5923 = VECTOR( '', #7129, 1000.00000000000 );
#5924 = CARTESIAN_POINT( '', ( -3.19000000000000, 1.45000000000000, 1.05000000000000 ) );
#5925 = VECTOR( '', #7130, 1000.00000000000 );
#5926 = CARTESIAN_POINT( '', ( -3.59000000000000, 2.35000000000000, 1.05000000000000 ) );
#5927 = CARTESIAN_POINT( '', ( -3.59000000000000, 1.85000000000000, 1.05000000000000 ) );
#5928 = VECTOR( '', #7131, 1000.00000000000 );
#5929 = CARTESIAN_POINT( '', ( -3.59000000000000, 2.35000000000000, 1.05000000000000 ) );
#5930 = VECTOR( '', #7132, 1000.00000000000 );
#5931 = CARTESIAN_POINT( '', ( -1.49000000000000, 2.35000000000000, 1.05000000000000 ) );
#5932 = CARTESIAN_POINT( '', ( -3.59000000000000, 2.35000000000000, 1.05000000000000 ) );
#5933 = VECTOR( '', #7133, 1000.00000000000 );
#5934 = CARTESIAN_POINT( '', ( -1.49000000000000, 1.85000000000000, 1.05000000000000 ) );
#5935 = CARTESIAN_POINT( '', ( -1.49000000000000, 2.35000000000000, 1.05000000000000 ) );
#5936 = VECTOR( '', #7134, 1000.00000000000 );
#5937 = CARTESIAN_POINT( '', ( -1.49000000000000, 1.85000000000000, 1.05000000000000 ) );
#5938 = VECTOR( '', #7135, 1000.00000000000 );
#5939 = COLOUR_RGB( '', 0.392156869200000, 0.600000023800000, 0.392156869200000 );
#5940 = CARTESIAN_POINT( '', ( 1.64000000000000, -1.85000000000000, 0.550000000000000 ) );
#5941 = CARTESIAN_POINT( '', ( 3.44000000000000, -1.85000000000000, 0.550000000000000 ) );
#5942 = CARTESIAN_POINT( '', ( 3.59000000000000, -1.85000000000000, 0.550000000000000 ) );
#5943 = VECTOR( '', #7136, 1000.00000000000 );
#5944 = CARTESIAN_POINT( '', ( 3.44000000000000, -2.19230921340711, 0.550000000000000 ) );
#5945 = CARTESIAN_POINT( '', ( 3.44000000000000, 11.3223745086652, 0.550000000000000 ) );
#5946 = VECTOR( '', #7137, 1000.00000000000 );
#5947 = CARTESIAN_POINT( '', ( 3.41039964104215, -2.05000000000000, 0.550000000000000 ) );
#5948 = CARTESIAN_POINT( '', ( 0.670870291448846, 11.1207952393893, 0.550000000000000 ) );
#5949 = VECTOR( '', #7138, 1000.00000000000 );
#5950 = CARTESIAN_POINT( '', ( 1.64000000000000, -2.05000000000000, 0.550000000000000 ) );
#5951 = CARTESIAN_POINT( '', ( 1.64000000000000, -2.05000000000000, 0.550000000000000 ) );
#5952 = VECTOR( '', #7139, 1000.00000000000 );
#5953 = CARTESIAN_POINT( '', ( 1.64000000000000, 11.3223745086652, 0.550000000000000 ) );
#5954 = VECTOR( '', #7140, 1000.00000000000 );
#5955 = COLOUR_RGB( '', 0.392156869200000, 0.600000023800000, 0.392156869200000 );
#5956 = CARTESIAN_POINT( '', ( 3.24000000000000, 3.25000000000000, -0.750000000000000 ) );
#5957 = CARTESIAN_POINT( '', ( 3.24000000000000, 2.35000000000000, -0.750000000000000 ) );
#5958 = VECTOR( '', #7141, 1000.00000000000 );
#5959 = CARTESIAN_POINT( '', ( 1.84000000000000, 3.25000000000000, -0.750000000000000 ) );
#5960 = CARTESIAN_POINT( '', ( 3.24000000000000, 3.25000000000000, -0.750000000000000 ) );
#5961 = VECTOR( '', #7142, 1000.00000000000 );
#5962 = CARTESIAN_POINT( '', ( 1.84000000000000, 3.25000000000000, -0.750000000000000 ) );
#5963 = VECTOR( '', #7143, 1000.00000000000 );
#5964 = COLOUR_RGB( '', 0.392156869200000, 0.600000023800000, 0.392156869200000 );
#5965 = CARTESIAN_POINT( '', ( 3.44000000000000, -1.85000000000000, -0.850000000000000 ) );
#5966 = CARTESIAN_POINT( '', ( 1.64000000000000, -1.85000000000000, -0.850000000000000 ) );
#5967 = CARTESIAN_POINT( '', ( 3.59000000000000, -1.85000000000000, -0.850000000000000 ) );
#5968 = VECTOR( '', #7144, 1000.00000000000 );
#5969 = CARTESIAN_POINT( '', ( 1.64000000000000, -2.05000000000000, -0.850000000000000 ) );
#5970 = CARTESIAN_POINT( '', ( 1.64000000000000, 11.3223745086652, -0.850000000000000 ) );
#5971 = VECTOR( '', #7145, 1000.00000000000 );
#5972 = CARTESIAN_POINT( '', ( 3.41039964104215, -2.05000000000000, -0.850000000000000 ) );
#5973 = CARTESIAN_POINT( '', ( 3.44000000000000, -2.05000000000000, -0.850000000000000 ) );
#5974 = VECTOR( '', #7146, 1000.00000000000 );
#5975 = CARTESIAN_POINT( '', ( 3.44000000000000, -2.19230921340700, -0.850000000000000 ) );
#5976 = CARTESIAN_POINT( '', ( 3.66000000000000, -3.25000000000000, -0.850000000000000 ) );
#5977 = VECTOR( '', #7147, 1000.00000000000 );
#5978 = CARTESIAN_POINT( '', ( 3.44000000000000, 11.3223745086652, -0.850000000000000 ) );
#5979 = VECTOR( '', #7148, 1000.00000000000 );
#5980 = COLOUR_RGB( '', 0.740392148500000, 0.778039217000000, 0.800000011900000 );
#5981 = CARTESIAN_POINT( '', ( -1.07500000000000, -0.260000000000000, 1.75500000000000 ) );
#5982 = CARTESIAN_POINT( '', ( -1.07500000000000, -0.260000000000000, 2.15500000000000 ) );
#5983 = CARTESIAN_POINT( '', ( -1.07500000000000, -0.260000000000000, -6.05733827846856 ) );
#5984 = VECTOR( '', #7149, 1000.00000000000 );
#5985 = CARTESIAN_POINT( '', ( -1.07500000000000, 0.940000000000000, 2.15500000000000 ) );
#5986 = CARTESIAN_POINT( '', ( -1.07500000000000, -1.19000000000000, 2.15500000000000 ) );
#5987 = VECTOR( '', #7150, 1000.00000000000 );
#5988 = CARTESIAN_POINT( '', ( -1.07500000000000, 0.940000000000000, 1.75500000000000 ) );
#5989 = CARTESIAN_POINT( '', ( -1.07500000000000, 0.940000000000000, -6.05733827846856 ) );
#5990 = VECTOR( '', #7151, 1000.00000000000 );
#5991 = CARTESIAN_POINT( '', ( -1.07500000000000, -1.19000000000000, 1.75500000000000 ) );
#5992 = VECTOR( '', #7152, 1000.00000000000 );
#5993 = COLOUR_RGB( '', 0.740392148500000, 0.778039217000000, 0.800000011900000 );
#5994 = CARTESIAN_POINT( '', ( 1.07500000000000, 0.940000000000000, 1.75500000000000 ) );
#5995 = CARTESIAN_POINT( '', ( 1.07500000000000, 0.940000000000000, 2.15500000000000 ) );
#5996 = CARTESIAN_POINT( '', ( 1.07500000000000, 0.940000000000000, -6.05733827846856 ) );
#5997 = VECTOR( '', #7153, 1000.00000000000 );
#5998 = CARTESIAN_POINT( '', ( 1.07500000000000, -0.260000000000000, 2.15500000000000 ) );
#5999 = CARTESIAN_POINT( '', ( 1.07500000000000, -1.19000000000000, 2.15500000000000 ) );
#6000 = VECTOR( '', #7154, 1000.00000000000 );
#6001 = CARTESIAN_POINT( '', ( 1.07500000000000, -0.260000000000000, 1.75500000000000 ) );
#6002 = CARTESIAN_POINT( '', ( 1.07500000000000, -0.260000000000000, -6.05733827846856 ) );
#6003 = VECTOR( '', #7155, 1000.00000000000 );
#6004 = CARTESIAN_POINT( '', ( 1.07500000000000, -1.19000000000000, 1.75500000000000 ) );
#6005 = VECTOR( '', #7156, 1000.00000000000 );
#6006 = COLOUR_RGB( '', 0.392156869200000, 0.600000023800000, 0.392156869200000 );
#6007 = CARTESIAN_POINT( '', ( -1.05000000000000, 1.45000000000000, 3.65000000000000 ) );
#6008 = CARTESIAN_POINT( '', ( -1.05000000000000, -1.85000000000000, 3.65000000000000 ) );
#6009 = CARTESIAN_POINT( '', ( -1.05000000000000, 1.45000000000000, 3.65000000000000 ) );
#6010 = VECTOR( '', #7157, 1000.00000000000 );
#6011 = CARTESIAN_POINT( '', ( 1.05000000000000, 1.45000000000000, 3.65000000000000 ) );
#6012 = CARTESIAN_POINT( '', ( 1.05000000000000, 1.45000000000000, 3.65000000000000 ) );
#6013 = VECTOR( '', #7158, 1000.00000000000 );
#6014 = CARTESIAN_POINT( '', ( 1.05000000000000, -1.85000000000000, 3.65000000000000 ) );
#6015 = CARTESIAN_POINT( '', ( 1.05000000000000, -1.85000000000000, 3.65000000000000 ) );
#6016 = VECTOR( '', #7159, 1000.00000000000 );
#6017 = CARTESIAN_POINT( '', ( -1.05000000000000, -1.85000000000000, 3.65000000000000 ) );
#6018 = VECTOR( '', #7160, 1000.00000000000 );
#6019 = COLOUR_RGB( '', 0.392156869200000, 0.600000023800000, 0.392156869200000 );
#6020 = CARTESIAN_POINT( '', ( 1.49000000000000, 1.85000000000000, -2.45000000000000 ) );
#6021 = CARTESIAN_POINT( '', ( 1.49000000000000, 1.85000000000000, -2.45000000000000 ) );
#6022 = VECTOR( '', #7161, 1000.00000000000 );
#6023 = CARTESIAN_POINT( '', ( 1.49000000000000, 1.85000000000000, 1.05000000000000 ) );
#6024 = CARTESIAN_POINT( '', ( 1.49000000000000, 1.85000000000000, 1.05000000000000 ) );
#6025 = VECTOR( '', #7162, 1000.00000000000 );
#6026 = CARTESIAN_POINT( '', ( 1.49000000000000, 1.85000000000000, 1.05000000000000 ) );
#6027 = VECTOR( '', #7163, 1000.00000000000 );
#6028 = COLOUR_RGB( '', 0.392156869200000, 0.600000023800000, 0.392156869200000 );
#6029 = CARTESIAN_POINT( '', ( 0.650000000000000, 2.35000000000000, -2.45000000000000 ) );
#6030 = CARTESIAN_POINT( '', ( 0.650000000000000, 2.35000000000000, -1.35000000000000 ) );
#6031 = CARTESIAN_POINT( '', ( 0.650000000000000, 2.35000000000000, 1.05000000000000 ) );
#6032 = VECTOR( '', #7164, 1000.00000000000 );
#6033 = CARTESIAN_POINT( '', ( 0.650000000000000, 2.60000000000000, -1.85000000000000 ) );
#6034 = CARTESIAN_POINT( '', ( 0.650000000000000, 1.39000000000000, 0.570000000000000 ) );
#6035 = VECTOR( '', #7165, 1000.00000000000 );
#6036 = CARTESIAN_POINT( '', ( 0.650000000000000, 2.60000000000000, -2.45000000000000 ) );
#6037 = CARTESIAN_POINT( '', ( 0.650000000000000, 2.60000000000000, -1.25000000000000 ) );
#6038 = VECTOR( '', #7166, 1000.00000000000 );
#6039 = CARTESIAN_POINT( '', ( 0.650000000000000, -2.25000000000000, -2.45000000000000 ) );
#6040 = VECTOR( '', #7167, 1000.00000000000 );
#6041 = COLOUR_RGB( '', 0.392156869200000, 0.600000023800000, 0.392156869200000 );
#6042 = CARTESIAN_POINT( '', ( 1.49000000000000, 2.35000000000000, 1.05000000000000 ) );
#6043 = VECTOR( '', #7168, 1000.00000000000 );
#6044 = CARTESIAN_POINT( '', ( 1.84000000000000, 2.35000000000000, -0.750000000000000 ) );
#6045 = VECTOR( '', #7169, 1000.00000000000 );
#6046 = CARTESIAN_POINT( '', ( 3.24000000000000, 2.35000000000000, -0.750000000000000 ) );
#6047 = VECTOR( '', #7170, 1000.00000000000 );
#6048 = COLOUR_RGB( '', 0.392156869200000, 0.600000023800000, 0.392156869200000 );
#6049 = CARTESIAN_POINT( '', ( 3.54000000000000, -0.250000000000000, 6.05000000000000 ) );
#6050 = AXIS2_PLACEMENT_3D( '', #7171, #7172, #7173 );
#6051 = COLOUR_RGB( '', 0.392156869200000, 0.600000023800000, 0.392156869200000 );
#6052 = CARTESIAN_POINT( '', ( 0.650000000000000, -2.25000000000000, -1.85000000000000 ) );
#6053 = CARTESIAN_POINT( '', ( 0.650000000000000, -2.25000000000000, -2.45000000000000 ) );
#6054 = CARTESIAN_POINT( '', ( 0.650000000000000, -2.25000000000000, -1.25000000000000 ) );
#6055 = VECTOR( '', #7174, 1000.00000000000 );
#6056 = CARTESIAN_POINT( '', ( 0.650000000000000, -1.85000000000000, -1.25372670807453 ) );
#6057 = CARTESIAN_POINT( '', ( 0.650000000000000, -1.97241711665330, -1.43621185091175 ) );
#6058 = VECTOR( '', #7175, 1000.00000000000 );
#6059 = CARTESIAN_POINT( '', ( 0.650000000000000, -1.85000000000000, -2.45000000000000 ) );
#6060 = CARTESIAN_POINT( '', ( 0.650000000000000, -1.85000000000000, 1.05000000000000 ) );
#6061 = VECTOR( '', #7176, 1000.00000000000 );
#6062 = CARTESIAN_POINT( '', ( 0.650000000000000, -2.25000000000000, -2.45000000000000 ) );
#6063 = VECTOR( '', #7177, 1000.00000000000 );
#6064 = COLOUR_RGB( '', 0.392156869200000, 0.600000023800000, 0.392156869200000 );
#6065 = CARTESIAN_POINT( '', ( -0.650000000000000, -1.85000000000000, -1.25372670807454 ) );
#6066 = CARTESIAN_POINT( '', ( -0.650000000000000, -2.25000000000000, -1.85000000000000 ) );
#6067 = CARTESIAN_POINT( '', ( -0.650000000000000, -0.467204655116676, 0.807583122807437 ) );
#6068 = VECTOR( '', #7178, 1000.00000000000 );
#6069 = CARTESIAN_POINT( '', ( 1.05000000000000, -1.85000000000000, -1.25372670807453 ) );
#6070 = VECTOR( '', #7179, 1000.00000000000 );
#6071 = CARTESIAN_POINT( '', ( -0.650000000000000, -2.25000000000000, -1.85000000000000 ) );
#6072 = VECTOR( '', #7180, 1000.00000000000 );
#6073 = COLOUR_RGB( '', 0.392156869200000, 0.600000023800000, 0.392156869200000 );
#6074 = CARTESIAN_POINT( '', ( 1.89000000000000, -1.85000000000000, -2.45000000000000 ) );
#6075 = CARTESIAN_POINT( '', ( 1.89000000000000, -1.85000000000000, -1.25372670807454 ) );
#6076 = CARTESIAN_POINT( '', ( 1.89000000000000, -1.85000000000000, 1.05000000000000 ) );
#6077 = VECTOR( '', #7181, 1000.00000000000 );
#6078 = CARTESIAN_POINT( '', ( 1.89000000000000, -0.467204655116676, 0.807583122807437 ) );
#6079 = VECTOR( '', #7182, 1000.00000000000 );
#6080 = CARTESIAN_POINT( '', ( 1.89000000000000, 2.60000000000000, -2.45000000000000 ) );
#6081 = VECTOR( '', #7183, 1000.00000000000 );
#6082 = COLOUR_RGB( '', 0.392156869200000, 0.600000023800000, 0.392156869200000 );
#6083 = CARTESIAN_POINT( '', ( -3.44000000000000, -1.85000000000000, -0.850000000000000 ) );
#6084 = CARTESIAN_POINT( '', ( -3.44000000000000, -1.85000000000000, 0.550000000000000 ) );
#6085 = CARTESIAN_POINT( '', ( -3.44000000000000, -1.85000000000000, 1.05000000000000 ) );
#6086 = VECTOR( '', #7184, 1000.00000000000 );
#6087 = CARTESIAN_POINT( '', ( -3.44000000000000, -2.05000000000000, 0.550000000000000 ) );
#6088 = CARTESIAN_POINT( '', ( -3.44000000000000, 11.3223745086652, 0.550000000000000 ) );
#6089 = VECTOR( '', #7185, 1000.00000000000 );
#6090 = CARTESIAN_POINT( '', ( -3.44000000000000, -2.05000000000000, -0.850000000000000 ) );
#6091 = CARTESIAN_POINT( '', ( -3.44000000000000, -2.05000000000000, -0.850000000000000 ) );
#6092 = VECTOR( '', #7186, 1000.00000000000 );
#6093 = CARTESIAN_POINT( '', ( -3.44000000000000, 11.3223745086652, -0.850000000000000 ) );
#6094 = VECTOR( '', #7187, 1000.00000000000 );
#6095 = COLOUR_RGB( '', 0.392156869200000, 0.600000023800000, 0.392156869200000 );
#6096 = CARTESIAN_POINT( '', ( 3.24000000000000, 3.25000000000000, 2.45000000000000 ) );
#6097 = CARTESIAN_POINT( '', ( 3.24000000000000, 2.35000000000000, 2.45000000000000 ) );
#6098 = VECTOR( '', #7188, 1000.00000000000 );
#6099 = CARTESIAN_POINT( '', ( 4.01000000000000, 3.25000000000000, 2.45000000000000 ) );
#6100 = CARTESIAN_POINT( '', ( 4.01000000000000, 2.35000000000000, 2.45000000000000 ) );
#6101 = VECTOR( '', #7189, 1000.00000000000 );
#6102 = CARTESIAN_POINT( '', ( 4.01000000000000, 3.25000000000000, 2.45000000000000 ) );
#6103 = VECTOR( '', #7190, 1000.00000000000 );
#6104 = COLOUR_RGB( '', 0.740392148500000, 0.778039217000000, 0.800000011900000 );
#6105 = CARTESIAN_POINT( '', ( 0.408547557840616, 1.33203084832905, 1.75500000000000 ) );
#6106 = VECTOR( '', #7191, 1000.00000000000 );
#6107 = CARTESIAN_POINT( '', ( 0.650000000000000, 1.19000000000000, -6.05733827846856 ) );
#6108 = VECTOR( '', #7192, 1000.00000000000 );
#6109 = CARTESIAN_POINT( '', ( 0.650000000000000, 1.19000000000000, 2.15500000000000 ) );
#6110 = VECTOR( '', #7193, 1000.00000000000 );
#6111 = COLOUR_RGB( '', 0.740392148500000, 0.778039217000000, 0.800000011900000 );
#6112 = CARTESIAN_POINT( '', ( -1.07500000000000, -1.60000000000000, -0.283569967862910 ) );
#6113 = VECTOR( '', #7194, 1000.00000000000 );
#6114 = CARTESIAN_POINT( '', ( -0.450000000000000, -1.60000000000000, -0.283569967862921 ) );
#6115 = AXIS2_PLACEMENT_3D( '', #7195, #7196, #7197 );
#6116 = CARTESIAN_POINT( '', ( -0.650000000000000, -1.60000000000000, -0.283569967862920 ) );
#6117 = CARTESIAN_POINT( '', ( -1.07500000000000, -1.60000000000000, -0.283569967862920 ) );
#6118 = VECTOR( '', #7198, 1000.00000000000 );
#6119 = AXIS2_PLACEMENT_3D( '', #7199, #7200, #7201 );
#6120 = COLOUR_RGB( '', 0.392156869200000, 0.600000023800000, 0.392156869200000 );
#6121 = CARTESIAN_POINT( '', ( 1.05000000000000, 1.45000000000000, -2.45000000000000 ) );
#6122 = CARTESIAN_POINT( '', ( 1.05000000000000, -1.85000000000000, -2.45000000000000 ) );
#6123 = CARTESIAN_POINT( '', ( 1.05000000000000, 1.45000000000000, -2.45000000000000 ) );
#6124 = VECTOR( '', #7202, 1000.00000000000 );
#6125 = CARTESIAN_POINT( '', ( 1.05000000000000, -1.85000000000000, 1.05000000000000 ) );
#6126 = VECTOR( '', #7203, 1000.00000000000 );
#6127 = CARTESIAN_POINT( '', ( 1.05000000000000, 1.45000000000000, 1.05000000000000 ) );
#6128 = VECTOR( '', #7204, 1000.00000000000 );
#6129 = COLOUR_RGB( '', 0.392156869200000, 0.600000023800000, 0.392156869200000 );
#6130 = CARTESIAN_POINT( '', ( 0.700000000000000, 3.25000000000000, 2.45000000000000 ) );
#6131 = CARTESIAN_POINT( '', ( 0.700000000000000, 2.35000000000000, 2.45000000000000 ) );
#6132 = VECTOR( '', #7205, 1000.00000000000 );
#6133 = CARTESIAN_POINT( '', ( 1.84000000000000, 3.25000000000000, 2.45000000000000 ) );
#6134 = CARTESIAN_POINT( '', ( 1.84000000000000, 3.25000000000000, 2.45000000000000 ) );
#6135 = VECTOR( '', #7206, 1000.00000000000 );
#6136 = CARTESIAN_POINT( '', ( 4.01000000000000, 3.25000000000000, 2.45000000000000 ) );
#6137 = VECTOR( '', #7207, 1000.00000000000 );
#6138 = COLOUR_RGB( '', 0.740392148500000, 0.778039217000000, 0.800000011900000 );
#6139 = CARTESIAN_POINT( '', ( -0.928727506426735, -1.43866323907455, 1.75500000000000 ) );
#6140 = VECTOR( '', #7208, 1000.00000000000 );
#6141 = CARTESIAN_POINT( '', ( 1.07500000000000, -0.260000000000000, 2.15500000000000 ) );
#6142 = VECTOR( '', #7209, 1000.00000000000 );
#6143 = COLOUR_RGB( '', 0.740392148500000, 0.778039217000000, 0.800000011900000 );
#6144 = CARTESIAN_POINT( '', ( -0.650000000000000, -1.49999999999999, -1.05000000000000 ) );
#6145 = VECTOR( '', #7210, 1000.00000000000 );
#6146 = CARTESIAN_POINT( '', ( -0.650000000000000, 1.49999999999999, 1.95000000000000 ) );
#6147 = VECTOR( '', #7211, 1000.00000000000 );
#6148 = COLOUR_RGB( '', 0.740392148500000, 0.778039217000000, 0.800000011900000 );
#6149 = CARTESIAN_POINT( '', ( 1.00000000000000, -1.49999999999999, -1.95000000000000 ) );
#6150 = CARTESIAN_POINT( '', ( 1.00000000000000, -1.49999999999999, 1.95000000000000 ) );
#6151 = CARTESIAN_POINT( '', ( 1.00000000000000, -1.49999999999999, -1.95000000000000 ) );
#6152 = VECTOR( '', #7212, 1000.00000000000 );
#6153 = CARTESIAN_POINT( '', ( 1.00000000000000, 1.49999999999999, -1.95000000000000 ) );
#6154 = CARTESIAN_POINT( '', ( 1.00000000000000, 1.49999999999999, -1.95000000000000 ) );
#6155 = VECTOR( '', #7213, 1000.00000000000 );
#6156 = CARTESIAN_POINT( '', ( 1.00000000000000, 1.49999999999999, 1.95000000000000 ) );
#6157 = CARTESIAN_POINT( '', ( 1.00000000000000, 1.49999999999999, 1.95000000000000 ) );
#6158 = VECTOR( '', #7214, 1000.00000000000 );
#6159 = CARTESIAN_POINT( '', ( 1.00000000000000, -1.49999999999999, 1.95000000000000 ) );
#6160 = VECTOR( '', #7215, 1000.00000000000 );
#6161 = COLOUR_RGB( '', 0.740392148500000, 0.778039217000000, 0.800000011900000 );
#6162 = CARTESIAN_POINT( '', ( -1.05000000000000, 0.000000000000000, 3.60000000000000 ) );
#6163 = AXIS2_PLACEMENT_3D( '', #7216, #7217, #7218 );
#6164 = CARTESIAN_POINT( '', ( -0.950000000000000, 0.000000000000000, 3.50000000000000 ) );
#6165 = AXIS2_PLACEMENT_3D( '', #7219, #7220, #7221 );
#6166 = COLOUR_RGB( '', 0.392156869200000, 0.600000023800000, 0.392156869200000 );
#6167 = CARTESIAN_POINT( '', ( -0.650000000000000, -1.85000000000000, -2.45000000000000 ) );
#6168 = CARTESIAN_POINT( '', ( -0.650000000000000, -1.85000000000000, 1.05000000000000 ) );
#6169 = VECTOR( '', #7222, 1000.00000000000 );
#6170 = CARTESIAN_POINT( '', ( -0.650000000000000, -2.25000000000000, -2.45000000000000 ) );
#6171 = CARTESIAN_POINT( '', ( -0.650000000000000, -2.25000000000000, -1.25000000000000 ) );
#6172 = VECTOR( '', #7223, 1000.00000000000 );
#6173 = CARTESIAN_POINT( '', ( -0.650000000000000, 2.60000000000000, -2.45000000000000 ) );
#6174 = VECTOR( '', #7224, 1000.00000000000 );
#6175 = COLOUR_RGB( '', 0.392156869200000, 0.600000023800000, 0.392156869200000 );
#6176 = CARTESIAN_POINT( '', ( 3.19000000000000, 2.60000000000000, -1.85000000000000 ) );
#6177 = CARTESIAN_POINT( '', ( 3.19000000000000, 1.39000000000000, 0.570000000000000 ) );
#6178 = VECTOR( '', #7225, 1000.00000000000 );
#6179 = CARTESIAN_POINT( '', ( 3.19000000000000, 2.60000000000000, -2.45000000000000 ) );
#6180 = CARTESIAN_POINT( '', ( 3.19000000000000, 2.60000000000000, -1.25000000000000 ) );
#6181 = VECTOR( '', #7226, 1000.00000000000 );
#6182 = CARTESIAN_POINT( '', ( 3.19000000000000, -2.25000000000000, -2.45000000000000 ) );
#6183 = VECTOR( '', #7227, 1000.00000000000 );
#6184 = COLOUR_RGB( '', 0.392156869200000, 0.600000023800000, 0.392156869200000 );
#6185 = CARTESIAN_POINT( '', ( -1.84000000000000, 3.25000000000000, 2.45000000000000 ) );
#6186 = CARTESIAN_POINT( '', ( -1.84000000000000, 2.35000000000000, 2.45000000000000 ) );
#6187 = VECTOR( '', #7228, 1000.00000000000 );
#6188 = CARTESIAN_POINT( '', ( -0.700000000000000, 3.25000000000000, 2.45000000000000 ) );
#6189 = CARTESIAN_POINT( '', ( -0.700000000000000, 3.25000000000000, 2.45000000000000 ) );
#6190 = VECTOR( '', #7229, 1000.00000000000 );
#6191 = CARTESIAN_POINT( '', ( 4.01000000000000, 3.25000000000000, 2.45000000000000 ) );
#6192 = VECTOR( '', #7230, 1000.00000000000 );
#6193 = COLOUR_RGB( '', 0.392156869200000, 0.600000023800000, 0.392156869200000 );
#6194 = CARTESIAN_POINT( '', ( -1.49000000000000, 1.85000000000000, -2.45000000000000 ) );
#6195 = CARTESIAN_POINT( '', ( -1.49000000000000, 1.85000000000000, -2.45000000000000 ) );
#6196 = VECTOR( '', #7231, 1000.00000000000 );
#6197 = CARTESIAN_POINT( '', ( -1.49000000000000, 1.85000000000000, 1.05000000000000 ) );
#6198 = VECTOR( '', #7232, 1000.00000000000 );
#6199 = COLOUR_RGB( '', 0.392156869200000, 0.600000023800000, 0.392156869200000 );
#6200 = CARTESIAN_POINT( '', ( -1.05000000000000, 2.35000000000000, -2.45000000000000 ) );
#6201 = CARTESIAN_POINT( '', ( -1.05000000000000, 1.85000000000000, -2.45000000000000 ) );
#6202 = VECTOR( '', #7233, 1000.00000000000 );
#6203 = CARTESIAN_POINT( '', ( -1.05000000000000, 2.35000000000000, 1.05000000000000 ) );
#6204 = CARTESIAN_POINT( '', ( -1.05000000000000, 2.35000000000000, 1.05000000000000 ) );
#6205 = VECTOR( '', #7234, 1000.00000000000 );
#6206 = CARTESIAN_POINT( '', ( -1.05000000000000, 1.85000000000000, 1.05000000000000 ) );
#6207 = VECTOR( '', #7235, 1000.00000000000 );
#6208 = COLOUR_RGB( '', 0.392156869200000, 0.600000023800000, 0.392156869200000 );
#6209 = CARTESIAN_POINT( '', ( 1.89000000000000, 2.60000000000000, -1.85000000000000 ) );
#6210 = CARTESIAN_POINT( '', ( 3.19000000000000, 2.60000000000000, -1.85000000000000 ) );
#6211 = VECTOR( '', #7236, 1000.00000000000 );
#6212 = CARTESIAN_POINT( '', ( 1.89000000000000, 2.60000000000000, -2.45000000000000 ) );
#6213 = CARTESIAN_POINT( '', ( 1.89000000000000, 2.60000000000000, -1.25000000000000 ) );
#6214 = VECTOR( '', #7237, 1000.00000000000 );
#6215 = CARTESIAN_POINT( '', ( 3.19000000000000, 2.60000000000000, -2.45000000000000 ) );
#6216 = VECTOR( '', #7238, 1000.00000000000 );
#6217 = COLOUR_RGB( '', 0.392156869200000, 0.600000023800000, 0.392156869200000 );
#6218 = CARTESIAN_POINT( '', ( 3.19000000000000, 1.45000000000000, -2.45000000000000 ) );
#6219 = CARTESIAN_POINT( '', ( 3.19000000000000, 1.85000000000000, -2.45000000000000 ) );
#6220 = VECTOR( '', #7239, 1000.00000000000 );
#6221 = CARTESIAN_POINT( '', ( 3.19000000000000, 1.45000000000000, 1.05000000000000 ) );
#6222 = CARTESIAN_POINT( '', ( 3.19000000000000, 1.45000000000000, 1.05000000000000 ) );
#6223 = VECTOR( '', #7240, 1000.00000000000 );
#6224 = CARTESIAN_POINT( '', ( 3.19000000000000, 1.85000000000000, 1.05000000000000 ) );
#6225 = VECTOR( '', #7241, 1000.00000000000 );
#6226 = COLOUR_RGB( '', 0.392156869200000, 0.600000023800000, 0.392156869200000 );
#6227 = CARTESIAN_POINT( '', ( 4.01000000000000, -3.25000000000000, -1.95000000000000 ) );
#6228 = VECTOR( '', #7242, 1000.00000000000 );
#6229 = CARTESIAN_POINT( '', ( -1.18000000000000, -3.25000000000000, 1.55000000000000 ) );
#6230 = VECTOR( '', #7243, 1000.00000000000 );
#6231 = CARTESIAN_POINT( '', ( -4.01000000000000, -3.25000000000000, -2.45000000000000 ) );
#6232 = CARTESIAN_POINT( '', ( -4.01000000000000, -3.25000000000000, 2.05000000000000 ) );
#6233 = CARTESIAN_POINT( '', ( -4.01000000000000, -3.25000000000000, -2.45000000000000 ) );
#6234 = VECTOR( '', #7244, 1000.00000000000 );
#6235 = CARTESIAN_POINT( '', ( 4.01000000000000, -3.25000000000000, -2.45000000000000 ) );
#6236 = CARTESIAN_POINT( '', ( 4.01000000000000, -3.25000000000000, -2.45000000000000 ) );
#6237 = VECTOR( '', #7245, 1000.00000000000 );
#6238 = CARTESIAN_POINT( '', ( 4.01000000000000, -3.25000000000000, 2.05000000000000 ) );
#6239 = CARTESIAN_POINT( '', ( 4.01000000000000, -3.25000000000000, -2.45000000000000 ) );
#6240 = VECTOR( '', #7246, 1000.00000000000 );
#6241 = CARTESIAN_POINT( '', ( 4.01000000000000, -3.25000000000000, 2.05000000000000 ) );
#6242 = VECTOR( '', #7247, 1000.00000000000 );
#6243 = CARTESIAN_POINT( '', ( 3.66000000000000, -3.25000000000000, -1.95000000000000 ) );
#6244 = CARTESIAN_POINT( '', ( 1.36000000000000, -3.25000000000000, -1.95000000000000 ) );
#6245 = CARTESIAN_POINT( '', ( 4.01000000000000, -3.25000000000000, -1.95000000000000 ) );
#6246 = VECTOR( '', #7248, 1000.00000000000 );
#6247 = CARTESIAN_POINT( '', ( 1.36000000000000, -3.25000000000000, 1.55000000000000 ) );
#6248 = CARTESIAN_POINT( '', ( 1.36000000000000, -3.25000000000000, -2.45000000000000 ) );
#6249 = VECTOR( '', #7249, 1000.00000000000 );
#6250 = CARTESIAN_POINT( '', ( 3.66000000000000, -3.25000000000000, 1.55000000000000 ) );
#6251 = CARTESIAN_POINT( '', ( 1.36000000000000, -3.25000000000000, 1.55000000000000 ) );
#6252 = VECTOR( '', #7250, 1000.00000000000 );
#6253 = CARTESIAN_POINT( '', ( 3.66000000000000, -3.25000000000000, -2.45000000000000 ) );
#6254 = VECTOR( '', #7251, 1000.00000000000 );
#6255 = CARTESIAN_POINT( '', ( -1.42000000000000, -3.25000000000000, -1.95000000000000 ) );
#6256 = CARTESIAN_POINT( '', ( -3.72000000000000, -3.25000000000000, -1.95000000000000 ) );
#6257 = CARTESIAN_POINT( '', ( 4.01000000000000, -3.25000000000000, -1.95000000000000 ) );
#6258 = VECTOR( '', #7252, 1000.00000000000 );
#6259 = CARTESIAN_POINT( '', ( -3.72000000000000, -3.25000000000000, -2.45000000000000 ) );
#6260 = VECTOR( '', #7253, 1000.00000000000 );
#6261 = CARTESIAN_POINT( '', ( -1.42000000000000, -3.25000000000000, -2.45000000000000 ) );
#6262 = VECTOR( '', #7254, 1000.00000000000 );
#6263 = COLOUR_RGB( '', 0.392156869200000, 0.600000023800000, 0.392156869200000 );
#6264 = CARTESIAN_POINT( '', ( 1.84000000000000, 3.25000000000000, -0.750000000000000 ) );
#6265 = VECTOR( '', #7255, 1000.00000000000 );
#6266 = COLOUR_RGB( '', 0.392156869200000, 0.600000023800000, 0.392156869200000 );
#6267 = CARTESIAN_POINT( '', ( -3.19000000000000, 2.35000000000000, -1.35000000000000 ) );
#6268 = CARTESIAN_POINT( '', ( -3.19000000000000, 2.35000000000000, -2.45000000000000 ) );
#6269 = CARTESIAN_POINT( '', ( -3.19000000000000, 2.35000000000000, 1.05000000000000 ) );
#6270 = VECTOR( '', #7256, 1000.00000000000 );
#6271 = CARTESIAN_POINT( '', ( -3.59000000000000, 2.35000000000000, -1.35000000000000 ) );
#6272 = VECTOR( '', #7257, 1000.00000000000 );
#6273 = CARTESIAN_POINT( '', ( -1.49000000000000, 2.35000000000000, -2.45000000000000 ) );
#6274 = CARTESIAN_POINT( '', ( -3.59000000000000, 2.35000000000000, -2.45000000000000 ) );
#6275 = VECTOR( '', #7258, 1000.00000000000 );
#6276 = CARTESIAN_POINT( '', ( -1.49000000000000, 2.35000000000000, 1.05000000000000 ) );
#6277 = VECTOR( '', #7259, 1000.00000000000 );
#6278 = CARTESIAN_POINT( '', ( -1.84000000000000, 2.35000000000000, -0.750000000000000 ) );
#6279 = CARTESIAN_POINT( '', ( -1.84000000000000, 2.35000000000000, -0.750000000000000 ) );
#6280 = VECTOR( '', #7260, 1000.00000000000 );
#6281 = CARTESIAN_POINT( '', ( -3.24000000000000, 2.35000000000000, -0.750000000000000 ) );
#6282 = CARTESIAN_POINT( '', ( -3.24000000000000, 2.35000000000000, -0.750000000000000 ) );
#6283 = VECTOR( '', #7261, 1000.00000000000 );
#6284 = CARTESIAN_POINT( '', ( -3.24000000000000, 2.35000000000000, -0.750000000000000 ) );
#6285 = VECTOR( '', #7262, 1000.00000000000 );
#6286 = CARTESIAN_POINT( '', ( -3.59000000000000, 2.35000000000000, -2.45000000000000 ) );
#6287 = CARTESIAN_POINT( '', ( -3.59000000000000, 2.35000000000000, 1.05000000000000 ) );
#6288 = VECTOR( '', #7263, 1000.00000000000 );
#6289 = CARTESIAN_POINT( '', ( -3.59000000000000, 2.35000000000000, -2.45000000000000 ) );
#6290 = VECTOR( '', #7264, 1000.00000000000 );
#6291 = COLOUR_RGB( '', 0.740392148500000, 0.778039217000000, 0.800000011900000 );
#6292 = CARTESIAN_POINT( '', ( -0.650000000000000, -1.19000000000000, 1.75500000000000 ) );
#6293 = AXIS2_PLACEMENT_3D( '', #7265, #7266, #7267 );
#6294 = CARTESIAN_POINT( '', ( -1.07500000000000, -1.19000000000000, 1.75500000000000 ) );
#6295 = VECTOR( '', #7268, 1000.00000000000 );
#6296 = COLOUR_RGB( '', 0.392156869200000, 0.600000023800000, 0.392156869200000 );
#6297 = CARTESIAN_POINT( '', ( 3.24000000000000, 3.25000000000000, -0.750000000000000 ) );
#6298 = VECTOR( '', #7269, 1000.00000000000 );
#6299 = COLOUR_RGB( '', 0.392156869200000, 0.600000023800000, 0.392156869200000 );
#6300 = CARTESIAN_POINT( '', ( -1.49000000000000, -1.85000000000000, -0.850000000000000 ) );
#6301 = VECTOR( '', #7270, 1000.00000000000 );
#6302 = CARTESIAN_POINT( '', ( -1.49000000000000, -1.85000000000000, 0.550000000000000 ) );
#6303 = VECTOR( '', #7271, 1000.00000000000 );
#6304 = CARTESIAN_POINT( '', ( -3.59000000000000, -1.85000000000000, -2.45000000000000 ) );
#6305 = CARTESIAN_POINT( '', ( -1.49000000000000, -1.85000000000000, -2.45000000000000 ) );
#6306 = VECTOR( '', #7272, 1000.00000000000 );
#6307 = CARTESIAN_POINT( '', ( -3.59000000000000, -1.85000000000000, 3.65000000000000 ) );
#6308 = CARTESIAN_POINT( '', ( -3.59000000000000, -1.85000000000000, 1.05000000000000 ) );
#6309 = VECTOR( '', #7273, 1000.00000000000 );
#6310 = CARTESIAN_POINT( '', ( -1.49000000000000, -1.85000000000000, 3.65000000000000 ) );
#6311 = CARTESIAN_POINT( '', ( -3.59000000000000, -1.85000000000000, 3.65000000000000 ) );
#6312 = VECTOR( '', #7274, 1000.00000000000 );
#6313 = CARTESIAN_POINT( '', ( -1.49000000000000, -1.85000000000000, -2.45000000000000 ) );
#6314 = CARTESIAN_POINT( '', ( -1.49000000000000, -1.85000000000000, 1.05000000000000 ) );
#6315 = VECTOR( '', #7275, 1000.00000000000 );
#6316 = CARTESIAN_POINT( '', ( -1.89000000000000, -1.85000000000000, -2.45000000000000 ) );
#6317 = CARTESIAN_POINT( '', ( -1.49000000000000, -1.85000000000000, -2.45000000000000 ) );
#6318 = VECTOR( '', #7276, 1000.00000000000 );
#6319 = CARTESIAN_POINT( '', ( -1.89000000000000, -1.85000000000000, 1.05000000000000 ) );
#6320 = VECTOR( '', #7277, 1000.00000000000 );
#6321 = COLOUR_RGB( '', 0.392156869200000, 0.600000023800000, 0.392156869200000 );
#6322 = CARTESIAN_POINT( '', ( 3.66000000000000, -3.25000000000000, 1.55000000000000 ) );
#6323 = VECTOR( '', #7278, 1000.00000000000 );
#6324 = CARTESIAN_POINT( '', ( 3.41039964104215, -2.05000000000000, -0.200000000000000 ) );
#6325 = VECTOR( '', #7279, 1000.00000000000 );
#6326 = CARTESIAN_POINT( '', ( 3.44000000000000, -2.19230921340711, 0.550000000000000 ) );
#6327 = VECTOR( '', #7280, 1000.00000000000 );
#6328 = CARTESIAN_POINT( '', ( 3.41039964104215, -2.05000000000000, -0.850402591179092 ) );
#6329 = CARTESIAN_POINT( '', ( 3.41039964104215, -2.05000000000000, -0.200000000000000 ) );
#6330 = VECTOR( '', #7281, 1000.00000000000 );
#6331 = CARTESIAN_POINT( '', ( 3.57590396224682, -2.84569270763406, -1.57952062412251 ) );
#6332 = VECTOR( '', #7282, 1000.00000000000 );
#6333 = COLOUR_RGB( '', 0.740392148500000, 0.778039217000000, 0.800000011900000 );
#6334 = CARTESIAN_POINT( '', ( -1.02560957483830, 0.225000000000000, 3.85000000000000 ) );
#6335 = CARTESIAN_POINT( '', ( -1.02560957483830, 0.225000000000000, 4.35000000000000 ) );
#6336 = CARTESIAN_POINT( '', ( -1.02560957483830, 0.225000000000000, 4.45000000000000 ) );
#6337 = VECTOR( '', #7283, 1000.00000000000 );
#6338 = CARTESIAN_POINT( '', ( 1.02560957483830, 0.225000000000000, 4.35000000000000 ) );
#6339 = AXIS2_PLACEMENT_3D( '', #7284, #7285, #7286 );
#6340 = CARTESIAN_POINT( '', ( 1.02560957483830, 0.225000000000000, 3.85000000000000 ) );
#6341 = CARTESIAN_POINT( '', ( 1.02560957483830, 0.225000000000000, 4.45000000000000 ) );
#6342 = VECTOR( '', #7287, 1000.00000000000 );
#6343 = CARTESIAN_POINT( '', ( 1.02560957483830, -0.225000000000000, 3.85000000000000 ) );
#6344 = AXIS2_PLACEMENT_3D( '', #7288, #7289, #7290 );
#6345 = CARTESIAN_POINT( '', ( 1.02560957483830, -0.225000000000000, 4.35000000000000 ) );
#6346 = CARTESIAN_POINT( '', ( 1.02560957483830, -0.225000000000000, 4.45000000000000 ) );
#6347 = VECTOR( '', #7291, 1000.00000000000 );
#6348 = CARTESIAN_POINT( '', ( -1.02560957483830, -0.225000000000000, 4.35000000000000 ) );
#6349 = AXIS2_PLACEMENT_3D( '', #7292, #7293, #7294 );
#6350 = CARTESIAN_POINT( '', ( -1.02560957483830, -0.225000000000000, 3.85000000000000 ) );
#6351 = CARTESIAN_POINT( '', ( -1.02560957483830, -0.225000000000000, 4.45000000000000 ) );
#6352 = VECTOR( '', #7295, 1000.00000000000 );
#6353 = AXIS2_PLACEMENT_3D( '', #7296, #7297, #7298 );
#6354 = COLOUR_RGB( '', 0.392156869200000, 0.600000023800000, 0.392156869200000 );
#6355 = CARTESIAN_POINT( '', ( -3.59000000000000, 1.45000000000000, 3.65000000000000 ) );
#6356 = CARTESIAN_POINT( '', ( -3.59000000000000, 1.45000000000000, 3.65000000000000 ) );
#6357 = VECTOR( '', #7299, 1000.00000000000 );
#6358 = CARTESIAN_POINT( '', ( -1.49000000000000, 1.45000000000000, 3.65000000000000 ) );
#6359 = CARTESIAN_POINT( '', ( -1.49000000000000, 1.45000000000000, 3.65000000000000 ) );
#6360 = VECTOR( '', #7300, 1000.00000000000 );
#6361 = CARTESIAN_POINT( '', ( -1.49000000000000, -1.85000000000000, 3.65000000000000 ) );
#6362 = VECTOR( '', #7301, 1000.00000000000 );
#6363 = COLOUR_RGB( '', 0.392156869200000, 0.600000023800000, 0.392156869200000 );
#6364 = CARTESIAN_POINT( '', ( 1.60960035895786, -2.05000000000000, -0.850402591179092 ) );
#6365 = CARTESIAN_POINT( '', ( 1.53714177808350, -2.39835806091090, -1.16961394211201 ) );
#6366 = VECTOR( '', #7302, 1000.00000000000 );
#6367 = CARTESIAN_POINT( '', ( 1.60960035895786, -2.05000000000000, -0.200000000000000 ) );
#6368 = VECTOR( '', #7303, 1000.00000000000 );
#6369 = CARTESIAN_POINT( '', ( 1.59924944135515, -2.09976395536892, 1.55000000000000 ) );
#6370 = VECTOR( '', #7304, 1000.00000000000 );
#6371 = COLOUR_RGB( '', 0.392156869200000, 0.600000023800000, 0.392156869200000 );
#6372 = CARTESIAN_POINT( '', ( 1.00000000000000, -0.250000000000000, 3.95000000000000 ) );
#6373 = AXIS2_PLACEMENT_3D( '', #7305, #7306, #7307 );
#6374 = COLOUR_RGB( '', 0.392156869200000, 0.600000023800000, 0.392156869200000 );
#6375 = CARTESIAN_POINT( '', ( 3.44000000000000, -1.85000000000000, 1.05000000000000 ) );
#6376 = VECTOR( '', #7308, 1000.00000000000 );
#6377 = COLOUR_RGB( '', 0.392156869200000, 0.600000023800000, 0.392156869200000 );
#6378 = CARTESIAN_POINT( '', ( -1.07599985043423, -2.75000000000000, 1.55000000000000 ) );
#6379 = VECTOR( '', #7309, 1000.00000000000 );
#6380 = COLOUR_RGB( '', 0.740392148500000, 0.778039217000000, 0.800000011900000 );
#6381 = CARTESIAN_POINT( '', ( -0.922970747098737, 0.225000000000000, 4.45000000000000 ) );
#6382 = CARTESIAN_POINT( '', ( 0.922970747098737, 0.225000000000000, 4.45000000000000 ) );
#6383 = CARTESIAN_POINT( '', ( -1.20000000000000, 0.225000000000000, 4.45000000000000 ) );
#6384 = VECTOR( '', #7310, 1000.00000000000 );
#6385 = AXIS2_PLACEMENT_3D( '', #7311, #7312, #7313 );
#6386 = COLOUR_RGB( '', 0.740392148500000, 0.778039217000000, 0.800000011900000 );
#6387 = CARTESIAN_POINT( '', ( 0.650000000000000, 1.20000000000000, -1.74500000000000 ) );
#6388 = CARTESIAN_POINT( '', ( 0.650000000000000, 1.60000000000000, -1.74500000000000 ) );
#6389 = CARTESIAN_POINT( '', ( 0.650000000000000, 1.60000000000000, -1.74500000000000 ) );
#6390 = VECTOR( '', #7314, 1000.00000000000 );
#6391 = CARTESIAN_POINT( '', ( -0.650000000000000, 1.20000000000000, -1.74500000000000 ) );
#6392 = CARTESIAN_POINT( '', ( -1.07500000000000, 1.20000000000000, -1.74500000000000 ) );
#6393 = VECTOR( '', #7315, 1000.00000000000 );
#6394 = CARTESIAN_POINT( '', ( -0.650000000000000, 1.60000000000000, -1.74500000000000 ) );
#6395 = CARTESIAN_POINT( '', ( -0.650000000000000, 1.60000000000000, -1.74500000000000 ) );
#6396 = VECTOR( '', #7316, 1000.00000000000 );
#6397 = CARTESIAN_POINT( '', ( -1.07500000000000, 1.60000000000000, -1.74500000000000 ) );
#6398 = VECTOR( '', #7317, 1000.00000000000 );
#6399 = COLOUR_RGB( '', 0.740392148500000, 0.778039217000000, 0.800000011900000 );
#6400 = CARTESIAN_POINT( '', ( -0.650000000000000, -0.510000000000000, 1.75500000000000 ) );
#6401 = CARTESIAN_POINT( '', ( -0.668573264781491, -0.499074550128535, 1.75500000000000 ) );
#6402 = VECTOR( '', #7318, 1000.00000000000 );
#6403 = CARTESIAN_POINT( '', ( -0.650000000000000, -0.510000000000000, 2.15500000000000 ) );
#6404 = CARTESIAN_POINT( '', ( -0.650000000000000, -0.510000000000000, -6.05733827846856 ) );
#6405 = VECTOR( '', #7319, 1000.00000000000 );
#6406 = CARTESIAN_POINT( '', ( -0.650000000000000, -0.510000000000000, 2.15500000000000 ) );
#6407 = VECTOR( '', #7320, 1000.00000000000 );
#6408 = COLOUR_RGB( '', 0.740392148500000, 0.778039217000000, 0.800000011900000 );
#6409 = CARTESIAN_POINT( '', ( 0.922970747098737, -0.225000000000000, 4.45000000000000 ) );
#6410 = CARTESIAN_POINT( '', ( 0.922970747098737, -0.225000000000000, 4.45000000000000 ) );
#6411 = CARTESIAN_POINT( '', ( 0.934704389146038, -0.225000000000000, 4.45000000000000 ) );
#6412 = CARTESIAN_POINT( '', ( 0.946600889347558, -0.225000000000000, 4.44799800677201 ) );
#6413 = CARTESIAN_POINT( '', ( 0.957678919010132, -0.225000000000000, 4.44413075781580 ) );
#6414 = CARTESIAN_POINT( '', ( 0.968763241011832, -0.225000000000000, 4.44026131225580 ) );
#6415 = CARTESIAN_POINT( '', ( 0.979337786992911, -0.225000000000000, 4.43441094488870 ) );
#6416 = CARTESIAN_POINT( '', ( 0.988474225888651, -0.225000000000000, 4.42703800195636 ) );
#6417 = CARTESIAN_POINT( '', ( 0.997466063322345, -0.225000000000000, 4.41978174982005 ) );
#6418 = CARTESIAN_POINT( '', ( 1.00531888018576, -0.225000000000000, 4.41084026313147 ) );
#6419 = CARTESIAN_POINT( '', ( 1.01131286008993, -0.225000000000000, 4.40096207805484 ) );
#6420 = CARTESIAN_POINT( '', ( 1.01715570879474, -0.225000000000000, 4.39133295987232 ) );
#6421 = CARTESIAN_POINT( '', ( 1.02139656599570, -0.225000000000000, 4.38053960199014 ) );
#6422 = CARTESIAN_POINT( '', ( 1.02364357818884, -0.225000000000000, 4.36950285726337 ) );
#6423 = CARTESIAN_POINT( '', ( 1.02494709784185, -0.225000000000000, 4.36310030470911 ) );
#6424 = CARTESIAN_POINT( '', ( 1.02560957483847, -0.225000000000000, 4.35653389950150 ) );
#6425 = CARTESIAN_POINT( '', ( 1.02560957483847, -0.225000000000000, 4.35000000000000 ) );
#6426 = CARTESIAN_POINT( '', ( -0.922970747098737, -0.225000000000000, 4.45000000000000 ) );
#6427 = AXIS2_PLACEMENT_3D( '', #7321, #7322, #7323 );
#6428 = CARTESIAN_POINT( '', ( -1.02560957483830, -0.225000000000000, 4.35000000000000 ) );
#6429 = CARTESIAN_POINT( '', ( -1.02560957483830, -0.225000000000000, 4.36099428870851 ) );
#6430 = CARTESIAN_POINT( '', ( -1.02369832923604, -0.225000000000000, 4.37214007465127 ) );
#6431 = CARTESIAN_POINT( '', ( -1.02004748571796, -0.225000000000000, 4.38251050018799 ) );
#6432 = CARTESIAN_POINT( '', ( -1.01639786409723, -0.225000000000000, 4.39287745485681 ) );
#6433 = CARTESIAN_POINT( '', ( -1.01091313472815, -0.225000000000000, 4.40275283467413 ) );
#6434 = CARTESIAN_POINT( '', ( -1.00406744351258, -0.225000000000000, 4.41135109024494 ) );
#6435 = CARTESIAN_POINT( '', ( -0.997155767675116, -0.225000000000000, 4.42003222315055 ) );
#6436 = CARTESIAN_POINT( '', ( -0.988674652823211, -0.225000000000000, 4.42764613095144 ) );
#6437 = CARTESIAN_POINT( '', ( -0.979324728998455, -0.225000000000000, 4.43362210416744 ) );
#6438 = CARTESIAN_POINT( '', ( -0.969765778677933, -0.225000000000000, 4.43973167598419 ) );
#6439 = CARTESIAN_POINT( '', ( -0.959045460171833, -0.225000000000000, 4.44429459910885 ) );
#6440 = CARTESIAN_POINT( '', ( -0.948025127682044, -0.225000000000000, 4.44698767742720 ) );
#6441 = CARTESIAN_POINT( '', ( -0.939853968242833, -0.225000000000000, 4.44898449307155 ) );
#6442 = CARTESIAN_POINT( '', ( -0.931382353324933, -0.225000000000000, 4.45000000000145 ) );
#6443 = CARTESIAN_POINT( '', ( -0.922970747099097, -0.225000000000000, 4.45000000000148 ) );
#6444 = COLOUR_RGB( '', 0.392156869200000, 0.600000023800000, 0.392156869200000 );
#6445 = CARTESIAN_POINT( '', ( 3.59000000000000, 1.45000000000000, -2.45000000000000 ) );
#6446 = CARTESIAN_POINT( '', ( 3.59000000000000, -1.85000000000000, -2.45000000000000 ) );
#6447 = CARTESIAN_POINT( '', ( 3.59000000000000, 1.45000000000000, -2.45000000000000 ) );
#6448 = VECTOR( '', #7324, 1000.00000000000 );
#6449 = CARTESIAN_POINT( '', ( 3.59000000000000, -1.85000000000000, 3.65000000000000 ) );
#6450 = CARTESIAN_POINT( '', ( 3.59000000000000, -1.85000000000000, 1.05000000000000 ) );
#6451 = VECTOR( '', #7325, 1000.00000000000 );
#6452 = CARTESIAN_POINT( '', ( 3.59000000000000, 1.45000000000000, 3.65000000000000 ) );
#6453 = CARTESIAN_POINT( '', ( 3.59000000000000, -1.85000000000000, 3.65000000000000 ) );
#6454 = VECTOR( '', #7326, 1000.00000000000 );
#6455 = CARTESIAN_POINT( '', ( 3.59000000000000, 1.45000000000000, 1.05000000000000 ) );
#6456 = VECTOR( '', #7327, 1000.00000000000 );
#6457 = COLOUR_RGB( '', 0.392156869200000, 0.600000023800000, 0.392156869200000 );
#6458 = CARTESIAN_POINT( '', ( -4.01000000000000, -2.90000000000000, 2.05000000000000 ) );
#6459 = CARTESIAN_POINT( '', ( -4.01000000000000, -1.95000000000000, 6.05000000000000 ) );
#6460 = CARTESIAN_POINT( '', ( -4.01000000000000, -2.90000000000000, 2.05000000000000 ) );
#6461 = VECTOR( '', #7328, 1000.00000000000 );
#6462 = CARTESIAN_POINT( '', ( -4.01000000000000, -1.95000000000000, 6.05000000000000 ) );
#6463 = VECTOR( '', #7329, 1000.00000000000 );
#6464 = CARTESIAN_POINT( '', ( -4.01000000000000, 3.25000000000000, -2.45000000000000 ) );
#6465 = CARTESIAN_POINT( '', ( -4.01000000000000, 3.25000000000000, 2.45000000000000 ) );
#6466 = VECTOR( '', #7330, 1000.00000000000 );
#6467 = CARTESIAN_POINT( '', ( -4.01000000000000, 3.25000000000000, -2.45000000000000 ) );
#6468 = VECTOR( '', #7331, 1000.00000000000 );
#6469 = CARTESIAN_POINT( '', ( -4.01000000000000, -3.25000000000000, 2.05000000000000 ) );
#6470 = VECTOR( '', #7332, 1000.00000000000 );
#6471 = COLOUR_RGB( '', 0.392156869200000, 0.600000023800000, 0.392156869200000 );
#6472 = CARTESIAN_POINT( '', ( -0.650000000000000, 2.35000000000000, -1.35000000000000 ) );
#6473 = CARTESIAN_POINT( '', ( -0.650000000000000, 2.35000000000000, -2.45000000000000 ) );
#6474 = CARTESIAN_POINT( '', ( -0.650000000000000, 2.35000000000000, 1.05000000000000 ) );
#6475 = VECTOR( '', #7333, 1000.00000000000 );
#6476 = CARTESIAN_POINT( '', ( -1.05000000000000, 2.35000000000000, -1.35000000000000 ) );
#6477 = VECTOR( '', #7334, 1000.00000000000 );
#6478 = CARTESIAN_POINT( '', ( 1.05000000000000, 2.35000000000000, -2.45000000000000 ) );
#6479 = CARTESIAN_POINT( '', ( -1.05000000000000, 2.35000000000000, -2.45000000000000 ) );
#6480 = VECTOR( '', #7335, 1000.00000000000 );
#6481 = CARTESIAN_POINT( '', ( 1.05000000000000, 2.35000000000000, 1.05000000000000 ) );
#6482 = CARTESIAN_POINT( '', ( 1.05000000000000, 2.35000000000000, 1.05000000000000 ) );
#6483 = VECTOR( '', #7336, 1000.00000000000 );
#6484 = CARTESIAN_POINT( '', ( -1.05000000000000, 2.35000000000000, 1.05000000000000 ) );
#6485 = VECTOR( '', #7337, 1000.00000000000 );
#6486 = CARTESIAN_POINT( '', ( 0.700000000000000, 2.35000000000000, -0.750000000000000 ) );
#6487 = CARTESIAN_POINT( '', ( 0.700000000000000, 2.35000000000000, -0.750000000000000 ) );
#6488 = VECTOR( '', #7338, 1000.00000000000 );
#6489 = CARTESIAN_POINT( '', ( -0.700000000000000, 2.35000000000000, -0.750000000000000 ) );
#6490 = CARTESIAN_POINT( '', ( -0.700000000000000, 2.35000000000000, -0.750000000000000 ) );
#6491 = VECTOR( '', #7339, 1000.00000000000 );
#6492 = CARTESIAN_POINT( '', ( -0.700000000000000, 2.35000000000000, -0.750000000000000 ) );
#6493 = VECTOR( '', #7340, 1000.00000000000 );
#6494 = CARTESIAN_POINT( '', ( -1.05000000000000, 2.35000000000000, 1.05000000000000 ) );
#6495 = VECTOR( '', #7341, 1000.00000000000 );
#6496 = CARTESIAN_POINT( '', ( -1.05000000000000, 2.35000000000000, -2.45000000000000 ) );
#6497 = VECTOR( '', #7342, 1000.00000000000 );
#6498 = COLOUR_RGB( '', 0.392156869200000, 0.600000023800000, 0.392156869200000 );
#6499 = CARTESIAN_POINT( '', ( 3.59000000000000, 1.45000000000000, 3.65000000000000 ) );
#6500 = VECTOR( '', #7343, 1000.00000000000 );
#6501 = CARTESIAN_POINT( '', ( 1.49000000000000, -1.85000000000000, 3.65000000000000 ) );
#6502 = VECTOR( '', #7344, 1000.00000000000 );
#6503 = CARTESIAN_POINT( '', ( 3.39000000000000, -0.250000000000000, 3.65000000000000 ) );
#6504 = AXIS2_PLACEMENT_3D( '', #7345, #7346, #7347 );
#6505 = COLOUR_RGB( '', 0.392156869200000, 0.600000023800000, 0.392156869200000 );
#6506 = CARTESIAN_POINT( '', ( -0.900000000000000, -1.85000000000000, -0.850000000000000 ) );
#6507 = CARTESIAN_POINT( '', ( -0.900000000000000, -1.85000000000000, 1.05000000000000 ) );
#6508 = VECTOR( '', #7348, 1000.00000000000 );
#6509 = CARTESIAN_POINT( '', ( -0.900000000000000, -2.05000000000000, -0.850000000000000 ) );
#6510 = CARTESIAN_POINT( '', ( -0.900000000000000, -2.05000000000000, -0.850000000000000 ) );
#6511 = VECTOR( '', #7349, 1000.00000000000 );
#6512 = CARTESIAN_POINT( '', ( -0.900000000000000, 11.3223745086652, -0.850000000000000 ) );
#6513 = VECTOR( '', #7350, 1000.00000000000 );
#6514 = COLOUR_RGB( '', 0.740392148500000, 0.778039217000000, 0.800000011900000 );
#6515 = CARTESIAN_POINT( '', ( -1.07500000000000, 0.940000000000000, 2.15500000000000 ) );
#6516 = VECTOR( '', #7351, 1000.00000000000 );
#6517 = CARTESIAN_POINT( '', ( -0.650000000000000, -1.19000000000000, 2.15500000000000 ) );
#6518 = CARTESIAN_POINT( '', ( -0.650000000000000, -1.60000000000000, 2.15500000000000 ) );
#6519 = VECTOR( '', #7352, 1000.00000000000 );
#6520 = CARTESIAN_POINT( '', ( -1.07500000000000, -1.19000000000000, 2.15500000000000 ) );
#6521 = VECTOR( '', #7353, 1000.00000000000 );
#6522 = COLOUR_RGB( '', 0.740392148500000, 0.778039217000000, 0.800000011900000 );
#6523 = CARTESIAN_POINT( '', ( 0.650000000000000, 1.20000000000000, 1.74500000000000 ) );
#6524 = VECTOR( '', #7354, 1000.00000000000 );
#6525 = CARTESIAN_POINT( '', ( -0.650000000000000, 1.20000000000000, 1.74500000000000 ) );
#6526 = VECTOR( '', #7355, 1000.00000000000 );
#6527 = COLOUR_RGB( '', 0.392156869200000, 0.600000023800000, 0.392156869200000 );
#6528 = COLOUR_RGB( '', 0.392156869200000, 0.600000023800000, 0.392156869200000 );
#6529 = CARTESIAN_POINT( '', ( -1.66960035895786, -2.05000000000000, -0.850402591179092 ) );
#6530 = CARTESIAN_POINT( '', ( -1.50409603775318, -2.84569270763406, -1.57952062412251 ) );
#6531 = VECTOR( '', #7356, 1000.00000000000 );
#6532 = CARTESIAN_POINT( '', ( -3.47039964104215, -2.05000000000000, -0.850402591179092 ) );
#6533 = CARTESIAN_POINT( '', ( -5.08000000000000, -2.05000000000000, -0.850402591179092 ) );
#6534 = VECTOR( '', #7357, 1000.00000000000 );
#6535 = CARTESIAN_POINT( '', ( -3.54285822191650, -2.39835806091090, -1.16961394211201 ) );
#6536 = VECTOR( '', #7358, 1000.00000000000 );
#6537 = COLOUR_RGB( '', 0.392156869200000, 0.600000023800000, 0.392156869200000 );
#6538 = CARTESIAN_POINT( '', ( -3.47039964104215, -2.05000000000000, 0.550296395280519 ) );
#6539 = CARTESIAN_POINT( '', ( -3.63654520820531, -2.84877561646239, 1.69106619976549 ) );
#6540 = VECTOR( '', #7359, 1000.00000000000 );
#6541 = CARTESIAN_POINT( '', ( -1.66960035895786, -2.05000000000000, 0.550296395280519 ) );
#6542 = CARTESIAN_POINT( '', ( -5.08000000000000, -2.05000000000000, 0.550296395280519 ) );
#6543 = VECTOR( '', #7360, 1000.00000000000 );
#6544 = CARTESIAN_POINT( '', ( -1.65743000005812, -2.10851125671717, 0.633859129933130 ) );
#6545 = VECTOR( '', #7361, 1000.00000000000 );
#6546 = COLOUR_RGB( '', 0.392156869200000, 0.600000023800000, 0.392156869200000 );
#6547 = CARTESIAN_POINT( '', ( -0.700000000000000, 3.25000000000000, -0.750000000000000 ) );
#6548 = CARTESIAN_POINT( '', ( -0.700000000000000, 3.25000000000000, -0.750000000000000 ) );
#6549 = VECTOR( '', #7362, 1000.00000000000 );
#6550 = CARTESIAN_POINT( '', ( -0.700000000000000, 3.25000000000000, -0.750000000000000 ) );
#6551 = VECTOR( '', #7363, 1000.00000000000 );
#6552 = COLOUR_RGB( '', 0.392156869200000, 0.600000023800000, 0.392156869200000 );
#6553 = CARTESIAN_POINT( '', ( 4.01000000000000, -2.90000000000000, 2.05000000000000 ) );
#6554 = CARTESIAN_POINT( '', ( 4.01000000000000, -2.90000000000000, 2.05000000000000 ) );
#6555 = VECTOR( '', #7364, 1000.00000000000 );
#6556 = CARTESIAN_POINT( '', ( 4.01000000000000, -1.95000000000000, 6.05000000000000 ) );
#6557 = CARTESIAN_POINT( '', ( 4.01000000000000, -2.90000000000000, 2.05000000000000 ) );
#6558 = VECTOR( '', #7365, 1000.00000000000 );
#6559 = CARTESIAN_POINT( '', ( 4.01000000000000, -1.95000000000000, 6.05000000000000 ) );
#6560 = VECTOR( '', #7366, 1000.00000000000 );
#6561 = COLOUR_RGB( '', 0.392156869200000, 0.600000023800000, 0.392156869200000 );
#6562 = CARTESIAN_POINT( '', ( -3.19000000000000, 2.36000000000000, -1.37000000000000 ) );
#6563 = VECTOR( '', #7367, 1000.00000000000 );
#6564 = CARTESIAN_POINT( '', ( -3.19000000000000, 2.60000000000000, -2.45000000000000 ) );
#6565 = VECTOR( '', #7368, 1000.00000000000 );
#6566 = COLOUR_RGB( '', 0.740392148500000, 0.778039217000000, 0.800000011900000 );
#6567 = CARTESIAN_POINT( '', ( -0.750000000000000, 0.000000000000000, 0.700000000000000 ) );
#6568 = AXIS2_PLACEMENT_3D( '', #7369, #7370, #7371 );
#6569 = CARTESIAN_POINT( '', ( -0.670000000000000, 0.000000000000000, 0.000000000000000 ) );
#6570 = AXIS2_PLACEMENT_3D( '', #7372, #7373, #7374 );
#6571 = COLOUR_RGB( '', 0.740392148500000, 0.778039217000000, 0.800000011900000 );
#6572 = COLOUR_RGB( '', 0.740392148500000, 0.778039217000000, 0.800000011900000 );
#6573 = CARTESIAN_POINT( '', ( 1.20000000000000, -0.225000000000000, 4.45000000000000 ) );
#6574 = VECTOR( '', #7375, 1000.00000000000 );
#6575 = CARTESIAN_POINT( '', ( 1.20000000000000, -0.225000000000000, 3.85000000000000 ) );
#6576 = VECTOR( '', #7376, 1000.00000000000 );
#6577 = COLOUR_RGB( '', 0.392156869200000, 0.600000023800000, 0.392156869200000 );
#6578 = CARTESIAN_POINT( '', ( 1.64000000000000, -1.85000000000000, 1.05000000000000 ) );
#6579 = VECTOR( '', #7377, 1000.00000000000 );
#6580 = CARTESIAN_POINT( '', ( 1.64000000000000, -2.05000000000000, -0.850000000000000 ) );
#6581 = VECTOR( '', #7378, 1000.00000000000 );
#6582 = COLOUR_RGB( '', 0.392156869200000, 0.600000023800000, 0.392156869200000 );
#6583 = CARTESIAN_POINT( '', ( 1.49723157152760E-016, 1.45000000000000, 1.05000000000000 ) );
#6584 = VECTOR( '', #7379, 1000.00000000000 );
#6585 = CARTESIAN_POINT( '', ( 1.89000000000000, 1.85000000000000, 1.05000000000000 ) );
#6586 = VECTOR( '', #7380, 1000.00000000000 );
#6587 = CARTESIAN_POINT( '', ( 3.59000000000000, 2.35000000000000, 1.05000000000000 ) );
#6588 = VECTOR( '', #7381, 1000.00000000000 );
#6589 = COLOUR_RGB( '', 0.740392148500000, 0.778039217000000, 0.800000011900000 );
#6590 = CARTESIAN_POINT( '', ( -0.650000000000000, -1.60000000000000, 1.74500000000000 ) );
#6591 = CARTESIAN_POINT( '', ( -0.650000000000000, -1.60000000000000, -6.05733827846856 ) );
#6592 = VECTOR( '', #7382, 1000.00000000000 );
#6593 = AXIS2_PLACEMENT_3D( '', #7383, #7384, #7385 );
#6594 = CARTESIAN_POINT( '', ( -0.650000000000000, -1.19000000000000, 1.75500000000000 ) );
#6595 = VECTOR( '', #7386, 1000.00000000000 );
#6596 = COLOUR_RGB( '', 0.392156869200000, 0.600000023800000, 0.392156869200000 );
#6597 = CARTESIAN_POINT( '', ( -3.59000000000000, 1.85000000000000, -2.45000000000000 ) );
#6598 = VECTOR( '', #7387, 1000.00000000000 );
#6599 = COLOUR_RGB( '', 0.740392148500000, 0.778039217000000, 0.800000011900000 );
#6600 = CARTESIAN_POINT( '', ( 0.650000000000000, 3.81130868995580, 0.450000000000000 ) );
#6601 = VECTOR( '', #7388, 1000.00000000000 );
#6602 = CARTESIAN_POINT( '', ( 0.650000000000000, 1.49999999999999, 1.95000000000000 ) );
#6603 = VECTOR( '', #7389, 1000.00000000000 );
#6604 = CARTESIAN_POINT( '', ( 0.650000000000000, -1.49999999999999, 0.750000000000000 ) );
#6605 = VECTOR( '', #7390, 1000.00000000000 );
#6606 = COLOUR_RGB( '', 0.392156869200000, 0.600000023800000, 0.392156869200000 );
#6607 = CARTESIAN_POINT( '', ( -3.59000000000000, 1.45000000000000, -2.45000000000000 ) );
#6608 = CARTESIAN_POINT( '', ( -3.59000000000000, -1.85000000000000, -2.45000000000000 ) );
#6609 = VECTOR( '', #7391, 1000.00000000000 );
#6610 = CARTESIAN_POINT( '', ( -3.59000000000000, 1.45000000000000, 1.05000000000000 ) );
#6611 = VECTOR( '', #7392, 1000.00000000000 );
#6612 = COLOUR_RGB( '', 0.392156869200000, 0.600000023800000, 0.392156869200000 );
#6613 = CARTESIAN_POINT( '', ( -0.650000000000000, 2.60000000000000, -1.85000000000000 ) );
#6614 = CARTESIAN_POINT( '', ( 0.650000000000000, 2.60000000000000, -1.85000000000000 ) );
#6615 = VECTOR( '', #7393, 1000.00000000000 );
#6616 = CARTESIAN_POINT( '', ( -0.650000000000000, 2.60000000000000, -2.45000000000000 ) );
#6617 = CARTESIAN_POINT( '', ( -0.650000000000000, 2.60000000000000, -1.25000000000000 ) );
#6618 = VECTOR( '', #7394, 1000.00000000000 );
#6619 = CARTESIAN_POINT( '', ( 0.650000000000000, 2.60000000000000, -2.45000000000000 ) );
#6620 = VECTOR( '', #7395, 1000.00000000000 );
#6621 = COLOUR_RGB( '', 0.392156869200000, 0.600000023800000, 0.392156869200000 );
#6622 = CARTESIAN_POINT( '', ( -1.49000000000000, 2.35000000000000, -2.45000000000000 ) );
#6623 = VECTOR( '', #7396, 1000.00000000000 );
#6624 = COLOUR_RGB( '', 0.392156869200000, 0.600000023800000, 0.392156869200000 );
#6625 = CARTESIAN_POINT( '', ( -3.24000000000000, 3.25000000000000, -0.750000000000000 ) );
#6626 = CARTESIAN_POINT( '', ( -3.24000000000000, 3.25000000000000, -0.750000000000000 ) );
#6627 = VECTOR( '', #7397, 1000.00000000000 );
#6628 = CARTESIAN_POINT( '', ( -3.24000000000000, 3.25000000000000, -0.750000000000000 ) );
#6629 = VECTOR( '', #7398, 1000.00000000000 );
#6630 = COLOUR_RGB( '', 0.392156869200000, 0.600000023800000, 0.392156869200000 );
#6631 = CARTESIAN_POINT( '', ( 1.00000000000000, -0.250000000000000, 6.05000000000000 ) );
#6632 = AXIS2_PLACEMENT_3D( '', #7399, #7400, #7401 );
#6633 = CARTESIAN_POINT( '', ( 4.01000000000000, -1.95000000000000, 6.05000000000000 ) );
#6634 = VECTOR( '', #7402, 1000.00000000000 );
#6635 = COLOUR_RGB( '', 0.392156869200000, 0.600000023800000, 0.392156869200000 );
#6636 = CARTESIAN_POINT( '', ( -3.47039964104215, -2.05000000000000, -0.200000000000000 ) );
#6637 = VECTOR( '', #7403, 1000.00000000000 );
#6638 = COLOUR_RGB( '', 0.740392148500000, 0.778039217000000, 0.800000011900000 );
#6639 = CARTESIAN_POINT( '', ( -0.450000000000000, -4.60000000000000, 0.00499999999999892 ) );
#6640 = VECTOR( '', #7404, 1000.00000000000 );
#6641 = COLOUR_RGB( '', 0.392156869200000, 0.600000023800000, 0.392156869200000 );
#6642 = CARTESIAN_POINT( '', ( -0.650000000000000, -2.25000000000000, -2.45000000000000 ) );
#6643 = VECTOR( '', #7405, 1000.00000000000 );
#6644 = COLOUR_RGB( '', 0.392156869200000, 0.600000023800000, 0.392156869200000 );
#6645 = CARTESIAN_POINT( '', ( -1.05000000000000, 1.45000000000000, -2.45000000000000 ) );
#6646 = CARTESIAN_POINT( '', ( -0.650000000000000, 1.45000000000000, -2.45000000000000 ) );
#6647 = CARTESIAN_POINT( '', ( -1.05000000000000, 1.45000000000000, -2.45000000000000 ) );
#6648 = VECTOR( '', #7406, 1000.00000000000 );
#6649 = CARTESIAN_POINT( '', ( -0.650000000000000, 1.45000000000000, 1.05000000000000 ) );
#6650 = CARTESIAN_POINT( '', ( -0.650000000000000, 1.45000000000000, 1.05000000000000 ) );
#6651 = VECTOR( '', #7407, 1000.00000000000 );
#6652 = CARTESIAN_POINT( '', ( 1.49723157152760E-016, 1.45000000000000, 1.05000000000000 ) );
#6653 = VECTOR( '', #7408, 1000.00000000000 );
#6654 = CARTESIAN_POINT( '', ( 0.650000000000000, 1.45000000000000, -2.45000000000000 ) );
#6655 = VECTOR( '', #7409, 1000.00000000000 );
#6656 = CARTESIAN_POINT( '', ( -1.05000000000000, 1.45000000000000, 1.05000000000000 ) );
#6657 = VECTOR( '', #7410, 1000.00000000000 );
#6658 = COLOUR_RGB( '', 0.392156869200000, 0.600000023800000, 0.392156869200000 );
#6659 = COLOUR_RGB( '', 0.740392148500000, 0.778039217000000, 0.800000011900000 );
#6660 = COLOUR_RGB( '', 0.740392148500000, 0.778039217000000, 0.800000011900000 );
#6661 = CARTESIAN_POINT( '', ( -0.450000000000000, -1.60000000000000, 0.415000000000000 ) );
#6662 = CARTESIAN_POINT( '', ( -1.07500000000000, -1.60000000000000, 0.415000000000000 ) );
#6663 = VECTOR( '', #7411, 1000.00000000000 );
#6664 = AXIS2_PLACEMENT_3D( '', #7412, #7413, #7414 );
#6665 = COLOUR_RGB( '', 0.392156869200000, 0.600000023800000, 0.392156869200000 );
#6666 = CARTESIAN_POINT( '', ( 0.900000000000000, -1.85000000000000, -0.850000000000000 ) );
#6667 = CARTESIAN_POINT( '', ( 1.05000000000000, -1.85000000000000, -0.850000000000000 ) );
#6668 = VECTOR( '', #7415, 1000.00000000000 );
#6669 = CARTESIAN_POINT( '', ( 0.900000000000000, -1.85000000000000, 1.05000000000000 ) );
#6670 = VECTOR( '', #7416, 1000.00000000000 );
#6671 = CARTESIAN_POINT( '', ( -1.05000000000000, -1.85000000000000, -2.45000000000000 ) );
#6672 = CARTESIAN_POINT( '', ( 1.05000000000000, -1.85000000000000, -2.45000000000000 ) );
#6673 = VECTOR( '', #7417, 1000.00000000000 );
#6674 = CARTESIAN_POINT( '', ( -1.05000000000000, -1.85000000000000, 1.05000000000000 ) );
#6675 = VECTOR( '', #7418, 1000.00000000000 );
#6676 = CARTESIAN_POINT( '', ( 1.05000000000000, -1.85000000000000, -2.45000000000000 ) );
#6677 = VECTOR( '', #7419, 1000.00000000000 );
#6678 = COLOUR_RGB( '', 0.392156869200000, 0.600000023800000, 0.392156869200000 );
#6679 = CARTESIAN_POINT( '', ( -2.54000000000000, -2.05000000000000, -0.850402591179092 ) );
#6680 = VECTOR( '', #7420, 1000.00000000000 );
#6681 = CARTESIAN_POINT( '', ( 0.900000000000000, -2.05000000000000, -0.850000000000000 ) );
#6682 = VECTOR( '', #7421, 1000.00000000000 );
#6683 = CARTESIAN_POINT( '', ( -2.54000000000000, -2.05000000000000, 0.550296395280519 ) );
#6684 = VECTOR( '', #7422, 1000.00000000000 );
#6685 = COLOUR_RGB( '', 0.392156869200000, 0.600000023800000, 0.392156869200000 );
#6686 = CARTESIAN_POINT( '', ( 0.000000000000000, -2.05000000000000, -0.850402591179092 ) );
#6687 = VECTOR( '', #7423, 1000.00000000000 );
#6688 = COLOUR_RGB( '', 0.392156869200000, 0.600000023800000, 0.392156869200000 );
#6689 = CARTESIAN_POINT( '', ( 4.01000000000000, 3.25000000000000, -2.45000000000000 ) );
#6690 = CARTESIAN_POINT( '', ( 4.01000000000000, 3.25000000000000, -2.45000000000000 ) );
#6691 = VECTOR( '', #7424, 1000.00000000000 );
#6692 = CARTESIAN_POINT( '', ( 4.01000000000000, 3.25000000000000, -2.45000000000000 ) );
#6693 = VECTOR( '', #7425, 1000.00000000000 );
#6694 = CARTESIAN_POINT( '', ( 3.59000000000000, -1.85000000000000, -2.45000000000000 ) );
#6695 = VECTOR( '', #7426, 1000.00000000000 );
#6696 = CARTESIAN_POINT( '', ( 3.59000000000000, -1.85000000000000, -2.45000000000000 ) );
#6697 = VECTOR( '', #7427, 1000.00000000000 );
#6698 = CARTESIAN_POINT( '', ( 3.19000000000000, 1.45000000000000, -2.45000000000000 ) );
#6699 = VECTOR( '', #7428, 1000.00000000000 );
#6700 = CARTESIAN_POINT( '', ( 3.59000000000000, 2.35000000000000, -2.45000000000000 ) );
#6701 = VECTOR( '', #7429, 1000.00000000000 );
#6702 = CARTESIAN_POINT( '', ( 1.89000000000000, 2.60000000000000, -2.45000000000000 ) );
#6703 = VECTOR( '', #7430, 1000.00000000000 );
#6704 = CARTESIAN_POINT( '', ( 1.89000000000000, 1.85000000000000, -2.45000000000000 ) );
#6705 = VECTOR( '', #7431, 1000.00000000000 );
#6706 = CARTESIAN_POINT( '', ( 1.49000000000000, 1.45000000000000, -2.45000000000000 ) );
#6707 = VECTOR( '', #7432, 1000.00000000000 );
#6708 = CARTESIAN_POINT( '', ( 1.05000000000000, 1.85000000000000, -2.45000000000000 ) );
#6709 = CARTESIAN_POINT( '', ( 1.05000000000000, 1.85000000000000, -2.45000000000000 ) );
#6710 = VECTOR( '', #7433, 1000.00000000000 );
#6711 = CARTESIAN_POINT( '', ( 1.05000000000000, 2.35000000000000, -2.45000000000000 ) );
#6712 = VECTOR( '', #7434, 1000.00000000000 );
#6713 = CARTESIAN_POINT( '', ( -0.650000000000000, 2.60000000000000, -2.45000000000000 ) );
#6714 = VECTOR( '', #7435, 1000.00000000000 );
#6715 = CARTESIAN_POINT( '', ( -0.650000000000000, 1.45000000000000, -2.45000000000000 ) );
#6716 = VECTOR( '', #7436, 1000.00000000000 );
#6717 = CARTESIAN_POINT( '', ( -1.05000000000000, -1.85000000000000, -2.45000000000000 ) );
#6718 = VECTOR( '', #7437, 1000.00000000000 );
#6719 = CARTESIAN_POINT( '', ( -1.89000000000000, -2.25000000000000, -2.45000000000000 ) );
#6720 = VECTOR( '', #7438, 1000.00000000000 );
#6721 = CARTESIAN_POINT( '', ( -1.49000000000000, 1.45000000000000, -2.45000000000000 ) );
#6722 = CARTESIAN_POINT( '', ( -1.49000000000000, 1.45000000000000, -2.45000000000000 ) );
#6723 = VECTOR( '', #7439, 1000.00000000000 );
#6724 = CARTESIAN_POINT( '', ( -1.89000000000000, 1.45000000000000, -2.45000000000000 ) );
#6725 = VECTOR( '', #7440, 1000.00000000000 );
#6726 = CARTESIAN_POINT( '', ( -3.19000000000000, 1.45000000000000, -2.45000000000000 ) );
#6727 = CARTESIAN_POINT( '', ( -3.19000000000000, 1.45000000000000, -2.45000000000000 ) );
#6728 = VECTOR( '', #7441, 1000.00000000000 );
#6729 = CARTESIAN_POINT( '', ( -3.59000000000000, 1.45000000000000, -2.45000000000000 ) );
#6730 = VECTOR( '', #7442, 1000.00000000000 );
#6731 = COLOUR_RGB( '', 0.740392148500000, 0.778039217000000, 0.800000011900000 );
#6732 = CARTESIAN_POINT( '', ( -1.00000000000000, 1.49999999999999, -1.95000000000000 ) );
#6733 = CARTESIAN_POINT( '', ( -1.00000000000000, -1.49999999999999, -1.95000000000000 ) );
#6734 = CARTESIAN_POINT( '', ( -1.00000000000000, 1.49999999999999, -1.95000000000000 ) );
#6735 = VECTOR( '', #7443, 1000.00000000000 );
#6736 = CARTESIAN_POINT( '', ( 1.00000000000000, 1.49999999999999, -1.95000000000000 ) );
#6737 = VECTOR( '', #7444, 1000.00000000000 );
#6738 = CARTESIAN_POINT( '', ( 1.00000000000000, -1.49999999999999, -1.95000000000000 ) );
#6739 = VECTOR( '', #7445, 1000.00000000000 );
#6740 = COLOUR_RGB( '', 0.392156869200000, 0.600000023800000, 0.392156869200000 );
#6741 = CARTESIAN_POINT( '', ( 1.05000000000000, 1.85000000000000, 1.05000000000000 ) );
#6742 = CARTESIAN_POINT( '', ( 1.05000000000000, 1.85000000000000, 1.05000000000000 ) );
#6743 = VECTOR( '', #7446, 1000.00000000000 );
#6744 = CARTESIAN_POINT( '', ( 1.05000000000000, 2.35000000000000, 1.05000000000000 ) );
#6745 = VECTOR( '', #7447, 1000.00000000000 );
#6746 = COLOUR_RGB( '', 0.392156869200000, 0.600000023800000, 0.392156869200000 );
#6747 = CARTESIAN_POINT( '', ( 3.59000000000000, -1.85000000000000, -1.25372670807453 ) );
#6748 = VECTOR( '', #7448, 1000.00000000000 );
#6749 = COLOUR_RGB( '', 0.740392148500000, 0.778039217000000, 0.800000011900000 );
#6750 = CARTESIAN_POINT( '', ( -1.20000000000000, 0.225000000000000, 3.85000000000000 ) );
#6751 = VECTOR( '', #7449, 1000.00000000000 );
#6752 = COLOUR_RGB( '', 0.740392148500000, 0.778039217000000, 0.800000011900000 );
#6753 = CARTESIAN_POINT( '', ( -1.00000000000000, 1.49999999999999, 1.95000000000000 ) );
#6754 = CARTESIAN_POINT( '', ( -1.00000000000000, 1.49999999999999, 1.95000000000000 ) );
#6755 = VECTOR( '', #7450, 1000.00000000000 );
#6756 = CARTESIAN_POINT( '', ( 1.00000000000000, 1.49999999999999, 1.95000000000000 ) );
#6757 = VECTOR( '', #7451, 1000.00000000000 );
#6758 = COLOUR_RGB( '', 0.639999985700000, 0.670000016700000, 0.689999997600000 );
#6759 = CARTESIAN_POINT( '', ( -0.750000000000000, 0.000000000000000, 3.50000000000000 ) );
#6760 = AXIS2_PLACEMENT_3D( '', #7452, #7453, #7454 );
#6761 = COLOUR_RGB( '', 0.740392148500000, 0.778039217000000, 0.800000011900000 );
#6762 = COLOUR_RGB( '', 0.392156869200000, 0.600000023800000, 0.392156869200000 );
#6763 = COLOUR_RGB( '', 0.392156869200000, 0.600000023800000, 0.392156869200000 );
#6764 = CARTESIAN_POINT( '', ( 1.89000000000000, 2.36000000000000, -1.37000000000000 ) );
#6765 = VECTOR( '', #7455, 1000.00000000000 );
#6766 = COLOUR_RGB( '', 0.740392148500000, 0.778039217000000, 0.800000011900000 );
#6767 = CARTESIAN_POINT( '', ( -1.00000000000000, -1.49999999999999, 1.95000000000000 ) );
#6768 = CARTESIAN_POINT( '', ( -1.00000000000000, -1.49999999999999, 1.95000000000000 ) );
#6769 = VECTOR( '', #7456, 1000.00000000000 );
#6770 = CARTESIAN_POINT( '', ( 1.00000000000000, -1.49999999999999, 1.95000000000000 ) );
#6771 = VECTOR( '', #7457, 1000.00000000000 );
#6772 = COLOUR_RGB( '', 0.392156869200000, 0.600000023800000, 0.392156869200000 );
#6773 = COLOUR_RGB( '', 0.740392148500000, 0.778039217000000, 0.800000011900000 );
#6774 = COLOUR_RGB( '', 0.740392148500000, 0.778039217000000, 0.800000011900000 );
#6775 = CARTESIAN_POINT( '', ( -2.00584832904885, 0.392442159383034, 1.75500000000000 ) );
#6776 = VECTOR( '', #7458, 1000.00000000000 );
#6777 = COLOUR_RGB( '', 0.392156869200000, 0.600000023800000, 0.392156869200000 );
#6778 = COLOUR_RGB( '', 0.392156869200000, 0.600000023800000, 0.392156869200000 );
#6779 = COLOUR_RGB( '', 0.392156869200000, 0.600000023800000, 0.392156869200000 );
#6780 = COLOUR_RGB( '', 0.392156869200000, 0.600000023800000, 0.392156869200000 );
#6781 = COLOUR_RGB( '', 0.740392148500000, 0.778039217000000, 0.800000011900000 );
#6782 = CARTESIAN_POINT( '', ( -1.00000000000000, -1.49999999999999, -1.95000000000000 ) );
#6783 = VECTOR( '', #7459, 1000.00000000000 );
#6784 = COLOUR_RGB( '', 0.392156869200000, 0.600000023800000, 0.392156869200000 );
#6785 = COLOUR_RGB( '', 0.740392148500000, 0.778039217000000, 0.800000011900000 );
#6786 = CARTESIAN_POINT( '', ( -0.650000000000000, 1.19000000000000, -6.05733827846856 ) );
#6787 = VECTOR( '', #7460, 1000.00000000000 );
#6788 = CARTESIAN_POINT( '', ( -0.650000000000000, 1.60000000000000, 1.74500000000000 ) );
#6789 = VECTOR( '', #7461, 1000.00000000000 );
#6790 = COLOUR_RGB( '', 0.392156869200000, 0.600000023800000, 0.392156869200000 );
#6791 = COLOUR_RGB( '', 0.392156869200000, 0.600000023800000, 0.392156869200000 );
#6792 = CARTESIAN_POINT( '', ( -1.84000000000000, 3.25000000000000, -0.750000000000000 ) );
#6793 = CARTESIAN_POINT( '', ( -1.84000000000000, 3.25000000000000, -0.750000000000000 ) );
#6794 = VECTOR( '', #7462, 1000.00000000000 );
#6795 = CARTESIAN_POINT( '', ( -1.84000000000000, 2.35000000000000, -0.750000000000000 ) );
#6796 = VECTOR( '', #7463, 1000.00000000000 );
#6797 = COLOUR_RGB( '', 0.392156869200000, 0.600000023800000, 0.392156869200000 );
#6798 = CARTESIAN_POINT( '', ( -3.19000000000000, 1.45000000000000, 1.05000000000000 ) );
#6799 = VECTOR( '', #7464, 1000.00000000000 );
#6800 = COLOUR_RGB( '', 0.392156869200000, 0.600000023800000, 0.392156869200000 );
#6801 = CARTESIAN_POINT( '', ( 0.700000000000000, 3.25000000000000, -0.750000000000000 ) );
#6802 = CARTESIAN_POINT( '', ( 0.700000000000000, 3.25000000000000, -0.750000000000000 ) );
#6803 = VECTOR( '', #7465, 1000.00000000000 );
#6804 = CARTESIAN_POINT( '', ( 0.700000000000000, 3.25000000000000, -0.750000000000000 ) );
#6805 = VECTOR( '', #7466, 1000.00000000000 );
#6806 = CARTESIAN_POINT( '', ( 4.01000000000000, 3.25000000000000, 2.45000000000000 ) );
#6807 = VECTOR( '', #7467, 1000.00000000000 );
#6808 = CARTESIAN_POINT( '', ( -1.84000000000000, 3.25000000000000, -0.750000000000000 ) );
#6809 = VECTOR( '', #7468, 1000.00000000000 );
#6810 = COLOUR_RGB( '', 0.392156869200000, 0.600000023800000, 0.392156869200000 );
#6811 = CARTESIAN_POINT( '', ( -1.66960035895786, -2.05000000000000, -0.850000000000000 ) );
#6812 = CARTESIAN_POINT( '', ( -1.66960035895786, -2.05000000000000, -0.200000000000000 ) );
#6813 = VECTOR( '', #7469, 1000.00000000000 );
#6814 = CARTESIAN_POINT( '', ( -1.64000000000000, -2.05000000000000, -0.850000000000000 ) );
#6815 = VECTOR( '', #7470, 1000.00000000000 );
#6816 = CARTESIAN_POINT( '', ( -1.66960035895786, -2.05000000000000, 0.550000000000000 ) );
#6817 = CARTESIAN_POINT( '', ( -3.44000000000000, -2.05000000000000, 0.550000000000000 ) );
#6818 = VECTOR( '', #7471, 1000.00000000000 );
#6819 = CARTESIAN_POINT( '', ( -1.66960035895786, -2.05000000000000, -0.200000000000000 ) );
#6820 = VECTOR( '', #7472, 1000.00000000000 );
#6821 = COLOUR_RGB( '', 0.392156869200000, 0.600000023800000, 0.392156869200000 );
#6822 = CARTESIAN_POINT( '', ( -0.650000000000000, 1.45000000000000, 1.05000000000000 ) );
#6823 = VECTOR( '', #7473, 1000.00000000000 );
#6824 = COLOUR_RGB( '', 0.740392148500000, 0.778039217000000, 0.800000011900000 );
#6825 = COLOUR_RGB( '', 0.392156869200000, 0.600000023800000, 0.392156869200000 );
#6826 = COLOUR_RGB( '', 0.392156869200000, 0.600000023800000, 0.392156869200000 );
#6827 = COLOUR_RGB( '', 0.392156869200000, 0.600000023800000, 0.392156869200000 );
#6828 = COLOUR_RGB( '', 0.392156869200000, 0.600000023800000, 0.392156869200000 );
#6829 = CARTESIAN_POINT( '', ( 0.700000000000000, 2.35000000000000, -0.750000000000000 ) );
#6830 = VECTOR( '', #7474, 1000.00000000000 );
#6831 = COLOUR_RGB( '', 0.392156869200000, 0.600000023800000, 0.392156869200000 );
#6832 = CARTESIAN_POINT( '', ( -4.40912970855115, 11.1207952393893, 0.550000000000000 ) );
#6833 = VECTOR( '', #7475, 1000.00000000000 );
#6834 = COLOUR_RGB( '', 0.740392148500000, 0.778039217000000, 0.800000011900000 );
#6835 = CARTESIAN_POINT( '', ( 1.02560957483830, 0.225000000000000, 4.35000000000000 ) );
#6836 = CARTESIAN_POINT( '', ( 1.02560957483830, 0.225000000000000, 4.36099428870851 ) );
#6837 = CARTESIAN_POINT( '', ( 1.02369832923604, 0.225000000000000, 4.37214007465127 ) );
#6838 = CARTESIAN_POINT( '', ( 1.02004748571796, 0.225000000000000, 4.38251050018799 ) );
#6839 = CARTESIAN_POINT( '', ( 1.01639786409723, 0.225000000000000, 4.39287745485681 ) );
#6840 = CARTESIAN_POINT( '', ( 1.01091313472815, 0.225000000000000, 4.40275283467413 ) );
#6841 = CARTESIAN_POINT( '', ( 1.00406744351258, 0.225000000000000, 4.41135109024494 ) );
#6842 = CARTESIAN_POINT( '', ( 0.997155767675116, 0.225000000000000, 4.42003222315055 ) );
#6843 = CARTESIAN_POINT( '', ( 0.988674652823211, 0.225000000000000, 4.42764613095144 ) );
#6844 = CARTESIAN_POINT( '', ( 0.979324728998455, 0.225000000000000, 4.43362210416744 ) );
#6845 = CARTESIAN_POINT( '', ( 0.969765778677933, 0.225000000000000, 4.43973167598419 ) );
#6846 = CARTESIAN_POINT( '', ( 0.959045460171833, 0.225000000000000, 4.44429459910885 ) );
#6847 = CARTESIAN_POINT( '', ( 0.948025127682044, 0.225000000000000, 4.44698767742720 ) );
#6848 = CARTESIAN_POINT( '', ( 0.939853968242833, 0.225000000000000, 4.44898449307155 ) );
#6849 = CARTESIAN_POINT( '', ( 0.931382353324933, 0.225000000000000, 4.45000000000145 ) );
#6850 = CARTESIAN_POINT( '', ( 0.922970747099097, 0.225000000000000, 4.45000000000148 ) );
#6851 = CARTESIAN_POINT( '', ( -0.922970747098737, 0.225000000000000, 4.45000000000000 ) );
#6852 = CARTESIAN_POINT( '', ( -0.934704389146038, 0.225000000000000, 4.45000000000000 ) );
#6853 = CARTESIAN_POINT( '', ( -0.946600889347558, 0.225000000000000, 4.44799800677201 ) );
#6854 = CARTESIAN_POINT( '', ( -0.957678919010132, 0.225000000000000, 4.44413075781580 ) );
#6855 = CARTESIAN_POINT( '', ( -0.968763241011832, 0.225000000000000, 4.44026131225580 ) );
#6856 = CARTESIAN_POINT( '', ( -0.979337786992911, 0.225000000000000, 4.43441094488870 ) );
#6857 = CARTESIAN_POINT( '', ( -0.988474225888651, 0.225000000000000, 4.42703800195636 ) );
#6858 = CARTESIAN_POINT( '', ( -0.997466063322345, 0.225000000000000, 4.41978174982005 ) );
#6859 = CARTESIAN_POINT( '', ( -1.00531888018576, 0.225000000000000, 4.41084026313147 ) );
#6860 = CARTESIAN_POINT( '', ( -1.01131286008993, 0.225000000000000, 4.40096207805484 ) );
#6861 = CARTESIAN_POINT( '', ( -1.01715570879474, 0.225000000000000, 4.39133295987232 ) );
#6862 = CARTESIAN_POINT( '', ( -1.02139656599570, 0.225000000000000, 4.38053960199014 ) );
#6863 = CARTESIAN_POINT( '', ( -1.02364357818884, 0.225000000000000, 4.36950285726337 ) );
#6864 = CARTESIAN_POINT( '', ( -1.02494709784185, 0.225000000000000, 4.36310030470911 ) );
#6865 = CARTESIAN_POINT( '', ( -1.02560957483847, 0.225000000000000, 4.35653389950150 ) );
#6866 = CARTESIAN_POINT( '', ( -1.02560957483847, 0.225000000000000, 4.35000000000000 ) );
#6867 = COLOUR_RGB( '', 0.392156869200000, 0.600000023800000, 0.392156869200000 );
#6868 = CARTESIAN_POINT( '', ( 4.01000000000000, -3.25000000000000, 2.05000000000000 ) );
#6869 = VECTOR( '', #7476, 1000.00000000000 );
#6870 = COLOUR_RGB( '', 0.740392148500000, 0.778039217000000, 0.800000011900000 );
#6871 = CARTESIAN_POINT( '', ( -1.07500000000000, -1.60000000000000, 1.74500000000000 ) );
#6872 = VECTOR( '', #7477, 1000.00000000000 );
#6873 = COLOUR_RGB( '', 0.392156869200000, 0.600000023800000, 0.392156869200000 );
#6874 = COLOUR_RGB( '', 0.392156869200000, 0.600000023800000, 0.392156869200000 );
#6875 = CARTESIAN_POINT( '', ( -1.42000000000000, -3.25000000000000, -0.850000000000000 ) );
#6876 = VECTOR( '', #7478, 1000.00000000000 );
#6877 = COLOUR_RGB( '', 0.740392148500000, 0.778039217000000, 0.800000011900000 );
#6878 = CARTESIAN_POINT( '', ( -0.450000000000000, -1.60000000000000, -6.05733827846856 ) );
#6879 = VECTOR( '', #7479, 1000.00000000000 );
#6880 = COLOUR_RGB( '', 0.740392148500000, 0.778039217000000, 0.800000011900000 );
#6881 = CARTESIAN_POINT( '', ( 0.650000000000000, 1.60000000000000, 1.74500000000000 ) );
#6882 = VECTOR( '', #7480, 1000.00000000000 );
#6883 = COLOUR_RGB( '', 0.392156869200000, 0.600000023800000, 0.392156869200000 );
#6884 = CARTESIAN_POINT( '', ( -1.49000000000000, 1.45000000000000, 1.05000000000000 ) );
#6885 = VECTOR( '', #7481, 1000.00000000000 );
#6886 = COLOUR_RGB( '', 0.392156869200000, 0.600000023800000, 0.392156869200000 );
#6887 = CARTESIAN_POINT( '', ( 0.900000000000000, 11.3223745086652, -0.850000000000000 ) );
#6888 = VECTOR( '', #7482, 1000.00000000000 );
#6889 = COLOUR_RGB( '', 0.392156869200000, 0.600000023800000, 0.392156869200000 );
#6890 = CARTESIAN_POINT( '', ( 1.05000000000000, 1.85000000000000, 1.05000000000000 ) );
#6891 = VECTOR( '', #7483, 1000.00000000000 );
#6892 = COLOUR_RGB( '', 0.392156869200000, 0.600000023800000, 0.392156869200000 );
#6893 = COLOUR_RGB( '', 0.392156869200000, 0.600000023800000, 0.392156869200000 );
#6894 = COLOUR_RGB( '', 0.392156869200000, 0.600000023800000, 0.392156869200000 );
#6895 = CARTESIAN_POINT( '', ( -0.650000000000000, 2.36000000000000, -1.37000000000000 ) );
#6896 = VECTOR( '', #7484, 1000.00000000000 );
#6897 = COLOUR_RGB( '', 0.392156869200000, 0.600000023800000, 0.392156869200000 );
#6898 = COLOUR_RGB( '', 0.740392148500000, 0.778039217000000, 0.800000011900000 );
#6899 = COLOUR_RGB( '', 0.392156869200000, 0.600000023800000, 0.392156869200000 );
#6900 = COLOUR_RGB( '', 0.392156869200000, 0.600000023800000, 0.392156869200000 );
#6901 = COLOUR_RGB( '', 0.392156869200000, 0.600000023800000, 0.392156869200000 );
#6902 = COLOUR_RGB( '', 0.740392148500000, 0.778039217000000, 0.800000011900000 );
#6903 = COLOUR_RGB( '', 0.740392148500000, 0.778039217000000, 0.800000011900000 );
#6904 = COLOUR_RGB( '', 0.392156869200000, 0.600000023800000, 0.392156869200000 );
#6905 = COLOUR_RGB( '', 0.392156869200000, 0.600000023800000, 0.392156869200000 );
#6906 = COLOUR_RGB( '', 0.392156869200000, 0.600000023800000, 0.392156869200000 );
#6907 = COLOUR_RGB( '', 0.740392148500000, 0.778039217000000, 0.800000011900000 );
#6908 = CARTESIAN_POINT( '', ( 0.000000000000000, -0.250000000000000, 3.65000000000000 ) );
#6909 = DIRECTION( '', ( 0.000000000000000, 0.000000000000000, 1.00000000000000 ) );
#6910 = DIRECTION( '', ( 1.00000000000000, 0.000000000000000, 0.000000000000000 ) );
#6911 = CARTESIAN_POINT( '', ( 0.000000000000000, -0.250000000000000, 3.95000000000000 ) );
#6912 = DIRECTION( '', ( 0.000000000000000, 2.55106393526001E-016, -1.00000000000000 ) );
#6913 = DIRECTION( '', ( 1.00000000000000, 0.000000000000000, 0.000000000000000 ) );
#6914 = DIRECTION( '', ( 1.00000000000000, 0.000000000000000, 0.000000000000000 ) );
#6915 = CARTESIAN_POINT( '', ( 0.650000000000000, 1.19000000000000, 1.74500000000000 ) );
#6916 = DIRECTION( '', ( -1.00000000000000, -2.64439554264757E-016, -4.81858721386468E-032 ) );
#6917 = DIRECTION( '', ( 2.64439554264757E-016, -1.00000000000000, 0.000000000000000 ) );
#6918 = DIRECTION( '', ( 1.00000000000000, 0.000000000000000, 0.000000000000000 ) );
#6919 = CARTESIAN_POINT( '', ( -0.650000000000000, 1.19000000000000, 1.74500000000000 ) );
#6920 = DIRECTION( '', ( 1.00000000000000, -2.64439554264757E-016, -4.81858721386468E-032 ) );
#6921 = DIRECTION( '', ( 2.64439554264757E-016, 1.00000000000000, 0.000000000000000 ) );
#6922 = DIRECTION( '', ( 1.00000000000000, 0.000000000000000, 0.000000000000000 ) );
#6923 = DIRECTION( '', ( -0.118463972965582, -0.569537512494937, 0.813383863234506 ) );
#6924 = DIRECTION( '', ( 1.00000000000000, 0.000000000000000, 0.000000000000000 ) );
#6925 = DIRECTION( '', ( 0.118463972965582, -0.569537512494937, 0.813383863234506 ) );
#6926 = DIRECTION( '', ( 0.274721127897378, 0.961523947640823, -1.85663175507401E-017 ) );
#6927 = DIRECTION( '', ( 0.000000000000000, -1.93092617155235E-017, -1.00000000000000 ) );
#6928 = DIRECTION( '', ( -0.274721127897378, -0.961523947640823, 1.85663175507401E-017 ) );
#6929 = DIRECTION( '', ( 0.000000000000000, -1.93092617155235E-017, -1.00000000000000 ) );
#6930 = DIRECTION( '', ( 0.000000000000000, 0.000000000000000, -1.00000000000000 ) );
#6931 = DIRECTION( '', ( 0.000000000000000, -1.00000000000000, 0.000000000000000 ) );
#6932 = DIRECTION( '', ( 0.000000000000000, 0.000000000000000, -1.00000000000000 ) );
#6933 = DIRECTION( '', ( 0.000000000000000, -1.00000000000000, 0.000000000000000 ) );
#6934 = DIRECTION( '', ( 0.000000000000000, 0.000000000000000, -1.00000000000000 ) );
#6935 = DIRECTION( '', ( 9.96291797639445E-017, 0.557093425605536, 0.830449826989620 ) );
#6936 = DIRECTION( '', ( 0.000000000000000, 0.000000000000000, -1.00000000000000 ) );
#6937 = DIRECTION( '', ( 1.78837471750186E-016, 1.00000000000000, 0.000000000000000 ) );
#6938 = DIRECTION( '', ( 0.000000000000000, 0.000000000000000, -1.00000000000000 ) );
#6939 = DIRECTION( '', ( 1.00000000000000, -3.33600668457079E-016, 0.000000000000000 ) );
#6940 = DIRECTION( '', ( 1.00000000000000, -3.33600668457079E-016, 0.000000000000000 ) );
#6941 = CARTESIAN_POINT( '', ( 2.54000000000000, -0.250000000000000, 3.95000000000000 ) );
#6942 = DIRECTION( '', ( 0.000000000000000, 2.55106393526001E-016, -1.00000000000000 ) );
#6943 = DIRECTION( '', ( 1.00000000000000, 0.000000000000000, 0.000000000000000 ) );
#6944 = CARTESIAN_POINT( '', ( 2.54000000000000, -0.250000000000000, 3.95000000000000 ) );
#6945 = DIRECTION( '', ( 0.000000000000000, 2.55106393526001E-016, -1.00000000000000 ) );
#6946 = DIRECTION( '', ( 1.00000000000000, 0.000000000000000, 0.000000000000000 ) );
#6947 = DIRECTION( '', ( -0.203641751140177, -0.979045472484584, 0.000000000000000 ) );
#6948 = DIRECTION( '', ( 1.00000000000000, 0.000000000000000, 0.000000000000000 ) );
#6949 = DIRECTION( '', ( 0.203641751140177, -0.979045472484584, 0.000000000000000 ) );
#6950 = DIRECTION( '', ( 1.00000000000000, 0.000000000000000, 0.000000000000000 ) );
#6951 = DIRECTION( '', ( 0.000000000000000, 0.000000000000000, -1.00000000000000 ) );
#6952 = DIRECTION( '', ( -1.00000000000000, 0.000000000000000, 0.000000000000000 ) );
#6953 = DIRECTION( '', ( 0.000000000000000, 0.000000000000000, -1.00000000000000 ) );
#6954 = DIRECTION( '', ( -1.00000000000000, 0.000000000000000, 0.000000000000000 ) );
#6955 = CARTESIAN_POINT( '', ( -2.54000000000000, -0.250000000000000, 3.65000000000000 ) );
#6956 = DIRECTION( '', ( 0.000000000000000, 0.000000000000000, 1.00000000000000 ) );
#6957 = DIRECTION( '', ( 1.00000000000000, 0.000000000000000, 0.000000000000000 ) );
#6958 = CARTESIAN_POINT( '', ( -2.54000000000000, -0.250000000000000, 3.95000000000000 ) );
#6959 = DIRECTION( '', ( 0.000000000000000, 2.55106393526001E-016, -1.00000000000000 ) );
#6960 = DIRECTION( '', ( 1.00000000000000, 0.000000000000000, 0.000000000000000 ) );
#6961 = DIRECTION( '', ( 0.000000000000000, -1.00000000000000, 1.93092617155235E-017 ) );
#6962 = DIRECTION( '', ( -0.274721127897378, 0.961523947640823, -1.85663175507401E-017 ) );
#6963 = DIRECTION( '', ( 1.00000000000000, 0.000000000000000, 0.000000000000000 ) );
#6964 = DIRECTION( '', ( 0.000000000000000, 1.00000000000000, -1.93092617155235E-017 ) );
#6965 = DIRECTION( '', ( 1.00000000000000, 0.000000000000000, 0.000000000000000 ) );
#6966 = CARTESIAN_POINT( '', ( 0.650000000000000, -2.01000000000000, 0.415000000000000 ) );
#6967 = DIRECTION( '', ( -1.00000000000000, 0.000000000000000, 0.000000000000000 ) );
#6968 = DIRECTION( '', ( 0.000000000000000, 0.000000000000000, 1.00000000000000 ) );
#6969 = DIRECTION( '', ( 0.000000000000000, 4.89113762023536E-016, 1.00000000000000 ) );
#6970 = CARTESIAN_POINT( '', ( 0.650000000000000, -1.19000000000000, 1.74500000000000 ) );
#6971 = DIRECTION( '', ( -1.00000000000000, 0.000000000000000, 0.000000000000000 ) );
#6972 = DIRECTION( '', ( 0.000000000000000, 0.000000000000000, 1.00000000000000 ) );
#6973 = DIRECTION( '', ( 0.000000000000000, 1.00000000000000, 1.82218852518572E-016 ) );
#6974 = DIRECTION( '', ( 0.000000000000000, -1.82218852518572E-016, 1.00000000000000 ) );
#6975 = DIRECTION( '', ( 0.000000000000000, -1.00000000000000, -1.82218852518572E-016 ) );
#6976 = CARTESIAN_POINT( '', ( 0.650000000000000, -1.19000000000000, 1.74500000000000 ) );
#6977 = DIRECTION( '', ( -1.00000000000000, 0.000000000000000, 0.000000000000000 ) );
#6978 = DIRECTION( '', ( 0.000000000000000, 0.000000000000000, 1.00000000000000 ) );
#6979 = DIRECTION( '', ( 0.000000000000000, -1.82218852518572E-016, 1.00000000000000 ) );
#6980 = DIRECTION( '', ( 0.000000000000000, 0.000000000000000, -1.00000000000000 ) );
#6981 = DIRECTION( '', ( 1.00000000000000, 0.000000000000000, 0.000000000000000 ) );
#6982 = DIRECTION( '', ( 0.000000000000000, 0.000000000000000, 1.00000000000000 ) );
#6983 = DIRECTION( '', ( 1.00000000000000, 0.000000000000000, 0.000000000000000 ) );
#6984 = DIRECTION( '', ( 0.000000000000000, 0.000000000000000, -1.00000000000000 ) );
#6985 = DIRECTION( '', ( 1.00000000000000, 0.000000000000000, 0.000000000000000 ) );
#6986 = DIRECTION( '', ( 0.000000000000000, 4.81867632215780E-016, 1.00000000000000 ) );
#6987 = DIRECTION( '', ( 1.00000000000000, 0.000000000000000, 0.000000000000000 ) );
#6988 = DIRECTION( '', ( 0.000000000000000, 4.81867632215780E-016, 1.00000000000000 ) );
#6989 = DIRECTION( '', ( 1.00000000000000, 0.000000000000000, 0.000000000000000 ) );
#6990 = DIRECTION( '', ( 0.000000000000000, 0.000000000000000, -1.00000000000000 ) );
#6991 = DIRECTION( '', ( 1.00000000000000, 0.000000000000000, 0.000000000000000 ) );
#6992 = DIRECTION( '', ( 0.000000000000000, 0.000000000000000, 1.00000000000000 ) );
#6993 = DIRECTION( '', ( -0.151581857408480, -0.728757881798123, -0.667783565402525 ) );
#6994 = DIRECTION( '', ( 0.000000000000000, 0.000000000000000, 1.00000000000000 ) );
#6995 = DIRECTION( '', ( -0.118463972965582, -0.569537512494937, 0.813383863234506 ) );
#6996 = DIRECTION( '', ( -0.203641751140177, -0.979045472484584, 0.000000000000000 ) );
#6997 = DIRECTION( '', ( 0.000000000000000, 0.000000000000000, -1.00000000000000 ) );
#6998 = DIRECTION( '', ( 0.000000000000000, 1.00000000000000, 0.000000000000000 ) );
#6999 = DIRECTION( '', ( 0.000000000000000, 0.000000000000000, -1.00000000000000 ) );
#7000 = DIRECTION( '', ( 0.000000000000000, 1.00000000000000, 0.000000000000000 ) );
#7001 = DIRECTION( '', ( 0.000000000000000, -1.00000000000000, -1.11200222819026E-016 ) );
#7002 = CARTESIAN_POINT( '', ( 0.000000000000000, 0.000000000000000, 0.750000000000000 ) );
#7003 = DIRECTION( '', ( 0.000000000000000, 1.11200222819026E-016, -1.00000000000000 ) );
#7004 = DIRECTION( '', ( 0.000000000000000, 1.00000000000000, 1.11200222819026E-016 ) );
#7005 = DIRECTION( '', ( 0.000000000000000, -1.00000000000000, -1.11200222819026E-016 ) );
#7006 = DIRECTION( '', ( 1.00000000000000, 0.000000000000000, 0.000000000000000 ) );
#7007 = DIRECTION( '', ( 0.000000000000000, -1.00000000000000, -1.11200222819026E-016 ) );
#7008 = CARTESIAN_POINT( '', ( 0.000000000000000, 0.000000000000000, 0.750000000000000 ) );
#7009 = DIRECTION( '', ( 0.000000000000000, 1.11200222819026E-016, -1.00000000000000 ) );
#7010 = DIRECTION( '', ( 0.000000000000000, 1.00000000000000, 1.11200222819026E-016 ) );
#7011 = DIRECTION( '', ( 0.000000000000000, -1.00000000000000, -1.11200222819026E-016 ) );
#7012 = DIRECTION( '', ( -1.00000000000000, 0.000000000000000, 0.000000000000000 ) );
#7013 = DIRECTION( '', ( 0.000000000000000, 0.000000000000000, -1.00000000000000 ) );
#7014 = DIRECTION( '', ( 0.203641751140177, -0.979045472484584, 0.000000000000000 ) );
#7015 = DIRECTION( '', ( 0.118463972965582, -0.569537512494937, 0.813383863234506 ) );
#7016 = DIRECTION( '', ( 0.000000000000000, 0.000000000000000, -1.00000000000000 ) );
#7017 = DIRECTION( '', ( -0.203641751140177, 0.979045472484584, 0.000000000000000 ) );
#7018 = DIRECTION( '', ( 0.000000000000000, 0.000000000000000, 1.00000000000000 ) );
#7019 = DIRECTION( '', ( -0.203641751140177, 0.979045472484584, -2.45320921105481E-017 ) );
#7020 = DIRECTION( '', ( 0.000000000000000, 0.000000000000000, -1.00000000000000 ) );
#7021 = DIRECTION( '', ( 0.151581857408480, -0.728757881798123, -0.667783565402525 ) );
#7022 = DIRECTION( '', ( 1.33959470179178E-032, 1.00000000000000, 0.000000000000000 ) );
#7023 = CARTESIAN_POINT( '', ( 0.000000000000000, 0.000000000000000, 0.450000000000000 ) );
#7024 = DIRECTION( '', ( 0.000000000000000, 0.000000000000000, -1.00000000000000 ) );
#7025 = DIRECTION( '', ( 1.00000000000000, 0.000000000000000, 0.000000000000000 ) );
#7026 = DIRECTION( '', ( 0.000000000000000, 1.93092617155235E-017, 1.00000000000000 ) );
#7027 = DIRECTION( '', ( 1.00000000000000, 0.000000000000000, 0.000000000000000 ) );
#7028 = DIRECTION( '', ( 0.000000000000000, 1.00000000000000, 0.000000000000000 ) );
#7029 = DIRECTION( '', ( 0.000000000000000, 0.000000000000000, -1.00000000000000 ) );
#7030 = DIRECTION( '', ( 0.000000000000000, -1.00000000000000, 0.000000000000000 ) );
#7031 = DIRECTION( '', ( 0.000000000000000, 0.000000000000000, -1.00000000000000 ) );
#7032 = DIRECTION( '', ( 0.000000000000000, -1.00000000000000, 4.81867632215780E-016 ) );
#7033 = DIRECTION( '', ( -1.00000000000000, 0.000000000000000, 0.000000000000000 ) );
#7034 = DIRECTION( '', ( 0.000000000000000, 1.00000000000000, -4.81867632215780E-016 ) );
#7035 = DIRECTION( '', ( -1.00000000000000, 0.000000000000000, 0.000000000000000 ) );
#7036 = DIRECTION( '', ( 0.000000000000000, -1.00000000000000, -1.11200222819026E-016 ) );
#7037 = DIRECTION( '', ( -1.00000000000000, 1.85482343325016E-032, -1.66800334228539E-016 ) );
#7038 = DIRECTION( '', ( 0.000000000000000, -1.00000000000000, -1.11200222819026E-016 ) );
#7039 = DIRECTION( '', ( 1.00000000000000, -1.85482343325016E-032, 1.66800334228539E-016 ) );
#7040 = DIRECTION( '', ( 0.000000000000000, 1.00000000000000, -1.93092617155235E-017 ) );
#7041 = CARTESIAN_POINT( '', ( 0.450000000000000, -2.01000000000000, 0.415000000000000 ) );
#7042 = DIRECTION( '', ( -1.00000000000000, 0.000000000000000, 0.000000000000000 ) );
#7043 = DIRECTION( '', ( 0.000000000000000, 0.000000000000000, 1.00000000000000 ) );
#7044 = DIRECTION( '', ( 0.000000000000000, -1.82218852518572E-016, 1.00000000000000 ) );
#7045 = CARTESIAN_POINT( '', ( 0.450000000000000, -2.01000000000000, 0.415000000000000 ) );
#7046 = DIRECTION( '', ( -1.00000000000000, 0.000000000000000, 0.000000000000000 ) );
#7047 = DIRECTION( '', ( 0.000000000000000, 0.000000000000000, 1.00000000000000 ) );
#7048 = DIRECTION( '', ( 0.000000000000000, 0.000000000000000, -1.00000000000000 ) );
#7049 = DIRECTION( '', ( 1.00000000000000, -3.33600668457079E-016, 0.000000000000000 ) );
#7050 = DIRECTION( '', ( 0.000000000000000, 0.000000000000000, -1.00000000000000 ) );
#7051 = DIRECTION( '', ( 1.00000000000000, -3.33600668457079E-016, 0.000000000000000 ) );
#7052 = DIRECTION( '', ( -1.00000000000000, 0.000000000000000, 0.000000000000000 ) );
#7053 = DIRECTION( '', ( 0.000000000000000, 0.000000000000000, -1.00000000000000 ) );
#7054 = DIRECTION( '', ( -1.00000000000000, 0.000000000000000, 0.000000000000000 ) );
#7055 = DIRECTION( '', ( 0.000000000000000, 0.000000000000000, -1.00000000000000 ) );
#7056 = DIRECTION( '', ( 0.000000000000000, 0.242535625036333, -0.970142500145332 ) );
#7057 = DIRECTION( '', ( -1.00000000000000, 0.000000000000000, 0.000000000000000 ) );
#7058 = DIRECTION( '', ( 0.000000000000000, 0.242535625036333, -0.970142500145332 ) );
#7059 = DIRECTION( '', ( -1.00000000000000, 0.000000000000000, 0.000000000000000 ) );
#7060 = DIRECTION( '', ( 1.00000000000000, 0.000000000000000, 0.000000000000000 ) );
#7061 = DIRECTION( '', ( -1.00000000000000, 0.000000000000000, 0.000000000000000 ) );
#7062 = DIRECTION( '', ( 1.00000000000000, 0.000000000000000, 0.000000000000000 ) );
#7063 = DIRECTION( '', ( -1.00000000000000, 0.000000000000000, 0.000000000000000 ) );
#7064 = DIRECTION( '', ( 1.00000000000000, 0.000000000000000, 0.000000000000000 ) );
#7065 = DIRECTION( '', ( 0.274721127897378, -0.961523947640823, 1.85663175507401E-017 ) );
#7066 = DIRECTION( '', ( 0.000000000000000, -1.00000000000000, 1.93092617155235E-017 ) );
#7067 = DIRECTION( '', ( 1.00000000000000, 0.000000000000000, 0.000000000000000 ) );
#7068 = DIRECTION( '', ( 1.00000000000000, 0.000000000000000, 0.000000000000000 ) );
#7069 = DIRECTION( '', ( 0.000000000000000, 4.81867632215780E-016, 1.00000000000000 ) );
#7070 = DIRECTION( '', ( 0.000000000000000, 4.81867632215780E-016, 1.00000000000000 ) );
#7071 = DIRECTION( '', ( 1.00000000000000, 0.000000000000000, 0.000000000000000 ) );
#7072 = DIRECTION( '', ( 0.000000000000000, 4.81867632215780E-016, 1.00000000000000 ) );
#7073 = DIRECTION( '', ( 0.000000000000000, 4.81867632215780E-016, 1.00000000000000 ) );
#7074 = DIRECTION( '', ( 0.000000000000000, 0.000000000000000, -1.00000000000000 ) );
#7075 = DIRECTION( '', ( -1.00000000000000, 0.000000000000000, 0.000000000000000 ) );
#7076 = DIRECTION( '', ( 0.000000000000000, 0.000000000000000, -1.00000000000000 ) );
#7077 = DIRECTION( '', ( -1.00000000000000, 0.000000000000000, 0.000000000000000 ) );
#7078 = DIRECTION( '', ( 0.000000000000000, 0.000000000000000, -1.00000000000000 ) );
#7079 = DIRECTION( '', ( 0.000000000000000, -1.00000000000000, 0.000000000000000 ) );
#7080 = DIRECTION( '', ( 0.000000000000000, 0.000000000000000, 1.00000000000000 ) );
#7081 = DIRECTION( '', ( 0.000000000000000, -1.00000000000000, 0.000000000000000 ) );
#7082 = DIRECTION( '', ( 0.000000000000000, 0.000000000000000, 1.00000000000000 ) );
#7083 = DIRECTION( '', ( 7.99785487515229E-017, 0.447213595499958, -0.894427190999916 ) );
#7084 = DIRECTION( '', ( 1.78837471750186E-016, 1.00000000000000, 0.000000000000000 ) );
#7085 = DIRECTION( '', ( 1.00000000000000, 0.000000000000000, 0.000000000000000 ) );
#7086 = DIRECTION( '', ( 0.000000000000000, -1.00000000000000, 0.000000000000000 ) );
#7087 = DIRECTION( '', ( 1.00000000000000, 0.000000000000000, 0.000000000000000 ) );
#7088 = DIRECTION( '', ( 0.000000000000000, -1.00000000000000, 0.000000000000000 ) );
#7089 = CARTESIAN_POINT( '', ( 0.650000000000000, 1.19000000000000, 1.74500000000000 ) );
#7090 = DIRECTION( '', ( -1.00000000000000, -2.64439554264757E-016, -4.81858721386468E-032 ) );
#7091 = DIRECTION( '', ( 2.64439554264757E-016, -1.00000000000000, 0.000000000000000 ) );
#7092 = DIRECTION( '', ( 1.00000000000000, 0.000000000000000, 0.000000000000000 ) );
#7093 = CARTESIAN_POINT( '', ( -0.650000000000000, 1.19000000000000, 1.74500000000000 ) );
#7094 = DIRECTION( '', ( 1.00000000000000, -2.64439554264757E-016, -4.81858721386468E-032 ) );
#7095 = DIRECTION( '', ( 2.64439554264757E-016, 1.00000000000000, 0.000000000000000 ) );
#7096 = DIRECTION( '', ( 1.00000000000000, 0.000000000000000, 0.000000000000000 ) );
#7097 = DIRECTION( '', ( 0.000000000000000, 0.000000000000000, 1.00000000000000 ) );
#7098 = DIRECTION( '', ( 0.000000000000000, -0.557093425605536, -0.830449826989620 ) );
#7099 = DIRECTION( '', ( 0.000000000000000, -1.00000000000000, 0.000000000000000 ) );
#7100 = DIRECTION( '', ( 0.000000000000000, 0.000000000000000, -1.00000000000000 ) );
#7101 = DIRECTION( '', ( -1.00000000000000, 0.000000000000000, 0.000000000000000 ) );
#7102 = DIRECTION( '', ( 0.000000000000000, 0.000000000000000, -1.00000000000000 ) );
#7103 = DIRECTION( '', ( -1.00000000000000, 0.000000000000000, 0.000000000000000 ) );
#7104 = DIRECTION( '', ( -1.00000000000000, 0.000000000000000, -4.97292921923595E-016 ) );
#7105 = DIRECTION( '', ( 9.96291797639445E-017, 0.557093425605536, 0.830449826989620 ) );
#7106 = DIRECTION( '', ( 0.000000000000000, 0.000000000000000, 1.00000000000000 ) );
#7107 = DIRECTION( '', ( 0.000000000000000, 0.000000000000000, 1.00000000000000 ) );
#7108 = CARTESIAN_POINT( '', ( 0.000000000000000, 0.000000000000000, 0.450000000000000 ) );
#7109 = DIRECTION( '', ( 0.000000000000000, 0.000000000000000, -1.00000000000000 ) );
#7110 = DIRECTION( '', ( 1.00000000000000, 0.000000000000000, 0.000000000000000 ) );
#7111 = DIRECTION( '', ( 0.000000000000000, 0.000000000000000, 1.00000000000000 ) );
#7112 = DIRECTION( '', ( 0.000000000000000, 0.000000000000000, 1.00000000000000 ) );
#7113 = CARTESIAN_POINT( '', ( 0.000000000000000, 0.000000000000000, 1.95000000000000 ) );
#7114 = DIRECTION( '', ( 0.000000000000000, 0.000000000000000, -1.00000000000000 ) );
#7115 = DIRECTION( '', ( 1.00000000000000, 0.000000000000000, 0.000000000000000 ) );
#7116 = CARTESIAN_POINT( '', ( -2.54000000000000, -0.250000000000000, 3.95000000000000 ) );
#7117 = DIRECTION( '', ( 0.000000000000000, 2.55106393526001E-016, -1.00000000000000 ) );
#7118 = DIRECTION( '', ( 1.00000000000000, 0.000000000000000, 0.000000000000000 ) );
#7119 = CARTESIAN_POINT( '', ( -2.54000000000000, -0.250000000000000, 6.05000000000000 ) );
#7120 = DIRECTION( '', ( 0.000000000000000, 2.55106393526001E-016, -1.00000000000000 ) );
#7121 = DIRECTION( '', ( 1.00000000000000, 0.000000000000000, 0.000000000000000 ) );
#7122 = DIRECTION( '', ( 0.000000000000000, 0.000000000000000, -1.00000000000000 ) );
#7123 = DIRECTION( '', ( 0.000000000000000, -1.00000000000000, 0.000000000000000 ) );
#7124 = DIRECTION( '', ( 0.000000000000000, 0.000000000000000, -1.00000000000000 ) );
#7125 = DIRECTION( '', ( 0.000000000000000, -1.00000000000000, 0.000000000000000 ) );
#7126 = DIRECTION( '', ( 1.00000000000000, 0.000000000000000, 0.000000000000000 ) );
#7127 = DIRECTION( '', ( 0.000000000000000, -4.89113762023536E-016, -1.00000000000000 ) );
#7128 = DIRECTION( '', ( 1.00000000000000, 0.000000000000000, 0.000000000000000 ) );
#7129 = DIRECTION( '', ( -1.00000000000000, 1.03257349760524E-016, 0.000000000000000 ) );
#7130 = DIRECTION( '', ( 0.000000000000000, 1.00000000000000, 0.000000000000000 ) );
#7131 = DIRECTION( '', ( 0.000000000000000, 1.00000000000000, 0.000000000000000 ) );
#7132 = DIRECTION( '', ( 1.00000000000000, 0.000000000000000, 0.000000000000000 ) );
#7133 = DIRECTION( '', ( 1.00000000000000, 0.000000000000000, 0.000000000000000 ) );
#7134 = DIRECTION( '', ( 0.000000000000000, -1.00000000000000, 0.000000000000000 ) );
#7135 = DIRECTION( '', ( -1.00000000000000, 0.000000000000000, 0.000000000000000 ) );
#7136 = DIRECTION( '', ( 1.00000000000000, 0.000000000000000, 0.000000000000000 ) );
#7137 = DIRECTION( '', ( 0.000000000000000, -1.00000000000000, 0.000000000000000 ) );
#7138 = DIRECTION( '', ( -0.203641751140177, 0.979045472484584, 0.000000000000000 ) );
#7139 = DIRECTION( '', ( 1.00000000000000, 0.000000000000000, 0.000000000000000 ) );
#7140 = DIRECTION( '', ( 0.000000000000000, -1.00000000000000, 0.000000000000000 ) );
#7141 = DIRECTION( '', ( 0.000000000000000, 1.00000000000000, -4.81867632215780E-016 ) );
#7142 = DIRECTION( '', ( -1.00000000000000, 0.000000000000000, 0.000000000000000 ) );
#7143 = DIRECTION( '', ( 0.000000000000000, -1.00000000000000, 4.81867632215780E-016 ) );
#7144 = DIRECTION( '', ( -1.00000000000000, 0.000000000000000, -1.20466908053945E-016 ) );
#7145 = DIRECTION( '', ( 0.000000000000000, -1.00000000000000, 0.000000000000000 ) );
#7146 = DIRECTION( '', ( -1.00000000000000, 0.000000000000000, -1.20466908053945E-016 ) );
#7147 = DIRECTION( '', ( -0.203641751140177, 0.979045472484584, -2.45320921105481E-017 ) );
#7148 = DIRECTION( '', ( 0.000000000000000, -1.00000000000000, 0.000000000000000 ) );
#7149 = DIRECTION( '', ( 0.000000000000000, -1.82218852518572E-016, 1.00000000000000 ) );
#7150 = DIRECTION( '', ( 0.000000000000000, 1.00000000000000, 1.82218852518572E-016 ) );
#7151 = DIRECTION( '', ( 0.000000000000000, -1.82218852518572E-016, 1.00000000000000 ) );
#7152 = DIRECTION( '', ( 0.000000000000000, 1.00000000000000, 1.82218852518572E-016 ) );
#7153 = DIRECTION( '', ( 0.000000000000000, -1.82218852518572E-016, 1.00000000000000 ) );
#7154 = DIRECTION( '', ( 0.000000000000000, 1.00000000000000, 1.82218852518572E-016 ) );
#7155 = DIRECTION( '', ( 0.000000000000000, -1.82218852518572E-016, 1.00000000000000 ) );
#7156 = DIRECTION( '', ( 0.000000000000000, 1.00000000000000, 1.82218852518572E-016 ) );
#7157 = DIRECTION( '', ( 0.000000000000000, -1.00000000000000, 0.000000000000000 ) );
#7158 = DIRECTION( '', ( -1.00000000000000, 1.03257349760524E-016, 0.000000000000000 ) );
#7159 = DIRECTION( '', ( 0.000000000000000, 1.00000000000000, 0.000000000000000 ) );
#7160 = DIRECTION( '', ( 1.00000000000000, 0.000000000000000, 0.000000000000000 ) );
#7161 = DIRECTION( '', ( 0.000000000000000, 1.00000000000000, 0.000000000000000 ) );
#7162 = DIRECTION( '', ( 0.000000000000000, 1.00000000000000, 0.000000000000000 ) );
#7163 = DIRECTION( '', ( 0.000000000000000, 0.000000000000000, -1.00000000000000 ) );
#7164 = DIRECTION( '', ( 0.000000000000000, 0.000000000000000, 1.00000000000000 ) );
#7165 = DIRECTION( '', ( 7.99785487515229E-017, 0.447213595499958, -0.894427190999916 ) );
#7166 = DIRECTION( '', ( 0.000000000000000, 0.000000000000000, -1.00000000000000 ) );
#7167 = DIRECTION( '', ( 1.78837471750186E-016, 1.00000000000000, 0.000000000000000 ) );
#7168 = DIRECTION( '', ( 1.00000000000000, 0.000000000000000, 0.000000000000000 ) );
#7169 = DIRECTION( '', ( 0.000000000000000, 4.81867632215780E-016, 1.00000000000000 ) );
#7170 = DIRECTION( '', ( 0.000000000000000, 4.81867632215780E-016, 1.00000000000000 ) );
#7171 = CARTESIAN_POINT( '', ( 2.54000000000000, -0.250000000000000, 6.05000000000000 ) );
#7172 = DIRECTION( '', ( 0.000000000000000, 2.55106393526001E-016, -1.00000000000000 ) );
#7173 = DIRECTION( '', ( 1.00000000000000, 0.000000000000000, 0.000000000000000 ) );
#7174 = DIRECTION( '', ( 0.000000000000000, 0.000000000000000, -1.00000000000000 ) );
#7175 = DIRECTION( '', ( 9.96291797639445E-017, 0.557093425605536, 0.830449826989620 ) );
#7176 = DIRECTION( '', ( 0.000000000000000, 0.000000000000000, -1.00000000000000 ) );
#7177 = DIRECTION( '', ( 1.78837471750186E-016, 1.00000000000000, 0.000000000000000 ) );
#7178 = DIRECTION( '', ( 0.000000000000000, -0.557093425605536, -0.830449826989620 ) );
#7179 = DIRECTION( '', ( -1.00000000000000, 0.000000000000000, -4.97292921923595E-016 ) );
#7180 = DIRECTION( '', ( 1.00000000000000, -3.33600668457079E-016, 0.000000000000000 ) );
#7181 = DIRECTION( '', ( 0.000000000000000, 0.000000000000000, 1.00000000000000 ) );
#7182 = DIRECTION( '', ( 0.000000000000000, -0.557093425605536, -0.830449826989620 ) );
#7183 = DIRECTION( '', ( 0.000000000000000, -1.00000000000000, 0.000000000000000 ) );
#7184 = DIRECTION( '', ( 0.000000000000000, 0.000000000000000, 1.00000000000000 ) );
#7185 = DIRECTION( '', ( 0.000000000000000, -1.00000000000000, 0.000000000000000 ) );
#7186 = DIRECTION( '', ( 0.000000000000000, 0.000000000000000, 1.00000000000000 ) );
#7187 = DIRECTION( '', ( 0.000000000000000, -1.00000000000000, 0.000000000000000 ) );
#7188 = DIRECTION( '', ( 0.000000000000000, 1.00000000000000, -4.81867632215780E-016 ) );
#7189 = DIRECTION( '', ( 0.000000000000000, 1.00000000000000, -4.81867632215780E-016 ) );
#7190 = DIRECTION( '', ( -1.00000000000000, 0.000000000000000, 0.000000000000000 ) );
#7191 = DIRECTION( '', ( -0.861934215157770, 0.507020126563394, 9.23886256662028E-017 ) );
#7192 = DIRECTION( '', ( 0.000000000000000, -1.82218852518572E-016, 1.00000000000000 ) );
#7193 = DIRECTION( '', ( 0.861934215157770, -0.507020126563394, -9.23886256662028E-017 ) );
#7194 = DIRECTION( '', ( 1.00000000000000, 0.000000000000000, 0.000000000000000 ) );
#7195 = CARTESIAN_POINT( '', ( -0.450000000000000, -2.01000000000000, 0.415000000000000 ) );
#7196 = DIRECTION( '', ( 1.00000000000000, 0.000000000000000, 0.000000000000000 ) );
#7197 = DIRECTION( '', ( 0.000000000000000, 0.000000000000000, -1.00000000000000 ) );
#7198 = DIRECTION( '', ( 1.00000000000000, 0.000000000000000, 0.000000000000000 ) );
#7199 = CARTESIAN_POINT( '', ( -0.650000000000000, -2.01000000000000, 0.415000000000000 ) );
#7200 = DIRECTION( '', ( 1.00000000000000, 0.000000000000000, 0.000000000000000 ) );
#7201 = DIRECTION( '', ( 0.000000000000000, 0.000000000000000, -1.00000000000000 ) );
#7202 = DIRECTION( '', ( 0.000000000000000, -1.00000000000000, 0.000000000000000 ) );
#7203 = DIRECTION( '', ( 0.000000000000000, 0.000000000000000, -1.00000000000000 ) );
#7204 = DIRECTION( '', ( 0.000000000000000, 0.000000000000000, -1.00000000000000 ) );
#7205 = DIRECTION( '', ( 0.000000000000000, 1.00000000000000, -4.81867632215780E-016 ) );
#7206 = DIRECTION( '', ( 0.000000000000000, -1.00000000000000, 4.81867632215780E-016 ) );
#7207 = DIRECTION( '', ( -1.00000000000000, 0.000000000000000, 0.000000000000000 ) );
#7208 = DIRECTION( '', ( 0.861934215157770, 0.507020126563394, 9.23886256662028E-017 ) );
#7209 = DIRECTION( '', ( -0.861934215157770, -0.507020126563394, -9.23886256662028E-017 ) );
#7210 = DIRECTION( '', ( -1.20466908053945E-016, -1.11200222819026E-016, 1.00000000000000 ) );
#7211 = DIRECTION( '', ( 1.20466908053945E-016, 1.11200222819026E-016, -1.00000000000000 ) );
#7212 = DIRECTION( '', ( 0.000000000000000, -1.11200222819026E-016, 1.00000000000000 ) );
#7213 = DIRECTION( '', ( 0.000000000000000, -1.00000000000000, 0.000000000000000 ) );
#7214 = DIRECTION( '', ( 0.000000000000000, 1.11200222819026E-016, -1.00000000000000 ) );
#7215 = DIRECTION( '', ( 0.000000000000000, 1.00000000000000, 0.000000000000000 ) );
#7216 = CARTESIAN_POINT( '', ( 0.000000000000000, 0.000000000000000, 3.60000000000000 ) );
#7217 = DIRECTION( '', ( 0.000000000000000, 0.000000000000000, -1.00000000000000 ) );
#7218 = DIRECTION( '', ( -1.00000000000000, 0.000000000000000, 0.000000000000000 ) );
#7219 = CARTESIAN_POINT( '', ( 0.000000000000000, 0.000000000000000, 3.50000000000000 ) );
#7220 = DIRECTION( '', ( 0.000000000000000, 0.000000000000000, -1.00000000000000 ) );
#7221 = DIRECTION( '', ( -1.00000000000000, 0.000000000000000, 0.000000000000000 ) );
#7222 = DIRECTION( '', ( 0.000000000000000, 0.000000000000000, 1.00000000000000 ) );
#7223 = DIRECTION( '', ( 0.000000000000000, 0.000000000000000, -1.00000000000000 ) );
#7224 = DIRECTION( '', ( 0.000000000000000, -1.00000000000000, 0.000000000000000 ) );
#7225 = DIRECTION( '', ( 7.99785487515229E-017, 0.447213595499958, -0.894427190999916 ) );
#7226 = DIRECTION( '', ( 0.000000000000000, 0.000000000000000, -1.00000000000000 ) );
#7227 = DIRECTION( '', ( 1.78837471750186E-016, 1.00000000000000, 0.000000000000000 ) );
#7228 = DIRECTION( '', ( 0.000000000000000, 1.00000000000000, -4.81867632215780E-016 ) );
#7229 = DIRECTION( '', ( 0.000000000000000, -1.00000000000000, 4.81867632215780E-016 ) );
#7230 = DIRECTION( '', ( -1.00000000000000, 0.000000000000000, 0.000000000000000 ) );
#7231 = DIRECTION( '', ( -1.00000000000000, 0.000000000000000, 0.000000000000000 ) );
#7232 = DIRECTION( '', ( 0.000000000000000, 0.000000000000000, -1.00000000000000 ) );
#7233 = DIRECTION( '', ( 0.000000000000000, 1.00000000000000, 0.000000000000000 ) );
#7234 = DIRECTION( '', ( 0.000000000000000, 0.000000000000000, -1.00000000000000 ) );
#7235 = DIRECTION( '', ( 0.000000000000000, 1.00000000000000, 0.000000000000000 ) );
#7236 = DIRECTION( '', ( -1.00000000000000, 0.000000000000000, 0.000000000000000 ) );
#7237 = DIRECTION( '', ( 0.000000000000000, 0.000000000000000, -1.00000000000000 ) );
#7238 = DIRECTION( '', ( -1.00000000000000, 0.000000000000000, 0.000000000000000 ) );
#7239 = DIRECTION( '', ( 0.000000000000000, -1.00000000000000, 0.000000000000000 ) );
#7240 = DIRECTION( '', ( 0.000000000000000, 0.000000000000000, -1.00000000000000 ) );
#7241 = DIRECTION( '', ( 0.000000000000000, -1.00000000000000, 0.000000000000000 ) );
#7242 = DIRECTION( '', ( -1.00000000000000, 0.000000000000000, 0.000000000000000 ) );
#7243 = DIRECTION( '', ( 1.00000000000000, 0.000000000000000, 0.000000000000000 ) );
#7244 = DIRECTION( '', ( 0.000000000000000, 0.000000000000000, 1.00000000000000 ) );
#7245 = DIRECTION( '', ( -1.00000000000000, 0.000000000000000, 0.000000000000000 ) );
#7246 = DIRECTION( '', ( 0.000000000000000, 0.000000000000000, 1.00000000000000 ) );
#7247 = DIRECTION( '', ( -1.00000000000000, 0.000000000000000, 0.000000000000000 ) );
#7248 = DIRECTION( '', ( -1.00000000000000, 0.000000000000000, 0.000000000000000 ) );
#7249 = DIRECTION( '', ( 0.000000000000000, 0.000000000000000, 1.00000000000000 ) );
#7250 = DIRECTION( '', ( 1.00000000000000, 0.000000000000000, 0.000000000000000 ) );
#7251 = DIRECTION( '', ( 0.000000000000000, 0.000000000000000, -1.00000000000000 ) );
#7252 = DIRECTION( '', ( -1.00000000000000, 0.000000000000000, 0.000000000000000 ) );
#7253 = DIRECTION( '', ( 0.000000000000000, 0.000000000000000, 1.00000000000000 ) );
#7254 = DIRECTION( '', ( 0.000000000000000, 0.000000000000000, -1.00000000000000 ) );
#7255 = DIRECTION( '', ( 0.000000000000000, 4.81867632215780E-016, 1.00000000000000 ) );
#7256 = DIRECTION( '', ( 0.000000000000000, 0.000000000000000, -1.00000000000000 ) );
#7257 = DIRECTION( '', ( 1.00000000000000, 0.000000000000000, 0.000000000000000 ) );
#7258 = DIRECTION( '', ( 1.00000000000000, 0.000000000000000, 0.000000000000000 ) );
#7259 = DIRECTION( '', ( 0.000000000000000, 0.000000000000000, -1.00000000000000 ) );
#7260 = DIRECTION( '', ( 0.000000000000000, 4.81867632215780E-016, 1.00000000000000 ) );
#7261 = DIRECTION( '', ( 1.00000000000000, 0.000000000000000, 0.000000000000000 ) );
#7262 = DIRECTION( '', ( 0.000000000000000, 4.81867632215780E-016, 1.00000000000000 ) );
#7263 = DIRECTION( '', ( 0.000000000000000, 0.000000000000000, -1.00000000000000 ) );
#7264 = DIRECTION( '', ( 1.00000000000000, 0.000000000000000, 0.000000000000000 ) );
#7265 = CARTESIAN_POINT( '', ( -0.650000000000000, -1.19000000000000, 1.74500000000000 ) );
#7266 = DIRECTION( '', ( 1.00000000000000, 0.000000000000000, 0.000000000000000 ) );
#7267 = DIRECTION( '', ( 0.000000000000000, 0.000000000000000, -1.00000000000000 ) );
#7268 = DIRECTION( '', ( 1.00000000000000, 0.000000000000000, 0.000000000000000 ) );
#7269 = DIRECTION( '', ( 0.000000000000000, 4.81867632215780E-016, 1.00000000000000 ) );
#7270 = DIRECTION( '', ( -1.00000000000000, 0.000000000000000, -1.20466908053945E-016 ) );
#7271 = DIRECTION( '', ( 1.00000000000000, 0.000000000000000, 0.000000000000000 ) );
#7272 = DIRECTION( '', ( -1.00000000000000, 0.000000000000000, 0.000000000000000 ) );
#7273 = DIRECTION( '', ( 0.000000000000000, 0.000000000000000, -1.00000000000000 ) );
#7274 = DIRECTION( '', ( 1.00000000000000, 0.000000000000000, 0.000000000000000 ) );
#7275 = DIRECTION( '', ( 0.000000000000000, 0.000000000000000, -1.00000000000000 ) );
#7276 = DIRECTION( '', ( -1.00000000000000, 0.000000000000000, 0.000000000000000 ) );
#7277 = DIRECTION( '', ( 0.000000000000000, 0.000000000000000, -1.00000000000000 ) );
#7278 = DIRECTION( '', ( 0.203641751140177, -0.979045472484584, 0.000000000000000 ) );
#7279 = DIRECTION( '', ( 0.000000000000000, 0.000000000000000, -1.00000000000000 ) );
#7280 = DIRECTION( '', ( 0.000000000000000, 0.000000000000000, 1.00000000000000 ) );
#7281 = DIRECTION( '', ( 0.000000000000000, 0.000000000000000, -1.00000000000000 ) );
#7282 = DIRECTION( '', ( 0.151581857408480, -0.728757881798123, -0.667783565402525 ) );
#7283 = DIRECTION( '', ( 0.000000000000000, 0.000000000000000, -1.00000000000000 ) );
#7284 = CARTESIAN_POINT( '', ( 0.000000000000000, 0.000000000000000, 4.35000000000000 ) );
#7285 = DIRECTION( '', ( 0.000000000000000, 0.000000000000000, -1.00000000000000 ) );
#7286 = DIRECTION( '', ( -1.00000000000000, 0.000000000000000, 0.000000000000000 ) );
#7287 = DIRECTION( '', ( 0.000000000000000, 0.000000000000000, -1.00000000000000 ) );
#7288 = CARTESIAN_POINT( '', ( 0.000000000000000, 0.000000000000000, 3.85000000000000 ) );
#7289 = DIRECTION( '', ( 0.000000000000000, 0.000000000000000, -1.00000000000000 ) );
#7290 = DIRECTION( '', ( -1.00000000000000, 0.000000000000000, 0.000000000000000 ) );
#7291 = DIRECTION( '', ( 0.000000000000000, 0.000000000000000, -1.00000000000000 ) );
#7292 = CARTESIAN_POINT( '', ( 0.000000000000000, 0.000000000000000, 4.35000000000000 ) );
#7293 = DIRECTION( '', ( 0.000000000000000, 0.000000000000000, -1.00000000000000 ) );
#7294 = DIRECTION( '', ( -1.00000000000000, 0.000000000000000, 0.000000000000000 ) );
#7295 = DIRECTION( '', ( 0.000000000000000, 0.000000000000000, -1.00000000000000 ) );
#7296 = CARTESIAN_POINT( '', ( 0.000000000000000, 0.000000000000000, 3.85000000000000 ) );
#7297 = DIRECTION( '', ( 0.000000000000000, 0.000000000000000, -1.00000000000000 ) );
#7298 = DIRECTION( '', ( -1.00000000000000, 0.000000000000000, 0.000000000000000 ) );
#7299 = DIRECTION( '', ( 0.000000000000000, -1.00000000000000, 0.000000000000000 ) );
#7300 = DIRECTION( '', ( -1.00000000000000, 1.03257349760524E-016, 0.000000000000000 ) );
#7301 = DIRECTION( '', ( 0.000000000000000, 1.00000000000000, 0.000000000000000 ) );
#7302 = DIRECTION( '', ( -0.151581857408480, -0.728757881798123, -0.667783565402525 ) );
#7303 = DIRECTION( '', ( 0.000000000000000, 0.000000000000000, 1.00000000000000 ) );
#7304 = DIRECTION( '', ( -0.203641751140177, -0.979045472484584, 0.000000000000000 ) );
#7305 = CARTESIAN_POINT( '', ( 0.000000000000000, -0.250000000000000, 3.95000000000000 ) );
#7306 = DIRECTION( '', ( 0.000000000000000, 2.55106393526001E-016, -1.00000000000000 ) );
#7307 = DIRECTION( '', ( 1.00000000000000, 0.000000000000000, 0.000000000000000 ) );
#7308 = DIRECTION( '', ( 0.000000000000000, 0.000000000000000, -1.00000000000000 ) );
#7309 = DIRECTION( '', ( 1.00000000000000, 0.000000000000000, 0.000000000000000 ) );
#7310 = DIRECTION( '', ( 1.00000000000000, 0.000000000000000, 0.000000000000000 ) );
#7311 = CARTESIAN_POINT( '', ( 0.000000000000000, 0.000000000000000, 4.45000000000000 ) );
#7312 = DIRECTION( '', ( 0.000000000000000, 0.000000000000000, -1.00000000000000 ) );
#7313 = DIRECTION( '', ( -1.00000000000000, 0.000000000000000, 0.000000000000000 ) );
#7314 = DIRECTION( '', ( -2.64439554264757E-016, 1.00000000000000, 1.86395788965989E-016 ) );
#7315 = DIRECTION( '', ( 1.00000000000000, 0.000000000000000, 0.000000000000000 ) );
#7316 = DIRECTION( '', ( -2.64439554264757E-016, -1.00000000000000, -1.86395788965989E-016 ) );
#7317 = DIRECTION( '', ( 1.00000000000000, 0.000000000000000, 0.000000000000000 ) );
#7318 = DIRECTION( '', ( 0.861934215157770, -0.507020126563394, -9.23886256662028E-017 ) );
#7319 = DIRECTION( '', ( 0.000000000000000, -1.82218852518572E-016, 1.00000000000000 ) );
#7320 = DIRECTION( '', ( -0.861934215157770, 0.507020126563394, 9.23886256662028E-017 ) );
#7321 = CARTESIAN_POINT( '', ( 0.000000000000000, 0.000000000000000, 4.45000000000000 ) );
#7322 = DIRECTION( '', ( 0.000000000000000, 0.000000000000000, -1.00000000000000 ) );
#7323 = DIRECTION( '', ( -1.00000000000000, 0.000000000000000, 0.000000000000000 ) );
#7324 = DIRECTION( '', ( 0.000000000000000, -1.00000000000000, 0.000000000000000 ) );
#7325 = DIRECTION( '', ( 0.000000000000000, 0.000000000000000, -1.00000000000000 ) );
#7326 = DIRECTION( '', ( 0.000000000000000, 1.00000000000000, 0.000000000000000 ) );
#7327 = DIRECTION( '', ( 0.000000000000000, 0.000000000000000, -1.00000000000000 ) );
#7328 = DIRECTION( '', ( 0.000000000000000, 0.231072430795895, 0.972936550719561 ) );
#7329 = DIRECTION( '', ( 0.000000000000000, 1.00000000000000, 2.55106393526001E-016 ) );
#7330 = DIRECTION( '', ( 0.000000000000000, 8.85062997947351E-017, -1.00000000000000 ) );
#7331 = DIRECTION( '', ( 0.000000000000000, -1.00000000000000, 0.000000000000000 ) );
#7332 = DIRECTION( '', ( 0.000000000000000, 1.00000000000000, 0.000000000000000 ) );
#7333 = DIRECTION( '', ( 0.000000000000000, 0.000000000000000, -1.00000000000000 ) );
#7334 = DIRECTION( '', ( 1.00000000000000, 0.000000000000000, 0.000000000000000 ) );
#7335 = DIRECTION( '', ( 1.00000000000000, 0.000000000000000, 0.000000000000000 ) );
#7336 = DIRECTION( '', ( 0.000000000000000, 0.000000000000000, -1.00000000000000 ) );
#7337 = DIRECTION( '', ( 1.00000000000000, 0.000000000000000, 0.000000000000000 ) );
#7338 = DIRECTION( '', ( 0.000000000000000, 4.81867632215780E-016, 1.00000000000000 ) );
#7339 = DIRECTION( '', ( 1.00000000000000, 0.000000000000000, 0.000000000000000 ) );
#7340 = DIRECTION( '', ( 0.000000000000000, 4.81867632215780E-016, 1.00000000000000 ) );
#7341 = DIRECTION( '', ( 1.00000000000000, 0.000000000000000, 0.000000000000000 ) );
#7342 = DIRECTION( '', ( 1.00000000000000, 0.000000000000000, 0.000000000000000 ) );
#7343 = DIRECTION( '', ( -1.00000000000000, 1.03257349760524E-016, 0.000000000000000 ) );
#7344 = DIRECTION( '', ( 1.00000000000000, 0.000000000000000, 0.000000000000000 ) );
#7345 = CARTESIAN_POINT( '', ( 2.54000000000000, -0.250000000000000, 3.65000000000000 ) );
#7346 = DIRECTION( '', ( 0.000000000000000, 0.000000000000000, 1.00000000000000 ) );
#7347 = DIRECTION( '', ( 1.00000000000000, 0.000000000000000, 0.000000000000000 ) );
#7348 = DIRECTION( '', ( 0.000000000000000, 0.000000000000000, 1.00000000000000 ) );
#7349 = DIRECTION( '', ( 0.000000000000000, 0.000000000000000, 1.00000000000000 ) );
#7350 = DIRECTION( '', ( 0.000000000000000, -1.00000000000000, 0.000000000000000 ) );
#7351 = DIRECTION( '', ( 0.861934215157770, 0.507020126563394, 9.23886256662028E-017 ) );
#7352 = DIRECTION( '', ( 0.000000000000000, 1.00000000000000, 1.82218852518572E-016 ) );
#7353 = DIRECTION( '', ( 1.00000000000000, 0.000000000000000, 0.000000000000000 ) );
#7354 = DIRECTION( '', ( -1.10454721234721E-033, 1.86395788965989E-016, -1.00000000000000 ) );
#7355 = DIRECTION( '', ( -1.10454721234721E-033, -1.86395788965989E-016, 1.00000000000000 ) );
#7356 = DIRECTION( '', ( 0.151581857408480, -0.728757881798123, -0.667783565402525 ) );
#7357 = DIRECTION( '', ( -1.00000000000000, 0.000000000000000, 0.000000000000000 ) );
#7358 = DIRECTION( '', ( -0.151581857408480, -0.728757881798123, -0.667783565402525 ) );
#7359 = DIRECTION( '', ( -0.118463972965582, -0.569537512494937, 0.813383863234506 ) );
#7360 = DIRECTION( '', ( 1.00000000000000, 0.000000000000000, 0.000000000000000 ) );
#7361 = DIRECTION( '', ( 0.118463972965582, -0.569537512494937, 0.813383863234506 ) );
#7362 = DIRECTION( '', ( 0.000000000000000, 4.81867632215780E-016, 1.00000000000000 ) );
#7363 = DIRECTION( '', ( 0.000000000000000, -1.00000000000000, 4.81867632215780E-016 ) );
#7364 = DIRECTION( '', ( -1.00000000000000, 0.000000000000000, 0.000000000000000 ) );
#7365 = DIRECTION( '', ( 0.000000000000000, 0.231072430795895, 0.972936550719561 ) );
#7366 = DIRECTION( '', ( -1.00000000000000, 0.000000000000000, 0.000000000000000 ) );
#7367 = DIRECTION( '', ( 0.000000000000000, -0.447213595499958, 0.894427190999916 ) );
#7368 = DIRECTION( '', ( 0.000000000000000, -1.00000000000000, 0.000000000000000 ) );
#7369 = CARTESIAN_POINT( '', ( 0.000000000000000, 0.000000000000000, 0.700000000000000 ) );
#7370 = DIRECTION( '', ( 0.000000000000000, 0.000000000000000, -1.00000000000000 ) );
#7371 = DIRECTION( '', ( -1.00000000000000, 0.000000000000000, 0.000000000000000 ) );
#7372 = CARTESIAN_POINT( '', ( 0.000000000000000, 0.000000000000000, 0.000000000000000 ) );
#7373 = DIRECTION( '', ( 0.000000000000000, 0.000000000000000, -1.00000000000000 ) );
#7374 = DIRECTION( '', ( -1.00000000000000, 0.000000000000000, 0.000000000000000 ) );
#7375 = DIRECTION( '', ( -1.00000000000000, 0.000000000000000, 0.000000000000000 ) );
#7376 = DIRECTION( '', ( -1.00000000000000, 0.000000000000000, 0.000000000000000 ) );
#7377 = DIRECTION( '', ( 0.000000000000000, 0.000000000000000, 1.00000000000000 ) );
#7378 = DIRECTION( '', ( 0.000000000000000, 0.000000000000000, 1.00000000000000 ) );
#7379 = DIRECTION( '', ( -1.00000000000000, 1.03257349760524E-016, 0.000000000000000 ) );
#7380 = DIRECTION( '', ( -1.00000000000000, 0.000000000000000, 0.000000000000000 ) );
#7381 = DIRECTION( '', ( 0.000000000000000, -1.00000000000000, 0.000000000000000 ) );
#7382 = DIRECTION( '', ( 0.000000000000000, -1.82218852518572E-016, 1.00000000000000 ) );
#7383 = CARTESIAN_POINT( '', ( -0.650000000000000, -1.19000000000000, 1.74500000000000 ) );
#7384 = DIRECTION( '', ( 1.00000000000000, 0.000000000000000, 0.000000000000000 ) );
#7385 = DIRECTION( '', ( 0.000000000000000, 0.000000000000000, -1.00000000000000 ) );
#7386 = DIRECTION( '', ( 0.000000000000000, -1.00000000000000, -1.82218852518572E-016 ) );
#7387 = DIRECTION( '', ( 0.000000000000000, 1.00000000000000, 0.000000000000000 ) );
#7388 = DIRECTION( '', ( -1.33959470179178E-032, -1.00000000000000, 0.000000000000000 ) );
#7389 = DIRECTION( '', ( -1.20466908053945E-016, -1.11200222819026E-016, 1.00000000000000 ) );
#7390 = DIRECTION( '', ( 1.20466908053945E-016, 1.11200222819026E-016, -1.00000000000000 ) );
#7391 = DIRECTION( '', ( 0.000000000000000, 1.00000000000000, 0.000000000000000 ) );
#7392 = DIRECTION( '', ( 0.000000000000000, 0.000000000000000, -1.00000000000000 ) );
#7393 = DIRECTION( '', ( -1.00000000000000, 0.000000000000000, 0.000000000000000 ) );
#7394 = DIRECTION( '', ( 0.000000000000000, 0.000000000000000, -1.00000000000000 ) );
#7395 = DIRECTION( '', ( -1.00000000000000, 0.000000000000000, 0.000000000000000 ) );
#7396 = DIRECTION( '', ( 0.000000000000000, -1.00000000000000, 0.000000000000000 ) );
#7397 = DIRECTION( '', ( 0.000000000000000, 4.81867632215780E-016, 1.00000000000000 ) );
#7398 = DIRECTION( '', ( 0.000000000000000, -1.00000000000000, 4.81867632215780E-016 ) );
#7399 = CARTESIAN_POINT( '', ( 0.000000000000000, -0.250000000000000, 6.05000000000000 ) );
#7400 = DIRECTION( '', ( 0.000000000000000, 2.55106393526001E-016, -1.00000000000000 ) );
#7401 = DIRECTION( '', ( 1.00000000000000, 0.000000000000000, 0.000000000000000 ) );
#7402 = DIRECTION( '', ( 0.000000000000000, 1.00000000000000, 2.55106393526001E-016 ) );
#7403 = DIRECTION( '', ( 0.000000000000000, 0.000000000000000, 1.00000000000000 ) );
#7404 = DIRECTION( '', ( 0.000000000000000, 1.93092617155235E-017, 1.00000000000000 ) );
#7405 = DIRECTION( '', ( 1.00000000000000, -3.33600668457079E-016, 0.000000000000000 ) );
#7406 = DIRECTION( '', ( 1.00000000000000, 0.000000000000000, 0.000000000000000 ) );
#7407 = DIRECTION( '', ( 0.000000000000000, 0.000000000000000, -1.00000000000000 ) );
#7408 = DIRECTION( '', ( -1.00000000000000, 1.03257349760524E-016, 0.000000000000000 ) );
#7409 = DIRECTION( '', ( 1.00000000000000, 0.000000000000000, 0.000000000000000 ) );
#7410 = DIRECTION( '', ( 0.000000000000000, 0.000000000000000, -1.00000000000000 ) );
#7411 = DIRECTION( '', ( 1.00000000000000, 0.000000000000000, 0.000000000000000 ) );
#7412 = CARTESIAN_POINT( '', ( -0.450000000000000, -2.01000000000000, 0.415000000000000 ) );
#7413 = DIRECTION( '', ( 1.00000000000000, 0.000000000000000, 0.000000000000000 ) );
#7414 = DIRECTION( '', ( 0.000000000000000, 0.000000000000000, -1.00000000000000 ) );
#7415 = DIRECTION( '', ( -1.00000000000000, 0.000000000000000, -1.20466908053945E-016 ) );
#7416 = DIRECTION( '', ( 0.000000000000000, 0.000000000000000, -1.00000000000000 ) );
#7417 = DIRECTION( '', ( -1.00000000000000, 0.000000000000000, 0.000000000000000 ) );
#7418 = DIRECTION( '', ( 0.000000000000000, 0.000000000000000, -1.00000000000000 ) );
#7419 = DIRECTION( '', ( -1.00000000000000, 0.000000000000000, 0.000000000000000 ) );
#7420 = DIRECTION( '', ( -1.00000000000000, 0.000000000000000, 0.000000000000000 ) );
#7421 = DIRECTION( '', ( -1.00000000000000, 0.000000000000000, -1.20466908053945E-016 ) );
#7422 = DIRECTION( '', ( 1.00000000000000, 0.000000000000000, 0.000000000000000 ) );
#7423 = DIRECTION( '', ( -1.00000000000000, 0.000000000000000, 0.000000000000000 ) );
#7424 = DIRECTION( '', ( -1.00000000000000, 0.000000000000000, 0.000000000000000 ) );
#7425 = DIRECTION( '', ( 0.000000000000000, -1.00000000000000, 0.000000000000000 ) );
#7426 = DIRECTION( '', ( -1.00000000000000, 0.000000000000000, 0.000000000000000 ) );
#7427 = DIRECTION( '', ( -1.00000000000000, 0.000000000000000, 0.000000000000000 ) );
#7428 = DIRECTION( '', ( 1.00000000000000, 0.000000000000000, 0.000000000000000 ) );
#7429 = DIRECTION( '', ( 0.000000000000000, -1.00000000000000, 0.000000000000000 ) );
#7430 = DIRECTION( '', ( 0.000000000000000, -1.00000000000000, 0.000000000000000 ) );
#7431 = DIRECTION( '', ( -1.00000000000000, 0.000000000000000, 0.000000000000000 ) );
#7432 = DIRECTION( '', ( 1.00000000000000, 0.000000000000000, 0.000000000000000 ) );
#7433 = DIRECTION( '', ( -1.00000000000000, 0.000000000000000, 0.000000000000000 ) );
#7434 = DIRECTION( '', ( 0.000000000000000, -1.00000000000000, 0.000000000000000 ) );
#7435 = DIRECTION( '', ( 0.000000000000000, -1.00000000000000, 0.000000000000000 ) );
#7436 = DIRECTION( '', ( 0.000000000000000, 1.00000000000000, 0.000000000000000 ) );
#7437 = DIRECTION( '', ( 0.000000000000000, 1.00000000000000, 0.000000000000000 ) );
#7438 = DIRECTION( '', ( 1.78837471750186E-016, 1.00000000000000, 0.000000000000000 ) );
#7439 = DIRECTION( '', ( 0.000000000000000, -1.00000000000000, 0.000000000000000 ) );
#7440 = DIRECTION( '', ( 1.00000000000000, 0.000000000000000, 0.000000000000000 ) );
#7441 = DIRECTION( '', ( 0.000000000000000, 1.00000000000000, 0.000000000000000 ) );
#7442 = DIRECTION( '', ( 1.00000000000000, 0.000000000000000, 0.000000000000000 ) );
#7443 = DIRECTION( '', ( 0.000000000000000, -1.00000000000000, 0.000000000000000 ) );
#7444 = DIRECTION( '', ( -1.00000000000000, 0.000000000000000, 0.000000000000000 ) );
#7445 = DIRECTION( '', ( -1.00000000000000, 0.000000000000000, 0.000000000000000 ) );
#7446 = DIRECTION( '', ( 0.000000000000000, 0.000000000000000, -1.00000000000000 ) );
#7447 = DIRECTION( '', ( 0.000000000000000, -1.00000000000000, 0.000000000000000 ) );
#7448 = DIRECTION( '', ( -1.00000000000000, 0.000000000000000, -4.97292921923595E-016 ) );
#7449 = DIRECTION( '', ( 1.00000000000000, 0.000000000000000, 0.000000000000000 ) );
#7450 = DIRECTION( '', ( 0.000000000000000, 1.11200222819026E-016, -1.00000000000000 ) );
#7451 = DIRECTION( '', ( -1.00000000000000, 0.000000000000000, 0.000000000000000 ) );
#7452 = CARTESIAN_POINT( '', ( 0.000000000000000, 0.000000000000000, 3.50000000000000 ) );
#7453 = DIRECTION( '', ( 0.000000000000000, 0.000000000000000, -1.00000000000000 ) );
#7454 = DIRECTION( '', ( -1.00000000000000, 0.000000000000000, 0.000000000000000 ) );
#7455 = DIRECTION( '', ( 0.000000000000000, -0.447213595499958, 0.894427190999916 ) );
#7456 = DIRECTION( '', ( 0.000000000000000, 1.00000000000000, 0.000000000000000 ) );
#7457 = DIRECTION( '', ( -1.00000000000000, 0.000000000000000, 0.000000000000000 ) );
#7458 = DIRECTION( '', ( -0.861934215157770, -0.507020126563394, -9.23886256662028E-017 ) );
#7459 = DIRECTION( '', ( 0.000000000000000, -1.11200222819026E-016, 1.00000000000000 ) );
#7460 = DIRECTION( '', ( 0.000000000000000, -1.82218852518572E-016, 1.00000000000000 ) );
#7461 = DIRECTION( '', ( -1.10454721234721E-033, -1.86395788965989E-016, 1.00000000000000 ) );
#7462 = DIRECTION( '', ( 0.000000000000000, 4.81867632215780E-016, 1.00000000000000 ) );
#7463 = DIRECTION( '', ( 0.000000000000000, 1.00000000000000, -4.81867632215780E-016 ) );
#7464 = DIRECTION( '', ( 0.000000000000000, 0.000000000000000, -1.00000000000000 ) );
#7465 = DIRECTION( '', ( -1.00000000000000, 0.000000000000000, 0.000000000000000 ) );
#7466 = DIRECTION( '', ( 0.000000000000000, 4.81867632215780E-016, 1.00000000000000 ) );
#7467 = DIRECTION( '', ( 0.000000000000000, 8.85062997947351E-017, -1.00000000000000 ) );
#7468 = DIRECTION( '', ( -1.00000000000000, 0.000000000000000, 0.000000000000000 ) );
#7469 = DIRECTION( '', ( 0.000000000000000, 0.000000000000000, -1.00000000000000 ) );
#7470 = DIRECTION( '', ( -1.00000000000000, 0.000000000000000, -1.20466908053945E-016 ) );
#7471 = DIRECTION( '', ( 1.00000000000000, 0.000000000000000, 0.000000000000000 ) );
#7472 = DIRECTION( '', ( 0.000000000000000, 0.000000000000000, -1.00000000000000 ) );
#7473 = DIRECTION( '', ( 0.000000000000000, 1.00000000000000, 0.000000000000000 ) );
#7474 = DIRECTION( '', ( 0.000000000000000, 1.00000000000000, -4.81867632215780E-016 ) );
#7475 = DIRECTION( '', ( -0.203641751140177, 0.979045472484584, 0.000000000000000 ) );
#7476 = DIRECTION( '', ( 0.000000000000000, 1.00000000000000, 0.000000000000000 ) );
#7477 = DIRECTION( '', ( 1.00000000000000, 0.000000000000000, 0.000000000000000 ) );
#7478 = DIRECTION( '', ( -0.203641751140177, 0.979045472484584, -2.45320921105481E-017 ) );
#7479 = DIRECTION( '', ( 0.000000000000000, -1.82218852518572E-016, 1.00000000000000 ) );
#7480 = DIRECTION( '', ( -1.10454721234721E-033, 1.86395788965989E-016, -1.00000000000000 ) );
#7481 = DIRECTION( '', ( 0.000000000000000, 0.000000000000000, -1.00000000000000 ) );
#7482 = DIRECTION( '', ( 0.000000000000000, -1.00000000000000, 0.000000000000000 ) );
#7483 = DIRECTION( '', ( -1.00000000000000, 0.000000000000000, 0.000000000000000 ) );
#7484 = DIRECTION( '', ( 0.000000000000000, -0.447213595499958, 0.894427190999916 ) );
ENDSEC;
END-ISO-10303-21;
