ISO-10303-21;
HEADER;
FILE_DESCRIPTION (( 'STEP AP214' ),
    '1' );
FILE_NAME ('BMI330.STEP',
    '2025-09-06T14:54:39',
    ( '' ),
    ( '' ),
    'SwSTEP 2.0',
    'SolidWorks 2024',
    '' );
FILE_SCHEMA (( 'AUTOMOTIVE_DESIGN' ));
ENDSEC;

DATA;
#1 = EDGE_CURVE ( 'NONE', #51, #2216, #1308, .T. ) ;
#2 = DIRECTION ( 'NONE',  ( -1.000000000000000000, -0.000000000000000000, -0.000000000000000000 ) ) ;
#3 = EDGE_CURVE ( 'NONE', #131, #1784, #1919, .T. ) ;
#4 = LINE ( 'NONE', #2467, #684 ) ;
#5 = ORIENTED_EDGE ( 'NONE', *, *, #2367, .T. ) ;
#6 = CARTESIAN_POINT ( 'NONE',  ( 0.000000000000000000, 0.6750000000000002665, 0.1250000000000001110 ) ) ;
#7 = DIRECTION ( 'NONE',  ( 0.000000000000000000, -4.336808689942015271E-16, 1.000000000000000000 ) ) ;
#8 = ADVANCED_FACE ( 'NONE', ( #741 ), #899, .F. ) ;
#9 = ORIENTED_EDGE ( 'NONE', *, *, #2025, .F. ) ;
#10 = LINE ( 'NONE', #974, #1622 ) ;
#11 = ORIENTED_EDGE ( 'NONE', *, *, #709, .F. ) ;
#12 = PLANE ( 'NONE',  #1608 ) ;
#13 = LINE ( 'NONE', #191, #2094 ) ;
#14 = FACE_OUTER_BOUND ( 'NONE', #2070, .T. ) ;
#15 = VECTOR ( 'NONE', #101, 1000.000000000000000 ) ;
#16 = ORIENTED_EDGE ( 'NONE', *, *, #326, .F. ) ;
#17 = VECTOR ( 'NONE', #1517, 1000.000000000000000 ) ;
#18 = PLANE ( 'NONE',  #86 ) ;
#19 = DIRECTION ( 'NONE',  ( -0.000000000000000000, -1.000000000000000000, -0.000000000000000000 ) ) ;
#20 = VECTOR ( 'NONE', #2143, 1000.000000000000000 ) ;
#21 = ORIENTED_EDGE ( 'NONE', *, *, #1055, .F. ) ;
#22 = ADVANCED_FACE ( 'NONE', ( #509 ), #1295, .T. ) ;
#23 = LINE ( 'NONE', #603, #544 ) ;
#24 = CARTESIAN_POINT ( 'NONE',  ( 0.000000000000000000, -0.8750000000000001110, 1.399999999999999689 ) ) ;
#25 = DIRECTION ( 'NONE',  ( 0.000000000000000000, 1.000000000000000000, 0.000000000000000000 ) ) ;
#26 = ORIENTED_EDGE ( 'NONE', *, *, #1836, .T. ) ;
#27 = CARTESIAN_POINT ( 'NONE',  ( 0.005000000000000000104, -0.6750000000000003775, 0.3749999999999999445 ) ) ;
#28 = PLANE ( 'NONE',  #2278 ) ;
#29 = ORIENTED_EDGE ( 'NONE', *, *, #888, .F. ) ;
#30 = CARTESIAN_POINT ( 'NONE',  ( 0.005000000000000000104, 0.6750000000000002665, 0.1250000000000001110 ) ) ;
#31 = CARTESIAN_POINT ( 'NONE',  ( 0.000000000000000000, -0.6750000000000003775, 0.3749999999999999445 ) ) ;
#32 = EDGE_LOOP ( 'NONE', ( #366, #36, #2135, #576 ) ) ;
#33 = FACE_OUTER_BOUND ( 'NONE', #32, .T. ) ;
#34 = LINE ( 'NONE', #1772, #1382 ) ;
#35 = DIRECTION ( 'NONE',  ( 0.000000000000000000, 1.000000000000000000, 3.423796334164753491E-16 ) ) ;
#36 = ORIENTED_EDGE ( 'NONE', *, *, #2530, .F. ) ;
#37 = AXIS2_PLACEMENT_3D ( 'NONE', #2116, #1084, #1872 ) ;
#38 = DIRECTION ( 'NONE',  ( -0.000000000000000000, -0.000000000000000000, 1.000000000000000000 ) ) ;
#39 = FACE_OUTER_BOUND ( 'NONE', #744, .T. ) ;
#40 = VERTEX_POINT ( 'NONE', #2215 ) ;
#41 = UNCERTAINTY_MEASURE_WITH_UNIT (LENGTH_MEASURE( 1.000000000000000082E-05 ), #2334, 'distance_accuracy_value', 'NONE');
#42 = DIRECTION ( 'NONE',  ( 0.000000000000000000, 0.000000000000000000, -1.000000000000000000 ) ) ;
#43 = LINE ( 'NONE', #1950, #1574 ) ;
#44 = ORIENTED_EDGE ( 'NONE', *, *, #1805, .T. ) ;
#45 = FACE_OUTER_BOUND ( 'NONE', #1208, .T. ) ;
#46 = CARTESIAN_POINT ( 'NONE',  ( 0.000000000000000000, 0.6249999999999998890, 0.9249999999999998224 ) ) ;
#47 = LINE ( 'NONE', #834, #1792 ) ;
#48 = EDGE_CURVE ( 'NONE', #1509, #916, #2414, .T. ) ;
#49 = ORIENTED_EDGE ( 'NONE', *, *, #1167, .F. ) ;
#50 = AXIS2_PLACEMENT_3D ( 'NONE', #905, #324, #2062 ) ;
#51 = VERTEX_POINT ( 'NONE', #1417 ) ;
#52 = DIRECTION ( 'NONE',  ( -0.000000000000000000, -1.000000000000000000, -0.000000000000000000 ) ) ;
#53 = LINE ( 'NONE', #2255, #1936 ) ;
#54 = APPLICATION_CONTEXT ( 'automotive_design' ) ;
#55 = VECTOR ( 'NONE', #1585, 1000.000000000000000 ) ;
#56 = EDGE_LOOP ( 'NONE', ( #447, #1667, #1314, #1130 ) ) ;
#57 = DIRECTION ( 'NONE',  ( -0.000000000000000000, -0.000000000000000000, 1.000000000000000000 ) ) ;
#58 = CARTESIAN_POINT ( 'NONE',  ( 0.000000000000000000, -0.6750000000000002665, -0.3749999999999998890 ) ) ;
#59 = FACE_OUTER_BOUND ( 'NONE', #608, .T. ) ;
#60 = VERTEX_POINT ( 'NONE', #2041 ) ;
#61 = VERTEX_POINT ( 'NONE', #472 ) ;
#62 = VERTEX_POINT ( 'NONE', #844 ) ;
#63 = FACE_OUTER_BOUND ( 'NONE', #1222, .T. ) ;
#64 = DIRECTION ( 'NONE',  ( 0.000000000000000000, 1.000000000000000000, 0.000000000000000000 ) ) ;
#65 = CARTESIAN_POINT ( 'NONE',  ( 0.000000000000000000, 0.6249999999999998890, -1.399999999999999689 ) ) ;
#66 = DIRECTION ( 'NONE',  ( 1.000000000000000000, 0.000000000000000000, -0.000000000000000000 ) ) ;
#67 = ADVANCED_FACE ( 'NONE', ( #80 ), #249, .F. ) ;
#68 = FACE_OUTER_BOUND ( 'NONE', #1832, .T. ) ;
#69 = ORIENTED_EDGE ( 'NONE', *, *, #2180, .F. ) ;
#70 = EDGE_CURVE ( 'NONE', #2043, #862, #283, .T. ) ;
#71 = ORIENTED_EDGE ( 'NONE', *, *, #1183, .F. ) ;
#72 = DIRECTION ( 'NONE',  ( -0.000000000000000000, -1.000000000000000000, -0.000000000000000000 ) ) ;
#73 = AXIS2_PLACEMENT_3D ( 'NONE', #1508, #551, #314 ) ;
#74 = EDGE_CURVE ( 'NONE', #2291, #1756, #1061, .T. ) ;
#75 = ORIENTED_EDGE ( 'NONE', *, *, #388, .T. ) ;
#76 = CARTESIAN_POINT ( 'NONE',  ( -0.000000000000000000, 1.149999999999999911, -0.3749999999999998890 ) ) ;
#77 = CARTESIAN_POINT ( 'NONE',  ( -0.8319999999999999618, 1.033427762039662801, -1.033427762039660580 ) ) ;
#78 = DIRECTION ( 'NONE',  ( 0.000000000000000000, 1.000000000000000000, 0.000000000000000000 ) ) ;
#79 = DIRECTION ( 'NONE',  ( 0.000000000000000000, 0.000000000000000000, 1.000000000000000000 ) ) ;
#80 = FACE_OUTER_BOUND ( 'NONE', #986, .T. ) ;
#81 = VERTEX_POINT ( 'NONE', #1026 ) ;
#82 = EDGE_CURVE ( 'NONE', #1453, #1499, #1465, .T. ) ;
#83 = ORIENTED_EDGE ( 'NONE', *, *, #2271, .F. ) ;
#84 = ORIENTED_EDGE ( 'NONE', *, *, #1821, .F. ) ;
#85 = ORIENTED_EDGE ( 'NONE', *, *, #1717, .T. ) ;
#86 = AXIS2_PLACEMENT_3D ( 'NONE', #30, #393, #1184 ) ;
#87 = CARTESIAN_POINT ( 'NONE',  ( 0.005000000000000000104, 0.3749999999999998890, -1.399999999999999689 ) ) ;
#88 = CARTESIAN_POINT ( 'NONE',  ( 0.002000000000000000042, 1.110549236818742180, -1.033427762039660580 ) ) ;
#89 = PRESENTATION_LAYER_ASSIGNMENT (  '', '', ( #540 ) ) ;
#90 = DIRECTION ( 'NONE',  ( 0.000000000000000000, -0.000000000000000000, -1.000000000000000000 ) ) ;
#91 = SURFACE_SIDE_STYLE ('',( #1451 ) ) ;
#92 = CARTESIAN_POINT ( 'NONE',  ( 0.005000000000000000104, 0.000000000000000000, 0.000000000000000000 ) ) ;
#93 = ADVANCED_FACE ( 'NONE', ( #59 ), #1604, .T. ) ;
#94 = ORIENTED_EDGE ( 'NONE', *, *, #1055, .T. ) ;
#95 = VECTOR ( 'NONE', #902, 1000.000000000000000 ) ;
#96 = EDGE_CURVE ( 'NONE', #872, #2101, #2235, .T. ) ;
#97 = VERTEX_POINT ( 'NONE', #461 ) ;
#98 = VECTOR ( 'NONE', #529, 1000.000000000000000 ) ;
#99 = ORIENTED_EDGE ( 'NONE', *, *, #2460, .F. ) ;
#100 = VECTOR ( 'NONE', #72, 1000.000000000000000 ) ;
#101 = DIRECTION ( 'NONE',  ( -1.000000000000000000, -0.000000000000000000, -0.000000000000000000 ) ) ;
#102 = AXIS2_PLACEMENT_3D ( 'NONE', #306, #460, #107 ) ;
#103 = ORIENTED_EDGE ( 'NONE', *, *, #778, .F. ) ;
#104 = PLANE ( 'NONE',  #1146 ) ;
#105 = DIRECTION ( 'NONE',  ( -0.000000000000000000, -0.000000000000000000, 1.000000000000000000 ) ) ;
#106 = DIRECTION ( 'NONE',  ( 0.000000000000000000, 0.000000000000000000, -1.000000000000000000 ) ) ;
#107 = DIRECTION ( 'NONE',  ( -1.000000000000000000, 0.000000000000000000, -0.000000000000000000 ) ) ;
#108 = EDGE_CURVE ( 'NONE', #1093, #1211, #1452, .T. ) ;
#109 = FILL_AREA_STYLE ('',( #318 ) ) ;
#110 = AXIS2_PLACEMENT_3D ( 'NONE', #770, #2093, #1865 ) ;
#111 = EDGE_LOOP ( 'NONE', ( #857, #1479, #593, #151 ) ) ;
#112 = EDGE_CURVE ( 'NONE', #1598, #836, #1047, .T. ) ;
#113 = ORIENTED_EDGE ( 'NONE', *, *, #2444, .T. ) ;
#114 = LINE ( 'NONE', #1856, #15 ) ;
#115 = VERTEX_POINT ( 'NONE', #1641 ) ;
#116 = EDGE_CURVE ( 'NONE', #1756, #131, #1227, .T. ) ;
#117 = PRESENTATION_LAYER_ASSIGNMENT (  '', '', ( #1215 ) ) ;
#118 = FACE_OUTER_BOUND ( 'NONE', #111, .T. ) ;
#119 = LINE ( 'NONE', #2463, #239 ) ;
#120 = CARTESIAN_POINT ( 'NONE',  ( 0.005000000000000000104, -0.1250000000000001110, -0.9249999999999998224 ) ) ;
#121 = CARTESIAN_POINT ( 'NONE',  ( 0.000000000000000000, -1.149999999999999911, -0.3749999999999998890 ) ) ;
#122 = VERTEX_POINT ( 'NONE', #1814 ) ;
#123 = EDGE_LOOP ( 'NONE', ( #2168, #907, #1560, #240 ) ) ;
#124 = CARTESIAN_POINT ( 'NONE',  ( 0.005000000000000000104, 0.8749999999999998890, -1.399999999999999689 ) ) ;
#125 = ORIENTED_EDGE ( 'NONE', *, *, #1737, .T. ) ;
#126 = DIRECTION ( 'NONE',  ( 0.000000000000000000, -1.000000000000000000, -3.423796334164754477E-16 ) ) ;
#127 = FACE_BOUND ( 'NONE', #2441, .T. ) ;
#128 = VERTEX_POINT ( 'NONE', #2393 ) ;
#129 = LINE ( 'NONE', #355, #2510 ) ;
#130 = LINE ( 'NONE', #1674, #1118 ) ;
#131 = VERTEX_POINT ( 'NONE', #1655 ) ;
#132 = DIRECTION ( 'NONE',  ( -0.000000000000000000, 4.336808689942014778E-16, 1.000000000000000000 ) ) ;
#133 = ORIENTED_EDGE ( 'NONE', *, *, #1353, .F. ) ;
#134 = VECTOR ( 'NONE', #1195, 1000.000000000000000 ) ;
#135 = CARTESIAN_POINT ( 'NONE',  ( 0.005000000000000000104, 0.1249999999999998890, 0.9249999999999998224 ) ) ;
#136 = ORIENTED_EDGE ( 'NONE', *, *, #1167, .T. ) ;
#137 = AXIS2_PLACEMENT_3D ( 'NONE', #347, #1100, #1497 ) ;
#138 = CARTESIAN_POINT ( 'NONE',  ( -0.8299999999999999600, 1.110549236818742180, -1.033427762039660580 ) ) ;
#139 = CARTESIAN_POINT ( 'NONE',  ( 0.005000000000000000104, -0.1250000000000001110, 0.9249999999999998224 ) ) ;
#140 = ORIENTED_EDGE ( 'NONE', *, *, #108, .F. ) ;
#141 = CARTESIAN_POINT ( 'NONE',  ( 0.005000000000000000104, 0.6750000000000002665, -0.3749999999999998890 ) ) ;
#142 = CARTESIAN_POINT ( 'NONE',  ( 0.000000000000000000, 0.8749999999999998890, -1.399999999999999689 ) ) ;
#143 = LINE ( 'NONE', #2260, #1085 ) ;
#144 = DIRECTION ( 'NONE',  ( -0.000000000000000000, 1.000000000000000000, -4.565061778886337988E-16 ) ) ;
#145 = DIRECTION ( 'NONE',  ( -1.000000000000000000, -0.000000000000000000, -0.000000000000000000 ) ) ;
#146 = EDGE_LOOP ( 'NONE', ( #629, #99, #1858, #768 ) ) ;
#147 = EDGE_CURVE ( 'NONE', #1469, #1606, #2020, .T. ) ;
#148 = CARTESIAN_POINT ( 'NONE',  ( 0.005000000000000000104, 0.1249999999999998890, -1.399999999999999689 ) ) ;
#149 = LINE ( 'NONE', #1258, #1769 ) ;
#150 = EDGE_CURVE ( 'NONE', #695, #1414, #47, .T. ) ;
#151 = ORIENTED_EDGE ( 'NONE', *, *, #1821, .T. ) ;
#152 = CARTESIAN_POINT ( 'NONE',  ( 0.000000000000000000, -1.149999999999999911, 0.1250000000000001110 ) ) ;
#153 = PLANE ( 'NONE',  #2368 ) ;
#154 = ADVANCED_FACE ( 'NONE', ( #678 ), #485, .F. ) ;
#155 = EDGE_LOOP ( 'NONE', ( #2208, #2140, #1400, #263 ) ) ;
#156 = FACE_OUTER_BOUND ( 'NONE', #455, .T. ) ;
#157 = FACE_OUTER_BOUND ( 'NONE', #289, .T. ) ;
#158 = ORIENTED_EDGE ( 'NONE', *, *, #2238, .F. ) ;
#159 = CARTESIAN_POINT ( 'NONE',  ( 0.005000000000000000104, -0.6750000000000002665, 0.6250000000000001110 ) ) ;
#160 = ORIENTED_EDGE ( 'NONE', *, *, #598, .T. ) ;
#161 = PLANE ( 'NONE',  #1031 ) ;
#162 =( LENGTH_UNIT ( ) NAMED_UNIT ( * ) SI_UNIT ( .MILLI., .METRE. ) );
#163 = LINE ( 'NONE', #967, #1934 ) ;
#164 = EDGE_CURVE ( 'NONE', #2123, #2241, #2429, .T. ) ;
#165 = ORIENTED_EDGE ( 'NONE', *, *, #1734, .T. ) ;
#166 = FACE_OUTER_BOUND ( 'NONE', #1854, .T. ) ;
#167 = DIRECTION ( 'NONE',  ( 0.000000000000000000, 0.000000000000000000, 1.000000000000000000 ) ) ;
#168 = VECTOR ( 'NONE', #1315, 1000.000000000000000 ) ;
#169 = VERTEX_POINT ( 'NONE', #819 ) ;
#170 = LINE ( 'NONE', #2482, #2448 ) ;
#171 = ADVANCED_FACE ( 'NONE', ( #68 ), #690, .F. ) ;
#172 = ORIENTED_EDGE ( 'NONE', *, *, #1, .F. ) ;
#173 = EDGE_CURVE ( 'NONE', #1889, #1499, #1755, .T. ) ;
#174 = CARTESIAN_POINT ( 'NONE',  ( 0.005000000000000000104, 0.6750000000000002665, -0.3749999999999998890 ) ) ;
#175 = CARTESIAN_POINT ( 'NONE',  ( 0.000000000000000000, -0.6750000000000002665, 0.1250000000000001110 ) ) ;
#176 = VECTOR ( 'NONE', #2244, 1000.000000000000000 ) ;
#177 = VECTOR ( 'NONE', #2496, 1000.000000000000000 ) ;
#178 = CARTESIAN_POINT ( 'NONE',  ( -0.8319999999999999618, 1.033427762039662801, -1.264792186376897165 ) ) ;
#179 = ORIENTED_EDGE ( 'NONE', *, *, #813, .T. ) ;
#180 = VECTOR ( 'NONE', #1804, 1000.000000000000000 ) ;
#181 = FACE_OUTER_BOUND ( 'NONE', #1829, .T. ) ;
#182 = DIRECTION ( 'NONE',  ( -0.000000000000000000, 1.000000000000000000, 0.000000000000000000 ) ) ;
#183 = VERTEX_POINT ( 'NONE', #1307 ) ;
#184 =( NAMED_UNIT ( * ) SI_UNIT ( $, .STERADIAN. ) SOLID_ANGLE_UNIT ( ) );
#185 = EDGE_CURVE ( 'NONE', #1817, #183, #4, .T. ) ;
#186 = CARTESIAN_POINT ( 'NONE',  ( 0.000000000000000000, 1.110549236818742180, -1.033427762039660580 ) ) ;
#187 = EDGE_LOOP ( 'NONE', ( #2149, #1851, #1033, #2021 ) ) ;
#188 = ADVANCED_FACE ( 'NONE', ( #1744 ), #1552, .F. ) ;
#189 = DIRECTION ( 'NONE',  ( -1.000000000000000000, -0.000000000000000000, -0.000000000000000000 ) ) ;
#190 = AXIS2_PLACEMENT_3D ( 'NONE', #610, #2372, #2181 ) ;
#191 = CARTESIAN_POINT ( 'NONE',  ( -0.8299999999999999600, 1.033427762039662801, 0.000000000000000000 ) ) ;
#192 = DIRECTION ( 'NONE',  ( -1.000000000000000000, 0.000000000000000000, -0.000000000000000000 ) ) ;
#193 = VERTEX_POINT ( 'NONE', #2480 ) ;
#194 = AXIS2_PLACEMENT_3D ( 'NONE', #618, #397, #1364 ) ;
#195 = PLANE ( 'NONE',  #2466 ) ;
#196 = CARTESIAN_POINT ( 'NONE',  ( 0.000000000000000000, -1.149999999999999911, -0.3749999999999998890 ) ) ;
#197 = VECTOR ( 'NONE', #1582, 1000.000000000000000 ) ;
#198 = EDGE_LOOP ( 'NONE', ( #2461, #856, #439, #1159 ) ) ;
#199 = DIRECTION ( 'NONE',  ( 0.000000000000000000, -1.000000000000000000, 0.000000000000000000 ) ) ;
#200 = LINE ( 'NONE', #1773, #842 ) ;
#201 = MANIFOLD_SOLID_BREP ( 'Boss-Extrude4', #1666 ) ;
#202 = VERTEX_POINT ( 'NONE', #911 ) ;
#203 = DIRECTION ( 'NONE',  ( -0.000000000000000000, -0.000000000000000000, 1.000000000000000000 ) ) ;
#204 = CARTESIAN_POINT ( 'NONE',  ( 0.000000000000000000, 0.1249999999999998890, 1.399999999999999689 ) ) ;
#205 = CARTESIAN_POINT ( 'NONE',  ( 0.005000000000000000104, 1.149999999999999911, 0.6250000000000001110 ) ) ;
#206 = ORIENTED_EDGE ( 'NONE', *, *, #262, .F. ) ;
#207 = EDGE_CURVE ( 'NONE', #1531, #1870, #2274, .T. ) ;
#208 = PLANE ( 'NONE',  #821 ) ;
#209 = DIRECTION ( 'NONE',  ( 0.000000000000000000, 0.000000000000000000, 1.000000000000000000 ) ) ;
#210 = EDGE_LOOP ( 'NONE', ( #1122, #2007, #1644, #441 ) ) ;
#211 =( NAMED_UNIT ( * ) SI_UNIT ( $, .STERADIAN. ) SOLID_ANGLE_UNIT ( ) );
#212 = DIRECTION ( 'NONE',  ( 0.000000000000000000, 0.000000000000000000, -1.000000000000000000 ) ) ;
#213 = ORIENTED_EDGE ( 'NONE', *, *, #2418, .T. ) ;
#214 = AXIS2_PLACEMENT_3D ( 'NONE', #1432, #2219, #1233 ) ;
#215 = CARTESIAN_POINT ( 'NONE',  ( 0.005000000000000000104, 0.8749999999999998890, 1.399999999999999689 ) ) ;
#216 = LINE ( 'NONE', #1754, #535 ) ;
#217 = LINE ( 'NONE', #1765, #837 ) ;
#218 = MECHANICAL_DESIGN_GEOMETRIC_PRESENTATION_REPRESENTATION (  '', ( #2102 ), #866 ) ;
#219 = ORIENTED_EDGE ( 'NONE', *, *, #1802, .F. ) ;
#220 = VECTOR ( 'NONE', #1134, 1000.000000000000000 ) ;
#221 = EDGE_CURVE ( 'NONE', #2485, #1012, #331, .T. ) ;
#222 = CARTESIAN_POINT ( 'NONE',  ( -0.8319999999999999618, 1.033427762039662801, -1.264792186376897165 ) ) ;
#223 = FACE_OUTER_BOUND ( 'NONE', #1427, .T. ) ;
#224 = ORIENTED_EDGE ( 'NONE', *, *, #680, .T. ) ;
#225 = CARTESIAN_POINT ( 'NONE',  ( 0.000000000000000000, 0.1249999999999998890, -1.399999999999999689 ) ) ;
#226 = PLANE ( 'NONE',  #2489 ) ;
#227 = AXIS2_PLACEMENT_3D ( 'NONE', #1436, #884, #1664 ) ;
#228 = DIRECTION ( 'NONE',  ( 1.000000000000000000, 0.000000000000000000, 0.000000000000000000 ) ) ;
#229 = VECTOR ( 'NONE', #795, 1000.000000000000000 ) ;
#230 = VERTEX_POINT ( 'NONE', #1905 ) ;
#231 = CARTESIAN_POINT ( 'NONE',  ( 0.000000000000000000, -0.3750000000000001110, -1.399999999999999689 ) ) ;
#232 = ORIENTED_EDGE ( 'NONE', *, *, #1668, .T. ) ;
#233 = EDGE_CURVE ( 'NONE', #1232, #193, #143, .T. ) ;
#234 = DIRECTION ( 'NONE',  ( 0.000000000000000000, -0.000000000000000000, -1.000000000000000000 ) ) ;
#235 = CARTESIAN_POINT ( 'NONE',  ( 0.005000000000000000104, 0.1249999999999998890, 1.399999999999999689 ) ) ;
#236 = ORIENTED_EDGE ( 'NONE', *, *, #515, .F. ) ;
#237 = CARTESIAN_POINT ( 'NONE',  ( 0.005000000000000000104, -1.149999999999999911, 0.1250000000000001110 ) ) ;
#238 = CARTESIAN_POINT ( 'NONE',  ( -0.8299999999999999600, 1.250000000000000000, 1.500000000000000000 ) ) ;
#239 = VECTOR ( 'NONE', #1124, 1000.000000000000000 ) ;
#240 = ORIENTED_EDGE ( 'NONE', *, *, #2183, .T. ) ;
#241 = CARTESIAN_POINT ( 'NONE',  ( 0.005000000000000000104, 0.6249999999999998890, -1.399999999999999689 ) ) ;
#242 = EDGE_LOOP ( 'NONE', ( #557, #286, #1678, #2060 ) ) ;
#243 = EDGE_CURVE ( 'NONE', #473, #1242, #2454, .T. ) ;
#244 = LINE ( 'NONE', #1043, #1725 ) ;
#245 = CARTESIAN_POINT ( 'NONE',  ( 0.000000000000000000, 0.6750000000000003775, -0.1250000000000000555 ) ) ;
#246 = EDGE_LOOP ( 'NONE', ( #2132, #1483, #762, #564 ) ) ;
#247 = PLANE ( 'NONE',  #665 ) ;
#248 = DIRECTION ( 'NONE',  ( -0.000000000000000000, -0.000000000000000000, -1.000000000000000000 ) ) ;
#249 = PLANE ( 'NONE',  #1709 ) ;
#250 = ORIENTED_EDGE ( 'NONE', *, *, #1328, .F. ) ;
#251 = ORIENTED_EDGE ( 'NONE', *, *, #637, .F. ) ;
#252 = CARTESIAN_POINT ( 'NONE',  ( 0.005000000000000000104, 1.149999999999999911, 0.3750000000000001110 ) ) ;
#253 = AXIS2_PLACEMENT_3D ( 'NONE', #1590, #2348, #613 ) ;
#254 = ORIENTED_EDGE ( 'NONE', *, *, #108, .T. ) ;
#255 = ADVANCED_FACE ( 'NONE', ( #524 ), #497, .F. ) ;
#256 = LINE ( 'NONE', #481, #945 ) ;
#257 = CARTESIAN_POINT ( 'NONE',  ( 0.005000000000000000104, 0.1249999999999998890, 1.399999999999999689 ) ) ;
#258 = VECTOR ( 'NONE', #688, 1000.000000000000000 ) ;
#259 = LINE ( 'NONE', #1037, #2059 ) ;
#260 = CARTESIAN_POINT ( 'NONE',  ( 0.005000000000000000104, -0.6750000000000002665, -0.3749999999999998890 ) ) ;
#261 = CARTESIAN_POINT ( 'NONE',  ( 0.002000000000000000042, 1.033427762039662801, -1.264792186376897165 ) ) ;
#262 = EDGE_CURVE ( 'NONE', #1926, #1690, #1158, .T. ) ;
#263 = ORIENTED_EDGE ( 'NONE', *, *, #2518, .T. ) ;
#264 = AXIS2_PLACEMENT_3D ( 'NONE', #235, #773, #600 ) ;
#265 = ADVANCED_FACE ( 'NONE', ( #1075 ), #1281, .F. ) ;
#266 = ORIENTED_EDGE ( 'NONE', *, *, #985, .T. ) ;
#267 = EDGE_CURVE ( 'NONE', #328, #1093, #1489, .T. ) ;
#268 = ORIENTED_EDGE ( 'NONE', *, *, #336, .T. ) ;
#269 = CARTESIAN_POINT ( 'NONE',  ( 0.005000000000000000104, 0.6750000000000002665, -0.3749999999999998890 ) ) ;
#270 = CARTESIAN_POINT ( 'NONE',  ( 0.000000000000000000, 1.033427762039662801, -1.264792186376897165 ) ) ;
#271 = FACE_OUTER_BOUND ( 'NONE', #1937, .T. ) ;
#272 = DIRECTION ( 'NONE',  ( 0.000000000000000000, -1.000000000000000000, 0.000000000000000000 ) ) ;
#273 = DIRECTION ( 'NONE',  ( 1.000000000000000000, 0.000000000000000000, 0.000000000000000000 ) ) ;
#274 = ORIENTED_EDGE ( 'NONE', *, *, #1888, .T. ) ;
#275 = VERTEX_POINT ( 'NONE', #1973 ) ;
#276 = VERTEX_POINT ( 'NONE', #980 ) ;
#277 = VECTOR ( 'NONE', #1786, 1000.000000000000000 ) ;
#278 = ORIENTED_EDGE ( 'NONE', *, *, #1190, .T. ) ;
#279 = DIRECTION ( 'NONE',  ( -0.000000000000000000, -0.000000000000000000, 1.000000000000000000 ) ) ;
#280 = FACE_OUTER_BOUND ( 'NONE', #838, .T. ) ;
#281 = EDGE_CURVE ( 'NONE', #1499, #2305, #401, .T. ) ;
#282 = DIRECTION ( 'NONE',  ( 0.000000000000000000, -1.000000000000000000, 0.000000000000000000 ) ) ;
#283 = LINE ( 'NONE', #438, #518 ) ;
#284 = ORIENTED_EDGE ( 'NONE', *, *, #863, .T. ) ;
#285 = ADVANCED_FACE ( 'NONE', ( #797 ), #1395, .F. ) ;
#286 = ORIENTED_EDGE ( 'NONE', *, *, #70, .F. ) ;
#287 = ORIENTED_EDGE ( 'NONE', *, *, #1298, .F. ) ;
#288 = LINE ( 'NONE', #175, #1071 ) ;
#289 = EDGE_LOOP ( 'NONE', ( #904, #2107, #374, #1680 ) ) ;
#290 = AXIS2_PLACEMENT_3D ( 'NONE', #1808, #1223, #234 ) ;
#291 = CARTESIAN_POINT ( 'NONE',  ( 0.000000000000000000, -0.6750000000000002665, -0.3749999999999998890 ) ) ;
#292 = DIRECTION ( 'NONE',  ( -0.000000000000000000, -1.000000000000000000, -0.000000000000000000 ) ) ;
#293 = VECTOR ( 'NONE', #292, 1000.000000000000000 ) ;
#294 = DIRECTION ( 'NONE',  ( 0.000000000000000000, -0.000000000000000000, 1.000000000000000000 ) ) ;
#295 = CARTESIAN_POINT ( 'NONE',  ( 0.005000000000000000104, -0.3750000000000001110, -1.399999999999999689 ) ) ;
#296 = DIRECTION ( 'NONE',  ( -1.000000000000000000, -0.000000000000000000, -0.000000000000000000 ) ) ;
#297 = VECTOR ( 'NONE', #311, 1000.000000000000000 ) ;
#298 = ORIENTED_EDGE ( 'NONE', *, *, #2456, .F. ) ;
#299 = VECTOR ( 'NONE', #407, 1000.000000000000000 ) ;
#300 = VERTEX_POINT ( 'NONE', #416 ) ;
#301 = CARTESIAN_POINT ( 'NONE',  ( 0.005000000000000000104, 0.6249999999999998890, -0.9249999999999998224 ) ) ;
#302 = VERTEX_POINT ( 'NONE', #1780 ) ;
#303 = FACE_OUTER_BOUND ( 'NONE', #123, .T. ) ;
#304 = PLANE ( 'NONE',  #931 ) ;
#305 = DIRECTION ( 'NONE',  ( -0.000000000000000000, 1.000000000000000000, 0.000000000000000000 ) ) ;
#306 = CARTESIAN_POINT ( 'NONE',  ( 0.005000000000000000104, -0.8750000000000001110, 1.399999999999999689 ) ) ;
#307 = CARTESIAN_POINT ( 'NONE',  ( 0.005000000000000000104, 0.1249999999999998890, 1.399999999999999689 ) ) ;
#308 = COLOUR_RGB ( '',0.7921568627450980005, 0.8196078431372548767, 0.9333333333333333481 ) ;
#309 = ORIENTED_EDGE ( 'NONE', *, *, #48, .F. ) ;
#310 = EDGE_LOOP ( 'NONE', ( #1997, #2277, #648, #1257 ) ) ;
#311 = DIRECTION ( 'NONE',  ( 1.000000000000000000, -0.000000000000000000, -0.000000000000000000 ) ) ;
#312 = ORIENTED_EDGE ( 'NONE', *, *, #1054, .T. ) ;
#313 = DIRECTION ( 'NONE',  ( 0.000000000000000000, -3.423796334164754477E-16, 1.000000000000000000 ) ) ;
#314 = DIRECTION ( 'NONE',  ( 0.000000000000000000, -0.000000000000000000, -1.000000000000000000 ) ) ;
#315 = ADVANCED_FACE ( 'NONE', ( #39 ), #596, .F. ) ;
#316 = LINE ( 'NONE', #909, #743 ) ;
#317 = LINE ( 'NONE', #897, #2313 ) ;
#318 = FILL_AREA_STYLE_COLOUR ( '', #308 ) ;
#319 = VERTEX_POINT ( 'NONE', #1196 ) ;
#320 = CARTESIAN_POINT ( 'NONE',  ( 0.005000000000000000104, 0.6249999999999998890, 0.9249999999999998224 ) ) ;
#321 = ORIENTED_EDGE ( 'NONE', *, *, #607, .F. ) ;
#322 = CARTESIAN_POINT ( 'NONE',  ( 0.000000000000000000, -0.8750000000000001110, -1.399999999999999689 ) ) ;
#323 = ORIENTED_EDGE ( 'NONE', *, *, #2073, .T. ) ;
#324 = DIRECTION ( 'NONE',  ( 0.000000000000000000, -1.000000000000000000, 0.000000000000000000 ) ) ;
#325 = DIRECTION ( 'NONE',  ( 0.000000000000000000, -1.000000000000000000, -0.000000000000000000 ) ) ;
#326 = EDGE_CURVE ( 'NONE', #300, #487, #1006, .T. ) ;
#327 = AXIS2_PLACEMENT_3D ( 'NONE', #710, #313, #126 ) ;
#328 = VERTEX_POINT ( 'NONE', #1383 ) ;
#329 = DIRECTION ( 'NONE',  ( -1.000000000000000000, -0.000000000000000000, -0.000000000000000000 ) ) ;
#330 = CARTESIAN_POINT ( 'NONE',  ( 0.005000000000000000104, 0.6750000000000002665, 0.6250000000000001110 ) ) ;
#331 = LINE ( 'NONE', #715, #1620 ) ;
#332 = EDGE_LOOP ( 'NONE', ( #2217, #823, #398, #358 ) ) ;
#333 = CARTESIAN_POINT ( 'NONE',  ( 0.005000000000000000104, 0.000000000000000000, 0.000000000000000000 ) ) ;
#334 = VECTOR ( 'NONE', #896, 1000.000000000000000 ) ;
#335 = ORIENTED_EDGE ( 'NONE', *, *, #2502, .T. ) ;
#336 = EDGE_CURVE ( 'NONE', #961, #128, #217, .T. ) ;
#337 = VECTOR ( 'NONE', #987, 1000.000000000000000 ) ;
#338 = LINE ( 'NONE', #817, #2347 ) ;
#339 = CARTESIAN_POINT ( 'NONE',  ( 0.000000000000000000, 1.110549236818742180, -1.033427762039660580 ) ) ;
#340 = ORIENTED_EDGE ( 'NONE', *, *, #454, .T. ) ;
#341 = VECTOR ( 'NONE', #1976, 1000.000000000000000 ) ;
#342 = CARTESIAN_POINT ( 'NONE',  ( -0.8299999999999999600, -1.250000000000000000, 1.500000000000000000 ) ) ;
#343 = CARTESIAN_POINT ( 'NONE',  ( 0.000000000000000000, 0.6750000000000003775, 0.3749999999999999445 ) ) ;
#344 =( GEOMETRIC_REPRESENTATION_CONTEXT ( 3 ) GLOBAL_UNCERTAINTY_ASSIGNED_CONTEXT ( ( #2061 ) ) GLOBAL_UNIT_ASSIGNED_CONTEXT ( ( #658, #453, #620 ) ) REPRESENTATION_CONTEXT ( 'NONE', 'WORKASPACE' ) );
#345 = VERTEX_POINT ( 'NONE', #1960 ) ;
#346 = CARTESIAN_POINT ( 'NONE',  ( 0.005000000000000000104, 0.3749999999999998890, -1.399999999999999689 ) ) ;
#347 = CARTESIAN_POINT ( 'NONE',  ( 0.005000000000000000104, -0.8750000000000001110, -1.399999999999999689 ) ) ;
#348 = EDGE_LOOP ( 'NONE', ( #85, #11, #2153, #1632 ) ) ;
#349 = DIRECTION ( 'NONE',  ( 0.000000000000000000, -1.000000000000000000, 4.336808689942015271E-16 ) ) ;
#350 = ORIENTED_EDGE ( 'NONE', *, *, #949, .T. ) ;
#351 = PLANE ( 'NONE',  #1445 ) ;
#352 = FACE_OUTER_BOUND ( 'NONE', #1229, .T. ) ;
#353 = CARTESIAN_POINT ( 'NONE',  ( 0.005000000000000000104, -0.8750000000000001110, -1.399999999999999689 ) ) ;
#354 = ORIENTED_EDGE ( 'NONE', *, *, #1643, .T. ) ;
#355 = CARTESIAN_POINT ( 'NONE',  ( 0.005000000000000000104, -0.8750000000000001110, -0.9249999999999998224 ) ) ;
#356 = CARTESIAN_POINT ( 'NONE',  ( -0.8319999999999999618, 1.110549236818742180, -1.033427762039660580 ) ) ;
#357 = ADVANCED_FACE ( 'NONE', ( #994 ), #28, .T. ) ;
#358 = ORIENTED_EDGE ( 'NONE', *, *, #2103, .T. ) ;
#359 = DIRECTION ( 'NONE',  ( 0.000000000000000000, 0.000000000000000000, -1.000000000000000000 ) ) ;
#360 = ORIENTED_EDGE ( 'NONE', *, *, #1506, .F. ) ;
#361 = ADVANCED_FACE ( 'NONE', ( #14 ), #784, .F. ) ;
#362 = LINE ( 'NONE', #2113, #1683 ) ;
#363 = DIRECTION ( 'NONE',  ( 0.000000000000000000, -1.000000000000000000, 4.336808689942014285E-16 ) ) ;
#364 = CARTESIAN_POINT ( 'NONE',  ( 0.005000000000000000104, -0.3750000000000001110, 0.9249999999999998224 ) ) ;
#365 = FACE_BOUND ( 'NONE', #411, .T. ) ;
#366 = ORIENTED_EDGE ( 'NONE', *, *, #2013, .T. ) ;
#367 = ADVANCED_FACE ( 'NONE', ( #410 ), #807, .F. ) ;
#368 = DIRECTION ( 'NONE',  ( 1.000000000000000000, 0.000000000000000000, -0.000000000000000000 ) ) ;
#369 = LINE ( 'NONE', #2465, #2473 ) ;
#370 = EDGE_CURVE ( 'NONE', #2292, #961, #10, .T. ) ;
#371 = VECTOR ( 'NONE', #469, 1000.000000000000000 ) ;
#372 = ORIENTED_EDGE ( 'NONE', *, *, #2382, .T. ) ;
#373 = LINE ( 'NONE', #2329, #1955 ) ;
#374 = ORIENTED_EDGE ( 'NONE', *, *, #1241, .F. ) ;
#375 = FACE_OUTER_BOUND ( 'NONE', #1729, .T. ) ;
#376 = AXIS2_PLACEMENT_3D ( 'NONE', #890, #2471, #683 ) ;
#377 = LINE ( 'NONE', #1370, #2193 ) ;
#378 = CARTESIAN_POINT ( 'NONE',  ( -0.8299999999999999600, 1.110549236818742180, 0.000000000000000000 ) ) ;
#379 = VECTOR ( 'NONE', #1731, 1000.000000000000000 ) ;
#380 = VERTEX_POINT ( 'NONE', #592 ) ;
#381 = CARTESIAN_POINT ( 'NONE',  ( 0.005000000000000000104, 0.1249999999999998890, 0.9249999999999998224 ) ) ;
#382 = CARTESIAN_POINT ( 'NONE',  ( 0.000000000000000000, 1.033427762039662801, -1.264792186376897165 ) ) ;
#383 = EDGE_LOOP ( 'NONE', ( #1941, #2239, #250, #2280 ) ) ;
#384 = LINE ( 'NONE', #1163, #197 ) ;
#385 = LINE ( 'NONE', #1377, #405 ) ;
#386 = ORIENTED_EDGE ( 'NONE', *, *, #70, .T. ) ;
#387 = DIRECTION ( 'NONE',  ( -0.000000000000000000, 1.000000000000000000, -3.423796334164753491E-16 ) ) ;
#388 = EDGE_CURVE ( 'NONE', #81, #345, #963, .T. ) ;
#389 = PLANE ( 'NONE',  #2023 ) ;
#390 = DIRECTION ( 'NONE',  ( 0.000000000000000000, -0.000000000000000000, 1.000000000000000000 ) ) ;
#391 = ORIENTED_EDGE ( 'NONE', *, *, #895, .T. ) ;
#392 = AXIS2_PLACEMENT_3D ( 'NONE', #425, #212, #1191 ) ;
#393 = DIRECTION ( 'NONE',  ( 0.000000000000000000, 0.000000000000000000, -1.000000000000000000 ) ) ;
#394 = FACE_OUTER_BOUND ( 'NONE', #2002, .T. ) ;
#395 = EDGE_LOOP ( 'NONE', ( #1752, #443, #1932, #1349 ) ) ;
#396 = VECTOR ( 'NONE', #1827, 1000.000000000000000 ) ;
#397 = DIRECTION ( 'NONE',  ( -0.000000000000000000, 1.000000000000000000, 0.000000000000000000 ) ) ;
#398 = ORIENTED_EDGE ( 'NONE', *, *, #2374, .F. ) ;
#399 = SURFACE_SIDE_STYLE ('',( #1753 ) ) ;
#400 = CARTESIAN_POINT ( 'NONE',  ( 0.000000000000000000, -0.6750000000000003775, -0.1250000000000000555 ) ) ;
#401 = LINE ( 'NONE', #231, #1210 ) ;
#402 = EDGE_LOOP ( 'NONE', ( #1800, #9, #21, #75 ) ) ;
#403 = DIRECTION ( 'NONE',  ( -1.000000000000000000, -0.000000000000000000, -0.000000000000000000 ) ) ;
#404 = CARTESIAN_POINT ( 'NONE',  ( -0.8319999999999999618, 1.110549236818742180, -1.264792186376897165 ) ) ;
#405 = VECTOR ( 'NONE', #35, 1000.000000000000000 ) ;
#406 = ORIENTED_EDGE ( 'NONE', *, *, #1470, .T. ) ;
#407 = DIRECTION ( 'NONE',  ( 0.000000000000000000, 0.000000000000000000, -1.000000000000000000 ) ) ;
#408 = CARTESIAN_POINT ( 'NONE',  ( 0.005000000000000000104, 0.6750000000000002665, -0.3749999999999998890 ) ) ;
#409 = EDGE_CURVE ( 'NONE', #2305, #1523, #1942, .T. ) ;
#410 = FACE_OUTER_BOUND ( 'NONE', #210, .T. ) ;
#411 = EDGE_LOOP ( 'NONE', ( #938, #2250, #1091, #1106 ) ) ;
#412 = AXIS2_PLACEMENT_3D ( 'NONE', #87, #2243, #627 ) ;
#413 = CARTESIAN_POINT ( 'NONE',  ( 0.005000000000000000104, 0.6750000000000002665, 0.1250000000000001110 ) ) ;
#414 = EDGE_CURVE ( 'NONE', #1696, #1391, #200, .T. ) ;
#415 = LINE ( 'NONE', #2495, #2226 ) ;
#416 = CARTESIAN_POINT ( 'NONE',  ( 0.005000000000000000104, 1.149999999999999911, 0.6250000000000001110 ) ) ;
#417 = VECTOR ( 'NONE', #1670, 1000.000000000000000 ) ;
#418 = EDGE_LOOP ( 'NONE', ( #2097, #729, #2218, #647 ) ) ;
#419 = VECTOR ( 'NONE', #2008, 1000.000000000000000 ) ;
#420 = DIRECTION ( 'NONE',  ( 0.000000000000000000, 0.000000000000000000, -1.000000000000000000 ) ) ;
#421 = DIRECTION ( 'NONE',  ( -0.000000000000000000, -0.000000000000000000, 1.000000000000000000 ) ) ;
#422 = VERTEX_POINT ( 'NONE', #2365 ) ;
#423 = DIRECTION ( 'NONE',  ( 0.000000000000000000, 1.000000000000000000, 0.000000000000000000 ) ) ;
#424 = LINE ( 'NONE', #1416, #601 ) ;
#425 = CARTESIAN_POINT ( 'NONE',  ( 0.005000000000000000104, 0.1249999999999998890, -0.9249999999999998224 ) ) ;
#426 = ORIENTED_EDGE ( 'NONE', *, *, #656, .F. ) ;
#427 = ORIENTED_EDGE ( 'NONE', *, *, #2180, .T. ) ;
#428 = PRODUCT_RELATED_PRODUCT_CATEGORY ( 'part', '', ( #468 ) ) ;
#429 = MECHANICAL_DESIGN_GEOMETRIC_PRESENTATION_REPRESENTATION (  '', ( #1540 ), #881 ) ;
#430 = EDGE_LOOP ( 'NONE', ( #765, #999, #827, #831 ) ) ;
#431 = LINE ( 'NONE', #674, #2302 ) ;
#432 = LINE ( 'NONE', #1748, #1822 ) ;
#433 = EDGE_CURVE ( 'NONE', #2514, #2292, #2521, .T. ) ;
#434 = ORIENTED_EDGE ( 'NONE', *, *, #1801, .T. ) ;
#435 = EDGE_CURVE ( 'NONE', #345, #655, #1403, .T. ) ;
#436 = CARTESIAN_POINT ( 'NONE',  ( 0.000000000000000000, 0.6750000000000002665, -0.3749999999999998890 ) ) ;
#437 = PRESENTATION_STYLE_ASSIGNMENT (( #1569 ) ) ;
#438 = CARTESIAN_POINT ( 'NONE',  ( 0.005000000000000000104, 0.8749999999999998890, -0.9249999999999998224 ) ) ;
#439 = ORIENTED_EDGE ( 'NONE', *, *, #1429, .T. ) ;
#440 =( GEOMETRIC_REPRESENTATION_CONTEXT ( 3 ) GLOBAL_UNCERTAINTY_ASSIGNED_CONTEXT ( ( #2423 ) ) GLOBAL_UNIT_ASSIGNED_CONTEXT ( ( #1389, #1376, #211 ) ) REPRESENTATION_CONTEXT ( 'NONE', 'WORKASPACE' ) );
#441 = ORIENTED_EDGE ( 'NONE', *, *, #2342, .T. ) ;
#442 = ADVANCED_FACE ( 'NONE', ( #793 ), #1583, .F. ) ;
#443 = ORIENTED_EDGE ( 'NONE', *, *, #414, .F. ) ;
#444 = DIRECTION ( 'NONE',  ( -1.000000000000000000, 0.000000000000000000, -0.000000000000000000 ) ) ;
#445 = CARTESIAN_POINT ( 'NONE',  ( 0.005000000000000000104, -0.6750000000000002665, -0.3749999999999998890 ) ) ;
#446 = EDGE_CURVE ( 'NONE', #921, #2285, #385, .T. ) ;
#447 = ORIENTED_EDGE ( 'NONE', *, *, #1726, .T. ) ;
#448 = CARTESIAN_POINT ( 'NONE',  ( 0.000000000000000000, 1.149999999999999911, -0.6249999999999998890 ) ) ;
#449 =( LENGTH_UNIT ( ) NAMED_UNIT ( * ) SI_UNIT ( .MILLI., .METRE. ) );
#450 = CARTESIAN_POINT ( 'NONE',  ( 0.005000000000000000104, -0.3750000000000001110, -0.9249999999999998224 ) ) ;
#451 = EDGE_CURVE ( 'NONE', #275, #528, #1178, .T. ) ;
#452 = ORIENTED_EDGE ( 'NONE', *, *, #1089, .F. ) ;
#453 =( NAMED_UNIT ( * ) PLANE_ANGLE_UNIT ( ) SI_UNIT ( $, .RADIAN. ) );
#454 = EDGE_CURVE ( 'NONE', #685, #1531, #1165, .T. ) ;
#455 = EDGE_LOOP ( 'NONE', ( #1150, #71, #1746, #158 ) ) ;
#456 = FACE_OUTER_BOUND ( 'NONE', #1310, .T. ) ;
#457 = DIRECTION ( 'NONE',  ( -0.000000000000000000, -0.000000000000000000, 1.000000000000000000 ) ) ;
#458 = AXIS2_PLACEMENT_3D ( 'NONE', #174, #1120, #1710 ) ;
#459 = PLANE ( 'NONE',  #626 ) ;
#460 = DIRECTION ( 'NONE',  ( 0.000000000000000000, 0.000000000000000000, -1.000000000000000000 ) ) ;
#461 = CARTESIAN_POINT ( 'NONE',  ( 0.000000000000000000, -0.6750000000000004885, -0.1250000000000000555 ) ) ;
#462 = ORIENTED_EDGE ( 'NONE', *, *, #1631, .F. ) ;
#463 = AXIS2_PLACEMENT_3D ( 'NONE', #764, #1202, #7 ) ;
#464 = VERTEX_POINT ( 'NONE', #2192 ) ;
#465 = ORIENTED_EDGE ( 'NONE', *, *, #2087, .T. ) ;
#466 = EDGE_CURVE ( 'NONE', #1220, #786, #1206, .T. ) ;
#467 = EDGE_LOOP ( 'NONE', ( #673, #1375, #172, #1553 ) ) ;
#468 = PRODUCT ( 'BMI330', 'BMI330', '', ( #1788 ) ) ;
#469 = DIRECTION ( 'NONE',  ( -0.000000000000000000, -1.000000000000000000, -0.000000000000000000 ) ) ;
#470 = CARTESIAN_POINT ( 'NONE',  ( 0.000000000000000000, 0.6750000000000002665, -0.3749999999999998890 ) ) ;
#471 = CARTESIAN_POINT ( 'NONE',  ( 0.005000000000000000104, 1.149999999999999911, -0.3749999999999998890 ) ) ;
#472 = CARTESIAN_POINT ( 'NONE',  ( 0.000000000000000000, 0.1249999999999998890, -0.9249999999999998224 ) ) ;
#473 = VERTEX_POINT ( 'NONE', #238 ) ;
#474 = VERTEX_POINT ( 'NONE', #1738 ) ;
#475 = VERTEX_POINT ( 'NONE', #1545 ) ;
#476 = VECTOR ( 'NONE', #359, 1000.000000000000000 ) ;
#477 = CARTESIAN_POINT ( 'NONE',  ( 0.000000000000000000, 0.3749999999999998890, 1.399999999999999689 ) ) ;
#478 = AXIS2_PLACEMENT_3D ( 'NONE', #1676, #2468, #2275 ) ;
#479 = EDGE_CURVE ( 'NONE', #2112, #60, #373, .T. ) ;
#480 = EDGE_LOOP ( 'NONE', ( #266, #1052, #1039, #615 ) ) ;
#481 = CARTESIAN_POINT ( 'NONE',  ( 0.000000000000000000, 1.149999999999999911, -0.3749999999999998890 ) ) ;
#482 = LINE ( 'NONE', #1263, #494 ) ;
#483 = LINE ( 'NONE', #1415, #2106 ) ;
#484 = FILL_AREA_STYLE_COLOUR ( '', #2517 ) ;
#485 = PLANE ( 'NONE',  #1173 ) ;
#486 = ORIENTED_EDGE ( 'NONE', *, *, #388, .F. ) ;
#487 = VERTEX_POINT ( 'NONE', #767 ) ;
#488 = LINE ( 'NONE', #1894, #779 ) ;
#489 = ADVANCED_FACE ( 'NONE', ( #571 ), #1760, .F. ) ;
#490 = VERTEX_POINT ( 'NONE', #776 ) ;
#491 = VECTOR ( 'NONE', #1949, 1000.000000000000000 ) ;
#492 = CARTESIAN_POINT ( 'NONE',  ( 0.005000000000000000104, -1.149999999999999911, 0.6250000000000001110 ) ) ;
#493 = DIRECTION ( 'NONE',  ( 0.000000000000000000, 0.000000000000000000, -1.000000000000000000 ) ) ;
#494 = VECTOR ( 'NONE', #2231, 1000.000000000000000 ) ;
#495 = CARTESIAN_POINT ( 'NONE',  ( 0.005000000000000000104, 0.8749999999999998890, 1.399999999999999689 ) ) ;
#496 = PLANE ( 'NONE',  #955 ) ;
#497 = PLANE ( 'NONE',  #964 ) ;
#498 = AXIS2_PLACEMENT_3D ( 'NONE', #1573, #363, #573 ) ;
#499 = EDGE_LOOP ( 'NONE', ( #354, #49, #900, #737 ) ) ;
#500 = EDGE_LOOP ( 'NONE', ( #103, #1095, #452, #1051 ) ) ;
#501 = CARTESIAN_POINT ( 'NONE',  ( 0.005000000000000000104, -0.6750000000000003775, -0.6250000000000001110 ) ) ;
#502 = EDGE_CURVE ( 'NONE', #849, #475, #2161, .T. ) ;
#503 = ORIENTED_EDGE ( 'NONE', *, *, #1054, .F. ) ;
#504 = DIRECTION ( 'NONE',  ( -1.000000000000000000, 0.000000000000000000, -0.000000000000000000 ) ) ;
#505 = CARTESIAN_POINT ( 'NONE',  ( 0.005000000000000000104, -0.8750000000000001110, -1.399999999999999689 ) ) ;
#506 = LINE ( 'NONE', #1496, #258 ) ;
#507 = CARTESIAN_POINT ( 'NONE',  ( 0.005000000000000000104, 0.3749999999999998890, -1.399999999999999689 ) ) ;
#508 = AXIS2_PLACEMENT_3D ( 'NONE', #1576, #1986, #2358 ) ;
#509 = FACE_OUTER_BOUND ( 'NONE', #1979, .T. ) ;
#510 = SURFACE_SIDE_STYLE ('',( #556 ) ) ;
#511 = ORIENTED_EDGE ( 'NONE', *, *, #622, .T. ) ;
#512 = VECTOR ( 'NONE', #1996, 1000.000000000000000 ) ;
#513 = VECTOR ( 'NONE', #1787, 1000.000000000000000 ) ;
#514 = PLANE ( 'NONE',  #2431 ) ;
#515 = EDGE_CURVE ( 'NONE', #193, #61, #1570, .T. ) ;
#516 = VECTOR ( 'NONE', #2190, 1000.000000000000000 ) ;
#517 = ORIENTED_EDGE ( 'NONE', *, *, #2079, .T. ) ;
#518 = VECTOR ( 'NONE', #1629, 1000.000000000000000 ) ;
#519 = PLANE ( 'NONE',  #2052 ) ;
#520 = VERTEX_POINT ( 'NONE', #1060 ) ;
#521 = CARTESIAN_POINT ( 'NONE',  ( 0.005000000000000000104, -1.149999999999999911, -0.1249999999999998890 ) ) ;
#522 = DIRECTION ( 'NONE',  ( -0.000000000000000000, -0.000000000000000000, 1.000000000000000000 ) ) ;
#523 = ADVANCED_FACE ( 'NONE', ( #2051 ), #1848, .F. ) ;
#524 = FACE_OUTER_BOUND ( 'NONE', #402, .T. ) ;
#525 = VERTEX_POINT ( 'NONE', #2413 ) ;
#526 = CARTESIAN_POINT ( 'NONE',  ( 0.005000000000000000104, -0.6750000000000002665, 0.1250000000000001110 ) ) ;
#527 = ADVANCED_FACE ( 'NONE', ( #1074 ), #496, .F. ) ;
#528 = VERTEX_POINT ( 'NONE', #1864 ) ;
#529 = DIRECTION ( 'NONE',  ( 0.000000000000000000, 0.000000000000000000, -1.000000000000000000 ) ) ;
#530 = DIRECTION ( 'NONE',  ( 0.000000000000000000, -0.000000000000000000, -1.000000000000000000 ) ) ;
#531 = EDGE_LOOP ( 'NONE', ( #2162, #2345, #716, #1952 ) ) ;
#532 = ADVANCED_FACE ( 'NONE', ( #1046 ), #1250, .F. ) ;
#533 = LINE ( 'NONE', #2297, #168 ) ;
#534 = FACE_OUTER_BOUND ( 'NONE', #146, .T. ) ;
#535 = VECTOR ( 'NONE', #2, 1000.000000000000000 ) ;
#536 = ORIENTED_EDGE ( 'NONE', *, *, #1261, .T. ) ;
#537 = DIRECTION ( 'NONE',  ( -1.000000000000000000, -0.000000000000000000, -0.000000000000000000 ) ) ;
#538 = CARTESIAN_POINT ( 'NONE',  ( 0.000000000000000000, 1.033427762039662801, -1.033427762039660580 ) ) ;
#539 = PRODUCT_DEFINITION ( 'UNKNOWN', '', #1689, #649 ) ;
#540 = STYLED_ITEM ( 'NONE', ( #1058 ), #998 ) ;
#541 = ORIENTED_EDGE ( 'NONE', *, *, #479, .T. ) ;
#542 = CARTESIAN_POINT ( 'NONE',  ( 0.000000000000000000, -0.3750000000000001110, 1.399999999999999689 ) ) ;
#543 = VERTEX_POINT ( 'NONE', #1839 ) ;
#544 = VECTOR ( 'NONE', #1980, 1000.000000000000000 ) ;
#545 = DIRECTION ( 'NONE',  ( 0.000000000000000000, 1.000000000000000000, 0.000000000000000000 ) ) ;
#546 = CARTESIAN_POINT ( 'NONE',  ( 0.005000000000000000104, 0.6249999999999998890, -1.399999999999999689 ) ) ;
#547 = ADVANCED_FACE ( 'NONE', ( #2019 ), #2030, .F. ) ;
#548 = EDGE_CURVE ( 'NONE', #490, #1372, #1464, .T. ) ;
#549 = AXIS2_PLACEMENT_3D ( 'NONE', #677, #667, #653 ) ;
#550 = LINE ( 'NONE', #353, #220 ) ;
#551 = DIRECTION ( 'NONE',  ( 0.000000000000000000, -1.000000000000000000, 0.000000000000000000 ) ) ;
#552 = EDGE_LOOP ( 'NONE', ( #752, #350, #1884, #1947 ) ) ;
#553 = PLANE ( 'NONE',  #2224 ) ;
#554 = CARTESIAN_POINT ( 'NONE',  ( 0.005000000000000000104, 0.6750000000000002665, 0.6250000000000001110 ) ) ;
#555 = ORIENTED_EDGE ( 'NONE', *, *, #2196, .F. ) ;
#556 = SURFACE_STYLE_FILL_AREA ( #1719 ) ;
#557 = ORIENTED_EDGE ( 'NONE', *, *, #656, .T. ) ;
#558 = LINE ( 'NONE', #731, #781 ) ;
#559 = CARTESIAN_POINT ( 'NONE',  ( 0.005000000000000000104, -0.3750000000000001110, 1.399999999999999689 ) ) ;
#560 = ADVANCED_FACE ( 'NONE', ( #1615 ), #1628, .F. ) ;
#561 = DIRECTION ( 'NONE',  ( -1.000000000000000000, -0.000000000000000000, -0.000000000000000000 ) ) ;
#562 = FACE_BOUND ( 'NONE', #1137, .T. ) ;
#563 = EDGE_CURVE ( 'NONE', #2299, #1495, #1280, .T. ) ;
#564 = ORIENTED_EDGE ( 'NONE', *, *, #949, .F. ) ;
#565 = VECTOR ( 'NONE', #132, 1000.000000000000000 ) ;
#566 = DIRECTION ( 'NONE',  ( 1.000000000000000000, -0.000000000000000000, 0.000000000000000000 ) ) ;
#567 = CARTESIAN_POINT ( 'NONE',  ( -0.8299999999999999600, -1.250000000000000000, 1.500000000000000000 ) ) ;
#568 = VECTOR ( 'NONE', #1267, 1000.000000000000000 ) ;
#569 = VERTEX_POINT ( 'NONE', #2040 ) ;
#570 = LINE ( 'NONE', #1103, #2001 ) ;
#571 = FACE_OUTER_BOUND ( 'NONE', #2323, .T. ) ;
#572 = EDGE_LOOP ( 'NONE', ( #44, #1841, #1701, #511 ) ) ;
#573 = DIRECTION ( 'NONE',  ( 0.000000000000000000, -4.336808689942014285E-16, -1.000000000000000000 ) ) ;
#574 = LINE ( 'NONE', #1778, #2422 ) ;
#575 = DIRECTION ( 'NONE',  ( 0.000000000000000000, 0.000000000000000000, -1.000000000000000000 ) ) ;
#576 = ORIENTED_EDGE ( 'NONE', *, *, #1236, .T. ) ;
#577 = DIRECTION ( 'NONE',  ( 0.000000000000000000, 0.000000000000000000, 1.000000000000000000 ) ) ;
#578 = LINE ( 'NONE', #31, #1687 ) ;
#579 = AXIS2_PLACEMENT_3D ( 'NONE', #893, #1520, #1474 ) ;
#580 = ORIENTED_EDGE ( 'NONE', *, *, #185, .F. ) ;
#581 = CARTESIAN_POINT ( 'NONE',  ( 0.005000000000000000104, -1.149999999999999911, -0.1249999999999998890 ) ) ;
#582 = CARTESIAN_POINT ( 'NONE',  ( 0.005000000000000000104, -0.3750000000000001110, 0.9249999999999998224 ) ) ;
#583 = ORIENTED_EDGE ( 'NONE', *, *, #2451, .F. ) ;
#584 = LINE ( 'NONE', #1156, #2144 ) ;
#585 = VECTOR ( 'NONE', #545, 1000.000000000000000 ) ;
#586 = LINE ( 'NONE', #178, #1971 ) ;
#587 = VECTOR ( 'NONE', #815, 1000.000000000000000 ) ;
#588 = EDGE_LOOP ( 'NONE', ( #1119, #1635, #1491, #2035 ) ) ;
#589 = PLANE ( 'NONE',  #2137 ) ;
#590 = CARTESIAN_POINT ( 'NONE',  ( -0.000000000000000000, 0.8749999999999998890, -0.9249999999999998224 ) ) ;
#591 = EDGE_LOOP ( 'NONE', ( #1326, #165, #1301, #928 ) ) ;
#592 = CARTESIAN_POINT ( 'NONE',  ( -0.8299999999999999600, 1.033427762039662801, -1.033427762039660580 ) ) ;
#593 = ORIENTED_EDGE ( 'NONE', *, *, #1722, .F. ) ;
#594 = LINE ( 'NONE', #215, #1153 ) ;
#595 = CARTESIAN_POINT ( 'NONE',  ( 0.000000000000000000, 0.6249999999999998890, -1.399999999999999689 ) ) ;
#596 = PLANE ( 'NONE',  #508 ) ;
#597 = ORIENTED_EDGE ( 'NONE', *, *, #1805, .F. ) ;
#598 = EDGE_CURVE ( 'NONE', #719, #1232, #689, .T. ) ;
#599 = CARTESIAN_POINT ( 'NONE',  ( 0.005000000000000000104, -0.6250000000000001110, -1.399999999999999689 ) ) ;
#600 = DIRECTION ( 'NONE',  ( 0.000000000000000000, -0.000000000000000000, 1.000000000000000000 ) ) ;
#601 = VECTOR ( 'NONE', #2205, 1000.000000000000000 ) ;
#602 = ORIENTED_EDGE ( 'NONE', *, *, #2013, .F. ) ;
#603 = CARTESIAN_POINT ( 'NONE',  ( 0.005000000000000000104, 1.149999999999999911, -0.3749999999999998890 ) ) ;
#604 = DIRECTION ( 'NONE',  ( -1.000000000000000000, -0.000000000000000000, -0.000000000000000000 ) ) ;
#605 = ADVANCED_FACE ( 'NONE', ( #1088 ), #1266, .F. ) ;
#606 = CARTESIAN_POINT ( 'NONE',  ( 0.000000000000000000, -0.3750000000000001110, -1.399999999999999689 ) ) ;
#607 = EDGE_CURVE ( 'NONE', #1645, #786, #2453, .T. ) ;
#608 = EDGE_LOOP ( 'NONE', ( #2384, #1430, #1714, #2032 ) ) ;
#609 = CARTESIAN_POINT ( 'NONE',  ( 0.005000000000000000104, 0.3749999999999998890, 0.9249999999999998224 ) ) ;
#610 = CARTESIAN_POINT ( 'NONE',  ( 0.005000000000000000104, -0.6750000000000003775, 0.3749999999999999445 ) ) ;
#611 = EDGE_CURVE ( 'NONE', #276, #122, #2131, .T. ) ;
#612 = ORIENTED_EDGE ( 'NONE', *, *, #2444, .F. ) ;
#613 = DIRECTION ( 'NONE',  ( -1.000000000000000000, 0.000000000000000000, -0.000000000000000000 ) ) ;
#614 = DIRECTION ( 'NONE',  ( -1.000000000000000000, 0.000000000000000000, -0.000000000000000000 ) ) ;
#615 = ORIENTED_EDGE ( 'NONE', *, *, #1050, .T. ) ;
#616 = FACE_OUTER_BOUND ( 'NONE', #2022, .T. ) ;
#617 = CARTESIAN_POINT ( 'NONE',  ( 0.000000000000000000, -0.8750000000000001110, -0.9249999999999998224 ) ) ;
#618 = CARTESIAN_POINT ( 'NONE',  ( 0.005000000000000000104, 0.6249999999999998890, 1.399999999999999689 ) ) ;
#619 = VECTOR ( 'NONE', #697, 1000.000000000000000 ) ;
#620 =( NAMED_UNIT ( * ) SI_UNIT ( $, .STERADIAN. ) SOLID_ANGLE_UNIT ( ) );
#621 = VECTOR ( 'NONE', #64, 1000.000000000000000 ) ;
#622 = EDGE_CURVE ( 'NONE', #1468, #1442, #910, .T. ) ;
#623 = AXIS2_PLACEMENT_3D ( 'NONE', #559, #1711, #1367 ) ;
#624 = ORIENTED_EDGE ( 'NONE', *, *, #888, .T. ) ;
#625 = EDGE_CURVE ( 'NONE', #1817, #1203, #317, .T. ) ;
#626 = AXIS2_PLACEMENT_3D ( 'NONE', #853, #1463, #2204 ) ;
#627 = DIRECTION ( 'NONE',  ( 0.000000000000000000, -0.000000000000000000, -1.000000000000000000 ) ) ;
#628 = DIRECTION ( 'NONE',  ( 0.000000000000000000, 1.000000000000000000, 0.000000000000000000 ) ) ;
#629 = ORIENTED_EDGE ( 'NONE', *, *, #1005, .T. ) ;
#630 = FACE_OUTER_BOUND ( 'NONE', #1968, .T. ) ;
#631 = CARTESIAN_POINT ( 'NONE',  ( 0.000000000000000000, -0.6250000000000001110, 1.399999999999999689 ) ) ;
#632 = EDGE_CURVE ( 'NONE', #2316, #921, #2501, .T. ) ;
#633 = AXIS2_PLACEMENT_3D ( 'NONE', #2247, #272, #2258 ) ;
#634 = DIRECTION ( 'NONE',  ( 0.000000000000000000, 0.000000000000000000, -1.000000000000000000 ) ) ;
#635 = VERTEX_POINT ( 'NONE', #1127 ) ;
#636 = ORIENTED_EDGE ( 'NONE', *, *, #2342, .F. ) ;
#637 = EDGE_CURVE ( 'NONE', #961, #951, #2301, .T. ) ;
#638 = ORIENTED_EDGE ( 'NONE', *, *, #1519, .F. ) ;
#639 = EDGE_CURVE ( 'NONE', #2316, #276, #1319, .T. ) ;
#640 = LINE ( 'NONE', #2200, #1849 ) ;
#641 = CARTESIAN_POINT ( 'NONE',  ( 0.000000000000000000, 0.6750000000000003775, -0.1250000000000000555 ) ) ;
#642 = ORIENTED_EDGE ( 'NONE', *, *, #1991, .T. ) ;
#643 = CARTESIAN_POINT ( 'NONE',  ( 0.005000000000000000104, 0.000000000000000000, 0.000000000000000000 ) ) ;
#644 =( NAMED_UNIT ( * ) SI_UNIT ( $, .STERADIAN. ) SOLID_ANGLE_UNIT ( ) );
#645 = DIRECTION ( 'NONE',  ( -0.000000000000000000, -1.000000000000000000, -0.000000000000000000 ) ) ;
#646 = ORIENTED_EDGE ( 'NONE', *, *, #1456, .F. ) ;
#647 = ORIENTED_EDGE ( 'NONE', *, *, #901, .F. ) ;
#648 = ORIENTED_EDGE ( 'NONE', *, *, #548, .F. ) ;
#649 = PRODUCT_DEFINITION_CONTEXT ( 'detailed design', #2100, 'design' ) ;
#650 = CARTESIAN_POINT ( 'NONE',  ( 0.000000000000000000, 0.6750000000000002665, 0.1250000000000001110 ) ) ;
#651 = LINE ( 'NONE', #88, #1853 ) ;
#652 = FACE_OUTER_BOUND ( 'NONE', #588, .T. ) ;
#653 = DIRECTION ( 'NONE',  ( 1.000000000000000000, 0.000000000000000000, -0.000000000000000000 ) ) ;
#654 = CARTESIAN_POINT ( 'NONE',  ( 0.005000000000000000104, 0.000000000000000000, 0.000000000000000000 ) ) ;
#655 = VERTEX_POINT ( 'NONE', #2119 ) ;
#656 = EDGE_CURVE ( 'NONE', #1623, #862, #1511, .T. ) ;
#657 = EDGE_LOOP ( 'NONE', ( #1592, #360, #503, #670 ) ) ;
#658 =( LENGTH_UNIT ( ) NAMED_UNIT ( * ) SI_UNIT ( .MILLI., .METRE. ) );
#659 = VECTOR ( 'NONE', #2165, 1000.000000000000000 ) ;
#660 = ORIENTED_EDGE ( 'NONE', *, *, #112, .F. ) ;
#661 = ORIENTED_EDGE ( 'NONE', *, *, #813, .F. ) ;
#662 = LINE ( 'NONE', #1824, #1186 ) ;
#663 = FACE_OUTER_BOUND ( 'NONE', #2522, .T. ) ;
#664 = VECTOR ( 'NONE', #387, 1000.000000000000000 ) ;
#665 = AXIS2_PLACEMENT_3D ( 'NONE', #2246, #282, #2412 ) ;
#666 = LINE ( 'NONE', #1450, #701 ) ;
#667 = DIRECTION ( 'NONE',  ( 0.000000000000000000, 0.000000000000000000, 1.000000000000000000 ) ) ;
#668 = CARTESIAN_POINT ( 'NONE',  ( 0.000000000000000000, -0.8750000000000001110, -1.399999999999999689 ) ) ;
#669 = VERTEX_POINT ( 'NONE', #121 ) ;
#670 = ORIENTED_EDGE ( 'NONE', *, *, #1190, .F. ) ;
#671 = ORIENTED_EDGE ( 'NONE', *, *, #2271, .T. ) ;
#672 = CARTESIAN_POINT ( 'NONE',  ( 0.005000000000000000104, 0.1249999999999998890, -0.9249999999999998224 ) ) ;
#673 = ORIENTED_EDGE ( 'NONE', *, *, #1298, .T. ) ;
#674 = CARTESIAN_POINT ( 'NONE',  ( 0.005000000000000000104, 0.1249999999999998890, -0.9249999999999998224 ) ) ;
#675 = LINE ( 'NONE', #1637, #176 ) ;
#676 = CARTESIAN_POINT ( 'NONE',  ( 0.000000000000000000, -0.6250000000000001110, -1.399999999999999689 ) ) ;
#677 = CARTESIAN_POINT ( 'NONE',  ( 0.005000000000000000104, 0.6249999999999998890, -1.399999999999999689 ) ) ;
#678 = FACE_OUTER_BOUND ( 'NONE', #1866, .T. ) ;
#679 = EDGE_LOOP ( 'NONE', ( #2225, #1806, #83, #725 ) ) ;
#680 = EDGE_CURVE ( 'NONE', #1453, #275, #923, .T. ) ;
#681 = ORIENTED_EDGE ( 'NONE', *, *, #680, .F. ) ;
#682 = AXIS2_PLACEMENT_3D ( 'NONE', #1705, #766, #1736 ) ;
#683 = DIRECTION ( 'NONE',  ( 0.000000000000000000, -1.000000000000000000, 3.423796334164754477E-16 ) ) ;
#684 = VECTOR ( 'NONE', #2139, 1000.000000000000000 ) ;
#685 = VERTEX_POINT ( 'NONE', #356 ) ;
#686 = DIRECTION ( 'NONE',  ( -0.000000000000000000, -0.000000000000000000, 1.000000000000000000 ) ) ;
#687 = CARTESIAN_POINT ( 'NONE',  ( 0.005000000000000000104, 0.6750000000000002665, 0.6250000000000001110 ) ) ;
#688 = DIRECTION ( 'NONE',  ( -0.000000000000000000, 4.336808689942014778E-16, 1.000000000000000000 ) ) ;
#689 = LINE ( 'NONE', #1238, #2195 ) ;
#690 = PLANE ( 'NONE',  #1502 ) ;
#691 = ORIENTED_EDGE ( 'NONE', *, *, #502, .F. ) ;
#692 = EDGE_CURVE ( 'NONE', #302, #1255, #1335, .T. ) ;
#693 = EDGE_LOOP ( 'NONE', ( #1708, #2366, #2407, #536 ) ) ;
#694 = CARTESIAN_POINT ( 'NONE',  ( 0.000000000000000000, -0.6750000000000002665, 0.6250000000000001110 ) ) ;
#695 = VERTEX_POINT ( 'NONE', #2109 ) ;
#696 = VECTOR ( 'NONE', #686, 1000.000000000000000 ) ;
#697 = DIRECTION ( 'NONE',  ( 0.000000000000000000, 0.000000000000000000, -1.000000000000000000 ) ) ;
#698 = CARTESIAN_POINT ( 'NONE',  ( 0.005000000000000000104, 0.6750000000000002665, -0.3749999999999998890 ) ) ;
#699 = DIRECTION ( 'NONE',  ( -1.000000000000000000, -0.000000000000000000, -0.000000000000000000 ) ) ;
#700 = DIRECTION ( 'NONE',  ( 1.000000000000000000, -0.000000000000000000, -0.000000000000000000 ) ) ;
#701 = VECTOR ( 'NONE', #2233, 1000.000000000000000 ) ;
#702 = VECTOR ( 'NONE', #699, 1000.000000000000000 ) ;
#703 = ADVANCED_FACE ( 'NONE', ( #1703 ), #1292, .T. ) ;
#704 = ORIENTED_EDGE ( 'NONE', *, *, #147, .F. ) ;
#705 = VECTOR ( 'NONE', #421, 1000.000000000000000 ) ;
#706 = ORIENTED_EDGE ( 'NONE', *, *, #1164, .F. ) ;
#707 = LINE ( 'NONE', #672, #1113 ) ;
#708 = EDGE_LOOP ( 'NONE', ( #2499, #2310, #2359, #29 ) ) ;
#709 = EDGE_CURVE ( 'NONE', #2485, #2291, #130, .T. ) ;
#710 = CARTESIAN_POINT ( 'NONE',  ( 0.005000000000000000104, 0.6750000000000003775, -0.1250000000000000555 ) ) ;
#711 = ORIENTED_EDGE ( 'NONE', *, *, #712, .T. ) ;
#712 = EDGE_CURVE ( 'NONE', #520, #2043, #369, .T. ) ;
#713 = CARTESIAN_POINT ( 'NONE',  ( 0.005000000000000000104, -1.149999999999999911, 0.1250000000000001110 ) ) ;
#714 = CARTESIAN_POINT ( 'NONE',  ( 0.005000000000000000104, 0.3749999999999998890, 0.9249999999999998224 ) ) ;
#715 = CARTESIAN_POINT ( 'NONE',  ( 0.005000000000000000104, 0.1249999999999998890, 1.399999999999999689 ) ) ;
#716 = ORIENTED_EDGE ( 'NONE', *, *, #2167, .F. ) ;
#717 =( NAMED_UNIT ( * ) PLANE_ANGLE_UNIT ( ) SI_UNIT ( $, .RADIAN. ) );
#718 = ADVANCED_FACE ( 'NONE', ( #157 ), #948, .F. ) ;
#719 = VERTEX_POINT ( 'NONE', #507 ) ;
#720 = LINE ( 'NONE', #1286, #1032 ) ;
#721 = VECTOR ( 'NONE', #2096, 1000.000000000000000 ) ;
#722 = ORIENTED_EDGE ( 'NONE', *, *, #1793, .F. ) ;
#723 = LINE ( 'NONE', #152, #619 ) ;
#724 = LINE ( 'NONE', #2498, #1011 ) ;
#725 = ORIENTED_EDGE ( 'NONE', *, *, #1693, .F. ) ;
#726 = DIRECTION ( 'NONE',  ( -1.000000000000000000, -0.000000000000000000, -0.000000000000000000 ) ) ;
#727 = CARTESIAN_POINT ( 'NONE',  ( 0.005000000000000000104, -0.8750000000000001110, -0.9249999999999998224 ) ) ;
#728 = ORIENTED_EDGE ( 'NONE', *, *, #1328, .T. ) ;
#729 = ORIENTED_EDGE ( 'NONE', *, *, #1698, .F. ) ;
#730 = EDGE_CURVE ( 'NONE', #1696, #1817, #754, .T. ) ;
#731 = CARTESIAN_POINT ( 'NONE',  ( 0.005000000000000000104, 0.6750000000000002665, -0.3749999999999998890 ) ) ;
#732 = LINE ( 'NONE', #546, #1940 ) ;
#733 = VECTOR ( 'NONE', #228, 1000.000000000000000 ) ;
#734 = FACE_OUTER_BOUND ( 'NONE', #1110, .T. ) ;
#735 = CARTESIAN_POINT ( 'NONE',  ( 0.005000000000000000104, 0.6750000000000003775, -0.1250000000000000555 ) ) ;
#736 = VECTOR ( 'NONE', #1712, 1000.000000000000000 ) ;
#737 = ORIENTED_EDGE ( 'NONE', *, *, #2207, .T. ) ;
#738 = DIRECTION ( 'NONE',  ( 0.000000000000000000, 0.000000000000000000, 1.000000000000000000 ) ) ;
#739 = CARTESIAN_POINT ( 'NONE',  ( 0.005000000000000000104, -0.8750000000000001110, -1.399999999999999689 ) ) ;
#740 = VECTOR ( 'NONE', #457, 1000.000000000000000 ) ;
#741 = FACE_OUTER_BOUND ( 'NONE', #348, .T. ) ;
#742 = LINE ( 'NONE', #1350, #476 ) ;
#743 = VECTOR ( 'NONE', #1715, 1000.000000000000000 ) ;
#744 = EDGE_LOOP ( 'NONE', ( #1140, #555, #2394, #1823 ) ) ;
#745 = VECTOR ( 'NONE', #1959, 1000.000000000000000 ) ;
#746 = ADVANCED_FACE ( 'NONE', ( #2491 ), #1686, .F. ) ;
#747 = DIRECTION ( 'NONE',  ( -1.000000000000000000, -0.000000000000000000, -0.000000000000000000 ) ) ;
#748 = FACE_OUTER_BOUND ( 'NONE', #679, .T. ) ;
#749 = VECTOR ( 'NONE', #1542, 1000.000000000000000 ) ;
#750 = CARTESIAN_POINT ( 'NONE',  ( 0.005000000000000000104, -0.6250000000000001110, -0.9249999999999998224 ) ) ;
#751 = CARTESIAN_POINT ( 'NONE',  ( -0.8319999999999999618, 1.033427762039662801, -1.033427762039660580 ) ) ;
#752 = ORIENTED_EDGE ( 'NONE', *, *, #243, .T. ) ;
#753 = LINE ( 'NONE', #1201, #858 ) ;
#754 = LINE ( 'NONE', #1716, #1449 ) ;
#755 = VERTEX_POINT ( 'NONE', #739 ) ;
#756 = CARTESIAN_POINT ( 'NONE',  ( 0.000000000000000000, 0.000000000000000000, 0.000000000000000000 ) ) ;
#757 = CARTESIAN_POINT ( 'NONE',  ( 0.005000000000000000104, -0.1250000000000001110, 1.399999999999999689 ) ) ;
#758 = ORIENTED_EDGE ( 'NONE', *, *, #937, .T. ) ;
#759 = CARTESIAN_POINT ( 'NONE',  ( -0.8319999999999999618, 1.033427762039662801, -1.264792186376897165 ) ) ;
#760 = DIRECTION ( 'NONE',  ( 0.000000000000000000, 1.000000000000000000, 0.000000000000000000 ) ) ;
#761 = DIRECTION ( 'NONE',  ( 0.000000000000000000, 0.000000000000000000, -1.000000000000000000 ) ) ;
#762 = ORIENTED_EDGE ( 'NONE', *, *, #1472, .F. ) ;
#763 = CARTESIAN_POINT ( 'NONE',  ( 0.005000000000000000104, -0.6750000000000002665, 0.6250000000000001110 ) ) ;
#764 = CARTESIAN_POINT ( 'NONE',  ( 0.005000000000000000104, 0.6750000000000002665, 0.1250000000000001110 ) ) ;
#765 = ORIENTED_EDGE ( 'NONE', *, *, #1005, .F. ) ;
#766 = DIRECTION ( 'NONE',  ( 1.000000000000000000, 0.000000000000000000, 0.000000000000000000 ) ) ;
#767 = CARTESIAN_POINT ( 'NONE',  ( 0.000000000000000000, 1.149999999999999911, 0.6250000000000001110 ) ) ;
#768 = ORIENTED_EDGE ( 'NONE', *, *, #1353, .T. ) ;
#769 = CARTESIAN_POINT ( 'NONE',  ( 0.000000000000000000, -0.8750000000000001110, 0.9249999999999998224 ) ) ;
#770 = CARTESIAN_POINT ( 'NONE',  ( 0.005000000000000000104, -0.6750000000000002665, 0.6250000000000001110 ) ) ;
#771 = VERTEX_POINT ( 'NONE', #714 ) ;
#772 = LINE ( 'NONE', #2528, #1064 ) ;
#773 = DIRECTION ( 'NONE',  ( -0.000000000000000000, 1.000000000000000000, 0.000000000000000000 ) ) ;
#774 = ORIENTED_EDGE ( 'NONE', *, *, #1698, .T. ) ;
#775 = LINE ( 'NONE', #58, #1587 ) ;
#776 = CARTESIAN_POINT ( 'NONE',  ( 0.005000000000000000104, -0.6750000000000002665, -0.3749999999999998890 ) ) ;
#777 = EDGE_LOOP ( 'NONE', ( #278, #2338, #646, #1147 ) ) ;
#778 = EDGE_CURVE ( 'NONE', #1630, #345, #2312, .T. ) ;
#779 = VECTOR ( 'NONE', #2445, 1000.000000000000000 ) ;
#780 = EDGE_CURVE ( 'NONE', #464, #2123, #432, .T. ) ;
#781 = VECTOR ( 'NONE', #2378, 1000.000000000000000 ) ;
#782 = LINE ( 'NONE', #2151, #1231 ) ;
#783 = EDGE_CURVE ( 'NONE', #1870, #169, #972, .T. ) ;
#784 = PLANE ( 'NONE',  #194 ) ;
#785 = VECTOR ( 'NONE', #2325, 1000.000000000000000 ) ;
#786 = VERTEX_POINT ( 'NONE', #1185 ) ;
#787 = EDGE_CURVE ( 'NONE', #951, #2514, #801, .T. ) ;
#788 = DIRECTION ( 'NONE',  ( 1.000000000000000000, 0.000000000000000000, -0.000000000000000000 ) ) ;
#789 = DIRECTION ( 'NONE',  ( 0.000000000000000000, -0.000000000000000000, 1.000000000000000000 ) ) ;
#790 = VERTEX_POINT ( 'NONE', #1783 ) ;
#791 = LINE ( 'NONE', #2189, #1899 ) ;
#792 = LINE ( 'NONE', #1813, #1876 ) ;
#793 = FACE_OUTER_BOUND ( 'NONE', #2447, .T. ) ;
#794 = VERTEX_POINT ( 'NONE', #1175 ) ;
#795 = DIRECTION ( 'NONE',  ( -0.000000000000000000, 4.336808689942013792E-16, 1.000000000000000000 ) ) ;
#796 = LINE ( 'NONE', #1537, #745 ) ;
#797 = FACE_OUTER_BOUND ( 'NONE', #1042, .T. ) ;
#798 = ORIENTED_EDGE ( 'NONE', *, *, #164, .F. ) ;
#799 = EDGE_CURVE ( 'NONE', #230, #1870, #1398, .T. ) ;
#800 = FACE_OUTER_BOUND ( 'NONE', #2527, .T. ) ;
#801 = LINE ( 'NONE', #382, #1904 ) ;
#802 = PRESENTATION_LAYER_ASSIGNMENT (  '', '', ( #1500 ) ) ;
#803 = ORIENTED_EDGE ( 'NONE', *, *, #370, .T. ) ;
#804 = CARTESIAN_POINT ( 'NONE',  ( 0.000000000000000000, 0.6249999999999998890, 1.399999999999999689 ) ) ;
#805 = CARTESIAN_POINT ( 'NONE',  ( 0.005000000000000000104, 0.1249999999999998890, 0.9249999999999998224 ) ) ;
#806 = VECTOR ( 'NONE', #926, 1000.000000000000000 ) ;
#807 = PLANE ( 'NONE',  #392 ) ;
#808 = ORIENTED_EDGE ( 'NONE', *, *, #1268, .F. ) ;
#809 = EDGE_CURVE ( 'NONE', #528, #1523, #1161, .T. ) ;
#810 = LINE ( 'NONE', #1209, #2264 ) ;
#811 = EDGE_CURVE ( 'NONE', #1523, #1889, #43, .T. ) ;
#812 = ORIENTED_EDGE ( 'NONE', *, *, #2079, .F. ) ;
#813 = EDGE_CURVE ( 'NONE', #669, #1154, #983, .T. ) ;
#814 = CARTESIAN_POINT ( 'NONE',  ( -0.8319999999999999618, 1.033427762039662801, -1.264792186376897165 ) ) ;
#815 = DIRECTION ( 'NONE',  ( 0.000000000000000000, 0.000000000000000000, -1.000000000000000000 ) ) ;
#816 = ORIENTED_EDGE ( 'NONE', *, *, #730, .F. ) ;
#817 = CARTESIAN_POINT ( 'NONE',  ( 0.005000000000000000104, -0.6250000000000001110, -1.399999999999999689 ) ) ;
#818 = LINE ( 'NONE', #408, #2286 ) ;
#819 = CARTESIAN_POINT ( 'NONE',  ( -0.8299999999999999600, 1.033427762039662801, -1.264792186376897165 ) ) ;
#820 = ORIENTED_EDGE ( 'NONE', *, *, #1779, .T. ) ;
#821 = AXIS2_PLACEMENT_3D ( 'NONE', #381, #1767, #788 ) ;
#822 = ADVANCED_FACE ( 'NONE', ( #1758 ), #1768, .F. ) ;
#823 = ORIENTED_EDGE ( 'NONE', *, *, #2068, .F. ) ;
#824 = LINE ( 'NONE', #252, #55 ) ;
#825 = EDGE_CURVE ( 'NONE', #475, #81, #2386, .T. ) ;
#826 = VECTOR ( 'NONE', #1030, 1000.000000000000000 ) ;
#827 = ORIENTED_EDGE ( 'NONE', *, *, #1325, .F. ) ;
#828 = CARTESIAN_POINT ( 'NONE',  ( 0.005000000000000000104, 0.000000000000000000, 0.000000000000000000 ) ) ;
#829 = CARTESIAN_POINT ( 'NONE',  ( -0.8299999999999999600, -1.250000000000000000, -1.500000000000000000 ) ) ;
#830 = ADVANCED_FACE ( 'NONE', ( #1989 ), #1939, .F. ) ;
#831 = ORIENTED_EDGE ( 'NONE', *, *, #2382, .F. ) ;
#832 = DIRECTION ( 'NONE',  ( -1.000000000000000000, -0.000000000000000000, -0.000000000000000000 ) ) ;
#833 = SURFACE_STYLE_USAGE ( .BOTH. , #91 ) ;
#834 = CARTESIAN_POINT ( 'NONE',  ( 0.005000000000000000104, 0.6750000000000002665, 0.1250000000000001110 ) ) ;
#835 = EDGE_LOOP ( 'NONE', ( #1481, #2296, #321, #1906 ) ) ;
#836 = VERTEX_POINT ( 'NONE', #1009 ) ;
#837 = VECTOR ( 'NONE', #1181, 1000.000000000000000 ) ;
#838 = EDGE_LOOP ( 'NONE', ( #1187, #133, #1735, #2249 ) ) ;
#839 = CARTESIAN_POINT ( 'NONE',  ( 0.005000000000000000104, 0.1249999999999998890, 1.399999999999999689 ) ) ;
#840 = DIRECTION ( 'NONE',  ( 0.000000000000000000, 0.000000000000000000, 1.000000000000000000 ) ) ;
#841 = ADVANCED_FACE ( 'NONE', ( #223 ), #2337, .F. ) ;
#842 = VECTOR ( 'NONE', #1003, 1000.000000000000000 ) ;
#843 = FACE_OUTER_BOUND ( 'NONE', #1529, .T. ) ;
#844 = CARTESIAN_POINT ( 'NONE',  ( 0.005000000000000000104, -0.6250000000000001110, 0.9249999999999998224 ) ) ;
#845 = ORIENTED_EDGE ( 'NONE', *, *, #2010, .F. ) ;
#846 = ORIENTED_EDGE ( 'NONE', *, *, #96, .T. ) ;
#847 = APPLICATION_PROTOCOL_DEFINITION ( 'draft international standard', 'automotive_design', 1998, #54 ) ;
#848 = ORIENTED_EDGE ( 'NONE', *, *, #1536, .T. ) ;
#849 = VERTEX_POINT ( 'NONE', #997 ) ;
#850 = UNCERTAINTY_MEASURE_WITH_UNIT (LENGTH_MEASURE( 1.000000000000000082E-05 ), #449, 'distance_accuracy_value', 'NONE');
#851 = LINE ( 'NONE', #650, #371 ) ;
#852 = CARTESIAN_POINT ( 'NONE',  ( 0.002000000000000000042, 1.110549236818742180, -1.033427762039660580 ) ) ;
#853 = CARTESIAN_POINT ( 'NONE',  ( 0.005000000000000000104, 0.6249999999999998890, 0.9249999999999998224 ) ) ;
#854 = DIRECTION ( 'NONE',  ( 0.000000000000000000, -1.000000000000000000, 0.000000000000000000 ) ) ;
#855 = DIRECTION ( 'NONE',  ( 0.000000000000000000, 1.000000000000000000, 4.565061778886337988E-16 ) ) ;
#856 = ORIENTED_EDGE ( 'NONE', *, *, #221, .T. ) ;
#857 = ORIENTED_EDGE ( 'NONE', *, *, #1930, .T. ) ;
#858 = VECTOR ( 'NONE', #1730, 1000.000000000000000 ) ;
#859 = ORIENTED_EDGE ( 'NONE', *, *, #147, .T. ) ;
#860 = EDGE_CURVE ( 'NONE', #2188, #1336, #578, .T. ) ;
#861 = AXIS2_PLACEMENT_3D ( 'NONE', #1386, #2376, #614 ) ;
#862 = VERTEX_POINT ( 'NONE', #590 ) ;
#863 = EDGE_CURVE ( 'NONE', #569, #1453, #1360, .T. ) ;
#864 = DIRECTION ( 'NONE',  ( 1.000000000000000000, -0.000000000000000000, -0.000000000000000000 ) ) ;
#865 = DIRECTION ( 'NONE',  ( 0.000000000000000000, 0.000000000000000000, 1.000000000000000000 ) ) ;
#866 =( GEOMETRIC_REPRESENTATION_CONTEXT ( 3 ) GLOBAL_UNCERTAINTY_ASSIGNED_CONTEXT ( ( #1697 ) ) GLOBAL_UNIT_ASSIGNED_CONTEXT ( ( #162, #1179, #1944 ) ) REPRESENTATION_CONTEXT ( 'NONE', 'WORKASPACE' ) );
#867 = AXIS2_PLACEMENT_3D ( 'NONE', #2091, #1305, #738 ) ;
#868 = ADVANCED_FACE ( 'NONE', ( #2349 ), #1374, .F. ) ;
#869 = CARTESIAN_POINT ( 'NONE',  ( 0.005000000000000000104, -0.6750000000000003775, -0.1250000000000000555 ) ) ;
#870 =( NAMED_UNIT ( * ) PLANE_ANGLE_UNIT ( ) SI_UNIT ( $, .RADIAN. ) );
#871 = CARTESIAN_POINT ( 'NONE',  ( 0.005000000000000000104, 0.6249999999999998890, 0.9249999999999998224 ) ) ;
#872 = VERTEX_POINT ( 'NONE', #1579 ) ;
#873 = VECTOR ( 'NONE', #1149, 1000.000000000000000 ) ;
#874 = EDGE_LOOP ( 'NONE', ( #808, #2203, #287, #661 ) ) ;
#875 = ORIENTED_EDGE ( 'NONE', *, *, #1019, .F. ) ;
#876 = DIRECTION ( 'NONE',  ( -0.000000000000000000, -1.000000000000000000, -0.000000000000000000 ) ) ;
#877 = ORIENTED_EDGE ( 'NONE', *, *, #1556, .T. ) ;
#878 = ADVANCED_FACE ( 'NONE', ( #394 ), #2361, .F. ) ;
#879 = CARTESIAN_POINT ( 'NONE',  ( 0.005000000000000000104, 0.1249999999999998890, -1.399999999999999689 ) ) ;
#880 = CARTESIAN_POINT ( 'NONE',  ( -0.8299999999999999600, 1.250000000000000000, -1.500000000000000000 ) ) ;
#881 =( GEOMETRIC_REPRESENTATION_CONTEXT ( 3 ) GLOBAL_UNCERTAINTY_ASSIGNED_CONTEXT ( ( #41 ) ) GLOBAL_UNIT_ASSIGNED_CONTEXT ( ( #2334, #1478, #1371 ) ) REPRESENTATION_CONTEXT ( 'NONE', 'WORKASPACE' ) );
#882 = ADVANCED_FACE ( 'NONE', ( #1413 ), #2201, .T. ) ;
#883 = CARTESIAN_POINT ( 'NONE',  ( 0.000000000000000000, -1.149999999999999911, 0.3750000000000001110 ) ) ;
#884 = DIRECTION ( 'NONE',  ( 0.000000000000000000, 1.000000000000000000, -0.000000000000000000 ) ) ;
#885 = EDGE_LOOP ( 'NONE', ( #1418, #2227, #1992, #2457 ) ) ;
#886 = EDGE_CURVE ( 'NONE', #62, #302, #1461, .T. ) ;
#887 = EDGE_LOOP ( 'NONE', ( #2042, #2531, #284, #224 ) ) ;
#888 = EDGE_CURVE ( 'NONE', #1606, #969, #651, .T. ) ;
#889 = COLOUR_RGB ( '',0.2000000000000000111, 0.2000000000000000111, 0.2000000000000000111 ) ;
#890 = CARTESIAN_POINT ( 'NONE',  ( 0.005000000000000000104, -0.6750000000000003775, -0.1250000000000000555 ) ) ;
#891 = ADVANCED_FACE ( 'NONE', ( #1044 ), #1234, .F. ) ;
#892 = ORIENTED_EDGE ( 'NONE', *, *, #1107, .T. ) ;
#893 = CARTESIAN_POINT ( 'NONE',  ( 0.005000000000000000104, 0.000000000000000000, 0.000000000000000000 ) ) ;
#894 = DIRECTION ( 'NONE',  ( 0.000000000000000000, 1.000000000000000000, 3.423796334164753491E-16 ) ) ;
#895 = EDGE_CURVE ( 'NONE', #794, #1630, #1214, .T. ) ;
#896 = DIRECTION ( 'NONE',  ( -0.000000000000000000, -1.000000000000000000, -0.000000000000000000 ) ) ;
#897 = CARTESIAN_POINT ( 'NONE',  ( 0.005000000000000000104, -1.149999999999999911, 0.1250000000000001110 ) ) ;
#898 = CARTESIAN_POINT ( 'NONE',  ( 0.005000000000000000104, 0.6249999999999998890, 1.399999999999999689 ) ) ;
#899 = PLANE ( 'NONE',  #478 ) ;
#900 = ORIENTED_EDGE ( 'NONE', *, *, #1155, .F. ) ;
#901 = EDGE_CURVE ( 'NONE', #1634, #60, #675, .T. ) ;
#902 = DIRECTION ( 'NONE',  ( -1.000000000000000000, -0.000000000000000000, -0.000000000000000000 ) ) ;
#903 = ADVANCED_FACE ( 'NONE', ( #280 ), #1224, .F. ) ;
#904 = ORIENTED_EDGE ( 'NONE', *, *, #164, .T. ) ;
#905 = CARTESIAN_POINT ( 'NONE',  ( -0.8319999999999999618, 1.033427762039662801, -1.033427762039660580 ) ) ;
#906 = FACE_BOUND ( 'NONE', #2054, .T. ) ;
#907 = ORIENTED_EDGE ( 'NONE', *, *, #82, .F. ) ;
#908 = EDGE_CURVE ( 'NONE', #51, #1154, #482, .T. ) ;
#909 = CARTESIAN_POINT ( 'NONE',  ( 0.005000000000000000104, -0.6750000000000002665, -0.3749999999999998890 ) ) ;
#910 = LINE ( 'NONE', #2092, #873 ) ;
#911 = CARTESIAN_POINT ( 'NONE',  ( 0.005000000000000000104, -0.6750000000000003775, -0.1250000000000000555 ) ) ;
#912 = AXIS2_PLACEMENT_3D ( 'NONE', #1180, #993, #1586 ) ;
#913 = ORIENTED_EDGE ( 'NONE', *, *, #1248, .T. ) ;
#914 = LINE ( 'NONE', #24, #2328 ) ;
#915 = VECTOR ( 'NONE', #522, 1000.000000000000000 ) ;
#916 = VERTEX_POINT ( 'NONE', #470 ) ;
#917 = CARTESIAN_POINT ( 'NONE',  ( 0.000000000000000000, -0.3750000000000001110, -1.399999999999999689 ) ) ;
#918 = ORIENTED_EDGE ( 'NONE', *, *, #2524, .F. ) ;
#919 = CARTESIAN_POINT ( 'NONE',  ( 0.000000000000000000, -0.6750000000000002665, -0.3749999999999998890 ) ) ;
#920 = DIRECTION ( 'NONE',  ( 0.000000000000000000, 0.000000000000000000, -1.000000000000000000 ) ) ;
#921 = VERTEX_POINT ( 'NONE', #2400 ) ;
#922 = DIRECTION ( 'NONE',  ( 0.000000000000000000, -0.000000000000000000, 1.000000000000000000 ) ) ;
#923 = LINE ( 'NONE', #1347, #379 ) ;
#924 = EDGE_CURVE ( 'NONE', #685, #1007, #1651, .T. ) ;
#925 = DIRECTION ( 'NONE',  ( 0.000000000000000000, 0.000000000000000000, 1.000000000000000000 ) ) ;
#926 = DIRECTION ( 'NONE',  ( 0.000000000000000000, 1.000000000000000000, 0.000000000000000000 ) ) ;
#927 = DIRECTION ( 'NONE',  ( 0.000000000000000000, 0.000000000000000000, 1.000000000000000000 ) ) ;
#928 = ORIENTED_EDGE ( 'NONE', *, *, #632, .T. ) ;
#929 = CARTESIAN_POINT ( 'NONE',  ( 0.000000000000000000, -1.250000000000000000, 1.500000000000000000 ) ) ;
#930 = CARTESIAN_POINT ( 'NONE',  ( 0.005000000000000000104, -0.8750000000000001110, 1.399999999999999689 ) ) ;
#931 = AXIS2_PLACEMENT_3D ( 'NONE', #1882, #2089, #2076 ) ;
#932 = VECTOR ( 'NONE', #2031, 1000.000000000000000 ) ;
#933 = CARTESIAN_POINT ( 'NONE',  ( 0.005000000000000000104, -0.3750000000000001110, -0.9249999999999998224 ) ) ;
#934 = ORIENTED_EDGE ( 'NONE', *, *, #783, .T. ) ;
#935 = DIRECTION ( 'NONE',  ( -0.000000000000000000, -1.000000000000000000, -0.000000000000000000 ) ) ;
#936 = DIRECTION ( 'NONE',  ( 0.000000000000000000, 0.000000000000000000, -1.000000000000000000 ) ) ;
#937 = EDGE_CURVE ( 'NONE', #1012, #1756, #2425, .T. ) ;
#938 = ORIENTED_EDGE ( 'NONE', *, *, #1107, .F. ) ;
#939 = CARTESIAN_POINT ( 'NONE',  ( 0.005000000000000000104, -0.8750000000000001110, 0.9249999999999998224 ) ) ;
#940 = ORIENTED_EDGE ( 'NONE', *, *, #937, .F. ) ;
#941 = DIRECTION ( 'NONE',  ( 0.000000000000000000, 0.000000000000000000, -1.000000000000000000 ) ) ;
#942 = DIRECTION ( 'NONE',  ( 0.000000000000000000, 0.000000000000000000, -1.000000000000000000 ) ) ;
#943 = LINE ( 'NONE', #364, #1648 ) ;
#944 = LINE ( 'NONE', #1277, #2122 ) ;
#945 = VECTOR ( 'NONE', #279, 1000.000000000000000 ) ;
#946 = EDGE_LOOP ( 'NONE', ( #1880, #219, #1128, #1803 ) ) ;
#947 = CARTESIAN_POINT ( 'NONE',  ( 0.000000000000000000, -0.6750000000000003775, -0.6250000000000001110 ) ) ;
#948 = PLANE ( 'NONE',  #137 ) ;
#949 = EDGE_CURVE ( 'NONE', #1242, #525, #1860, .T. ) ;
#950 = AXIS2_PLACEMENT_3D ( 'NONE', #445, #2450, #1421 ) ;
#951 = VERTEX_POINT ( 'NONE', #270 ) ;
#952 = VECTOR ( 'NONE', #2523, 1000.000000000000000 ) ;
#953 = ORIENTED_EDGE ( 'NONE', *, *, #2191, .F. ) ;
#954 = AXIS2_PLACEMENT_3D ( 'NONE', #643, #2050, #106 ) ;
#955 = AXIS2_PLACEMENT_3D ( 'NONE', #295, #79, #66 ) ;
#956 = CARTESIAN_POINT ( 'NONE',  ( 0.005000000000000000104, 0.000000000000000000, 0.000000000000000000 ) ) ;
#957 = EDGE_LOOP ( 'NONE', ( #913, #2223, #1384, #1446 ) ) ;
#958 = CARTESIAN_POINT ( 'NONE',  ( 0.005000000000000000104, 0.000000000000000000, 0.000000000000000000 ) ) ;
#959 = CARTESIAN_POINT ( 'NONE',  ( 0.005000000000000000104, -0.1250000000000001110, -1.399999999999999689 ) ) ;
#960 = EDGE_CURVE ( 'NONE', #1442, #2299, #1662, .T. ) ;
#961 = VERTEX_POINT ( 'NONE', #1835 ) ;
#962 = PRESENTATION_STYLE_ASSIGNMENT (( #1515 ) ) ;
#963 = LINE ( 'NONE', #757, #1831 ) ;
#964 = AXIS2_PLACEMENT_3D ( 'NONE', #2526, #761, #192 ) ;
#965 = ORIENTED_EDGE ( 'NONE', *, *, #2317, .F. ) ;
#966 = FILL_AREA_STYLE_COLOUR ( '', #2389 ) ;
#967 = CARTESIAN_POINT ( 'NONE',  ( -0.8299999999999999600, -1.250000000000000000, 1.500000000000000000 ) ) ;
#968 = CARTESIAN_POINT ( 'NONE',  ( 0.005000000000000000104, -0.8750000000000001110, 0.9249999999999998224 ) ) ;
#969 = VERTEX_POINT ( 'NONE', #852 ) ;
#970 = VECTOR ( 'NONE', #144, 1000.000000000000000 ) ;
#971 = FACE_OUTER_BOUND ( 'NONE', #2033, .T. ) ;
#972 = LINE ( 'NONE', #1555, #20 ) ;
#973 = ORIENTED_EDGE ( 'NONE', *, *, #2010, .T. ) ;
#974 = CARTESIAN_POINT ( 'NONE',  ( 0.000000000000000000, 1.033427762039662801, -1.033427762039660580 ) ) ;
#975 = EDGE_LOOP ( 'NONE', ( #1781, #1557, #2352, #820 ) ) ;
#976 = DIRECTION ( 'NONE',  ( 0.000000000000000000, -0.000000000000000000, -1.000000000000000000 ) ) ;
#977 = EDGE_CURVE ( 'NONE', #525, #1645, #1825, .T. ) ;
#978 = CARTESIAN_POINT ( 'NONE',  ( 0.005000000000000000104, -0.6750000000000002665, 0.1250000000000001110 ) ) ;
#979 = EDGE_CURVE ( 'NONE', #1242, #543, #53, .T. ) ;
#980 = CARTESIAN_POINT ( 'NONE',  ( 0.000000000000000000, 0.6750000000000002665, 0.6250000000000001110 ) ) ;
#981 = EDGE_LOOP ( 'NONE', ( #859, #624, #335, #877 ) ) ;
#982 = LINE ( 'NONE', #947, #1956 ) ;
#983 = LINE ( 'NONE', #196, #587 ) ;
#984 = VECTOR ( 'NONE', #1288, 1000.000000000000000 ) ;
#985 = EDGE_CURVE ( 'NONE', #995, #2299, #1448, .T. ) ;
#986 = EDGE_LOOP ( 'NONE', ( #1225, #845, #1658, #386 ) ) ;
#987 = DIRECTION ( 'NONE',  ( 0.000000000000000000, 0.000000000000000000, -1.000000000000000000 ) ) ;
#988 = CARTESIAN_POINT ( 'NONE',  ( 0.000000000000000000, 0.6249999999999998890, 1.399999999999999689 ) ) ;
#989 = DIRECTION ( 'NONE',  ( -1.000000000000000000, -0.000000000000000000, -0.000000000000000000 ) ) ;
#990 = ORIENTED_EDGE ( 'NONE', *, *, #1155, .T. ) ;
#991 = PRESENTATION_LAYER_ASSIGNMENT (  '', '', ( #2102 ) ) ;
#992 = AXIS2_PLACEMENT_3D ( 'NONE', #471, #1826, #90 ) ;
#993 = DIRECTION ( 'NONE',  ( 1.000000000000000000, 0.000000000000000000, 0.000000000000000000 ) ) ;
#994 = FACE_OUTER_BOUND ( 'NONE', #1344, .T. ) ;
#995 = VERTEX_POINT ( 'NONE', #641 ) ;
#996 = FACE_OUTER_BOUND ( 'NONE', #946, .T. ) ;
#997 = CARTESIAN_POINT ( 'NONE',  ( 0.005000000000000000104, -0.3750000000000001110, 0.9249999999999998224 ) ) ;
#998 = ADVANCED_FACE ( 'NONE', ( #663 ), #1809, .F. ) ;
#999 = ORIENTED_EDGE ( 'NONE', *, *, #611, .F. ) ;
#1000 = ADVANCED_FACE ( 'NONE', ( #534 ), #1521, .F. ) ;
#1001 = DIRECTION ( 'NONE',  ( -0.000000000000000000, -0.000000000000000000, -1.000000000000000000 ) ) ;
#1002 = CARTESIAN_POINT ( 'NONE',  ( 0.000000000000000000, -1.250000000000000000, -1.500000000000000000 ) ) ;
#1003 = DIRECTION ( 'NONE',  ( -1.000000000000000000, -0.000000000000000000, -0.000000000000000000 ) ) ;
#1004 = LINE ( 'NONE', #2417, #100 ) ;
#1005 = EDGE_CURVE ( 'NONE', #122, #115, #1332, .T. ) ;
#1006 = LINE ( 'NONE', #205, #1948 ) ;
#1007 = VERTEX_POINT ( 'NONE', #751 ) ;
#1008 = CARTESIAN_POINT ( 'NONE',  ( 0.005000000000000000104, 0.6750000000000002665, 0.1250000000000001110 ) ) ;
#1009 = CARTESIAN_POINT ( 'NONE',  ( -0.000000000000000000, -1.149999999999999911, 0.6250000000000001110 ) ) ;
#1010 = ADVANCED_FACE ( 'NONE', ( #2487 ), #2063, .F. ) ;
#1011 = VECTOR ( 'NONE', #1135, 1000.000000000000000 ) ;
#1012 = VERTEX_POINT ( 'NONE', #1538 ) ;
#1013 = CARTESIAN_POINT ( 'NONE',  ( 0.000000000000000000, -0.6250000000000001110, -1.399999999999999689 ) ) ;
#1014 = FILL_AREA_STYLE ('',( #2159 ) ) ;
#1015 = DIRECTION ( 'NONE',  ( 0.000000000000000000, 0.000000000000000000, -1.000000000000000000 ) ) ;
#1016 = EDGE_CURVE ( 'NONE', #328, #1228, #724, .T. ) ;
#1017 = ORIENTED_EDGE ( 'NONE', *, *, #811, .F. ) ;
#1018 = CARTESIAN_POINT ( 'NONE',  ( -2.168404344971008868E-16, 1.110549236818742180, -1.264792186376897165 ) ) ;
#1019 = EDGE_CURVE ( 'NONE', #475, #1630, #1316, .T. ) ;
#1020 = ORIENTED_EDGE ( 'NONE', *, *, #860, .F. ) ;
#1021 = PLANE ( 'NONE',  #290 ) ;
#1022 = DIRECTION ( 'NONE',  ( 0.000000000000000000, 1.000000000000000000, 3.423796334164753491E-16 ) ) ;
#1023 = EDGE_LOOP ( 'NONE', ( #372, #16, #1426, #1283 ) ) ;
#1024 = FACE_OUTER_BOUND ( 'NONE', #1078, .T. ) ;
#1025 = LINE ( 'NONE', #1002, #277 ) ;
#1026 = CARTESIAN_POINT ( 'NONE',  ( 0.005000000000000000104, -0.1250000000000001110, 1.399999999999999689 ) ) ;
#1027 = ORIENTED_EDGE ( 'NONE', *, *, #2157, .T. ) ;
#1028 = VECTOR ( 'NONE', #2115, 1000.000000000000000 ) ;
#1029 = ORIENTED_EDGE ( 'NONE', *, *, #281, .T. ) ;
#1030 = DIRECTION ( 'NONE',  ( 0.000000000000000000, 1.000000000000000000, 0.000000000000000000 ) ) ;
#1031 = AXIS2_PLACEMENT_3D ( 'NONE', #2098, #941, #1723 ) ;
#1032 = VECTOR ( 'NONE', #1080, 1000.000000000000000 ) ;
#1033 = ORIENTED_EDGE ( 'NONE', *, *, #886, .F. ) ;
#1034 = CARTESIAN_POINT ( 'NONE',  ( 0.005000000000000000104, -0.8750000000000001110, 1.399999999999999689 ) ) ;
#1035 = DIRECTION ( 'NONE',  ( 0.000000000000000000, -1.000000000000000000, 0.000000000000000000 ) ) ;
#1036 = VECTOR ( 'NONE', #2185, 1000.000000000000000 ) ;
#1037 = CARTESIAN_POINT ( 'NONE',  ( 0.005000000000000000104, -0.8750000000000001110, 1.399999999999999689 ) ) ;
#1038 = DIRECTION ( 'NONE',  ( 0.000000000000000000, -0.000000000000000000, 1.000000000000000000 ) ) ;
#1039 = ORIENTED_EDGE ( 'NONE', *, *, #622, .F. ) ;
#1040 = EDGE_LOOP ( 'NONE', ( #1287, #1274, #1657, #2402 ) ) ;
#1041 = LINE ( 'NONE', #413, #180 ) ;
#1042 = EDGE_LOOP ( 'NONE', ( #1056, #1914, #1749, #465 ) ) ;
#1043 = CARTESIAN_POINT ( 'NONE',  ( 0.000000000000000000, -0.8750000000000001110, 0.9249999999999998224 ) ) ;
#1044 = FACE_OUTER_BOUND ( 'NONE', #310, .T. ) ;
#1045 = CARTESIAN_POINT ( 'NONE',  ( 0.005000000000000000104, -1.149999999999999911, 0.6250000000000001110 ) ) ;
#1046 = FACE_OUTER_BOUND ( 'NONE', #2432, .T. ) ;
#1047 = LINE ( 'NONE', #1850, #2289 ) ;
#1048 = MECHANICAL_DESIGN_GEOMETRIC_PRESENTATION_REPRESENTATION (  '', ( #1215 ), #440 ) ;
#1049 = ORIENTED_EDGE ( 'NONE', *, *, #2518, .F. ) ;
#1050 = EDGE_CURVE ( 'NONE', #1468, #995, #1925, .T. ) ;
#1051 = ORIENTED_EDGE ( 'NONE', *, *, #435, .F. ) ;
#1052 = ORIENTED_EDGE ( 'NONE', *, *, #960, .F. ) ;
#1053 = ADVANCED_FACE ( 'NONE', ( #1303 ), #304, .F. ) ;
#1054 = EDGE_CURVE ( 'NONE', #2095, #1690, #944, .T. ) ;
#1055 = EDGE_CURVE ( 'NONE', #81, #1285, #119, .T. ) ;
#1056 = ORIENTED_EDGE ( 'NONE', *, *, #860, .T. ) ;
#1057 = FACE_OUTER_BOUND ( 'NONE', #2534, .T. ) ;
#1058 = PRESENTATION_STYLE_ASSIGNMENT (( #2411 ) ) ;
#1059 = LINE ( 'NONE', #1838, #2309 ) ;
#1060 = CARTESIAN_POINT ( 'NONE',  ( 0.005000000000000000104, 0.8749999999999998890, -1.399999999999999689 ) ) ;
#1061 = LINE ( 'NONE', #1239, #1958 ) ;
#1062 = ORIENTED_EDGE ( 'NONE', *, *, #1429, .F. ) ;
#1063 = VERTEX_POINT ( 'NONE', #698 ) ;
#1064 = VECTOR ( 'NONE', #2155, 1000.000000000000000 ) ;
#1065 = ORIENTED_EDGE ( 'NONE', *, *, #1259, .T. ) ;
#1066 = CARTESIAN_POINT ( 'NONE',  ( 0.005000000000000000104, -0.8750000000000001110, 0.9249999999999998224 ) ) ;
#1067 =( GEOMETRIC_REPRESENTATION_CONTEXT ( 3 ) GLOBAL_UNCERTAINTY_ASSIGNED_CONTEXT ( ( #1212 ) ) GLOBAL_UNIT_ASSIGNED_CONTEXT ( ( #1700, #1713, #2298 ) ) REPRESENTATION_CONTEXT ( 'NONE', 'WORKASPACE' ) );
#1068 = ORIENTED_EDGE ( 'NONE', *, *, #451, .F. ) ;
#1069 = LINE ( 'NONE', #1912, #736 ) ;
#1070 = DIRECTION ( 'NONE',  ( -1.000000000000000000, -0.000000000000000000, -0.000000000000000000 ) ) ;
#1071 = VECTOR ( 'NONE', #2332, 1000.000000000000000 ) ;
#1072 = VECTOR ( 'NONE', #1226, 1000.000000000000000 ) ;
#1073 = PLANE ( 'NONE',  #954 ) ;
#1074 = FACE_OUTER_BOUND ( 'NONE', #1243, .T. ) ;
#1075 = FACE_OUTER_BOUND ( 'NONE', #1998, .T. ) ;
#1076 = ADVANCED_FACE ( 'NONE', ( #1913 ), #153, .F. ) ;
#1077 = VECTOR ( 'NONE', #1112, 1000.000000000000000 ) ;
#1078 = EDGE_LOOP ( 'NONE', ( #1366, #2176, #2034, #254 ) ) ;
#1079 = EDGE_LOOP ( 'NONE', ( #728, #2416, #918, #1501 ) ) ;
#1080 = DIRECTION ( 'NONE',  ( -0.000000000000000000, -0.000000000000000000, 1.000000000000000000 ) ) ;
#1081 = ADVANCED_FACE ( 'NONE', ( #2270 ), #1109, .F. ) ;
#1082 = ORIENTED_EDGE ( 'NONE', *, *, #1737, .F. ) ;
#1083 = FACE_OUTER_BOUND ( 'NONE', #1040, .T. ) ;
#1084 = DIRECTION ( 'NONE',  ( 0.000000000000000000, -3.423796334164754477E-16, 1.000000000000000000 ) ) ;
#1085 = VECTOR ( 'NONE', #925, 1000.000000000000000 ) ;
#1086 = ADVANCED_FACE ( 'NONE', ( #127, #906, #1682, #2475, #365, #2322, #562, #1145, #1343, #2127, #2493, #1920, #1890, #2532, #1530, #1309 ), #2505, .F. ) ;
#1087 = PLANE ( 'NONE',  #867 ) ;
#1088 = FACE_OUTER_BOUND ( 'NONE', #835, .T. ) ;
#1089 = EDGE_CURVE ( 'NONE', #655, #794, #1117, .T. ) ;
#1090 = DIRECTION ( 'NONE',  ( 0.000000000000000000, 0.000000000000000000, -1.000000000000000000 ) ) ;
#1091 = ORIENTED_EDGE ( 'NONE', *, *, #1707, .F. ) ;
#1092 = ADVANCED_FACE ( 'NONE', ( #1129 ), #1691, .T. ) ;
#1093 = VERTEX_POINT ( 'NONE', #320 ) ;
#1094 = PLANE ( 'NONE',  #376 ) ;
#1095 = ORIENTED_EDGE ( 'NONE', *, *, #895, .F. ) ;
#1096 = ADVANCED_FACE ( 'NONE', ( #2133 ), #2121, .F. ) ;
#1097 = DIRECTION ( 'NONE',  ( 0.000000000000000000, 0.000000000000000000, 1.000000000000000000 ) ) ;
#1098 = DIRECTION ( 'NONE',  ( 1.000000000000000000, 0.000000000000000000, -0.000000000000000000 ) ) ;
#1099 = CARTESIAN_POINT ( 'NONE',  ( 0.005000000000000000104, 1.149999999999999911, -0.6249999999999998890 ) ) ;
#1100 = DIRECTION ( 'NONE',  ( 0.000000000000000000, 1.000000000000000000, 0.000000000000000000 ) ) ;
#1101 = SURFACE_STYLE_USAGE ( .BOTH. , #1675 ) ;
#1102 = ORIENTED_EDGE ( 'NONE', *, *, #1016, .T. ) ;
#1103 = CARTESIAN_POINT ( 'NONE',  ( 0.005000000000000000104, -0.6750000000000002665, 0.6250000000000001110 ) ) ;
#1104 = ORIENTED_EDGE ( 'NONE', *, *, #1793, .T. ) ;
#1105 = CARTESIAN_POINT ( 'NONE',  ( 0.005000000000000000104, 1.149999999999999911, 0.3750000000000001110 ) ) ;
#1106 = ORIENTED_EDGE ( 'NONE', *, *, #1551, .F. ) ;
#1107 = EDGE_CURVE ( 'NONE', #1391, #183, #170, .T. ) ;
#1108 = CARTESIAN_POINT ( 'NONE',  ( 0.000000000000000000, -0.1250000000000001110, 0.9249999999999998224 ) ) ;
#1109 = PLANE ( 'NONE',  #1133 ) ;
#1110 = EDGE_LOOP ( 'NONE', ( #1029, #2472, #681, #2390 ) ) ;
#1111 = CARTESIAN_POINT ( 'NONE',  ( 0.000000000000000000, -0.6750000000000002665, 0.6250000000000001110 ) ) ;
#1112 = DIRECTION ( 'NONE',  ( 0.000000000000000000, 0.000000000000000000, -1.000000000000000000 ) ) ;
#1113 = VECTOR ( 'NONE', #876, 1000.000000000000000 ) ;
#1114 = DIRECTION ( 'NONE',  ( -0.000000000000000000, -1.000000000000000000, -0.000000000000000000 ) ) ;
#1115 = VECTOR ( 'NONE', #2179, 1000.000000000000000 ) ;
#1116 = ORIENTED_EDGE ( 'NONE', *, *, #2025, .T. ) ;
#1117 = LINE ( 'NONE', #542, #721 ) ;
#1118 = VECTOR ( 'NONE', #1917, 1000.000000000000000 ) ;
#1119 = ORIENTED_EDGE ( 'NONE', *, *, #1462, .T. ) ;
#1120 = DIRECTION ( 'NONE',  ( -0.000000000000000000, 1.000000000000000000, 4.336808689942014285E-16 ) ) ;
#1121 = DIRECTION ( 'NONE',  ( 0.000000000000000000, 0.000000000000000000, -1.000000000000000000 ) ) ;
#1122 = ORIENTED_EDGE ( 'NONE', *, *, #515, .T. ) ;
#1123 = LINE ( 'NONE', #919, #984 ) ;
#1124 = DIRECTION ( 'NONE',  ( -0.000000000000000000, -1.000000000000000000, -0.000000000000000000 ) ) ;
#1125 = ORIENTED_EDGE ( 'NONE', *, *, #185, .T. ) ;
#1126 = DIRECTION ( 'NONE',  ( -1.000000000000000000, 0.000000000000000000, -0.000000000000000000 ) ) ;
#1127 = CARTESIAN_POINT ( 'NONE',  ( 0.000000000000000000, 0.6249999999999998890, -0.9249999999999998224 ) ) ;
#1128 = ORIENTED_EDGE ( 'NONE', *, *, #1348, .F. ) ;
#1129 = FACE_OUTER_BOUND ( 'NONE', #2146, .T. ) ;
#1130 = ORIENTED_EDGE ( 'NONE', *, *, #1183, .T. ) ;
#1131 = LINE ( 'NONE', #2318, #17 ) ;
#1132 = PRESENTATION_STYLE_ASSIGNMENT (( #2125 ) ) ;
#1133 = AXIS2_PLACEMENT_3D ( 'NONE', #505, #1289, #1098 ) ;
#1134 = DIRECTION ( 'NONE',  ( -1.000000000000000000, -0.000000000000000000, -0.000000000000000000 ) ) ;
#1135 = DIRECTION ( 'NONE',  ( -1.000000000000000000, -0.000000000000000000, -0.000000000000000000 ) ) ;
#1136 = ADVANCED_FACE ( 'NONE', ( #2520 ), #1324, .T. ) ;
#1137 = EDGE_LOOP ( 'NONE', ( #69, #1987, #1020, #2129 ) ) ;
#1138 = DIRECTION ( 'NONE',  ( 0.000000000000000000, 0.000000000000000000, -1.000000000000000000 ) ) ;
#1139 = CARTESIAN_POINT ( 'NONE',  ( 0.000000000000000000, 0.6750000000000002665, 0.6250000000000001110 ) ) ;
#1140 = ORIENTED_EDGE ( 'NONE', *, *, #1519, .T. ) ;
#1141 = EDGE_LOOP ( 'NONE', ( #1419, #2476, #1387, #1704 ) ) ;
#1142 = DIRECTION ( 'NONE',  ( 0.000000000000000000, 0.000000000000000000, 1.000000000000000000 ) ) ;
#1143 = FILL_AREA_STYLE ('',( #966 ) ) ;
#1144 = CARTESIAN_POINT ( 'NONE',  ( 0.000000000000000000, 0.3749999999999998890, 1.399999999999999689 ) ) ;
#1145 = FACE_BOUND ( 'NONE', #418, .T. ) ;
#1146 = AXIS2_PLACEMENT_3D ( 'NONE', #933, #2486, #504 ) ;
#1147 = ORIENTED_EDGE ( 'NONE', *, *, #692, .T. ) ;
#1148 = DIRECTION ( 'NONE',  ( -0.000000000000000000, 1.000000000000000000, -4.565061778886337988E-16 ) ) ;
#1149 = DIRECTION ( 'NONE',  ( 0.000000000000000000, 1.000000000000000000, 3.423796334164753491E-16 ) ) ;
#1150 = ORIENTED_EDGE ( 'NONE', *, *, #2418, .F. ) ;
#1151 = FILL_AREA_STYLE_COLOUR ( '', #889 ) ;
#1152 = DIRECTION ( 'NONE',  ( 0.000000000000000000, -1.000000000000000000, 0.000000000000000000 ) ) ;
#1153 = VECTOR ( 'NONE', #1379, 1000.000000000000000 ) ;
#1154 = VERTEX_POINT ( 'NONE', #2111 ) ;
#1155 = EDGE_CURVE ( 'NONE', #1739, #1304, #2315, .T. ) ;
#1156 = CARTESIAN_POINT ( 'NONE',  ( 0.000000000000000000, 1.149999999999999911, 0.6250000000000001110 ) ) ;
#1157 = DIRECTION ( 'NONE',  ( -0.000000000000000000, -0.000000000000000000, 1.000000000000000000 ) ) ;
#1158 = LINE ( 'NONE', #968, #2401 ) ;
#1159 = ORIENTED_EDGE ( 'NONE', *, *, #1348, .T. ) ;
#1160 = PLANE ( 'NONE',  #253 ) ;
#1161 = LINE ( 'NONE', #959, #341 ) ;
#1162 = ORIENTED_EDGE ( 'NONE', *, *, #1019, .T. ) ;
#1163 = CARTESIAN_POINT ( 'NONE',  ( -0.8319999999999999618, 1.110549236818742180, -1.264792186376897165 ) ) ;
#1164 = EDGE_CURVE ( 'NONE', #1926, #62, #1544, .T. ) ;
#1165 = LINE ( 'NONE', #2380, #733 ) ;
#1166 = ORIENTED_EDGE ( 'NONE', *, *, #1927, .F. ) ;
#1167 = EDGE_CURVE ( 'NONE', #1304, #2212, #570, .T. ) ;
#1168 = LINE ( 'NONE', #2136, #664 ) ;
#1169 = DIRECTION ( 'NONE',  ( 1.000000000000000000, -0.000000000000000000, 0.000000000000000000 ) ) ;
#1170 = VECTOR ( 'NONE', #894, 1000.000000000000000 ) ;
#1171 = DIRECTION ( 'NONE',  ( 0.000000000000000000, 0.000000000000000000, -1.000000000000000000 ) ) ;
#1172 = ORIENTED_EDGE ( 'NONE', *, *, #233, .F. ) ;
#1173 = AXIS2_PLACEMENT_3D ( 'NONE', #1616, #2405, #1038 ) ;
#1174 = LINE ( 'NONE', #6, #491 ) ;
#1175 = CARTESIAN_POINT ( 'NONE',  ( 0.000000000000000000, -0.3750000000000001110, 0.9249999999999998224 ) ) ;
#1176 = ORIENTED_EDGE ( 'NONE', *, *, #2046, .F. ) ;
#1177 = CARTESIAN_POINT ( 'NONE',  ( -0.8299999999999999600, 1.250000000000000000, -1.500000000000000000 ) ) ;
#1178 = LINE ( 'NONE', #1982, #1844 ) ;
#1179 =( NAMED_UNIT ( * ) PLANE_ANGLE_UNIT ( ) SI_UNIT ( $, .RADIAN. ) );
#1180 = CARTESIAN_POINT ( 'NONE',  ( 0.005000000000000000104, 0.000000000000000000, 0.000000000000000000 ) ) ;
#1181 = DIRECTION ( 'NONE',  ( 1.000000000000000000, 0.000000000000000000, 0.000000000000000000 ) ) ;
#1182 = ORIENTED_EDGE ( 'NONE', *, *, #1016, .F. ) ;
#1183 = EDGE_CURVE ( 'NONE', #1007, #1473, #742, .T. ) ;
#1184 = DIRECTION ( 'NONE',  ( -1.000000000000000000, 0.000000000000000000, -0.000000000000000000 ) ) ;
#1185 = CARTESIAN_POINT ( 'NONE',  ( 0.000000000000000000, -1.250000000000000000, 1.500000000000000000 ) ) ;
#1186 = VECTOR ( 'NONE', #52, 1000.000000000000000 ) ;
#1187 = ORIENTED_EDGE ( 'NONE', *, *, #611, .T. ) ;
#1188 = LINE ( 'NONE', #225, #1774 ) ;
#1189 = CARTESIAN_POINT ( 'NONE',  ( 0.005000000000000000104, 0.1249999999999998890, -0.9249999999999998224 ) ) ;
#1190 = EDGE_CURVE ( 'NONE', #1255, #2095, #914, .T. ) ;
#1191 = DIRECTION ( 'NONE',  ( -1.000000000000000000, 0.000000000000000000, -0.000000000000000000 ) ) ;
#1192 = AXIS2_PLACEMENT_3D ( 'NONE', #687, #2211, #2016 ) ;
#1193 = VECTOR ( 'NONE', #1724, 1000.000000000000000 ) ;
#1194 = AXIS2_PLACEMENT_3D ( 'NONE', #2464, #1126, #1477 ) ;
#1195 = DIRECTION ( 'NONE',  ( -0.000000000000000000, -1.000000000000000000, -0.000000000000000000 ) ) ;
#1196 = CARTESIAN_POINT ( 'NONE',  ( 0.000000000000000000, -0.6750000000000004885, -0.6250000000000001110 ) ) ;
#1197 = VERTEX_POINT ( 'NONE', #805 ) ;
#1198 = PRESENTATION_LAYER_ASSIGNMENT (  '', '', ( #2397 ) ) ;
#1199 = AXIS2_PLACEMENT_3D ( 'NONE', #1633, #1230, #1405 ) ;
#1200 = ADVANCED_FACE ( 'NONE', ( #1558 ), #226, .F. ) ;
#1201 = CARTESIAN_POINT ( 'NONE',  ( 0.000000000000000000, 0.6750000000000002665, 0.6250000000000001110 ) ) ;
#1202 = DIRECTION ( 'NONE',  ( -0.000000000000000000, 1.000000000000000000, 4.336808689942015271E-16 ) ) ;
#1203 = VERTEX_POINT ( 'NONE', #581 ) ;
#1204 = LINE ( 'NONE', #804, #1365 ) ;
#1205 = CARTESIAN_POINT ( 'NONE',  ( 0.005000000000000000104, -1.149999999999999911, -0.3749999999999998890 ) ) ;
#1206 = LINE ( 'NONE', #2175, #512 ) ;
#1207 = ORIENTED_EDGE ( 'NONE', *, *, #787, .T. ) ;
#1208 = EDGE_LOOP ( 'NONE', ( #892, #580, #816, #1642 ) ) ;
#1209 = CARTESIAN_POINT ( 'NONE',  ( 0.005000000000000000104, -0.6250000000000001110, 0.9249999999999998224 ) ) ;
#1210 = VECTOR ( 'NONE', #1588, 1000.000000000000000 ) ;
#1211 = VERTEX_POINT ( 'NONE', #46 ) ;
#1212 = UNCERTAINTY_MEASURE_WITH_UNIT (LENGTH_MEASURE( 1.000000000000000082E-05 ), #1700, 'distance_accuracy_value', 'NONE');
#1213 = CARTESIAN_POINT ( 'NONE',  ( 0.000000000000000000, 0.1249999999999998890, -1.399999999999999689 ) ) ;
#1214 = LINE ( 'NONE', #2028, #621 ) ;
#1215 = STYLED_ITEM ( 'NONE', ( #437 ), #1200 ) ;
#1216 = EDGE_LOOP ( 'NONE', ( #2194, #642, #2236, #2398 ) ) ;
#1217 = DIRECTION ( 'NONE',  ( -1.000000000000000000, -0.000000000000000000, -0.000000000000000000 ) ) ;
#1218 = DIRECTION ( 'NONE',  ( -0.000000000000000000, -1.000000000000000000, -0.000000000000000000 ) ) ;
#1219 = DIRECTION ( 'NONE',  ( 0.000000000000000000, 0.000000000000000000, -1.000000000000000000 ) ) ;
#1220 = VERTEX_POINT ( 'NONE', #2353 ) ;
#1221 = SHAPE_DEFINITION_REPRESENTATION ( #1244, #1528 ) ;
#1222 = EDGE_LOOP ( 'NONE', ( #1892, #113, #5, #2409 ) ) ;
#1223 = DIRECTION ( 'NONE',  ( 0.000000000000000000, -1.000000000000000000, 0.000000000000000000 ) ) ;
#1224 = PLANE ( 'NONE',  #1192 ) ;
#1225 = ORIENTED_EDGE ( 'NONE', *, *, #2191, .T. ) ;
#1226 = DIRECTION ( 'NONE',  ( 0.000000000000000000, 0.000000000000000000, 1.000000000000000000 ) ) ;
#1227 = LINE ( 'NONE', #1425, #2245 ) ;
#1228 = VERTEX_POINT ( 'NONE', #988 ) ;
#1229 = EDGE_LOOP ( 'NONE', ( #848, #2047, #1049, #2081 ) ) ;
#1230 = DIRECTION ( 'NONE',  ( 0.000000000000000000, 0.000000000000000000, 1.000000000000000000 ) ) ;
#1231 = VECTOR ( 'NONE', #2126, 1000.000000000000000 ) ;
#1232 = VERTEX_POINT ( 'NONE', #2379 ) ;
#1233 = DIRECTION ( 'NONE',  ( 0.000000000000000000, 0.000000000000000000, 1.000000000000000000 ) ) ;
#1234 = PLANE ( 'NONE',  #950 ) ;
#1235 = AXIS2_PLACEMENT_3D ( 'NONE', #2078, #1929, #1488 ) ;
#1236 = EDGE_CURVE ( 'NONE', #1063, #916, #818, .T. ) ;
#1237 = PLANE ( 'NONE',  #992 ) ;
#1238 = CARTESIAN_POINT ( 'NONE',  ( 0.005000000000000000104, 0.3749999999999998890, -1.399999999999999689 ) ) ;
#1239 = CARTESIAN_POINT ( 'NONE',  ( 0.000000000000000000, 0.1249999999999998890, 1.399999999999999689 ) ) ;
#1240 = ORIENTED_EDGE ( 'NONE', *, *, #778, .T. ) ;
#1241 = EDGE_CURVE ( 'NONE', #464, #755, #34, .T. ) ;
#1242 = VERTEX_POINT ( 'NONE', #2147 ) ;
#1243 = EDGE_LOOP ( 'NONE', ( #1943, #2395, #1068, #2158 ) ) ;
#1244 = PRODUCT_DEFINITION_SHAPE ( 'NONE', 'NONE',  #539 ) ;
#1245 = ORIENTED_EDGE ( 'NONE', *, *, #825, .T. ) ;
#1246 = DIRECTION ( 'NONE',  ( 0.000000000000000000, 0.000000000000000000, -1.000000000000000000 ) ) ;
#1247 = FILL_AREA_STYLE ('',( #1612 ) ) ;
#1248 = EDGE_CURVE ( 'NONE', #40, #543, #1025, .T. ) ;
#1249 = CARTESIAN_POINT ( 'NONE',  ( 0.005000000000000000104, 0.6249999999999998890, -0.9249999999999998224 ) ) ;
#1250 = PLANE ( 'NONE',  #549 ) ;
#1251 = DIRECTION ( 'NONE',  ( -1.000000000000000000, -0.000000000000000000, -0.000000000000000000 ) ) ;
#1252 = AXIS2_PLACEMENT_3D ( 'NONE', #526, #349, #2276 ) ;
#1253 = ORIENTED_EDGE ( 'NONE', *, *, #173, .F. ) ;
#1254 = VECTOR ( 'NONE', #855, 1000.000000000000000 ) ;
#1255 = VERTEX_POINT ( 'NONE', #631 ) ;
#1256 = EDGE_CURVE ( 'NONE', #1378, #1671, #792, .T. ) ;
#1257 = ORIENTED_EDGE ( 'NONE', *, *, #2174, .T. ) ;
#1258 = CARTESIAN_POINT ( 'NONE',  ( 0.005000000000000000104, 0.6249999999999998890, 1.399999999999999689 ) ) ;
#1259 = EDGE_CURVE ( 'NONE', #2514, #1606, #384, .T. ) ;
#1260 = ORIENTED_EDGE ( 'NONE', *, *, #1261, .F. ) ;
#1261 = EDGE_CURVE ( 'NONE', #695, #1495, #2173, .T. ) ;
#1262 = PLANE ( 'NONE',  #1313 ) ;
#1263 = CARTESIAN_POINT ( 'NONE',  ( 0.005000000000000000104, -1.149999999999999911, -0.6249999999999998890 ) ) ;
#1264 = EDGE_CURVE ( 'NONE', #1211, #1634, #424, .T. ) ;
#1265 = DIRECTION ( 'NONE',  ( 0.000000000000000000, 1.000000000000000000, 0.000000000000000000 ) ) ;
#1266 = PLANE ( 'NONE',  #227 ) ;
#1267 = DIRECTION ( 'NONE',  ( -0.000000000000000000, -1.000000000000000000, -0.000000000000000000 ) ) ;
#1268 = EDGE_CURVE ( 'NONE', #1602, #669, #775, .T. ) ;
#1269 = VERTEX_POINT ( 'NONE', #1189 ) ;
#1270 = VECTOR ( 'NONE', #2104, 1000.000000000000000 ) ;
#1271 = EDGE_LOOP ( 'NONE', ( #1584, #638, #602, #309 ) ) ;
#1272 = FACE_OUTER_BOUND ( 'NONE', #332, .T. ) ;
#1273 = MECHANICAL_DESIGN_GEOMETRIC_PRESENTATION_REPRESENTATION (  '', ( #540 ), #1067 ) ;
#1274 = ORIENTED_EDGE ( 'NONE', *, *, #637, .T. ) ;
#1275 = EDGE_CURVE ( 'NONE', #1669, #2123, #1981, .T. ) ;
#1276 = CARTESIAN_POINT ( 'NONE',  ( 0.005000000000000000104, -0.3750000000000001110, -1.399999999999999689 ) ) ;
#1277 = CARTESIAN_POINT ( 'NONE',  ( 0.000000000000000000, -0.8750000000000001110, 1.399999999999999689 ) ) ;
#1278 = AXIS2_PLACEMENT_3D ( 'NONE', #1561, #1742, #976 ) ;
#1279 = CARTESIAN_POINT ( 'NONE',  ( 0.005000000000000000104, 1.149999999999999911, -0.6249999999999998890 ) ) ;
#1280 = LINE ( 'NONE', #1654, #1327 ) ;
#1281 = PLANE ( 'NONE',  #1290 ) ;
#1282 = VECTOR ( 'NONE', #854, 1000.000000000000000 ) ;
#1283 = ORIENTED_EDGE ( 'NONE', *, *, #2460, .T. ) ;
#1284 = EDGE_CURVE ( 'NONE', #1372, #669, #1402, .T. ) ;
#1285 = VERTEX_POINT ( 'NONE', #1373 ) ;
#1286 = CARTESIAN_POINT ( 'NONE',  ( -0.8319999999999999618, 1.110549236818742180, -1.033427762039660580 ) ) ;
#1287 = ORIENTED_EDGE ( 'NONE', *, *, #336, .F. ) ;
#1288 = DIRECTION ( 'NONE',  ( -0.000000000000000000, 4.336808689942013792E-16, 1.000000000000000000 ) ) ;
#1289 = DIRECTION ( 'NONE',  ( 0.000000000000000000, 0.000000000000000000, 1.000000000000000000 ) ) ;
#1290 = AXIS2_PLACEMENT_3D ( 'NONE', #307, #1090, #1875 ) ;
#1291 = DIRECTION ( 'NONE',  ( -1.000000000000000000, -0.000000000000000000, -0.000000000000000000 ) ) ;
#1292 = PLANE ( 'NONE',  #1235 ) ;
#1293 = SURFACE_STYLE_FILL_AREA ( #109 ) ;
#1294 = VECTOR ( 'NONE', #25, 1000.000000000000000 ) ;
#1295 = PLANE ( 'NONE',  #1299 ) ;
#1296 = DIRECTION ( 'NONE',  ( 0.000000000000000000, -1.000000000000000000, 0.000000000000000000 ) ) ;
#1297 = ORIENTED_EDGE ( 'NONE', *, *, #1722, .T. ) ;
#1298 = EDGE_CURVE ( 'NONE', #1154, #319, #982, .T. ) ;
#1299 = AXIS2_PLACEMENT_3D ( 'NONE', #92, #273, #1015 ) ;
#1300 = DIRECTION ( 'NONE',  ( 1.000000000000000000, 0.000000000000000000, -0.000000000000000000 ) ) ;
#1301 = ORIENTED_EDGE ( 'NONE', *, *, #2442, .T. ) ;
#1302 = CARTESIAN_POINT ( 'NONE',  ( 0.005000000000000000104, -0.6750000000000003775, -0.6250000000000001110 ) ) ;
#1303 = FACE_OUTER_BOUND ( 'NONE', #1455, .T. ) ;
#1304 = VERTEX_POINT ( 'NONE', #763 ) ;
#1305 = DIRECTION ( 'NONE',  ( -1.000000000000000000, 0.000000000000000000, 0.000000000000000000 ) ) ;
#1306 = DIRECTION ( 'NONE',  ( 0.000000000000000000, 4.336808689942014778E-16, -1.000000000000000000 ) ) ;
#1307 = CARTESIAN_POINT ( 'NONE',  ( -0.000000000000000000, -1.149999999999999911, 0.1250000000000001110 ) ) ;
#1308 = LINE ( 'NONE', #2492, #970 ) ;
#1309 = FACE_BOUND ( 'NONE', #2229, .T. ) ;
#1310 = EDGE_LOOP ( 'NONE', ( #2198, #636, #1333, #160 ) ) ;
#1311 = CARTESIAN_POINT ( 'NONE',  ( 0.005000000000000000104, 0.000000000000000000, 0.000000000000000000 ) ) ;
#1312 = FACE_OUTER_BOUND ( 'NONE', #2263, .T. ) ;
#1313 = AXIS2_PLACEMENT_3D ( 'NONE', #1276, #1681, #1484 ) ;
#1314 = ORIENTED_EDGE ( 'NONE', *, *, #1695, .F. ) ;
#1315 = DIRECTION ( 'NONE',  ( -0.000000000000000000, 4.336808689942014778E-16, 1.000000000000000000 ) ) ;
#1316 = LINE ( 'NONE', #139, #1789 ) ;
#1317 = ORIENTED_EDGE ( 'NONE', *, *, #2479, .T. ) ;
#1318 = DIRECTION ( 'NONE',  ( 1.000000000000000000, 0.000000000000000000, 0.000000000000000000 ) ) ;
#1319 = LINE ( 'NONE', #554, #2351 ) ;
#1320 = VECTOR ( 'NONE', #1685, 1000.000000000000000 ) ;
#1321 = ADVANCED_FACE ( 'NONE', ( #166 ), #589, .F. ) ;
#1322 = VECTOR ( 'NONE', #1423, 1000.000000000000000 ) ;
#1323 = ORIENTED_EDGE ( 'NONE', *, *, #2083, .F. ) ;
#1324 = PLANE ( 'NONE',  #1341 ) ;
#1325 = EDGE_CURVE ( 'NONE', #487, #276, #753, .T. ) ;
#1326 = ORIENTED_EDGE ( 'NONE', *, *, #446, .T. ) ;
#1327 = VECTOR ( 'NONE', #2404, 1000.000000000000000 ) ;
#1328 = EDGE_CURVE ( 'NONE', #1843, #995, #1174, .T. ) ;
#1329 = LINE ( 'NONE', #929, #98 ) ;
#1330 = DIRECTION ( 'NONE',  ( -1.000000000000000000, 0.000000000000000000, -0.000000000000000000 ) ) ;
#1331 = LINE ( 'NONE', #1550, #1601 ) ;
#1332 = LINE ( 'NONE', #343, #1170 ) ;
#1333 = ORIENTED_EDGE ( 'NONE', *, *, #2160, .F. ) ;
#1334 = CARTESIAN_POINT ( 'NONE',  ( 0.005000000000000000104, -0.6750000000000003775, 0.3749999999999999445 ) ) ;
#1335 = LINE ( 'NONE', #2516, #2228 ) ;
#1336 = VERTEX_POINT ( 'NONE', #1541 ) ;
#1337 = EDGE_LOOP ( 'NONE', ( #1791, #1613, #2110, #1125 ) ) ;
#1338 = ADVANCED_FACE ( 'NONE', ( #2375 ), #18, .F. ) ;
#1339 = LINE ( 'NONE', #1581, #585 ) ;
#1340 = PLANE ( 'NONE',  #498 ) ;
#1341 = AXIS2_PLACEMENT_3D ( 'NONE', #333, #2082, #1907 ) ;
#1342 = LINE ( 'NONE', #2371, #134 ) ;
#1343 = FACE_OUTER_BOUND ( 'NONE', #957, .T. ) ;
#1344 = EDGE_LOOP ( 'NONE', ( #340, #2267, #1842, #1362 ) ) ;
#1345 = ADVANCED_FACE ( 'NONE', ( #1975 ), #1782, .T. ) ;
#1346 = FACE_OUTER_BOUND ( 'NONE', #2483, .T. ) ;
#1347 = CARTESIAN_POINT ( 'NONE',  ( 0.005000000000000000104, -0.3750000000000001110, -1.399999999999999689 ) ) ;
#1348 = EDGE_CURVE ( 'NONE', #1197, #771, #772, .T. ) ;
#1349 = ORIENTED_EDGE ( 'NONE', *, *, #2068, .T. ) ;
#1350 = CARTESIAN_POINT ( 'NONE',  ( -0.8319999999999999618, 1.033427762039662801, -1.033427762039660580 ) ) ;
#1351 = CARTESIAN_POINT ( 'NONE',  ( 0.005000000000000000104, -0.8750000000000001110, 1.399999999999999689 ) ) ;
#1352 = ORIENTED_EDGE ( 'NONE', *, *, #2183, .F. ) ;
#1353 = EDGE_CURVE ( 'NONE', #921, #122, #1359, .T. ) ;
#1354 = LINE ( 'NONE', #759, #952 ) ;
#1355 = DIRECTION ( 'NONE',  ( 1.000000000000000000, 0.000000000000000000, 0.000000000000000000 ) ) ;
#1356 = AXIS2_PLACEMENT_3D ( 'NONE', #222, #1565, #2169 ) ;
#1357 = VERTEX_POINT ( 'NONE', #1578 ) ;
#1358 = ADVANCED_FACE ( 'NONE', ( #181 ), #1962, .T. ) ;
#1359 = LINE ( 'NONE', #1554, #2503 ) ;
#1360 = LINE ( 'NONE', #2170, #2145 ) ;
#1361 = ADVANCED_FACE ( 'NONE', ( #996 ), #208, .F. ) ;
#1362 = ORIENTED_EDGE ( 'NONE', *, *, #2238, .T. ) ;
#1363 = DIRECTION ( 'NONE',  ( 0.000000000000000000, 0.000000000000000000, 1.000000000000000000 ) ) ;
#1364 = DIRECTION ( 'NONE',  ( 0.000000000000000000, -0.000000000000000000, 1.000000000000000000 ) ) ;
#1365 = VECTOR ( 'NONE', #1923, 1000.000000000000000 ) ;
#1366 = ORIENTED_EDGE ( 'NONE', *, *, #1264, .T. ) ;
#1367 = DIRECTION ( 'NONE',  ( 0.000000000000000000, -0.000000000000000000, 1.000000000000000000 ) ) ;
#1368 = ADVANCED_FACE ( 'NONE', ( #1346 ), #2130, .T. ) ;
#1369 = AXIS2_PLACEMENT_3D ( 'NONE', #1591, #182, #1600 ) ;
#1370 = CARTESIAN_POINT ( 'NONE',  ( 0.005000000000000000104, 1.149999999999999911, 0.6250000000000001110 ) ) ;
#1371 =( NAMED_UNIT ( * ) SI_UNIT ( $, .STERADIAN. ) SOLID_ANGLE_UNIT ( ) );
#1372 = VERTEX_POINT ( 'NONE', #2336 ) ;
#1373 = CARTESIAN_POINT ( 'NONE',  ( 0.005000000000000000104, -0.3750000000000001110, 1.399999999999999689 ) ) ;
#1374 = PLANE ( 'NONE',  #2024 ) ;
#1375 = ORIENTED_EDGE ( 'NONE', *, *, #1816, .F. ) ;
#1376 =( NAMED_UNIT ( * ) PLANE_ANGLE_UNIT ( ) SI_UNIT ( $, .RADIAN. ) );
#1377 = CARTESIAN_POINT ( 'NONE',  ( 0.005000000000000000104, 0.6750000000000003775, 0.3749999999999999445 ) ) ;
#1378 = VERTEX_POINT ( 'NONE', #599 ) ;
#1379 = DIRECTION ( 'NONE',  ( -0.000000000000000000, -0.000000000000000000, 1.000000000000000000 ) ) ;
#1380 = ADVANCED_FACE ( 'NONE', ( #800 ), #1160, .T. ) ;
#1381 = FACE_OUTER_BOUND ( 'NONE', #887, .T. ) ;
#1382 = VECTOR ( 'NONE', #248, 1000.000000000000000 ) ;
#1383 = CARTESIAN_POINT ( 'NONE',  ( 0.005000000000000000104, 0.6249999999999998890, 1.399999999999999689 ) ) ;
#1384 = ORIENTED_EDGE ( 'NONE', *, *, #466, .T. ) ;
#1385 = CARTESIAN_POINT ( 'NONE',  ( 0.005000000000000000104, -0.3750000000000001110, 0.9249999999999998224 ) ) ;
#1386 = CARTESIAN_POINT ( 'NONE',  ( 0.005000000000000000104, -0.6750000000000002665, 0.6250000000000001110 ) ) ;
#1387 = ORIENTED_EDGE ( 'NONE', *, *, #116, .F. ) ;
#1388 = CARTESIAN_POINT ( 'NONE',  ( 0.005000000000000000104, -0.8750000000000001110, 0.9249999999999998224 ) ) ;
#1389 =( LENGTH_UNIT ( ) NAMED_UNIT ( * ) SI_UNIT ( .MILLI., .METRE. ) );
#1390 = DIRECTION ( 'NONE',  ( -0.000000000000000000, 1.000000000000000000, 0.000000000000000000 ) ) ;
#1391 = VERTEX_POINT ( 'NONE', #1397 ) ;
#1392 = LINE ( 'NONE', #241, #826 ) ;
#1393 = ADVANCED_FACE ( 'NONE', ( #2184 ), #195, .T. ) ;
#1394 = LINE ( 'NONE', #609, #1115 ) ;
#1395 = PLANE ( 'NONE',  #190 ) ;
#1396 = ORIENTED_EDGE ( 'NONE', *, *, #1745, .T. ) ;
#1397 = CARTESIAN_POINT ( 'NONE',  ( 0.000000000000000000, -0.6750000000000002665, 0.1250000000000001110 ) ) ;
#1398 = LINE ( 'NONE', #404, #1036 ) ;
#1399 = AXIS2_PLACEMENT_3D ( 'NONE', #828, #1988, #2424 ) ;
#1400 = ORIENTED_EDGE ( 'NONE', *, *, #1, .T. ) ;
#1401 = CARTESIAN_POINT ( 'NONE',  ( -0.000000000000000000, -1.149999999999999911, -0.1249999999999998890 ) ) ;
#1402 = LINE ( 'NONE', #1205, #516 ) ;
#1403 = LINE ( 'NONE', #2148, #513 ) ;
#1404 = VECTOR ( 'NONE', #1070, 1000.000000000000000 ) ;
#1405 = DIRECTION ( 'NONE',  ( 1.000000000000000000, 0.000000000000000000, 0.000000000000000000 ) ) ;
#1406 = VECTOR ( 'NONE', #189, 1000.000000000000000 ) ;
#1407 = AXIS2_PLACEMENT_3D ( 'NONE', #1045, #2391, #294 ) ;
#1408 = ADVANCED_FACE ( 'NONE', ( #971 ), #1757, .F. ) ;
#1409 = VECTOR ( 'NONE', #1597, 1000.000000000000000 ) ;
#1410 = VERTEX_POINT ( 'NONE', #1625 ) ;
#1411 = VECTOR ( 'NONE', #2066, 1000.000000000000000 ) ;
#1412 = CARTESIAN_POINT ( 'NONE',  ( 0.002000000000000000042, 1.033427762039662801, -1.264792186376897165 ) ) ;
#1413 = FACE_OUTER_BOUND ( 'NONE', #1216, .T. ) ;
#1414 = VERTEX_POINT ( 'NONE', #1008 ) ;
#1415 = CARTESIAN_POINT ( 'NONE',  ( 0.000000000000000000, 1.250000000000000000, 1.500000000000000000 ) ) ;
#1416 = CARTESIAN_POINT ( 'NONE',  ( 0.000000000000000000, 0.6249999999999998890, 0.9249999999999998224 ) ) ;
#1417 = CARTESIAN_POINT ( 'NONE',  ( 0.005000000000000000104, -1.149999999999999911, -0.6249999999999998890 ) ) ;
#1418 = ORIENTED_EDGE ( 'NONE', *, *, #783, .F. ) ;
#1419 = ORIENTED_EDGE ( 'NONE', *, *, #1717, .F. ) ;
#1420 = CARTESIAN_POINT ( 'NONE',  ( 0.005000000000000000104, 0.6750000000000003775, -0.1250000000000000555 ) ) ;
#1421 = DIRECTION ( 'NONE',  ( -1.000000000000000000, 0.000000000000000000, -0.000000000000000000 ) ) ;
#1422 = ORIENTED_EDGE ( 'NONE', *, *, #221, .F. ) ;
#1423 = DIRECTION ( 'NONE',  ( -1.000000000000000000, -0.000000000000000000, -0.000000000000000000 ) ) ;
#1424 = CARTESIAN_POINT ( 'NONE',  ( 0.002000000000000000042, 0.000000000000000000, 0.000000000000000000 ) ) ;
#1425 = CARTESIAN_POINT ( 'NONE',  ( 0.000000000000000000, 0.1249999999999998890, 1.399999999999999689 ) ) ;
#1426 = ORIENTED_EDGE ( 'NONE', *, *, #1734, .F. ) ;
#1427 = EDGE_LOOP ( 'NONE', ( #1900, #1759, #1062, #758 ) ) ;
#1428 = LINE ( 'NONE', #1441, #1409 ) ;
#1429 = EDGE_CURVE ( 'NONE', #1012, #1197, #1636, .T. ) ;
#1430 = ORIENTED_EDGE ( 'NONE', *, *, #1456, .T. ) ;
#1431 = ADVANCED_FACE ( 'NONE', ( #1057 ), #2437, .T. ) ;
#1432 = CARTESIAN_POINT ( 'NONE',  ( 0.005000000000000000104, 0.000000000000000000, 0.000000000000000000 ) ) ;
#1433 = DIRECTION ( 'NONE',  ( 1.000000000000000000, 0.000000000000000000, -0.000000000000000000 ) ) ;
#1434 = EDGE_CURVE ( 'NONE', #1495, #1843, #851, .T. ) ;
#1435 = DIRECTION ( 'NONE',  ( 0.000000000000000000, 1.000000000000000000, 0.000000000000000000 ) ) ;
#1436 = CARTESIAN_POINT ( 'NONE',  ( -0.8299999999999999600, -1.250000000000000000, -1.500000000000000000 ) ) ;
#1437 = DIRECTION ( 'NONE',  ( 0.000000000000000000, 0.000000000000000000, -1.000000000000000000 ) ) ;
#1438 = ADVANCED_FACE ( 'NONE', ( #2385 ), #1021, .F. ) ;
#1439 = ORIENTED_EDGE ( 'NONE', *, *, #1506, .T. ) ;
#1440 = ORIENTED_EDGE ( 'NONE', *, *, #1476, .F. ) ;
#1441 = CARTESIAN_POINT ( 'NONE',  ( 0.005000000000000000104, 0.6750000000000003775, -0.6250000000000001110 ) ) ;
#1442 = VERTEX_POINT ( 'NONE', #2037 ) ;
#1443 = EDGE_CURVE ( 'NONE', #1269, #61, #431, .T. ) ;
#1444 = AXIS2_PLACEMENT_3D ( 'NONE', #2240, #1121, #1910 ) ;
#1445 = AXIS2_PLACEMENT_3D ( 'NONE', #1311, #2124, #1797 ) ;
#1446 = ORIENTED_EDGE ( 'NONE', *, *, #1862, .T. ) ;
#1447 = LINE ( 'NONE', #2230, #696 ) ;
#1448 = LINE ( 'NONE', #245, #2186 ) ;
#1449 = VECTOR ( 'NONE', #2273, 1000.000000000000000 ) ;
#1450 = CARTESIAN_POINT ( 'NONE',  ( 0.005000000000000000104, -1.149999999999999911, 0.6250000000000001110 ) ) ;
#1451 = SURFACE_STYLE_FILL_AREA ( #1639 ) ;
#1452 = LINE ( 'NONE', #871, #2331 ) ;
#1453 = VERTEX_POINT ( 'NONE', #1846 ) ;
#1454 = ORIENTED_EDGE ( 'NONE', *, *, #2458, .F. ) ;
#1455 = EDGE_LOOP ( 'NONE', ( #2090, #1182, #1931, #541 ) ) ;
#1456 = EDGE_CURVE ( 'NONE', #302, #2303, #662, .T. ) ;
#1457 = DIRECTION ( 'NONE',  ( -1.000000000000000000, 0.000000000000000000, 0.000000000000000000 ) ) ;
#1458 = ADVANCED_FACE ( 'NONE', ( #456 ), #1460, .F. ) ;
#1459 = ORIENTED_EDGE ( 'NONE', *, *, #433, .F. ) ;
#1460 = PLANE ( 'NONE',  #412 ) ;
#1461 = LINE ( 'NONE', #2049, #740 ) ;
#1462 = EDGE_CURVE ( 'NONE', #2014, #1509, #256, .T. ) ;
#1463 = DIRECTION ( 'NONE',  ( 0.000000000000000000, 0.000000000000000000, 1.000000000000000000 ) ) ;
#1464 = LINE ( 'NONE', #260, #1282 ) ;
#1465 = LINE ( 'NONE', #450, #932 ) ;
#1466 = MECHANICAL_DESIGN_GEOMETRIC_PRESENTATION_REPRESENTATION (  '', ( #1500 ), #1833 ) ;
#1467 = VECTOR ( 'NONE', #1799, 1000.000000000000000 ) ;
#1468 = VERTEX_POINT ( 'NONE', #1420 ) ;
#1469 = VERTEX_POINT ( 'NONE', #1412 ) ;
#1470 = EDGE_CURVE ( 'NONE', #2303, #2095, #2410, .T. ) ;
#1471 = LINE ( 'NONE', #1482, #297 ) ;
#1472 = EDGE_CURVE ( 'NONE', #525, #40, #640, .T. ) ;
#1473 = VERTEX_POINT ( 'NONE', #814 ) ;
#1474 = DIRECTION ( 'NONE',  ( 0.000000000000000000, 0.000000000000000000, -1.000000000000000000 ) ) ;
#1475 = DIRECTION ( 'NONE',  ( -1.000000000000000000, -0.000000000000000000, -0.000000000000000000 ) ) ;
#1476 = EDGE_CURVE ( 'NONE', #1285, #849, #2027, .T. ) ;
#1477 = DIRECTION ( 'NONE',  ( -0.000000000000000000, 0.000000000000000000, 1.000000000000000000 ) ) ;
#1478 =( NAMED_UNIT ( * ) PLANE_ANGLE_UNIT ( ) SI_UNIT ( $, .RADIAN. ) );
#1479 = ORIENTED_EDGE ( 'NONE', *, *, #598, .F. ) ;
#1480 = VECTOR ( 'NONE', #1743, 1000.000000000000000 ) ;
#1481 = ORIENTED_EDGE ( 'NONE', *, *, #1472, .T. ) ;
#1482 = CARTESIAN_POINT ( 'NONE',  ( -0.8299999999999999600, 1.250000000000000000, 1.500000000000000000 ) ) ;
#1483 = ORIENTED_EDGE ( 'NONE', *, *, #1248, .F. ) ;
#1484 = DIRECTION ( 'NONE',  ( 0.000000000000000000, -0.000000000000000000, 1.000000000000000000 ) ) ;
#1485 = CARTESIAN_POINT ( 'NONE',  ( 0.005000000000000000104, -0.1250000000000001110, 1.399999999999999689 ) ) ;
#1486 = VECTOR ( 'NONE', #2257, 1000.000000000000000 ) ;
#1487 = FACE_OUTER_BOUND ( 'NONE', #552, .T. ) ;
#1488 = DIRECTION ( 'NONE',  ( 0.000000000000000000, -0.000000000000000000, 1.000000000000000000 ) ) ;
#1489 = LINE ( 'NONE', #898, #2320 ) ;
#1490 = VERTEX_POINT ( 'NONE', #1213 ) ;
#1491 = ORIENTED_EDGE ( 'NONE', *, *, #2479, .F. ) ;
#1492 = LINE ( 'NONE', #2295, #417 ) ;
#1493 = EDGE_LOOP ( 'NONE', ( #1439, #1454, #706, #2377 ) ) ;
#1494 = DIRECTION ( 'NONE',  ( 1.000000000000000000, 0.000000000000000000, -0.000000000000000000 ) ) ;
#1495 = VERTEX_POINT ( 'NONE', #2399 ) ;
#1496 = CARTESIAN_POINT ( 'NONE',  ( 0.005000000000000000104, -0.6750000000000002665, 0.1250000000000001110 ) ) ;
#1497 = DIRECTION ( 'NONE',  ( 0.000000000000000000, -0.000000000000000000, 1.000000000000000000 ) ) ;
#1498 = DIRECTION ( 'NONE',  ( -0.000000000000000000, -1.000000000000000000, -0.000000000000000000 ) ) ;
#1499 = VERTEX_POINT ( 'NONE', #1794 ) ;
#1500 = STYLED_ITEM ( 'NONE', ( #962 ), #1086 ) ;
#1501 = ORIENTED_EDGE ( 'NONE', *, *, #2408, .T. ) ;
#1502 = AXIS2_PLACEMENT_3D ( 'NONE', #2080, #2067, #1946 ) ;
#1503 = DIRECTION ( 'NONE',  ( 0.000000000000000000, 0.000000000000000000, 1.000000000000000000 ) ) ;
#1504 = ADVANCED_FACE ( 'NONE', ( #63 ), #1599, .F. ) ;
#1505 = VERTEX_POINT ( 'NONE', #2004 ) ;
#1506 = EDGE_CURVE ( 'NONE', #1690, #1505, #244, .T. ) ;
#1507 = CARTESIAN_POINT ( 'NONE',  ( 0.000000000000000000, 0.8749999999999998890, 0.9249999999999998224 ) ) ;
#1508 = CARTESIAN_POINT ( 'NONE',  ( 0.005000000000000000104, -0.1250000000000001110, -1.399999999999999689 ) ) ;
#1509 = VERTEX_POINT ( 'NONE', #76 ) ;
#1510 = LINE ( 'NONE', #1334, #1897 ) ;
#1511 = LINE ( 'NONE', #142, #785 ) ;
#1512 = EDGE_CURVE ( 'NONE', #1505, #1255, #1447, .T. ) ;
#1513 = AXIS2_PLACEMENT_3D ( 'NONE', #1351, #1390, #2533 ) ;
#1514 = ORIENTED_EDGE ( 'NONE', *, *, #1930, .F. ) ;
#1515 = SURFACE_STYLE_USAGE ( .BOTH. , #510 ) ;
#1516 = ORIENTED_EDGE ( 'NONE', *, *, #1476, .T. ) ;
#1517 = DIRECTION ( 'NONE',  ( -1.000000000000000000, -0.000000000000000000, -0.000000000000000000 ) ) ;
#1518 = VECTOR ( 'NONE', #2210, 1000.000000000000000 ) ;
#1519 = EDGE_CURVE ( 'NONE', #1609, #2014, #1069, .T. ) ;
#1520 = DIRECTION ( 'NONE',  ( 1.000000000000000000, 0.000000000000000000, 0.000000000000000000 ) ) ;
#1521 = PLANE ( 'NONE',  #37 ) ;
#1522 = AXIS2_PLACEMENT_3D ( 'NONE', #2438, #865, #1433 ) ;
#1523 = VERTEX_POINT ( 'NONE', #1672 ) ;
#1524 = LINE ( 'NONE', #346, #1320 ) ;
#1525 = DIRECTION ( 'NONE',  ( 0.000000000000000000, 0.000000000000000000, -1.000000000000000000 ) ) ;
#1526 = VECTOR ( 'NONE', #1679, 1000.000000000000000 ) ;
#1527 = VECTOR ( 'NONE', #832, 1000.000000000000000 ) ;
#1528 = ADVANCED_BREP_SHAPE_REPRESENTATION ( 'BMI330', ( #201, #1199 ), #344 ) ;
#1529 = EDGE_LOOP ( 'NONE', ( #1245, #94, #1516, #2056 ) ) ;
#1530 = FACE_BOUND ( 'NONE', #2120, .T. ) ;
#1531 = VERTEX_POINT ( 'NONE', #138 ) ;
#1532 = VECTOR ( 'NONE', #1306, 1000.000000000000000 ) ;
#1533 = PLANE ( 'NONE',  #458 ) ;
#1534 = LINE ( 'NONE', #1957, #1406 ) ;
#1535 = ADVANCED_FACE ( 'NONE', ( #303 ), #104, .F. ) ;
#1536 = EDGE_CURVE ( 'NONE', #319, #1602, #1123, .T. ) ;
#1537 = CARTESIAN_POINT ( 'NONE',  ( 0.000000000000000000, 0.6249999999999998890, -1.399999999999999689 ) ) ;
#1538 = CARTESIAN_POINT ( 'NONE',  ( 0.005000000000000000104, 0.1249999999999998890, 1.399999999999999689 ) ) ;
#1539 = ORIENTED_EDGE ( 'NONE', *, *, #2502, .F. ) ;
#1540 = STYLED_ITEM ( 'NONE', ( #1887 ), #201 ) ;
#1541 = CARTESIAN_POINT ( 'NONE',  ( 0.000000000000000000, -0.6750000000000003775, 0.3749999999999999445 ) ) ;
#1542 = DIRECTION ( 'NONE',  ( 0.000000000000000000, 4.336808689942014778E-16, -1.000000000000000000 ) ) ;
#1543 = ORIENTED_EDGE ( 'NONE', *, *, #2073, .F. ) ;
#1544 = LINE ( 'NONE', #939, #2242 ) ;
#1545 = CARTESIAN_POINT ( 'NONE',  ( 0.005000000000000000104, -0.1250000000000001110, 0.9249999999999998224 ) ) ;
#1546 = ORIENTED_EDGE ( 'NONE', *, *, #1745, .F. ) ;
#1547 = ADVANCED_FACE ( 'NONE', ( #118 ), #1699, .F. ) ;
#1548 = LINE ( 'NONE', #1969, #177 ) ;
#1549 = ADVANCED_FACE ( 'NONE', ( #2497 ), #2281, .T. ) ;
#1550 = CARTESIAN_POINT ( 'NONE',  ( 0.005000000000000000104, 0.3749999999999998890, 1.399999999999999689 ) ) ;
#1551 = EDGE_CURVE ( 'NONE', #183, #1908, #723, .T. ) ;
#1552 = PLANE ( 'NONE',  #110 ) ;
#1553 = ORIENTED_EDGE ( 'NONE', *, *, #908, .T. ) ;
#1554 = CARTESIAN_POINT ( 'NONE',  ( 0.005000000000000000104, 0.6750000000000003775, 0.3749999999999999445 ) ) ;
#1555 = CARTESIAN_POINT ( 'NONE',  ( -0.8299999999999999600, 0.000000000000000000, -1.264792186376897165 ) ) ;
#1556 = EDGE_CURVE ( 'NONE', #128, #1469, #2088, .T. ) ;
#1557 = ORIENTED_EDGE ( 'NONE', *, *, #1807, .F. ) ;
#1558 = FACE_OUTER_BOUND ( 'NONE', #246, .T. ) ;
#1559 = DIRECTION ( 'NONE',  ( 0.000000000000000000, -1.000000000000000000, 0.000000000000000000 ) ) ;
#1560 = ORIENTED_EDGE ( 'NONE', *, *, #863, .F. ) ;
#1561 = CARTESIAN_POINT ( 'NONE',  ( -0.8319999999999999618, 1.033427762039662801, -1.033427762039660580 ) ) ;
#1562 = CARTESIAN_POINT ( 'NONE',  ( -0.8319999999999999618, 1.033427762039662801, -1.033427762039660580 ) ) ;
#1563 = CARTESIAN_POINT ( 'NONE',  ( -0.8299999999999999600, 1.250000000000000000, 1.500000000000000000 ) ) ;
#1564 = ORIENTED_EDGE ( 'NONE', *, *, #787, .F. ) ;
#1565 = DIRECTION ( 'NONE',  ( 0.000000000000000000, 0.000000000000000000, -1.000000000000000000 ) ) ;
#1566 = DIRECTION ( 'NONE',  ( -0.000000000000000000, 1.000000000000000000, -3.423796334164753491E-16 ) ) ;
#1567 = ORIENTED_EDGE ( 'NONE', *, *, #1325, .T. ) ;
#1568 = ADVANCED_FACE ( 'NONE', ( #2474 ), #519, .F. ) ;
#1569 = SURFACE_STYLE_USAGE ( .BOTH. , #2339 ) ;
#1570 = LINE ( 'NONE', #2354, #1411 ) ;
#1571 = VECTOR ( 'NONE', #1001, 1000.000000000000000 ) ;
#1572 = ORIENTED_EDGE ( 'NONE', *, *, #2087, .F. ) ;
#1573 = CARTESIAN_POINT ( 'NONE',  ( 0.005000000000000000104, -0.6750000000000002665, -0.3749999999999998890 ) ) ;
#1574 = VECTOR ( 'NONE', #209, 1000.000000000000000 ) ;
#1575 = DIRECTION ( 'NONE',  ( 0.000000000000000000, 0.000000000000000000, -1.000000000000000000 ) ) ;
#1576 = CARTESIAN_POINT ( 'NONE',  ( 0.005000000000000000104, 0.6750000000000003775, -0.6250000000000001110 ) ) ;
#1577 = ORIENTED_EDGE ( 'NONE', *, *, #1901, .F. ) ;
#1578 = CARTESIAN_POINT ( 'NONE',  ( 0.005000000000000000104, -1.149999999999999911, 0.3750000000000001110 ) ) ;
#1579 = CARTESIAN_POINT ( 'NONE',  ( 0.005000000000000000104, 0.6750000000000003775, -0.6250000000000001110 ) ) ;
#1580 = ORIENTED_EDGE ( 'NONE', *, *, #2442, .F. ) ;
#1581 = CARTESIAN_POINT ( 'NONE',  ( 0.005000000000000000104, -0.8750000000000001110, -1.399999999999999689 ) ) ;
#1582 = DIRECTION ( 'NONE',  ( 1.000000000000000000, 0.000000000000000000, 0.000000000000000000 ) ) ;
#1583 = PLANE ( 'NONE',  #1513 ) ;
#1584 = ORIENTED_EDGE ( 'NONE', *, *, #1462, .F. ) ;
#1585 = DIRECTION ( 'NONE',  ( -1.000000000000000000, -0.000000000000000000, -0.000000000000000000 ) ) ;
#1586 = DIRECTION ( 'NONE',  ( 0.000000000000000000, 0.000000000000000000, -1.000000000000000000 ) ) ;
#1587 = VECTOR ( 'NONE', #199, 1000.000000000000000 ) ;
#1588 = DIRECTION ( 'NONE',  ( -0.000000000000000000, -0.000000000000000000, -1.000000000000000000 ) ) ;
#1589 = ORIENTED_EDGE ( 'NONE', *, *, #1089, .T. ) ;
#1590 = CARTESIAN_POINT ( 'NONE',  ( -0.8319999999999999618, 1.033427762039662801, -1.264792186376897165 ) ) ;
#1591 = CARTESIAN_POINT ( 'NONE',  ( 0.005000000000000000104, -1.149999999999999911, -0.3749999999999998890 ) ) ;
#1592 = ORIENTED_EDGE ( 'NONE', *, *, #1512, .F. ) ;
#1593 = LINE ( 'NONE', #2172, #299 ) ;
#1594 = DIRECTION ( 'NONE',  ( -0.000000000000000000, -1.000000000000000000, -0.000000000000000000 ) ) ;
#1595 = DIRECTION ( 'NONE',  ( 0.000000000000000000, 1.000000000000000000, 0.000000000000000000 ) ) ;
#1596 = ADVANCED_FACE ( 'NONE', ( #734 ), #1262, .F. ) ;
#1597 = DIRECTION ( 'NONE',  ( -1.000000000000000000, -0.000000000000000000, -0.000000000000000000 ) ) ;
#1598 = VERTEX_POINT ( 'NONE', #492 ) ;
#1599 = PLANE ( 'NONE',  #214 ) ;
#1600 = DIRECTION ( 'NONE',  ( 0.000000000000000000, -0.000000000000000000, 1.000000000000000000 ) ) ;
#1601 = VECTOR ( 'NONE', #2138, 1000.000000000000000 ) ;
#1602 = VERTEX_POINT ( 'NONE', #291 ) ;
#1603 = DIRECTION ( 'NONE',  ( -0.000000000000000000, -0.000000000000000000, -1.000000000000000000 ) ) ;
#1604 = PLANE ( 'NONE',  #2003 ) ;
#1605 = VECTOR ( 'NONE', #1475, 1000.000000000000000 ) ;
#1606 = VERTEX_POINT ( 'NONE', #1859 ) ;
#1607 = CARTESIAN_POINT ( 'NONE',  ( 0.005000000000000000104, -0.6750000000000002665, -0.3749999999999998890 ) ) ;
#1608 = AXIS2_PLACEMENT_3D ( 'NONE', #2355, #942, #1330 ) ;
#1609 = VERTEX_POINT ( 'NONE', #2075 ) ;
#1610 = ADVANCED_FACE ( 'NONE', ( #1661 ), #1898, .F. ) ;
#1611 = CARTESIAN_POINT ( 'NONE',  ( 0.005000000000000000104, -0.3750000000000001110, 1.399999999999999689 ) ) ;
#1612 = FILL_AREA_STYLE_COLOUR ( '', #1977 ) ;
#1613 = ORIENTED_EDGE ( 'NONE', *, *, #2103, .F. ) ;
#1614 = PLANE ( 'NONE',  #1407 ) ;
#1615 = FACE_OUTER_BOUND ( 'NONE', #187, .T. ) ;
#1616 = CARTESIAN_POINT ( 'NONE',  ( 0.005000000000000000104, 0.6249999999999998890, -1.399999999999999689 ) ) ;
#1617 = ORIENTED_EDGE ( 'NONE', *, *, #48, .T. ) ;
#1618 = ORIENTED_EDGE ( 'NONE', *, *, #2232, .T. ) ;
#1619 = APPLICATION_PROTOCOL_DEFINITION ( 'draft international standard', 'automotive_design', 1998, #2100 ) ;
#1620 = VECTOR ( 'NONE', #1498, 1000.000000000000000 ) ;
#1621 = ADVANCED_FACE ( 'NONE', ( #1083 ), #2449, .T. ) ;
#1622 = VECTOR ( 'NONE', #1152, 1000.000000000000000 ) ;
#1623 = VERTEX_POINT ( 'NONE', #1881 ) ;
#1624 = VECTOR ( 'NONE', #1594, 1000.000000000000000 ) ;
#1625 = CARTESIAN_POINT ( 'NONE',  ( 0.005000000000000000104, 0.6249999999999998890, -1.399999999999999689 ) ) ;
#1626 = SURFACE_STYLE_FILL_AREA ( #1247 ) ;
#1627 = CARTESIAN_POINT ( 'NONE',  ( 0.000000000000000000, 0.1249999999999998890, -1.399999999999999689 ) ) ;
#1628 = PLANE ( 'NONE',  #633 ) ;
#1629 = DIRECTION ( 'NONE',  ( -1.000000000000000000, -0.000000000000000000, -0.000000000000000000 ) ) ;
#1630 = VERTEX_POINT ( 'NONE', #1108 ) ;
#1631 = EDGE_CURVE ( 'NONE', #2292, #969, #2269, .T. ) ;
#1632 = ORIENTED_EDGE ( 'NONE', *, *, #1802, .T. ) ;
#1633 = CARTESIAN_POINT ( 'NONE',  ( 0.000000000000000000, 0.000000000000000000, 0.000000000000000000 ) ) ;
#1634 = VERTEX_POINT ( 'NONE', #1507 ) ;
#1635 = ORIENTED_EDGE ( 'NONE', *, *, #1922, .F. ) ;
#1636 = LINE ( 'NONE', #839, #2383 ) ;
#1637 = CARTESIAN_POINT ( 'NONE',  ( 0.000000000000000000, 0.8749999999999998890, 1.399999999999999689 ) ) ;
#1638 = LINE ( 'NONE', #1249, #2433 ) ;
#1639 = FILL_AREA_STYLE ('',( #484 ) ) ;
#1640 = AXIS2_PLACEMENT_3D ( 'NONE', #2324, #566, #2515 ) ;
#1641 = CARTESIAN_POINT ( 'NONE',  ( 0.000000000000000000, 1.149999999999999911, 0.3750000000000001110 ) ) ;
#1642 = ORIENTED_EDGE ( 'NONE', *, *, #414, .T. ) ;
#1643 = EDGE_CURVE ( 'NONE', #1336, #2212, #533, .T. ) ;
#1644 = ORIENTED_EDGE ( 'NONE', *, *, #2261, .F. ) ;
#1645 = VERTEX_POINT ( 'NONE', #342 ) ;
#1646 = VECTOR ( 'NONE', #726, 1000.000000000000000 ) ;
#1647 = EDGE_CURVE ( 'NONE', #771, #2485, #1331, .T. ) ;
#1648 = VECTOR ( 'NONE', #561, 1000.000000000000000 ) ;
#1649 = ORIENTED_EDGE ( 'NONE', *, *, #370, .F. ) ;
#1650 = DIRECTION ( 'NONE',  ( -1.000000000000000000, -0.000000000000000000, -0.000000000000000000 ) ) ;
#1651 = LINE ( 'NONE', #77, #293 ) ;
#1652 = VECTOR ( 'NONE', #700, 1000.000000000000000 ) ;
#1653 = DIRECTION ( 'NONE',  ( -1.000000000000000000, -0.000000000000000000, -0.000000000000000000 ) ) ;
#1654 = CARTESIAN_POINT ( 'NONE',  ( 0.000000000000000000, 1.149999999999999911, 0.1250000000000001110 ) ) ;
#1655 = CARTESIAN_POINT ( 'NONE',  ( 0.000000000000000000, 0.1249999999999998890, 0.9249999999999998224 ) ) ;
#1656 = ORIENTED_EDGE ( 'NONE', *, *, #901, .T. ) ;
#1657 = ORIENTED_EDGE ( 'NONE', *, *, #2154, .T. ) ;
#1658 = ORIENTED_EDGE ( 'NONE', *, *, #1801, .F. ) ;
#1659 = DIRECTION ( 'NONE',  ( 0.000000000000000000, 0.000000000000000000, 1.000000000000000000 ) ) ;
#1660 = ORIENTED_EDGE ( 'NONE', *, *, #809, .T. ) ;
#1661 = FACE_OUTER_BOUND ( 'NONE', #480, .T. ) ;
#1662 = LINE ( 'NONE', #2220, #1605 ) ;
#1663 = LINE ( 'NONE', #2077, #2470 ) ;
#1664 = DIRECTION ( 'NONE',  ( 0.000000000000000000, 0.000000000000000000, 1.000000000000000000 ) ) ;
#1665 = AXIS2_PLACEMENT_3D ( 'NONE', #756, #1750, #927 ) ;
#1666 = CLOSED_SHELL ( 'NONE', ( #998, #1200, #605, #2420, #2150, #1380, #2426, #882, #357, #2128, #1086, #2006, #489, #1053, #361, #1504, #1000, #1438, #2356, #903, #2346, #878, #1966, #285, #188, #1549, #171, #1338, #830, #1610, #1741, #1990, #1408, #1883, #315, #1895, #891, #822, #1568, #2388, #1136, #1915, #2197, #2293, #1096, #1431, #8, #265, #841, #1361, #1345, #532, #2350, #67, #154, #1092, #1076, #255, #2381, #1321, #1993, #560, #523, #442, #2256, #93, #1081, #1964, #746, #718, #22, #527, #1010, #1535, #1596, #1777, #1547, #1458, #367, #868, #1393, #547, #1358, #1621, #1368, #703 ) ) ;
#1667 = ORIENTED_EDGE ( 'NONE', *, *, #1720, .T. ) ;
#1668 = EDGE_CURVE ( 'NONE', #790, #1634, #216, .T. ) ;
#1669 = VERTEX_POINT ( 'NONE', #1945 ) ;
#1670 = DIRECTION ( 'NONE',  ( -1.000000000000000000, -0.000000000000000000, -0.000000000000000000 ) ) ;
#1671 = VERTEX_POINT ( 'NONE', #750 ) ;
#1672 = CARTESIAN_POINT ( 'NONE',  ( 0.000000000000000000, -0.1250000000000001110, -1.399999999999999689 ) ) ;
#1673 = DIRECTION ( 'NONE',  ( -0.000000000000000000, -1.000000000000000000, -0.000000000000000000 ) ) ;
#1674 = CARTESIAN_POINT ( 'NONE',  ( 0.005000000000000000104, 0.3749999999999998890, 1.399999999999999689 ) ) ;
#1675 = SURFACE_SIDE_STYLE ('',( #1293 ) ) ;
#1676 = CARTESIAN_POINT ( 'NONE',  ( 0.005000000000000000104, 0.3749999999999998890, 1.399999999999999689 ) ) ;
#1677 = AXIS2_PLACEMENT_3D ( 'NONE', #269, #42, #444 ) ;
#1678 = ORIENTED_EDGE ( 'NONE', *, *, #712, .F. ) ;
#1679 = DIRECTION ( 'NONE',  ( 0.000000000000000000, 1.000000000000000000, 0.000000000000000000 ) ) ;
#1680 = ORIENTED_EDGE ( 'NONE', *, *, #780, .T. ) ;
#1681 = DIRECTION ( 'NONE',  ( 0.000000000000000000, 1.000000000000000000, 0.000000000000000000 ) ) ;
#1682 = FACE_BOUND ( 'NONE', #657, .T. ) ;
#1683 = VECTOR ( 'NONE', #1142, 1000.000000000000000 ) ;
#1684 = ORIENTED_EDGE ( 'NONE', *, *, #2199, .F. ) ;
#1685 = DIRECTION ( 'NONE',  ( 0.000000000000000000, 0.000000000000000000, 1.000000000000000000 ) ) ;
#1686 = PLANE ( 'NONE',  #1776 ) ;
#1687 = VECTOR ( 'NONE', #1566, 1000.000000000000000 ) ;
#1688 = CARTESIAN_POINT ( 'NONE',  ( 0.000000000000000000, -0.3750000000000001110, -0.9249999999999998224 ) ) ;
#1689 = PRODUCT_DEFINITION_FORMATION_WITH_SPECIFIED_SOURCE ( 'ANY', '', #468, .NOT_KNOWN. ) ;
#1690 = VERTEX_POINT ( 'NONE', #769 ) ;
#1691 = PLANE ( 'NONE',  #682 ) ;
#1692 = ORIENTED_EDGE ( 'NONE', *, *, #1807, .T. ) ;
#1693 = EDGE_CURVE ( 'NONE', #1645, #473, #163, .T. ) ;
#1694 = FACE_OUTER_BOUND ( 'NONE', #591, .T. ) ;
#1695 = EDGE_CURVE ( 'NONE', #1007, #380, #1935, .T. ) ;
#1696 = VERTEX_POINT ( 'NONE', #978 ) ;
#1697 = UNCERTAINTY_MEASURE_WITH_UNIT (LENGTH_MEASURE( 1.000000000000000082E-05 ), #162, 'distance_accuracy_value', 'NONE');
#1698 = EDGE_CURVE ( 'NONE', #1228, #1211, #2511, .T. ) ;
#1699 = PLANE ( 'NONE',  #2259 ) ;
#1700 =( LENGTH_UNIT ( ) NAMED_UNIT ( * ) SI_UNIT ( .MILLI., .METRE. ) );
#1701 = ORIENTED_EDGE ( 'NONE', *, *, #2524, .T. ) ;
#1702 = LINE ( 'NONE', #1279, #702 ) ;
#1703 = FACE_OUTER_BOUND ( 'NONE', #708, .T. ) ;
#1704 = ORIENTED_EDGE ( 'NONE', *, *, #74, .F. ) ;
#1705 = CARTESIAN_POINT ( 'NONE',  ( 0.005000000000000000104, 0.000000000000000000, 0.000000000000000000 ) ) ;
#1706 = VECTOR ( 'NONE', #604, 1000.000000000000000 ) ;
#1707 = EDGE_CURVE ( 'NONE', #1908, #97, #1764, .T. ) ;
#1708 = ORIENTED_EDGE ( 'NONE', *, *, #1434, .T. ) ;
#1709 = AXIS2_PLACEMENT_3D ( 'NONE', #2248, #1219, #2009 ) ;
#1710 = DIRECTION ( 'NONE',  ( 0.000000000000000000, -4.336808689942014285E-16, 1.000000000000000000 ) ) ;
#1711 = DIRECTION ( 'NONE',  ( -0.000000000000000000, 1.000000000000000000, 0.000000000000000000 ) ) ;
#1712 = DIRECTION ( 'NONE',  ( 0.000000000000000000, 1.000000000000000000, 4.565061778886337988E-16 ) ) ;
#1713 =( NAMED_UNIT ( * ) PLANE_ANGLE_UNIT ( ) SI_UNIT ( $, .RADIAN. ) );
#1714 = ORIENTED_EDGE ( 'NONE', *, *, #2083, .T. ) ;
#1715 = DIRECTION ( 'NONE',  ( -1.000000000000000000, -0.000000000000000000, -0.000000000000000000 ) ) ;
#1716 = CARTESIAN_POINT ( 'NONE',  ( 0.005000000000000000104, -0.6750000000000002665, 0.1250000000000001110 ) ) ;
#1717 = EDGE_CURVE ( 'NONE', #1784, #2291, #2321, .T. ) ;
#1718 = CARTESIAN_POINT ( 'NONE',  ( 0.000000000000000000, 0.1249999999999998890, 0.9249999999999998224 ) ) ;
#1719 = FILL_AREA_STYLE ('',( #1151 ) ) ;
#1720 = EDGE_CURVE ( 'NONE', #169, #380, #13, .T. ) ;
#1721 = ORIENTED_EDGE ( 'NONE', *, *, #639, .F. ) ;
#1722 = EDGE_CURVE ( 'NONE', #2469, #719, #574, .T. ) ;
#1723 = DIRECTION ( 'NONE',  ( -1.000000000000000000, 0.000000000000000000, -0.000000000000000000 ) ) ;
#1724 = DIRECTION ( 'NONE',  ( -0.000000000000000000, -1.000000000000000000, -0.000000000000000000 ) ) ;
#1725 = VECTOR ( 'NONE', #1834, 1000.000000000000000 ) ;
#1726 = EDGE_CURVE ( 'NONE', #1473, #169, #586, .T. ) ;
#1727 = PLANE ( 'NONE',  #912 ) ;
#1728 = DIRECTION ( 'NONE',  ( 0.000000000000000000, -1.000000000000000000, 0.000000000000000000 ) ) ;
#1729 = EDGE_LOOP ( 'NONE', ( #1589, #722, #1440, #1116 ) ) ;
#1730 = DIRECTION ( 'NONE',  ( -0.000000000000000000, -1.000000000000000000, -0.000000000000000000 ) ) ;
#1731 = DIRECTION ( 'NONE',  ( -0.000000000000000000, -0.000000000000000000, -1.000000000000000000 ) ) ;
#1732 = AXIS2_PLACEMENT_3D ( 'NONE', #124, #2279, #530 ) ;
#1733 = VECTOR ( 'NONE', #1265, 1000.000000000000000 ) ;
#1734 = EDGE_CURVE ( 'NONE', #2285, #300, #377, .T. ) ;
#1735 = ORIENTED_EDGE ( 'NONE', *, *, #632, .F. ) ;
#1736 = DIRECTION ( 'NONE',  ( 0.000000000000000000, 0.000000000000000000, -1.000000000000000000 ) ) ;
#1737 = EDGE_CURVE ( 'NONE', #1304, #1598, #782, .T. ) ;
#1738 = CARTESIAN_POINT ( 'NONE',  ( 0.005000000000000000104, 1.149999999999999911, -0.3749999999999998890 ) ) ;
#1739 = VERTEX_POINT ( 'NONE', #27 ) ;
#1740 = VECTOR ( 'NONE', #1967, 1000.000000000000000 ) ;
#1741 = ADVANCED_FACE ( 'NONE', ( #1972 ), #389, .T. ) ;
#1742 = DIRECTION ( 'NONE',  ( 0.000000000000000000, -1.000000000000000000, 0.000000000000000000 ) ) ;
#1743 = DIRECTION ( 'NONE',  ( 1.000000000000000000, 0.000000000000000000, 0.000000000000000000 ) ) ;
#1744 = FACE_OUTER_BOUND ( 'NONE', #499, .T. ) ;
#1745 = EDGE_CURVE ( 'NONE', #635, #1761, #796, .T. ) ;
#1746 = ORIENTED_EDGE ( 'NONE', *, *, #924, .F. ) ;
#1747 = DIRECTION ( 'NONE',  ( 1.000000000000000000, 0.000000000000000000, -0.000000000000000000 ) ) ;
#1748 = CARTESIAN_POINT ( 'NONE',  ( 0.005000000000000000104, -0.8750000000000001110, -0.9249999999999998224 ) ) ;
#1749 = ORIENTED_EDGE ( 'NONE', *, *, #2232, .F. ) ;
#1750 = DIRECTION ( 'NONE',  ( -1.000000000000000000, 0.000000000000000000, 0.000000000000000000 ) ) ;
#1751 = DIRECTION ( 'NONE',  ( 0.000000000000000000, 0.000000000000000000, 1.000000000000000000 ) ) ;
#1752 = ORIENTED_EDGE ( 'NONE', *, *, #2370, .T. ) ;
#1753 = SURFACE_STYLE_FILL_AREA ( #1143 ) ;
#1754 = CARTESIAN_POINT ( 'NONE',  ( 0.005000000000000000104, 0.8749999999999998890, 0.9249999999999998224 ) ) ;
#1755 = LINE ( 'NONE', #1688, #1837 ) ;
#1756 = VERTEX_POINT ( 'NONE', #204 ) ;
#1757 = PLANE ( 'NONE',  #1677 ) ;
#1758 = FACE_OUTER_BOUND ( 'NONE', #2012, .T. ) ;
#1759 = ORIENTED_EDGE ( 'NONE', *, *, #2253, .F. ) ;
#1760 = PLANE ( 'NONE',  #2283 ) ;
#1761 = VERTEX_POINT ( 'NONE', #595 ) ;
#1762 = CARTESIAN_POINT ( 'NONE',  ( 0.005000000000000000104, 0.6750000000000002665, 0.6250000000000001110 ) ) ;
#1763 = VECTOR ( 'NONE', #2333, 1000.000000000000000 ) ;
#1764 = LINE ( 'NONE', #400, #1763 ) ;
#1765 = CARTESIAN_POINT ( 'NONE',  ( -0.8319999999999999618, 1.033427762039662801, -1.033427762039660580 ) ) ;
#1766 = ORIENTED_EDGE ( 'NONE', *, *, #326, .T. ) ;
#1767 = DIRECTION ( 'NONE',  ( 0.000000000000000000, 0.000000000000000000, 1.000000000000000000 ) ) ;
#1768 = PLANE ( 'NONE',  #1369 ) ;
#1769 = VECTOR ( 'NONE', #2045, 1000.000000000000000 ) ;
#1770 = ORIENTED_EDGE ( 'NONE', *, *, #2000, .T. ) ;
#1771 = CARTESIAN_POINT ( 'NONE',  ( 0.000000000000000000, 0.6750000000000003775, 0.1250000000000001110 ) ) ;
#1772 = CARTESIAN_POINT ( 'NONE',  ( 0.005000000000000000104, -0.8750000000000001110, -1.399999999999999689 ) ) ;
#1773 = CARTESIAN_POINT ( 'NONE',  ( 0.005000000000000000104, -0.6750000000000002665, 0.1250000000000001110 ) ) ;
#1774 = VECTOR ( 'NONE', #423, 1000.000000000000000 ) ;
#1775 = ORIENTED_EDGE ( 'NONE', *, *, #811, .T. ) ;
#1776 = AXIS2_PLACEMENT_3D ( 'NONE', #727, #1525, #2478 ) ;
#1777 = ADVANCED_FACE ( 'NONE', ( #1381 ), #1727, .T. ) ;
#1778 = CARTESIAN_POINT ( 'NONE',  ( 0.005000000000000000104, 0.1249999999999998890, -1.399999999999999689 ) ) ;
#1779 = EDGE_CURVE ( 'NONE', #755, #2241, #550, .T. ) ;
#1780 = CARTESIAN_POINT ( 'NONE',  ( 0.005000000000000000104, -0.6250000000000001110, 1.399999999999999689 ) ) ;
#1781 = ORIENTED_EDGE ( 'NONE', *, *, #1978, .T. ) ;
#1782 = PLANE ( 'NONE',  #1640 ) ;
#1783 = CARTESIAN_POINT ( 'NONE',  ( 0.005000000000000000104, 0.8749999999999998890, 0.9249999999999998224 ) ) ;
#1784 = VERTEX_POINT ( 'NONE', #1924 ) ;
#1785 = DIRECTION ( 'NONE',  ( -0.000000000000000000, -0.000000000000000000, 1.000000000000000000 ) ) ;
#1786 = DIRECTION ( 'NONE',  ( 0.000000000000000000, 1.000000000000000000, 0.000000000000000000 ) ) ;
#1787 = DIRECTION ( 'NONE',  ( -0.000000000000000000, -1.000000000000000000, -0.000000000000000000 ) ) ;
#1788 = PRODUCT_CONTEXT ( 'NONE', #54, 'mechanical' ) ;
#1789 = VECTOR ( 'NONE', #2105, 1000.000000000000000 ) ;
#1790 = DIRECTION ( 'NONE',  ( -0.000000000000000000, 1.000000000000000000, 0.000000000000000000 ) ) ;
#1791 = ORIENTED_EDGE ( 'NONE', *, *, #1551, .T. ) ;
#1792 = VECTOR ( 'NONE', #2440, 1000.000000000000000 ) ;
#1793 = EDGE_CURVE ( 'NONE', #849, #794, #943, .T. ) ;
#1794 = CARTESIAN_POINT ( 'NONE',  ( 0.000000000000000000, -0.3750000000000001110, -0.9249999999999998224 ) ) ;
#1795 = DIRECTION ( 'NONE',  ( 0.000000000000000000, 1.000000000000000000, 0.000000000000000000 ) ) ;
#1796 = ORIENTED_EDGE ( 'NONE', *, *, #1978, .F. ) ;
#1797 = DIRECTION ( 'NONE',  ( 0.000000000000000000, 0.000000000000000000, -1.000000000000000000 ) ) ;
#1798 = DIRECTION ( 'NONE',  ( 0.000000000000000000, 0.000000000000000000, 1.000000000000000000 ) ) ;
#1799 = DIRECTION ( 'NONE',  ( 0.000000000000000000, 1.000000000000000000, 0.000000000000000000 ) ) ;
#1800 = ORIENTED_EDGE ( 'NONE', *, *, #435, .T. ) ;
#1801 = EDGE_CURVE ( 'NONE', #2043, #2335, #1342, .T. ) ;
#1802 = EDGE_CURVE ( 'NONE', #771, #1784, #1394, .T. ) ;
#1803 = ORIENTED_EDGE ( 'NONE', *, *, #2253, .T. ) ;
#1804 = DIRECTION ( 'NONE',  ( 0.000000000000000000, 4.336808689942014778E-16, -1.000000000000000000 ) ) ;
#1805 = EDGE_CURVE ( 'NONE', #1442, #695, #415, .T. ) ;
#1806 = ORIENTED_EDGE ( 'NONE', *, *, #466, .F. ) ;
#1807 = EDGE_CURVE ( 'NONE', #1378, #1811, #338, .T. ) ;
#1808 = CARTESIAN_POINT ( 'NONE',  ( 0.005000000000000000104, 1.149999999999999911, 0.6250000000000001110 ) ) ;
#1809 = PLANE ( 'NONE',  #2509 ) ;
#1810 = VECTOR ( 'NONE', #1650, 1000.000000000000000 ) ;
#1811 = VERTEX_POINT ( 'NONE', #1013 ) ;
#1812 = CARTESIAN_POINT ( 'NONE',  ( 0.005000000000000000104, -0.3750000000000001110, 1.399999999999999689 ) ) ;
#1813 = CARTESIAN_POINT ( 'NONE',  ( 0.005000000000000000104, -0.6250000000000001110, -1.399999999999999689 ) ) ;
#1814 = CARTESIAN_POINT ( 'NONE',  ( 0.000000000000000000, 0.6750000000000003775, 0.3749999999999999445 ) ) ;
#1815 = ORIENTED_EDGE ( 'NONE', *, *, #1275, .F. ) ;
#1816 = EDGE_CURVE ( 'NONE', #2216, #319, #791, .T. ) ;
#1817 = VERTEX_POINT ( 'NONE', #237 ) ;
#1818 = VECTOR ( 'NONE', #1435, 1000.000000000000000 ) ;
#1819 = CARTESIAN_POINT ( 'NONE',  ( 0.005000000000000000104, 0.1249999999999998890, -1.399999999999999689 ) ) ;
#1820 = VECTOR ( 'NONE', #38, 1000.000000000000000 ) ;
#1821 = EDGE_CURVE ( 'NONE', #2469, #1490, #1131, .T. ) ;
#1822 = VECTOR ( 'NONE', #1963, 1000.000000000000000 ) ;
#1823 = ORIENTED_EDGE ( 'NONE', *, *, #2530, .T. ) ;
#1824 = CARTESIAN_POINT ( 'NONE',  ( 0.005000000000000000104, -0.8750000000000001110, 1.399999999999999689 ) ) ;
#1825 = LINE ( 'NONE', #829, #2387 ) ;
#1826 = DIRECTION ( 'NONE',  ( 0.000000000000000000, -1.000000000000000000, 0.000000000000000000 ) ) ;
#1827 = DIRECTION ( 'NONE',  ( -0.000000000000000000, -0.000000000000000000, -1.000000000000000000 ) ) ;
#1828 = ORIENTED_EDGE ( 'NONE', *, *, #1256, .F. ) ;
#1829 = EDGE_LOOP ( 'NONE', ( #2326, #1207, #1065, #704 ) ) ;
#1830 = DIRECTION ( 'NONE',  ( -1.000000000000000000, -0.000000000000000000, -0.000000000000000000 ) ) ;
#1831 = VECTOR ( 'NONE', #989, 1000.000000000000000 ) ;
#1832 = EDGE_LOOP ( 'NONE', ( #1867, #1260, #597, #2455 ) ) ;
#1833 =( GEOMETRIC_REPRESENTATION_CONTEXT ( 3 ) GLOBAL_UNCERTAINTY_ASSIGNED_CONTEXT ( ( #2268 ) ) GLOBAL_UNIT_ASSIGNED_CONTEXT ( ( #2304, #717, #184 ) ) REPRESENTATION_CONTEXT ( 'NONE', 'WORKASPACE' ) );
#1834 = DIRECTION ( 'NONE',  ( 0.000000000000000000, 1.000000000000000000, 0.000000000000000000 ) ) ;
#1835 = CARTESIAN_POINT ( 'NONE',  ( 0.000000000000000000, 1.033427762039662801, -1.033427762039660580 ) ) ;
#1836 = EDGE_CURVE ( 'NONE', #1269, #2469, #1909, .T. ) ;
#1837 = VECTOR ( 'NONE', #1114, 1000.000000000000000 ) ;
#1838 = CARTESIAN_POINT ( 'NONE',  ( -0.8299999999999999600, 0.000000000000000000, -1.033427762039660580 ) ) ;
#1839 = CARTESIAN_POINT ( 'NONE',  ( 0.000000000000000000, 1.250000000000000000, -1.500000000000000000 ) ) ;
#1840 = DIRECTION ( 'NONE',  ( -1.000000000000000000, -0.000000000000000000, -0.000000000000000000 ) ) ;
#1841 = ORIENTED_EDGE ( 'NONE', *, *, #150, .T. ) ;
#1842 = ORIENTED_EDGE ( 'NONE', *, *, #799, .F. ) ;
#1843 = VERTEX_POINT ( 'NONE', #1771 ) ;
#1844 = VECTOR ( 'NONE', #1595, 1000.000000000000000 ) ;
#1845 = ORIENTED_EDGE ( 'NONE', *, *, #799, .T. ) ;
#1846 = CARTESIAN_POINT ( 'NONE',  ( 0.005000000000000000104, -0.3750000000000001110, -0.9249999999999998224 ) ) ;
#1847 = LINE ( 'NONE', #436, #419 ) ;
#1848 = PLANE ( 'NONE',  #102 ) ;
#1849 = VECTOR ( 'NONE', #864, 1000.000000000000000 ) ;
#1850 = CARTESIAN_POINT ( 'NONE',  ( 0.005000000000000000104, -1.149999999999999911, 0.6250000000000001110 ) ) ;
#1851 = ORIENTED_EDGE ( 'NONE', *, *, #692, .F. ) ;
#1852 = ORIENTED_EDGE ( 'NONE', *, *, #625, .T. ) ;
#1853 = VECTOR ( 'NONE', #105, 1000.000000000000000 ) ;
#1854 = EDGE_LOOP ( 'NONE', ( #391, #875, #691, #1104 ) ) ;
#1855 = VECTOR ( 'NONE', #2452, 1000.000000000000000 ) ;
#1856 = CARTESIAN_POINT ( 'NONE',  ( 0.005000000000000000104, 0.3749999999999998890, -0.9249999999999998224 ) ) ;
#1857 = VECTOR ( 'NONE', #1653, 1000.000000000000000 ) ;
#1858 = ORIENTED_EDGE ( 'NONE', *, *, #446, .F. ) ;
#1859 = CARTESIAN_POINT ( 'NONE',  ( 0.002000000000000000042, 1.110549236818742180, -1.264792186376897165 ) ) ;
#1860 = LINE ( 'NONE', #880, #2055 ) ;
#1861 =( GEOMETRIC_REPRESENTATION_CONTEXT ( 3 ) GLOBAL_UNCERTAINTY_ASSIGNED_CONTEXT ( ( #850 ) ) GLOBAL_UNIT_ASSIGNED_CONTEXT ( ( #449, #870, #644 ) ) REPRESENTATION_CONTEXT ( 'NONE', 'WORKASPACE' ) );
#1862 = EDGE_CURVE ( 'NONE', #786, #40, #1329, .T. ) ;
#1863 = LINE ( 'NONE', #65, #1818 ) ;
#1864 = CARTESIAN_POINT ( 'NONE',  ( 0.005000000000000000104, -0.1250000000000001110, -1.399999999999999689 ) ) ;
#1865 = DIRECTION ( 'NONE',  ( 0.000000000000000000, -4.336808689942015271E-16, -1.000000000000000000 ) ) ;
#1866 = EDGE_LOOP ( 'NONE', ( #1396, #1543, #583, #973 ) ) ;
#1867 = ORIENTED_EDGE ( 'NONE', *, *, #563, .T. ) ;
#1868 = PRESENTATION_LAYER_ASSIGNMENT (  '', '', ( #1540 ) ) ;
#1869 = CARTESIAN_POINT ( 'NONE',  ( 0.005000000000000000104, 0.6249999999999998890, 0.9249999999999998224 ) ) ;
#1870 = VERTEX_POINT ( 'NONE', #2507 ) ;
#1871 = CARTESIAN_POINT ( 'NONE',  ( -0.8319999999999999618, 1.110549236818742180, -1.033427762039660580 ) ) ;
#1872 = DIRECTION ( 'NONE',  ( 0.000000000000000000, -1.000000000000000000, -3.423796334164754477E-16 ) ) ;
#1873 = CARTESIAN_POINT ( 'NONE',  ( 0.000000000000000000, -0.8750000000000001110, -0.9249999999999998224 ) ) ;
#1874 = DIRECTION ( 'NONE',  ( 0.000000000000000000, 0.000000000000000000, 1.000000000000000000 ) ) ;
#1875 = DIRECTION ( 'NONE',  ( -1.000000000000000000, 0.000000000000000000, -0.000000000000000000 ) ) ;
#1876 = VECTOR ( 'NONE', #1363, 1000.000000000000000 ) ;
#1877 = ORIENTED_EDGE ( 'NONE', *, *, #1256, .T. ) ;
#1878 = ORIENTED_EDGE ( 'NONE', *, *, #2000, .F. ) ;
#1879 = PLANE ( 'NONE',  #1732 ) ;
#1880 = ORIENTED_EDGE ( 'NONE', *, *, #3, .T. ) ;
#1881 = CARTESIAN_POINT ( 'NONE',  ( -0.000000000000000000, 0.8749999999999998890, -1.399999999999999689 ) ) ;
#1882 = CARTESIAN_POINT ( 'NONE',  ( 0.005000000000000000104, 0.6249999999999998890, 1.399999999999999689 ) ) ;
#1883 = ADVANCED_FACE ( 'NONE', ( #33 ), #1533, .F. ) ;
#1884 = ORIENTED_EDGE ( 'NONE', *, *, #977, .T. ) ;
#1885 = FACE_BOUND ( 'NONE', #885, .T. ) ;
#1886 = DIRECTION ( 'NONE',  ( -1.000000000000000000, -0.000000000000000000, -0.000000000000000000 ) ) ;
#1887 = PRESENTATION_STYLE_ASSIGNMENT (( #1101 ) ) ;
#1888 = EDGE_CURVE ( 'NONE', #1063, #872, #558, .T. ) ;
#1889 = VERTEX_POINT ( 'NONE', #2306 ) ;
#1890 = FACE_BOUND ( 'NONE', #1141, .T. ) ;
#1891 = EDGE_CURVE ( 'NONE', #60, #1228, #1204, .T. ) ;
#1892 = ORIENTED_EDGE ( 'NONE', *, *, #2266, .T. ) ;
#1893 = EDGE_CURVE ( 'NONE', #755, #1378, #1339, .T. ) ;
#1894 = CARTESIAN_POINT ( 'NONE',  ( 0.005000000000000000104, -0.6750000000000003775, 0.3749999999999999445 ) ) ;
#1895 = ADVANCED_FACE ( 'NONE', ( #616 ), #351, .T. ) ;
#1896 = EDGE_LOOP ( 'NONE', ( #1240, #486, #2182, #1162 ) ) ;
#1897 = VECTOR ( 'NONE', #537, 1000.000000000000000 ) ;
#1898 = PLANE ( 'NONE',  #327 ) ;
#1899 = VECTOR ( 'NONE', #747, 1000.000000000000000 ) ;
#1900 = ORIENTED_EDGE ( 'NONE', *, *, #116, .T. ) ;
#1901 = EDGE_CURVE ( 'NONE', #528, #569, #362, .T. ) ;
#1902 = FACE_OUTER_BOUND ( 'NONE', #1337, .T. ) ;
#1903 = DIRECTION ( 'NONE',  ( -1.000000000000000000, -0.000000000000000000, -0.000000000000000000 ) ) ;
#1904 = VECTOR ( 'NONE', #1795, 1000.000000000000000 ) ;
#1905 = CARTESIAN_POINT ( 'NONE',  ( -0.8319999999999999618, 1.110549236818742180, -1.264792186376897165 ) ) ;
#1906 = ORIENTED_EDGE ( 'NONE', *, *, #977, .F. ) ;
#1907 = DIRECTION ( 'NONE',  ( 0.000000000000000000, 0.000000000000000000, -1.000000000000000000 ) ) ;
#1908 = VERTEX_POINT ( 'NONE', #1401 ) ;
#1909 = LINE ( 'NONE', #148, #1571 ) ;
#1910 = DIRECTION ( 'NONE',  ( -1.000000000000000000, 0.000000000000000000, -0.000000000000000000 ) ) ;
#1911 = ORIENTED_EDGE ( 'NONE', *, *, #112, .T. ) ;
#1912 = CARTESIAN_POINT ( 'NONE',  ( 0.000000000000000000, 0.6750000000000003775, -0.6250000000000001110 ) ) ;
#1913 = FACE_OUTER_BOUND ( 'NONE', #1896, .T. ) ;
#1914 = ORIENTED_EDGE ( 'NONE', *, *, #2207, .F. ) ;
#1915 = ADVANCED_FACE ( 'NONE', ( #45 ), #161, .F. ) ;
#1916 = LINE ( 'NONE', #2311, #2057 ) ;
#1917 = DIRECTION ( 'NONE',  ( -1.000000000000000000, -0.000000000000000000, -0.000000000000000000 ) ) ;
#1918 = EDGE_CURVE ( 'NONE', #836, #2188, #1933, .T. ) ;
#1919 = LINE ( 'NONE', #1718, #806 ) ;
#1920 = FACE_BOUND ( 'NONE', #874, .T. ) ;
#1921 = ORIENTED_EDGE ( 'NONE', *, *, #2261, .T. ) ;
#1922 = EDGE_CURVE ( 'NONE', #474, #1509, #23, .T. ) ;
#1923 = DIRECTION ( 'NONE',  ( -0.000000000000000000, -1.000000000000000000, -0.000000000000000000 ) ) ;
#1924 = CARTESIAN_POINT ( 'NONE',  ( 0.000000000000000000, 0.3749999999999998890, 0.9249999999999998224 ) ) ;
#1925 = LINE ( 'NONE', #735, #2036 ) ;
#1926 = VERTEX_POINT ( 'NONE', #1388 ) ;
#1927 = EDGE_CURVE ( 'NONE', #1372, #51, #1593, .T. ) ;
#1928 = LINE ( 'NONE', #141, #334 ) ;
#1929 = DIRECTION ( 'NONE',  ( -0.000000000000000000, 1.000000000000000000, 0.000000000000000000 ) ) ;
#1930 = EDGE_CURVE ( 'NONE', #1490, #1232, #1188, .T. ) ;
#1931 = ORIENTED_EDGE ( 'NONE', *, *, #2367, .F. ) ;
#1932 = ORIENTED_EDGE ( 'NONE', *, *, #2157, .F. ) ;
#1933 = LINE ( 'NONE', #2363, #337 ) ;
#1934 = VECTOR ( 'NONE', #760, 1000.000000000000000 ) ;
#1935 = LINE ( 'NONE', #1562, #1480 ) ;
#1936 = VECTOR ( 'NONE', #2005, 1000.000000000000000 ) ;
#1937 = EDGE_LOOP ( 'NONE', ( #517, #965, #1828, #1692 ) ) ;
#1938 = DIRECTION ( 'NONE',  ( 0.000000000000000000, 0.000000000000000000, 1.000000000000000000 ) ) ;
#1939 = PLANE ( 'NONE',  #463 ) ;
#1940 = VECTOR ( 'NONE', #2508, 1000.000000000000000 ) ;
#1941 = ORIENTED_EDGE ( 'NONE', *, *, #563, .F. ) ;
#1942 = LINE ( 'NONE', #606, #1294 ) ;
#1943 = ORIENTED_EDGE ( 'NONE', *, *, #409, .T. ) ;
#1944 =( NAMED_UNIT ( * ) SI_UNIT ( $, .STERADIAN. ) SOLID_ANGLE_UNIT ( ) );
#1945 = CARTESIAN_POINT ( 'NONE',  ( 0.000000000000000000, -0.6250000000000001110, -0.9249999999999998224 ) ) ;
#1946 = DIRECTION ( 'NONE',  ( 0.000000000000000000, -0.000000000000000000, -1.000000000000000000 ) ) ;
#1947 = ORIENTED_EDGE ( 'NONE', *, *, #1693, .T. ) ;
#1948 = VECTOR ( 'NONE', #2166, 1000.000000000000000 ) ;
#1949 = DIRECTION ( 'NONE',  ( 0.000000000000000000, 4.336808689942014778E-16, -1.000000000000000000 ) ) ;
#1950 = CARTESIAN_POINT ( 'NONE',  ( 0.000000000000000000, -0.1250000000000001110, -1.399999999999999689 ) ) ;
#1951 = EDGE_CURVE ( 'NONE', #61, #1490, #1994, .T. ) ;
#1952 = ORIENTED_EDGE ( 'NONE', *, *, #2317, .T. ) ;
#1953 = SURFACE_STYLE_FILL_AREA ( #1014 ) ;
#1954 = DIRECTION ( 'NONE',  ( -1.000000000000000000, -0.000000000000000000, -0.000000000000000000 ) ) ;
#1955 = VECTOR ( 'NONE', #1954, 1000.000000000000000 ) ;
#1956 = VECTOR ( 'NONE', #1148, 1000.000000000000000 ) ;
#1957 = CARTESIAN_POINT ( 'NONE',  ( 0.005000000000000000104, 0.6750000000000002665, 0.1250000000000001110 ) ) ;
#1958 = VECTOR ( 'NONE', #645, 1000.000000000000000 ) ;
#1959 = DIRECTION ( 'NONE',  ( -0.000000000000000000, -0.000000000000000000, -1.000000000000000000 ) ) ;
#1960 = CARTESIAN_POINT ( 'NONE',  ( 0.000000000000000000, -0.1250000000000001110, 1.399999999999999689 ) ) ;
#1961 = ORIENTED_EDGE ( 'NONE', *, *, #2177, .T. ) ;
#1962 = PLANE ( 'NONE',  #1356 ) ;
#1963 = DIRECTION ( 'NONE',  ( -1.000000000000000000, -0.000000000000000000, -0.000000000000000000 ) ) ;
#1964 = ADVANCED_FACE ( 'NONE', ( #271 ), #247, .F. ) ;
#1965 = EDGE_LOOP ( 'NONE', ( #1297, #2252, #1921, #26 ) ) ;
#1966 = ADVANCED_FACE ( 'NONE', ( #630 ), #1614, .F. ) ;
#1967 = DIRECTION ( 'NONE',  ( 0.000000000000000000, 1.000000000000000000, 0.000000000000000000 ) ) ;
#1968 = EDGE_LOOP ( 'NONE', ( #2481, #1572, #1176, #1911 ) ) ;
#1969 = CARTESIAN_POINT ( 'NONE',  ( 0.005000000000000000104, -0.3750000000000001110, -1.399999999999999689 ) ) ;
#1970 = EDGE_CURVE ( 'NONE', #543, #1220, #483, .T. ) ;
#1971 = VECTOR ( 'NONE', #1355, 1000.000000000000000 ) ;
#1972 = FACE_OUTER_BOUND ( 'NONE', #572, .T. ) ;
#1973 = CARTESIAN_POINT ( 'NONE',  ( 0.005000000000000000104, -0.3750000000000001110, -1.399999999999999689 ) ) ;
#1974 = ORIENTED_EDGE ( 'NONE', *, *, #243, .F. ) ;
#1975 = FACE_OUTER_BOUND ( 'NONE', #198, .T. ) ;
#1976 = DIRECTION ( 'NONE',  ( -1.000000000000000000, -0.000000000000000000, -0.000000000000000000 ) ) ;
#1977 = COLOUR_RGB ( '',0.2000000000000000111, 0.2000000000000000111, 0.2000000000000000111 ) ;
#1978 = EDGE_CURVE ( 'NONE', #2241, #1811, #2221, .T. ) ;
#1979 = EDGE_LOOP ( 'NONE', ( #2504, #1877, #2362, #2044 ) ) ;
#1980 = DIRECTION ( 'NONE',  ( -1.000000000000000000, -0.000000000000000000, -0.000000000000000000 ) ) ;
#1981 = LINE ( 'NONE', #617, #1624 ) ;
#1982 = CARTESIAN_POINT ( 'NONE',  ( 0.005000000000000000104, -0.3750000000000001110, -1.399999999999999689 ) ) ;
#1983 = VECTOR ( 'NONE', #1291, 1000.000000000000000 ) ;
#1984 = LINE ( 'NONE', #2369, #1820 ) ;
#1985 = AXIS2_PLACEMENT_3D ( 'NONE', #1424, #2214, #1874 ) ;
#1986 = DIRECTION ( 'NONE',  ( 0.000000000000000000, -4.565061778886337988E-16, 1.000000000000000000 ) ) ;
#1987 = ORIENTED_EDGE ( 'NONE', *, *, #1643, .F. ) ;
#1988 = DIRECTION ( 'NONE',  ( 1.000000000000000000, 0.000000000000000000, 0.000000000000000000 ) ) ;
#1989 = FACE_OUTER_BOUND ( 'NONE', #1079, .T. ) ;
#1990 = ADVANCED_FACE ( 'NONE', ( #652 ), #1237, .F. ) ;
#1991 = EDGE_CURVE ( 'NONE', #380, #1531, #1059, .T. ) ;
#1992 = ORIENTED_EDGE ( 'NONE', *, *, #1991, .F. ) ;
#1993 = ADVANCED_FACE ( 'NONE', ( #843 ), #1073, .T. ) ;
#1994 = LINE ( 'NONE', #1627, #2513 ) ;
#1995 = DIRECTION ( 'NONE',  ( 1.000000000000000000, 0.000000000000000000, -0.000000000000000000 ) ) ;
#1996 = DIRECTION ( 'NONE',  ( -0.000000000000000000, -1.000000000000000000, -0.000000000000000000 ) ) ;
#1997 = ORIENTED_EDGE ( 'NONE', *, *, #1268, .T. ) ;
#1998 = EDGE_LOOP ( 'NONE', ( #2084, #940, #1422, #2373 ) ) ;
#1999 = CARTESIAN_POINT ( 'NONE',  ( 0.005000000000000000104, 0.3749999999999998890, 1.399999999999999689 ) ) ;
#2000 = EDGE_CURVE ( 'NONE', #1761, #1623, #1863, .T. ) ;
#2001 = VECTOR ( 'NONE', #145, 1000.000000000000000 ) ;
#2002 = EDGE_LOOP ( 'NONE', ( #427, #660, #1082, #136 ) ) ;
#2003 = AXIS2_PLACEMENT_3D ( 'NONE', #654, #2053, #1437 ) ;
#2004 = CARTESIAN_POINT ( 'NONE',  ( 0.000000000000000000, -0.6250000000000001110, 0.9249999999999998224 ) ) ;
#2005 = DIRECTION ( 'NONE',  ( 1.000000000000000000, -0.000000000000000000, -0.000000000000000000 ) ) ;
#2006 = ADVANCED_FACE ( 'NONE', ( #1024 ), #459, .F. ) ;
#2007 = ORIENTED_EDGE ( 'NONE', *, *, #1443, .F. ) ;
#2008 = DIRECTION ( 'NONE',  ( 0.000000000000000000, 4.336808689942013792E-16, -1.000000000000000000 ) ) ;
#2009 = DIRECTION ( 'NONE',  ( -1.000000000000000000, 0.000000000000000000, -0.000000000000000000 ) ) ;
#2010 = EDGE_CURVE ( 'NONE', #2335, #635, #1638, .T. ) ;
#2011 = ORIENTED_EDGE ( 'NONE', *, *, #2456, .T. ) ;
#2012 = EDGE_LOOP ( 'NONE', ( #179, #2069, #1166, #2488 ) ) ;
#2013 = EDGE_CURVE ( 'NONE', #916, #1609, #1847, .T. ) ;
#2014 = VERTEX_POINT ( 'NONE', #448 ) ;
#2015 = DIRECTION ( 'NONE',  ( -1.000000000000000000, -0.000000000000000000, -0.000000000000000000 ) ) ;
#2016 = DIRECTION ( 'NONE',  ( 0.000000000000000000, -4.336808689942015271E-16, 1.000000000000000000 ) ) ;
#2017 = VECTOR ( 'NONE', #2254, 1000.000000000000000 ) ;
#2018 = CARTESIAN_POINT ( 'NONE',  ( 0.005000000000000000104, 0.8749999999999998890, -0.9249999999999998224 ) ) ;
#2019 = FACE_OUTER_BOUND ( 'NONE', #981, .T. ) ;
#2020 = LINE ( 'NONE', #261, #1467 ) ;
#2021 = ORIENTED_EDGE ( 'NONE', *, *, #2458, .T. ) ;
#2022 = EDGE_LOOP ( 'NONE', ( #1317, #1961, #274, #846 ) ) ;
#2023 = AXIS2_PLACEMENT_3D ( 'NONE', #956, #1169, #1575 ) ;
#2024 = AXIS2_PLACEMENT_3D ( 'NONE', #2156, #628, #789 ) ;
#2025 = EDGE_CURVE ( 'NONE', #1285, #655, #2427, .T. ) ;
#2026 = ORIENTED_EDGE ( 'NONE', *, *, #2374, .T. ) ;
#2027 = LINE ( 'NONE', #1611, #1518 ) ;
#2028 = CARTESIAN_POINT ( 'NONE',  ( 0.000000000000000000, -0.3750000000000001110, 0.9249999999999998224 ) ) ;
#2029 = CARTESIAN_POINT ( 'NONE',  ( 0.000000000000000000, -0.8750000000000001110, -1.399999999999999689 ) ) ;
#2030 = PLANE ( 'NONE',  #1985 ) ;
#2031 = DIRECTION ( 'NONE',  ( -1.000000000000000000, -0.000000000000000000, -0.000000000000000000 ) ) ;
#2032 = ORIENTED_EDGE ( 'NONE', *, *, #1164, .T. ) ;
#2033 = EDGE_LOOP ( 'NONE', ( #1617, #2262, #2330, #2237 ) ) ;
#2034 = ORIENTED_EDGE ( 'NONE', *, *, #2266, .F. ) ;
#2035 = ORIENTED_EDGE ( 'NONE', *, *, #2196, .T. ) ;
#2036 = VECTOR ( 'NONE', #2308, 1000.000000000000000 ) ;
#2037 = CARTESIAN_POINT ( 'NONE',  ( 0.005000000000000000104, 1.149999999999999911, -0.1249999999999998890 ) ) ;
#2038 = SURFACE_SIDE_STYLE ('',( #1626 ) ) ;
#2039 = LINE ( 'NONE', #869, #1322 ) ;
#2040 = CARTESIAN_POINT ( 'NONE',  ( 0.005000000000000000104, -0.1250000000000001110, -0.9249999999999998224 ) ) ;
#2041 = CARTESIAN_POINT ( 'NONE',  ( 0.000000000000000000, 0.8749999999999998890, 1.399999999999999689 ) ) ;
#2042 = ORIENTED_EDGE ( 'NONE', *, *, #451, .T. ) ;
#2043 = VERTEX_POINT ( 'NONE', #2018 ) ;
#2044 = ORIENTED_EDGE ( 'NONE', *, *, #1241, .T. ) ;
#2045 = DIRECTION ( 'NONE',  ( -0.000000000000000000, -1.000000000000000000, -0.000000000000000000 ) ) ;
#2046 = EDGE_CURVE ( 'NONE', #1598, #1357, #666, .T. ) ;
#2047 = ORIENTED_EDGE ( 'NONE', *, *, #2174, .F. ) ;
#2048 = CARTESIAN_POINT ( 'NONE',  ( 0.002000000000000000042, 1.033427762039662801, -1.033427762039660580 ) ) ;
#2049 = CARTESIAN_POINT ( 'NONE',  ( 0.005000000000000000104, -0.6250000000000001110, 1.399999999999999689 ) ) ;
#2050 = DIRECTION ( 'NONE',  ( 1.000000000000000000, -0.000000000000000000, 0.000000000000000000 ) ) ;
#2051 = FACE_OUTER_BOUND ( 'NONE', #777, .T. ) ;
#2052 = AXIS2_PLACEMENT_3D ( 'NONE', #1302, #2462, #2307 ) ;
#2053 = DIRECTION ( 'NONE',  ( 1.000000000000000000, -0.000000000000000000, 0.000000000000000000 ) ) ;
#2054 = EDGE_LOOP ( 'NONE', ( #2171, #2419, #1253, #1017 ) ) ;
#2055 = VECTOR ( 'NONE', #1035, 1000.000000000000000 ) ;
#2056 = ORIENTED_EDGE ( 'NONE', *, *, #502, .T. ) ;
#2057 = VECTOR ( 'NONE', #1673, 1000.000000000000000 ) ;
#2058 = CARTESIAN_POINT ( 'NONE',  ( 0.000000000000000000, 1.149999999999999911, -0.1249999999999998890 ) ) ;
#2059 = VECTOR ( 'NONE', #1138, 1000.000000000000000 ) ;
#2060 = ORIENTED_EDGE ( 'NONE', *, *, #2199, .T. ) ;
#2061 = UNCERTAINTY_MEASURE_WITH_UNIT (LENGTH_MEASURE( 1.000000000000000082E-05 ), #658, 'distance_accuracy_value', 'NONE');
#2062 = DIRECTION ( 'NONE',  ( 0.000000000000000000, -0.000000000000000000, -1.000000000000000000 ) ) ;
#2063 = PLANE ( 'NONE',  #73 ) ;
#2064 = MECHANICAL_DESIGN_GEOMETRIC_PRESENTATION_REPRESENTATION (  '', ( #2397 ), #1861 ) ;
#2065 = LINE ( 'NONE', #2490, #1646 ) ;
#2066 = DIRECTION ( 'NONE',  ( -0.000000000000000000, -1.000000000000000000, -0.000000000000000000 ) ) ;
#2067 = DIRECTION ( 'NONE',  ( 0.000000000000000000, -1.000000000000000000, 0.000000000000000000 ) ) ;
#2068 = EDGE_CURVE ( 'NONE', #202, #97, #2039, .T. ) ;
#2069 = ORIENTED_EDGE ( 'NONE', *, *, #908, .F. ) ;
#2070 = EDGE_LOOP ( 'NONE', ( #774, #140, #2074, #1102 ) ) ;
#2071 = VECTOR ( 'NONE', #2290, 1000.000000000000000 ) ;
#2072 = LINE ( 'NONE', #1869, #1526 ) ;
#2073 = EDGE_CURVE ( 'NONE', #1410, #1761, #2403, .T. ) ;
#2074 = ORIENTED_EDGE ( 'NONE', *, *, #267, .F. ) ;
#2075 = CARTESIAN_POINT ( 'NONE',  ( 0.000000000000000000, 0.6750000000000003775, -0.6250000000000001110 ) ) ;
#2076 = DIRECTION ( 'NONE',  ( -1.000000000000000000, 0.000000000000000000, -0.000000000000000000 ) ) ;
#2077 = CARTESIAN_POINT ( 'NONE',  ( -0.8319999999999999618, 1.033427762039662801, -1.264792186376897165 ) ) ;
#2078 = CARTESIAN_POINT ( 'NONE',  ( -0.8319999999999999618, 1.110549236818742180, -1.033427762039660580 ) ) ;
#2079 = EDGE_CURVE ( 'NONE', #1811, #1669, #2439, .T. ) ;
#2080 = CARTESIAN_POINT ( 'NONE',  ( 0.005000000000000000104, 1.149999999999999911, 0.1250000000000001110 ) ) ;
#2081 = ORIENTED_EDGE ( 'NONE', *, *, #1816, .T. ) ;
#2082 = DIRECTION ( 'NONE',  ( 1.000000000000000000, 0.000000000000000000, 0.000000000000000000 ) ) ;
#2083 = EDGE_CURVE ( 'NONE', #2303, #1926, #259, .T. ) ;
#2084 = ORIENTED_EDGE ( 'NONE', *, *, #74, .T. ) ;
#2085 = FACE_OUTER_BOUND ( 'NONE', #1493, .T. ) ;
#2086 = EDGE_LOOP ( 'NONE', ( #2506, #84, #2443, #2421 ) ) ;
#2087 = EDGE_CURVE ( 'NONE', #1357, #2188, #2272, .T. ) ;
#2088 = LINE ( 'NONE', #2048, #2017 ) ;
#2089 = DIRECTION ( 'NONE',  ( 0.000000000000000000, 0.000000000000000000, -1.000000000000000000 ) ) ;
#2090 = ORIENTED_EDGE ( 'NONE', *, *, #1891, .T. ) ;
#2091 = CARTESIAN_POINT ( 'NONE',  ( -0.8319999999999999618, 0.000000000000000000, 0.000000000000000000 ) ) ;
#2092 = CARTESIAN_POINT ( 'NONE',  ( 0.005000000000000000104, 0.6750000000000003775, -0.1250000000000000555 ) ) ;
#2093 = DIRECTION ( 'NONE',  ( 0.000000000000000000, -1.000000000000000000, 4.336808689942015271E-16 ) ) ;
#2094 = VECTOR ( 'NONE', #2344, 1000.000000000000000 ) ;
#2095 = VERTEX_POINT ( 'NONE', #2300 ) ;
#2096 = DIRECTION ( 'NONE',  ( 0.000000000000000000, 0.000000000000000000, -1.000000000000000000 ) ) ;
#2097 = ORIENTED_EDGE ( 'NONE', *, *, #1264, .F. ) ;
#2098 = CARTESIAN_POINT ( 'NONE',  ( 0.005000000000000000104, -0.6750000000000002665, 0.1250000000000001110 ) ) ;
#2099 = PLANE ( 'NONE',  #1444 ) ;
#2100 = APPLICATION_CONTEXT ( 'automotive_design' ) ;
#2101 = VERTEX_POINT ( 'NONE', #1099 ) ;
#2102 = STYLED_ITEM ( 'NONE', ( #1132 ), #2420 ) ;
#2103 = EDGE_CURVE ( 'NONE', #1203, #1908, #2108, .T. ) ;
#2104 = DIRECTION ( 'NONE',  ( 1.000000000000000000, 0.000000000000000000, 0.000000000000000000 ) ) ;
#2105 = DIRECTION ( 'NONE',  ( -1.000000000000000000, -0.000000000000000000, -0.000000000000000000 ) ) ;
#2106 = VECTOR ( 'NONE', #57, 1000.000000000000000 ) ;
#2107 = ORIENTED_EDGE ( 'NONE', *, *, #1779, .F. ) ;
#2108 = LINE ( 'NONE', #521, #2141 ) ;
#2109 = CARTESIAN_POINT ( 'NONE',  ( 0.005000000000000000104, 1.149999999999999911, 0.1250000000000001110 ) ) ;
#2110 = ORIENTED_EDGE ( 'NONE', *, *, #625, .F. ) ;
#2111 = CARTESIAN_POINT ( 'NONE',  ( -0.000000000000000000, -1.149999999999999911, -0.6249999999999998890 ) ) ;
#2112 = VERTEX_POINT ( 'NONE', #495 ) ;
#2113 = CARTESIAN_POINT ( 'NONE',  ( 0.005000000000000000104, -0.1250000000000001110, -1.399999999999999689 ) ) ;
#2114 = PLANE ( 'NONE',  #1278 ) ;
#2115 = DIRECTION ( 'NONE',  ( 0.000000000000000000, 0.000000000000000000, -1.000000000000000000 ) ) ;
#2116 = CARTESIAN_POINT ( 'NONE',  ( 0.005000000000000000104, 0.6750000000000003775, 0.3749999999999999445 ) ) ;
#2117 = ORIENTED_EDGE ( 'NONE', *, *, #730, .T. ) ;
#2118 = PLANE ( 'NONE',  #1194 ) ;
#2119 = CARTESIAN_POINT ( 'NONE',  ( -0.000000000000000000, -0.3750000000000001110, 1.399999999999999689 ) ) ;
#2120 = EDGE_LOOP ( 'NONE', ( #1796, #798, #1815, #812 ) ) ;
#2121 = PLANE ( 'NONE',  #1252 ) ;
#2122 = VECTOR ( 'NONE', #920, 1000.000000000000000 ) ;
#2123 = VERTEX_POINT ( 'NONE', #1873 ) ;
#2124 = DIRECTION ( 'NONE',  ( 1.000000000000000000, -0.000000000000000000, 0.000000000000000000 ) ) ;
#2125 = SURFACE_STYLE_USAGE ( .BOTH. , #399 ) ;
#2126 = DIRECTION ( 'NONE',  ( 0.000000000000000000, -1.000000000000000000, 0.000000000000000000 ) ) ;
#2127 = FACE_BOUND ( 'NONE', #430, .T. ) ;
#2128 = ADVANCED_FACE ( 'NONE', ( #156 ), #1087, .T. ) ;
#2129 = ORIENTED_EDGE ( 'NONE', *, *, #1918, .F. ) ;
#2130 = PLANE ( 'NONE',  #2178 ) ;
#2131 = LINE ( 'NONE', #1139, #1532 ) ;
#2132 = ORIENTED_EDGE ( 'NONE', *, *, #979, .T. ) ;
#2133 = FACE_OUTER_BOUND ( 'NONE', #395, .T. ) ;
#2134 = CARTESIAN_POINT ( 'NONE',  ( 0.005000000000000000104, 0.8749999999999998890, 1.399999999999999689 ) ) ;
#2135 = ORIENTED_EDGE ( 'NONE', *, *, #1888, .F. ) ;
#2136 = CARTESIAN_POINT ( 'NONE',  ( 0.005000000000000000104, -0.6750000000000003775, -0.1250000000000000555 ) ) ;
#2137 = AXIS2_PLACEMENT_3D ( 'NONE', #1385, #577, #1747 ) ;
#2138 = DIRECTION ( 'NONE',  ( -0.000000000000000000, -0.000000000000000000, 1.000000000000000000 ) ) ;
#2139 = DIRECTION ( 'NONE',  ( -1.000000000000000000, -0.000000000000000000, -0.000000000000000000 ) ) ;
#2140 = ORIENTED_EDGE ( 'NONE', *, *, #1927, .T. ) ;
#2141 = VECTOR ( 'NONE', #329, 1000.000000000000000 ) ;
#2142 = DIRECTION ( 'NONE',  ( 1.000000000000000000, 0.000000000000000000, 0.000000000000000000 ) ) ;
#2143 = DIRECTION ( 'NONE',  ( 0.000000000000000000, -1.000000000000000000, 0.000000000000000000 ) ) ;
#2144 = VECTOR ( 'NONE', #203, 1000.000000000000000 ) ;
#2145 = VECTOR ( 'NONE', #19, 1000.000000000000000 ) ;
#2146 = EDGE_LOOP ( 'NONE', ( #2011, #711, #434, #2494 ) ) ;
#2147 = CARTESIAN_POINT ( 'NONE',  ( -0.8299999999999999600, 1.250000000000000000, -1.500000000000000000 ) ) ;
#2148 = CARTESIAN_POINT ( 'NONE',  ( 0.000000000000000000, -0.3750000000000001110, 1.399999999999999689 ) ) ;
#2149 = ORIENTED_EDGE ( 'NONE', *, *, #1512, .T. ) ;
#2150 = ADVANCED_FACE ( 'NONE', ( #1885, #1487 ), #2118, .T. ) ;
#2151 = CARTESIAN_POINT ( 'NONE',  ( 0.005000000000000000104, -0.6750000000000002665, 0.6250000000000001110 ) ) ;
#2152 = CARTESIAN_POINT ( 'NONE',  ( -0.8319999999999999618, 1.110549236818742180, -1.033427762039660580 ) ) ;
#2153 = ORIENTED_EDGE ( 'NONE', *, *, #1647, .F. ) ;
#2154 = EDGE_CURVE ( 'NONE', #951, #1469, #1663, .T. ) ;
#2155 = DIRECTION ( 'NONE',  ( 0.000000000000000000, 1.000000000000000000, 0.000000000000000000 ) ) ;
#2156 = CARTESIAN_POINT ( 'NONE',  ( 0.005000000000000000104, 0.1249999999999998890, -1.399999999999999689 ) ) ;
#2157 = EDGE_CURVE ( 'NONE', #202, #1696, #506, .T. ) ;
#2158 = ORIENTED_EDGE ( 'NONE', *, *, #2446, .T. ) ;
#2159 = FILL_AREA_STYLE_COLOUR ( '', #2163 ) ;
#2160 = EDGE_CURVE ( 'NONE', #719, #422, #1524, .T. ) ;
#2161 = LINE ( 'NONE', #582, #1740 ) ;
#2162 = ORIENTED_EDGE ( 'NONE', *, *, #1275, .T. ) ;
#2163 = COLOUR_RGB ( '',0.2000000000000000111, 0.2000000000000000111, 0.2000000000000000111 ) ;
#2164 = PLANE ( 'NONE',  #623 ) ;
#2165 = DIRECTION ( 'NONE',  ( -0.000000000000000000, -0.000000000000000000, 1.000000000000000000 ) ) ;
#2166 = DIRECTION ( 'NONE',  ( -1.000000000000000000, -0.000000000000000000, -0.000000000000000000 ) ) ;
#2167 = EDGE_CURVE ( 'NONE', #1671, #464, #129, .T. ) ;
#2168 = ORIENTED_EDGE ( 'NONE', *, *, #173, .T. ) ;
#2169 = DIRECTION ( 'NONE',  ( -1.000000000000000000, 0.000000000000000000, -0.000000000000000000 ) ) ;
#2170 = CARTESIAN_POINT ( 'NONE',  ( 0.005000000000000000104, -0.3750000000000001110, -0.9249999999999998224 ) ) ;
#2171 = ORIENTED_EDGE ( 'NONE', *, *, #409, .F. ) ;
#2172 = CARTESIAN_POINT ( 'NONE',  ( 0.005000000000000000104, -1.149999999999999911, -0.3749999999999998890 ) ) ;
#2173 = LINE ( 'NONE', #2364, #1706 ) ;
#2174 = EDGE_CURVE ( 'NONE', #490, #1602, #316, .T. ) ;
#2175 = CARTESIAN_POINT ( 'NONE',  ( 0.000000000000000000, -1.250000000000000000, 1.500000000000000000 ) ) ;
#2176 = ORIENTED_EDGE ( 'NONE', *, *, #1668, .F. ) ;
#2177 = EDGE_CURVE ( 'NONE', #474, #1063, #1928, .T. ) ;
#2178 = AXIS2_PLACEMENT_3D ( 'NONE', #2360, #1938, #368 ) ;
#2179 = DIRECTION ( 'NONE',  ( -1.000000000000000000, -0.000000000000000000, -0.000000000000000000 ) ) ;
#2180 = EDGE_CURVE ( 'NONE', #2212, #836, #2287, .T. ) ;
#2181 = DIRECTION ( 'NONE',  ( 0.000000000000000000, -1.000000000000000000, 3.423796334164754477E-16 ) ) ;
#2182 = ORIENTED_EDGE ( 'NONE', *, *, #825, .F. ) ;
#2183 = EDGE_CURVE ( 'NONE', #569, #1889, #2477, .T. ) ;
#2184 = FACE_OUTER_BOUND ( 'NONE', #1965, .T. ) ;
#2185 = DIRECTION ( 'NONE',  ( 1.000000000000000000, 0.000000000000000000, 0.000000000000000000 ) ) ;
#2186 = VECTOR ( 'NONE', #1022, 1000.000000000000000 ) ;
#2187 = AXIS2_PLACEMENT_3D ( 'NONE', #2459, #1457, #1503 ) ;
#2188 = VERTEX_POINT ( 'NONE', #883 ) ;
#2189 = CARTESIAN_POINT ( 'NONE',  ( 0.005000000000000000104, -0.6750000000000003775, -0.6250000000000001110 ) ) ;
#2190 = DIRECTION ( 'NONE',  ( -1.000000000000000000, -0.000000000000000000, -0.000000000000000000 ) ) ;
#2191 = EDGE_CURVE ( 'NONE', #862, #635, #1916, .T. ) ;
#2192 = CARTESIAN_POINT ( 'NONE',  ( 0.005000000000000000104, -0.8750000000000001110, -0.9249999999999998224 ) ) ;
#2193 = VECTOR ( 'NONE', #1157, 1000.000000000000000 ) ;
#2194 = ORIENTED_EDGE ( 'NONE', *, *, #1695, .T. ) ;
#2195 = VECTOR ( 'NONE', #2428, 1000.000000000000000 ) ;
#2196 = EDGE_CURVE ( 'NONE', #2101, #2014, #1702, .T. ) ;
#2197 = ADVANCED_FACE ( 'NONE', ( #1902 ), #553, .F. ) ;
#2198 = ORIENTED_EDGE ( 'NONE', *, *, #233, .T. ) ;
#2199 = EDGE_CURVE ( 'NONE', #520, #1623, #2065, .T. ) ;
#2200 = CARTESIAN_POINT ( 'NONE',  ( -0.8299999999999999600, -1.250000000000000000, -1.500000000000000000 ) ) ;
#2201 = PLANE ( 'NONE',  #1522 ) ;
#2202 = VECTOR ( 'NONE', #575, 1000.000000000000000 ) ;
#2203 = ORIENTED_EDGE ( 'NONE', *, *, #1536, .F. ) ;
#2204 = DIRECTION ( 'NONE',  ( 1.000000000000000000, 0.000000000000000000, -0.000000000000000000 ) ) ;
#2205 = DIRECTION ( 'NONE',  ( 0.000000000000000000, 1.000000000000000000, 0.000000000000000000 ) ) ;
#2206 = CARTESIAN_POINT ( 'NONE',  ( 0.000000000000000000, 0.6750000000000002665, -0.3749999999999998890 ) ) ;
#2207 = EDGE_CURVE ( 'NONE', #1739, #1336, #1510, .T. ) ;
#2208 = ORIENTED_EDGE ( 'NONE', *, *, #548, .T. ) ;
#2209 = EDGE_LOOP ( 'NONE', ( #1775, #1352, #1577, #1660 ) ) ;
#2210 = DIRECTION ( 'NONE',  ( 0.000000000000000000, 0.000000000000000000, -1.000000000000000000 ) ) ;
#2211 = DIRECTION ( 'NONE',  ( -0.000000000000000000, 1.000000000000000000, 4.336808689942015271E-16 ) ) ;
#2212 = VERTEX_POINT ( 'NONE', #694 ) ;
#2213 = CARTESIAN_POINT ( 'NONE',  ( 0.005000000000000000104, 0.6249999999999998890, -1.399999999999999689 ) ) ;
#2214 = DIRECTION ( 'NONE',  ( -1.000000000000000000, 0.000000000000000000, 0.000000000000000000 ) ) ;
#2215 = CARTESIAN_POINT ( 'NONE',  ( 0.000000000000000000, -1.250000000000000000, -1.500000000000000000 ) ) ;
#2216 = VERTEX_POINT ( 'NONE', #501 ) ;
#2217 = ORIENTED_EDGE ( 'NONE', *, *, #1707, .T. ) ;
#2218 = ORIENTED_EDGE ( 'NONE', *, *, #1891, .F. ) ;
#2219 = DIRECTION ( 'NONE',  ( -1.000000000000000000, 0.000000000000000000, 0.000000000000000000 ) ) ;
#2220 = CARTESIAN_POINT ( 'NONE',  ( 0.005000000000000000104, 1.149999999999999911, -0.1249999999999998890 ) ) ;
#2221 = LINE ( 'NONE', #2029, #1733 ) ;
#2222 = CARTESIAN_POINT ( 'NONE',  ( 0.005000000000000000104, 0.6750000000000003775, -0.6250000000000001110 ) ) ;
#2223 = ORIENTED_EDGE ( 'NONE', *, *, #1970, .T. ) ;
#2224 = AXIS2_PLACEMENT_3D ( 'NONE', #713, #305, #922 ) ;
#2225 = ORIENTED_EDGE ( 'NONE', *, *, #607, .T. ) ;
#2226 = VECTOR ( 'NONE', #1785, 1000.000000000000000 ) ;
#2227 = ORIENTED_EDGE ( 'NONE', *, *, #207, .F. ) ;
#2228 = VECTOR ( 'NONE', #1886, 1000.000000000000000 ) ;
#2229 = EDGE_LOOP ( 'NONE', ( #1514, #2341, #236, #1172 ) ) ;
#2230 = CARTESIAN_POINT ( 'NONE',  ( 0.000000000000000000, -0.6250000000000001110, 1.399999999999999689 ) ) ;
#2231 = DIRECTION ( 'NONE',  ( -1.000000000000000000, -0.000000000000000000, -0.000000000000000000 ) ) ;
#2232 = EDGE_CURVE ( 'NONE', #1357, #1739, #488, .T. ) ;
#2233 = DIRECTION ( 'NONE',  ( 0.000000000000000000, 0.000000000000000000, -1.000000000000000000 ) ) ;
#2234 = PRESENTATION_STYLE_ASSIGNMENT (( #833 ) ) ;
#2235 = LINE ( 'NONE', #2222, #1254 ) ;
#2236 = ORIENTED_EDGE ( 'NONE', *, *, #454, .F. ) ;
#2237 = ORIENTED_EDGE ( 'NONE', *, *, #1922, .T. ) ;
#2238 = EDGE_CURVE ( 'NONE', #230, #685, #720, .T. ) ;
#2239 = ORIENTED_EDGE ( 'NONE', *, *, #985, .F. ) ;
#2240 = CARTESIAN_POINT ( 'NONE',  ( 0.005000000000000000104, 0.6750000000000002665, 0.6250000000000001110 ) ) ;
#2241 = VERTEX_POINT ( 'NONE', #322 ) ;
#2242 = VECTOR ( 'NONE', #2327, 1000.000000000000000 ) ;
#2243 = DIRECTION ( 'NONE',  ( 0.000000000000000000, -1.000000000000000000, 0.000000000000000000 ) ) ;
#2244 = DIRECTION ( 'NONE',  ( -0.000000000000000000, -0.000000000000000000, 1.000000000000000000 ) ) ;
#2245 = VECTOR ( 'NONE', #634, 1000.000000000000000 ) ;
#2246 = CARTESIAN_POINT ( 'NONE',  ( 0.005000000000000000104, -0.6250000000000001110, -1.399999999999999689 ) ) ;
#2247 = CARTESIAN_POINT ( 'NONE',  ( 0.005000000000000000104, -0.6250000000000001110, 1.399999999999999689 ) ) ;
#2248 = CARTESIAN_POINT ( 'NONE',  ( 0.005000000000000000104, 0.6249999999999998890, -0.9249999999999998224 ) ) ;
#2249 = ORIENTED_EDGE ( 'NONE', *, *, #639, .T. ) ;
#2250 = ORIENTED_EDGE ( 'NONE', *, *, #2370, .F. ) ;
#2251 = LINE ( 'NONE', #135, #95 ) ;
#2252 = ORIENTED_EDGE ( 'NONE', *, *, #2160, .T. ) ;
#2253 = EDGE_CURVE ( 'NONE', #1197, #131, #2251, .T. ) ;
#2254 = DIRECTION ( 'NONE',  ( 0.000000000000000000, 0.000000000000000000, -1.000000000000000000 ) ) ;
#2255 = CARTESIAN_POINT ( 'NONE',  ( -0.8299999999999999600, 1.250000000000000000, -1.500000000000000000 ) ) ;
#2256 = ADVANCED_FACE ( 'NONE', ( #2085 ), #514, .F. ) ;
#2257 = DIRECTION ( 'NONE',  ( 0.000000000000000000, -1.000000000000000000, 0.000000000000000000 ) ) ;
#2258 = DIRECTION ( 'NONE',  ( 0.000000000000000000, -0.000000000000000000, -1.000000000000000000 ) ) ;
#2259 = AXIS2_PLACEMENT_3D ( 'NONE', #879, #1097, #1494 ) ;
#2260 = CARTESIAN_POINT ( 'NONE',  ( 0.000000000000000000, 0.3749999999999998890, -1.399999999999999689 ) ) ;
#2261 = EDGE_CURVE ( 'NONE', #422, #1269, #707, .T. ) ;
#2262 = ORIENTED_EDGE ( 'NONE', *, *, #1236, .F. ) ;
#2263 = EDGE_LOOP ( 'NONE', ( #1567, #1721, #1580, #1766 ) ) ;
#2264 = VECTOR ( 'NONE', #1830, 1000.000000000000000 ) ;
#2265 = FACE_OUTER_BOUND ( 'NONE', #242, .T. ) ;
#2266 = EDGE_CURVE ( 'NONE', #1093, #790, #2072, .T. ) ;
#2267 = ORIENTED_EDGE ( 'NONE', *, *, #207, .T. ) ;
#2268 = UNCERTAINTY_MEASURE_WITH_UNIT (LENGTH_MEASURE( 1.000000000000000082E-05 ), #2304, 'distance_accuracy_value', 'NONE');
#2269 = LINE ( 'NONE', #1871, #1270 ) ;
#2270 = FACE_OUTER_BOUND ( 'NONE', #975, .T. ) ;
#2271 = EDGE_CURVE ( 'NONE', #473, #1220, #1471, .T. ) ;
#2272 = LINE ( 'NONE', #2500, #1983 ) ;
#2273 = DIRECTION ( 'NONE',  ( 0.000000000000000000, -1.000000000000000000, 0.000000000000000000 ) ) ;
#2274 = LINE ( 'NONE', #378, #2202 ) ;
#2275 = DIRECTION ( 'NONE',  ( 0.000000000000000000, -0.000000000000000000, -1.000000000000000000 ) ) ;
#2276 = DIRECTION ( 'NONE',  ( 0.000000000000000000, -4.336808689942015271E-16, -1.000000000000000000 ) ) ;
#2277 = ORIENTED_EDGE ( 'NONE', *, *, #1284, .F. ) ;
#2278 = AXIS2_PLACEMENT_3D ( 'NONE', #2152, #1790, #390 ) ;
#2279 = DIRECTION ( 'NONE',  ( 0.000000000000000000, -1.000000000000000000, 0.000000000000000000 ) ) ;
#2280 = ORIENTED_EDGE ( 'NONE', *, *, #1434, .F. ) ;
#2281 = PLANE ( 'NONE',  #579 ) ;
#2282 = CARTESIAN_POINT ( 'NONE',  ( -0.8299999999999999600, 1.250000000000000000, 1.500000000000000000 ) ) ;
#2283 = AXIS2_PLACEMENT_3D ( 'NONE', #2134, #1559, #2340 ) ;
#2284 = VECTOR ( 'NONE', #1751, 1000.000000000000000 ) ;
#2285 = VERTEX_POINT ( 'NONE', #1105 ) ;
#2286 = VECTOR ( 'NONE', #2392, 1000.000000000000000 ) ;
#2287 = LINE ( 'NONE', #1111, #1486 ) ;
#2288 = CARTESIAN_POINT ( 'NONE',  ( 0.000000000000000000, -0.1250000000000001110, 1.399999999999999689 ) ) ;
#2289 = VECTOR ( 'NONE', #1840, 1000.000000000000000 ) ;
#2290 = DIRECTION ( 'NONE',  ( 0.000000000000000000, 0.000000000000000000, -1.000000000000000000 ) ) ;
#2291 = VERTEX_POINT ( 'NONE', #477 ) ;
#2292 = VERTEX_POINT ( 'NONE', #339 ) ;
#2293 = ADVANCED_FACE ( 'NONE', ( #1272 ), #1094, .F. ) ;
#2294 = DIRECTION ( 'NONE',  ( -1.000000000000000000, -0.000000000000000000, -0.000000000000000000 ) ) ;
#2295 = CARTESIAN_POINT ( 'NONE',  ( 0.005000000000000000104, -0.6250000000000001110, -0.9249999999999998224 ) ) ;
#2296 = ORIENTED_EDGE ( 'NONE', *, *, #1862, .F. ) ;
#2297 = CARTESIAN_POINT ( 'NONE',  ( 0.000000000000000000, -0.6750000000000002665, 0.6250000000000001110 ) ) ;
#2298 =( NAMED_UNIT ( * ) SI_UNIT ( $, .STERADIAN. ) SOLID_ANGLE_UNIT ( ) );
#2299 = VERTEX_POINT ( 'NONE', #2058 ) ;
#2300 = CARTESIAN_POINT ( 'NONE',  ( -0.000000000000000000, -0.8750000000000001110, 1.399999999999999689 ) ) ;
#2301 = LINE ( 'NONE', #538, #1077 ) ;
#2302 = VECTOR ( 'NONE', #2015, 1000.000000000000000 ) ;
#2303 = VERTEX_POINT ( 'NONE', #930 ) ;
#2304 =( LENGTH_UNIT ( ) NAMED_UNIT ( * ) SI_UNIT ( .MILLI., .METRE. ) );
#2305 = VERTEX_POINT ( 'NONE', #917 ) ;
#2306 = CARTESIAN_POINT ( 'NONE',  ( 0.000000000000000000, -0.1250000000000001110, -0.9249999999999998224 ) ) ;
#2307 = DIRECTION ( 'NONE',  ( 0.000000000000000000, -1.000000000000000000, 4.565061778886337988E-16 ) ) ;
#2308 = DIRECTION ( 'NONE',  ( -1.000000000000000000, -0.000000000000000000, -0.000000000000000000 ) ) ;
#2309 = VECTOR ( 'NONE', #78, 1000.000000000000000 ) ;
#2310 = ORIENTED_EDGE ( 'NONE', *, *, #433, .T. ) ;
#2311 = CARTESIAN_POINT ( 'NONE',  ( 0.000000000000000000, 0.6249999999999998890, -0.9249999999999998224 ) ) ;
#2312 = LINE ( 'NONE', #2288, #915 ) ;
#2313 = VECTOR ( 'NONE', #936, 1000.000000000000000 ) ;
#2314 = ORIENTED_EDGE ( 'NONE', *, *, #2046, .T. ) ;
#2315 = LINE ( 'NONE', #159, #565 ) ;
#2316 = VERTEX_POINT ( 'NONE', #2435 ) ;
#2317 = EDGE_CURVE ( 'NONE', #1671, #1669, #1492, .T. ) ;
#2318 = CARTESIAN_POINT ( 'NONE',  ( 0.005000000000000000104, 0.1249999999999998890, -1.399999999999999689 ) ) ;
#2319 = LINE ( 'NONE', #1762, #1193 ) ;
#2320 = VECTOR ( 'NONE', #1171, 1000.000000000000000 ) ;
#2321 = LINE ( 'NONE', #1144, #659 ) ;
#2322 = FACE_BOUND ( 'NONE', #1271, .T. ) ;
#2323 = EDGE_LOOP ( 'NONE', ( #1656, #2415, #612, #232 ) ) ;
#2324 = CARTESIAN_POINT ( 'NONE',  ( 0.005000000000000000104, 0.000000000000000000, 0.000000000000000000 ) ) ;
#2325 = DIRECTION ( 'NONE',  ( 0.000000000000000000, 0.000000000000000000, 1.000000000000000000 ) ) ;
#2326 = ORIENTED_EDGE ( 'NONE', *, *, #2154, .F. ) ;
#2327 = DIRECTION ( 'NONE',  ( 0.000000000000000000, 1.000000000000000000, 0.000000000000000000 ) ) ;
#2328 = VECTOR ( 'NONE', #1218, 1000.000000000000000 ) ;
#2329 = CARTESIAN_POINT ( 'NONE',  ( 0.005000000000000000104, 0.8749999999999998890, 1.399999999999999689 ) ) ;
#2330 = ORIENTED_EDGE ( 'NONE', *, *, #2177, .F. ) ;
#2331 = VECTOR ( 'NONE', #1251, 1000.000000000000000 ) ;
#2332 = DIRECTION ( 'NONE',  ( -0.000000000000000000, 4.336808689942014778E-16, 1.000000000000000000 ) ) ;
#2333 = DIRECTION ( 'NONE',  ( -0.000000000000000000, 1.000000000000000000, -3.423796334164753491E-16 ) ) ;
#2334 =( LENGTH_UNIT ( ) NAMED_UNIT ( * ) SI_UNIT ( .MILLI., .METRE. ) );
#2335 = VERTEX_POINT ( 'NONE', #301 ) ;
#2336 = CARTESIAN_POINT ( 'NONE',  ( 0.005000000000000000104, -1.149999999999999911, -0.3749999999999998890 ) ) ;
#2337 = PLANE ( 'NONE',  #264 ) ;
#2338 = ORIENTED_EDGE ( 'NONE', *, *, #1470, .F. ) ;
#2339 = SURFACE_SIDE_STYLE ('',( #1953 ) ) ;
#2340 = DIRECTION ( 'NONE',  ( 0.000000000000000000, -0.000000000000000000, -1.000000000000000000 ) ) ;
#2341 = ORIENTED_EDGE ( 'NONE', *, *, #1951, .F. ) ;
#2342 = EDGE_CURVE ( 'NONE', #422, #193, #114, .T. ) ;
#2343 = FACE_OUTER_BOUND ( 'NONE', #56, .T. ) ;
#2344 = DIRECTION ( 'NONE',  ( 0.000000000000000000, 0.000000000000000000, 1.000000000000000000 ) ) ;
#2345 = ORIENTED_EDGE ( 'NONE', *, *, #780, .F. ) ;
#2346 = ADVANCED_FACE ( 'NONE', ( #1694 ), #2484, .F. ) ;
#2347 = VECTOR ( 'NONE', #2294, 1000.000000000000000 ) ;
#2348 = DIRECTION ( 'NONE',  ( 0.000000000000000000, 0.000000000000000000, -1.000000000000000000 ) ) ;
#2349 = FACE_OUTER_BOUND ( 'NONE', #2086, .T. ) ;
#2350 = ADVANCED_FACE ( 'NONE', ( #2265 ), #1879, .F. ) ;
#2351 = VECTOR ( 'NONE', #1903, 1000.000000000000000 ) ;
#2352 = ORIENTED_EDGE ( 'NONE', *, *, #1893, .F. ) ;
#2353 = CARTESIAN_POINT ( 'NONE',  ( 0.000000000000000000, 1.250000000000000000, 1.500000000000000000 ) ) ;
#2354 = CARTESIAN_POINT ( 'NONE',  ( 0.000000000000000000, 0.1249999999999998890, -0.9249999999999998224 ) ) ;
#2355 = CARTESIAN_POINT ( 'NONE',  ( -0.8299999999999999600, -1.250000000000000000, 1.500000000000000000 ) ) ;
#2356 = ADVANCED_FACE ( 'NONE', ( #1312 ), #2099, .F. ) ;
#2357 = DIRECTION ( 'NONE',  ( 0.000000000000000000, 1.000000000000000000, 0.000000000000000000 ) ) ;
#2358 = DIRECTION ( 'NONE',  ( 0.000000000000000000, -1.000000000000000000, -4.565061778886337988E-16 ) ) ;
#2359 = ORIENTED_EDGE ( 'NONE', *, *, #1631, .T. ) ;
#2360 = CARTESIAN_POINT ( 'NONE',  ( -0.8319999999999999618, 1.033427762039662801, -1.033427762039660580 ) ) ;
#2361 = PLANE ( 'NONE',  #861 ) ;
#2362 = ORIENTED_EDGE ( 'NONE', *, *, #2167, .T. ) ;
#2363 = CARTESIAN_POINT ( 'NONE',  ( 0.000000000000000000, -1.149999999999999911, 0.6250000000000001110 ) ) ;
#2364 = CARTESIAN_POINT ( 'NONE',  ( 0.005000000000000000104, 1.149999999999999911, 0.1250000000000001110 ) ) ;
#2365 = CARTESIAN_POINT ( 'NONE',  ( 0.005000000000000000104, 0.3749999999999998890, -0.9249999999999998224 ) ) ;
#2366 = ORIENTED_EDGE ( 'NONE', *, *, #2408, .F. ) ;
#2367 = EDGE_CURVE ( 'NONE', #2112, #328, #149, .T. ) ;
#2368 = AXIS2_PLACEMENT_3D ( 'NONE', #1485, #1728, #2512 ) ;
#2369 = CARTESIAN_POINT ( 'NONE',  ( 0.005000000000000000104, 1.149999999999999911, -0.3749999999999998890 ) ) ;
#2370 = EDGE_CURVE ( 'NONE', #97, #1391, #288, .T. ) ;
#2371 = CARTESIAN_POINT ( 'NONE',  ( 0.005000000000000000104, 0.6249999999999998890, -0.9249999999999998224 ) ) ;
#2372 = DIRECTION ( 'NONE',  ( -0.000000000000000000, 3.423796334164754477E-16, 1.000000000000000000 ) ) ;
#2373 = ORIENTED_EDGE ( 'NONE', *, *, #709, .T. ) ;
#2374 = EDGE_CURVE ( 'NONE', #1203, #202, #1168, .T. ) ;
#2375 = FACE_OUTER_BOUND ( 'NONE', #693, .T. ) ;
#2376 = DIRECTION ( 'NONE',  ( 0.000000000000000000, 0.000000000000000000, -1.000000000000000000 ) ) ;
#2377 = ORIENTED_EDGE ( 'NONE', *, *, #262, .T. ) ;
#2378 = DIRECTION ( 'NONE',  ( 0.000000000000000000, 4.336808689942013792E-16, -1.000000000000000000 ) ) ;
#2379 = CARTESIAN_POINT ( 'NONE',  ( -0.000000000000000000, 0.3749999999999998890, -1.399999999999999689 ) ) ;
#2380 = CARTESIAN_POINT ( 'NONE',  ( -0.8319999999999999618, 1.110549236818742180, -1.033427762039660580 ) ) ;
#2381 = ADVANCED_FACE ( 'NONE', ( #375 ), #2164, .F. ) ;
#2382 = EDGE_CURVE ( 'NONE', #115, #487, #584, .T. ) ;
#2383 = VECTOR ( 'NONE', #1246, 1000.000000000000000 ) ;
#2384 = ORIENTED_EDGE ( 'NONE', *, *, #886, .T. ) ;
#2385 = FACE_OUTER_BOUND ( 'NONE', #1023, .T. ) ;
#2386 = LINE ( 'NONE', #2529, #705 ) ;
#2387 = VECTOR ( 'NONE', #840, 1000.000000000000000 ) ;
#2388 = ADVANCED_FACE ( 'NONE', ( #352 ), #1340, .F. ) ;
#2389 = COLOUR_RGB ( '',0.2000000000000000111, 0.2000000000000000111, 0.2000000000000000111 ) ;
#2390 = ORIENTED_EDGE ( 'NONE', *, *, #82, .T. ) ;
#2391 = DIRECTION ( 'NONE',  ( -0.000000000000000000, 1.000000000000000000, 0.000000000000000000 ) ) ;
#2392 = DIRECTION ( 'NONE',  ( -1.000000000000000000, -0.000000000000000000, -0.000000000000000000 ) ) ;
#2393 = CARTESIAN_POINT ( 'NONE',  ( 0.002000000000000000042, 1.033427762039662801, -1.033427762039660580 ) ) ;
#2394 = ORIENTED_EDGE ( 'NONE', *, *, #96, .F. ) ;
#2395 = ORIENTED_EDGE ( 'NONE', *, *, #809, .F. ) ;
#2396 = LINE ( 'NONE', #1607, #229 ) ;
#2397 = STYLED_ITEM ( 'NONE', ( #2234 ), #605 ) ;
#2398 = ORIENTED_EDGE ( 'NONE', *, *, #924, .T. ) ;
#2399 = CARTESIAN_POINT ( 'NONE',  ( 0.000000000000000000, 1.149999999999999911, 0.1250000000000001110 ) ) ;
#2400 = CARTESIAN_POINT ( 'NONE',  ( 0.005000000000000000104, 0.6750000000000003775, 0.3749999999999999445 ) ) ;
#2401 = VECTOR ( 'NONE', #296, 1000.000000000000000 ) ;
#2402 = ORIENTED_EDGE ( 'NONE', *, *, #1556, .F. ) ;
#2403 = LINE ( 'NONE', #2213, #1857 ) ;
#2404 = DIRECTION ( 'NONE',  ( -0.000000000000000000, -0.000000000000000000, 1.000000000000000000 ) ) ;
#2405 = DIRECTION ( 'NONE',  ( 0.000000000000000000, 1.000000000000000000, 0.000000000000000000 ) ) ;
#2406 = EDGE_LOOP ( 'NONE', ( #1878, #1546, #953, #426 ) ) ;
#2407 = ORIENTED_EDGE ( 'NONE', *, *, #150, .F. ) ;
#2408 = EDGE_CURVE ( 'NONE', #1414, #1843, #1534, .T. ) ;
#2409 = ORIENTED_EDGE ( 'NONE', *, *, #267, .T. ) ;
#2410 = LINE ( 'NONE', #1034, #1810 ) ;
#2411 = SURFACE_STYLE_USAGE ( .BOTH. , #2038 ) ;
#2412 = DIRECTION ( 'NONE',  ( 0.000000000000000000, -0.000000000000000000, -1.000000000000000000 ) ) ;
#2413 = CARTESIAN_POINT ( 'NONE',  ( -0.8299999999999999600, -1.250000000000000000, -1.500000000000000000 ) ) ;
#2414 = LINE ( 'NONE', #2206, #568 ) ;
#2415 = ORIENTED_EDGE ( 'NONE', *, *, #479, .F. ) ;
#2416 = ORIENTED_EDGE ( 'NONE', *, *, #1050, .F. ) ;
#2417 = CARTESIAN_POINT ( 'NONE',  ( 0.002000000000000000042, 1.033427762039662801, -1.033427762039660580 ) ) ;
#2418 = EDGE_CURVE ( 'NONE', #1473, #230, #1354, .T. ) ;
#2419 = ORIENTED_EDGE ( 'NONE', *, *, #281, .F. ) ;
#2420 = ADVANCED_FACE ( 'NONE', ( #748 ), #12, .F. ) ;
#2421 = ORIENTED_EDGE ( 'NONE', *, *, #1443, .T. ) ;
#2422 = VECTOR ( 'NONE', #2357, 1000.000000000000000 ) ;
#2423 = UNCERTAINTY_MEASURE_WITH_UNIT (LENGTH_MEASURE( 1.000000000000000082E-05 ), #1389, 'distance_accuracy_value', 'NONE');
#2424 = DIRECTION ( 'NONE',  ( 0.000000000000000000, 0.000000000000000000, -1.000000000000000000 ) ) ;
#2425 = LINE ( 'NONE', #257, #1404 ) ;
#2426 = ADVANCED_FACE ( 'NONE', ( #2343 ), #2114, .T. ) ;
#2427 = LINE ( 'NONE', #1812, #1527 ) ;
#2428 = DIRECTION ( 'NONE',  ( -1.000000000000000000, -0.000000000000000000, -0.000000000000000000 ) ) ;
#2429 = LINE ( 'NONE', #668, #396 ) ;
#2430 = ORIENTED_EDGE ( 'NONE', *, *, #979, .F. ) ;
#2431 = AXIS2_PLACEMENT_3D ( 'NONE', #1066, #1659, #1300 ) ;
#2432 = EDGE_LOOP ( 'NONE', ( #1770, #1684, #298, #323 ) ) ;
#2433 = VECTOR ( 'NONE', #1217, 1000.000000000000000 ) ;
#2434 = ORIENTED_EDGE ( 'NONE', *, *, #1726, .F. ) ;
#2435 = CARTESIAN_POINT ( 'NONE',  ( 0.005000000000000000104, 0.6750000000000002665, 0.6250000000000001110 ) ) ;
#2436 = ORIENTED_EDGE ( 'NONE', *, *, #1970, .F. ) ;
#2437 = PLANE ( 'NONE',  #1399 ) ;
#2438 = CARTESIAN_POINT ( 'NONE',  ( -0.8319999999999999618, 1.033427762039662801, -1.033427762039660580 ) ) ;
#2439 = LINE ( 'NONE', #676, #1072 ) ;
#2440 = DIRECTION ( 'NONE',  ( -0.000000000000000000, -1.000000000000000000, -0.000000000000000000 ) ) ;
#2441 = EDGE_LOOP ( 'NONE', ( #1459, #1564, #251, #1649 ) ) ;
#2442 = EDGE_CURVE ( 'NONE', #300, #2316, #2319, .T. ) ;
#2443 = ORIENTED_EDGE ( 'NONE', *, *, #1836, .F. ) ;
#2444 = EDGE_CURVE ( 'NONE', #790, #2112, #594, .T. ) ;
#2445 = DIRECTION ( 'NONE',  ( -0.000000000000000000, 1.000000000000000000, -3.423796334164753491E-16 ) ) ;
#2446 = EDGE_CURVE ( 'NONE', #275, #2305, #1548, .T. ) ;
#2447 = EDGE_LOOP ( 'NONE', ( #312, #206, #1323, #406 ) ) ;
#2448 = VECTOR ( 'NONE', #1296, 1000.000000000000000 ) ;
#2449 = PLANE ( 'NONE',  #50 ) ;
#2450 = DIRECTION ( 'NONE',  ( 0.000000000000000000, 0.000000000000000000, -1.000000000000000000 ) ) ;
#2451 = EDGE_CURVE ( 'NONE', #2335, #1410, #732, .T. ) ;
#2452 = DIRECTION ( 'NONE',  ( -1.000000000000000000, -0.000000000000000000, -0.000000000000000000 ) ) ;
#2453 = LINE ( 'NONE', #567, #1652 ) ;
#2454 = LINE ( 'NONE', #1563, #2071 ) ;
#2455 = ORIENTED_EDGE ( 'NONE', *, *, #960, .T. ) ;
#2456 = EDGE_CURVE ( 'NONE', #1410, #520, #1392, .T. ) ;
#2457 = ORIENTED_EDGE ( 'NONE', *, *, #1720, .F. ) ;
#2458 = EDGE_CURVE ( 'NONE', #62, #1505, #810, .T. ) ;
#2459 = CARTESIAN_POINT ( 'NONE',  ( 0.005000000000000000104, 0.000000000000000000, 0.000000000000000000 ) ) ;
#2460 = EDGE_CURVE ( 'NONE', #2285, #115, #824, .T. ) ;
#2461 = ORIENTED_EDGE ( 'NONE', *, *, #1647, .T. ) ;
#2462 = DIRECTION ( 'NONE',  ( -0.000000000000000000, 4.565061778886337988E-16, 1.000000000000000000 ) ) ;
#2463 = CARTESIAN_POINT ( 'NONE',  ( 0.005000000000000000104, -0.3750000000000001110, 1.399999999999999689 ) ) ;
#2464 = CARTESIAN_POINT ( 'NONE',  ( -0.8299999999999999600, 0.000000000000000000, 0.000000000000000000 ) ) ;
#2465 = CARTESIAN_POINT ( 'NONE',  ( 0.005000000000000000104, 0.8749999999999998890, -1.399999999999999689 ) ) ;
#2466 = AXIS2_PLACEMENT_3D ( 'NONE', #958, #2142, #420 ) ;
#2467 = CARTESIAN_POINT ( 'NONE',  ( 0.005000000000000000104, -1.149999999999999911, 0.1250000000000001110 ) ) ;
#2468 = DIRECTION ( 'NONE',  ( 0.000000000000000000, -1.000000000000000000, 0.000000000000000000 ) ) ;
#2469 = VERTEX_POINT ( 'NONE', #1819 ) ;
#2470 = VECTOR ( 'NONE', #1318, 1000.000000000000000 ) ;
#2471 = DIRECTION ( 'NONE',  ( -0.000000000000000000, 3.423796334164754477E-16, 1.000000000000000000 ) ) ;
#2472 = ORIENTED_EDGE ( 'NONE', *, *, #2446, .F. ) ;
#2473 = VECTOR ( 'NONE', #167, 1000.000000000000000 ) ;
#2474 = FACE_OUTER_BOUND ( 'NONE', #467, .T. ) ;
#2475 = FACE_BOUND ( 'NONE', #2406, .T. ) ;
#2476 = ORIENTED_EDGE ( 'NONE', *, *, #3, .F. ) ;
#2477 = LINE ( 'NONE', #120, #1855 ) ;
#2478 = DIRECTION ( 'NONE',  ( -1.000000000000000000, 0.000000000000000000, -0.000000000000000000 ) ) ;
#2479 = EDGE_CURVE ( 'NONE', #2101, #474, #1984, .T. ) ;
#2480 = CARTESIAN_POINT ( 'NONE',  ( -0.000000000000000000, 0.3749999999999998890, -0.9249999999999998224 ) ) ;
#2481 = ORIENTED_EDGE ( 'NONE', *, *, #1918, .T. ) ;
#2482 = CARTESIAN_POINT ( 'NONE',  ( 0.000000000000000000, -0.6750000000000002665, 0.1250000000000001110 ) ) ;
#2483 = EDGE_LOOP ( 'NONE', ( #462, #803, #268, #1539 ) ) ;
#2484 = PLANE ( 'NONE',  #2187 ) ;
#2485 = VERTEX_POINT ( 'NONE', #1999 ) ;
#2486 = DIRECTION ( 'NONE',  ( 0.000000000000000000, 0.000000000000000000, -1.000000000000000000 ) ) ;
#2487 = FACE_OUTER_BOUND ( 'NONE', #2209, .T. ) ;
#2488 = ORIENTED_EDGE ( 'NONE', *, *, #1284, .T. ) ;
#2489 = AXIS2_PLACEMENT_3D ( 'NONE', #1177, #1798, #1995 ) ;
#2490 = CARTESIAN_POINT ( 'NONE',  ( 0.005000000000000000104, 0.8749999999999998890, -1.399999999999999689 ) ) ;
#2491 = FACE_OUTER_BOUND ( 'NONE', #531, .T. ) ;
#2492 = CARTESIAN_POINT ( 'NONE',  ( 0.005000000000000000104, -0.6750000000000003775, -0.6250000000000001110 ) ) ;
#2493 = FACE_BOUND ( 'NONE', #383, .T. ) ;
#2494 = ORIENTED_EDGE ( 'NONE', *, *, #2451, .T. ) ;
#2495 = CARTESIAN_POINT ( 'NONE',  ( 0.005000000000000000104, 1.149999999999999911, 0.1250000000000001110 ) ) ;
#2496 = DIRECTION ( 'NONE',  ( -1.000000000000000000, -0.000000000000000000, -0.000000000000000000 ) ) ;
#2497 = FACE_OUTER_BOUND ( 'NONE', #2519, .T. ) ;
#2498 = CARTESIAN_POINT ( 'NONE',  ( 0.005000000000000000104, 0.6249999999999998890, 1.399999999999999689 ) ) ;
#2499 = ORIENTED_EDGE ( 'NONE', *, *, #1259, .F. ) ;
#2500 = CARTESIAN_POINT ( 'NONE',  ( 0.005000000000000000104, -1.149999999999999911, 0.3750000000000001110 ) ) ;
#2501 = LINE ( 'NONE', #330, #749 ) ;
#2502 = EDGE_CURVE ( 'NONE', #969, #128, #1004, .T. ) ;
#2503 = VECTOR ( 'NONE', #403, 1000.000000000000000 ) ;
#2504 = ORIENTED_EDGE ( 'NONE', *, *, #1893, .T. ) ;
#2505 = PLANE ( 'NONE',  #1665 ) ;
#2506 = ORIENTED_EDGE ( 'NONE', *, *, #1951, .T. ) ;
#2507 = CARTESIAN_POINT ( 'NONE',  ( -0.8299999999999999600, 1.110549236818742180, -1.264792186376897165 ) ) ;
#2508 = DIRECTION ( 'NONE',  ( -0.000000000000000000, -0.000000000000000000, -1.000000000000000000 ) ) ;
#2509 = AXIS2_PLACEMENT_3D ( 'NONE', #2282, #325, #493 ) ;
#2510 = VECTOR ( 'NONE', #935, 1000.000000000000000 ) ;
#2511 = LINE ( 'NONE', #2525, #1028 ) ;
#2512 = DIRECTION ( 'NONE',  ( 0.000000000000000000, -0.000000000000000000, -1.000000000000000000 ) ) ;
#2513 = VECTOR ( 'NONE', #1603, 1000.000000000000000 ) ;
#2514 = VERTEX_POINT ( 'NONE', #1018 ) ;
#2515 = DIRECTION ( 'NONE',  ( 0.000000000000000000, 0.000000000000000000, -1.000000000000000000 ) ) ;
#2516 = CARTESIAN_POINT ( 'NONE',  ( 0.005000000000000000104, -0.6250000000000001110, 1.399999999999999689 ) ) ;
#2517 = COLOUR_RGB ( '',0.2000000000000000111, 0.2000000000000000111, 0.2000000000000000111 ) ;
#2518 = EDGE_CURVE ( 'NONE', #2216, #490, #2396, .T. ) ;
#2519 = EDGE_LOOP ( 'NONE', ( #125, #2314, #1618, #990 ) ) ;
#2520 = FACE_OUTER_BOUND ( 'NONE', #155, .T. ) ;
#2521 = LINE ( 'NONE', #186, #2284 ) ;
#2522 = EDGE_LOOP ( 'NONE', ( #671, #2436, #2430, #1974 ) ) ;
#2523 = DIRECTION ( 'NONE',  ( 0.000000000000000000, 1.000000000000000000, 0.000000000000000000 ) ) ;
#2524 = EDGE_CURVE ( 'NONE', #1414, #1468, #1041, .T. ) ;
#2525 = CARTESIAN_POINT ( 'NONE',  ( 0.000000000000000000, 0.6249999999999998890, 1.399999999999999689 ) ) ;
#2526 = CARTESIAN_POINT ( 'NONE',  ( 0.005000000000000000104, -0.3750000000000001110, 1.399999999999999689 ) ) ;
#2527 = EDGE_LOOP ( 'NONE', ( #1845, #934, #2434, #213 ) ) ;
#2528 = CARTESIAN_POINT ( 'NONE',  ( 0.005000000000000000104, 0.1249999999999998890, 0.9249999999999998224 ) ) ;
#2529 = CARTESIAN_POINT ( 'NONE',  ( 0.005000000000000000104, -0.1250000000000001110, 1.399999999999999689 ) ) ;
#2530 = EDGE_CURVE ( 'NONE', #872, #1609, #1428, .T. ) ;
#2531 = ORIENTED_EDGE ( 'NONE', *, *, #1901, .T. ) ;
#2532 = FACE_BOUND ( 'NONE', #500, .T. ) ;
#2533 = DIRECTION ( 'NONE',  ( 0.000000000000000000, -0.000000000000000000, 1.000000000000000000 ) ) ;
#2534 = EDGE_LOOP ( 'NONE', ( #2117, #1852, #2026, #1027 ) ) ;
ENDSEC;
END-ISO-10303-21;
